﻿osgb4000000074559499,http://data.ordnancesurvey.co.uk/id/4000000074559499,Aywick,,,,populatedPlace,Village,453140.000,1186685.000,6000,250000,452970.865,1186265.004,453839.911,1187256.871,ZE2,http://data.ordnancesurvey.co.uk/id/postcodedistrict/ZE2,,,,,,,Shetland Islands,http://data.ordnancesurvey.co.uk/id/7000000000030514,http://data.ordnancesurvey.co.uk/ontology/admingeo/UnitaryAuthority,Scotland,http://data.ordnancesurvey.co.uk/id/7000000000041429,Scotland,http://data.ordnancesurvey.co.uk/id/country/scotland,,http://dbpedia.org/resource/Aywick,
osgb4000000074555023,http://data.ordnancesurvey.co.uk/id/4000000074555023,West Sandwick,,,,populatedPlace,Village,444964.000,1187974.000,14000,250000,444444.276,1187317.193,445484.754,1189529.110,ZE2,http://data.ordnancesurvey.co.uk/id/postcodedistrict/ZE2,,,,,,,Shetland Islands,http://data.ordnancesurvey.co.uk/id/7000000000030514,http://data.ordnancesurvey.co.uk/ontology/admingeo/UnitaryAuthority,Scotland,http://data.ordnancesurvey.co.uk/id/7000000000041429,Scotland,http://data.ordnancesurvey.co.uk/id/country/scotland,,http://dbpedia.org/resource/West_Sandwick,
osgb4000000074559859,http://data.ordnancesurvey.co.uk/id/4000000074559859,Mid Yell,,,,populatedPlace,Village,451495.000,1190836.000,9000,250000,450611.566,1190436.620,452009.095,1191623.011,ZE2,http://data.ordnancesurvey.co.uk/id/postcodedistrict/ZE2,,,,,,,Shetland Islands,http://data.ordnancesurvey.co.uk/id/7000000000030514,http://data.ordnancesurvey.co.uk/ontology/admingeo/UnitaryAuthority,Scotland,http://data.ordnancesurvey.co.uk/id/7000000000041429,Scotland,http://data.ordnancesurvey.co.uk/id/country/scotland,,http://dbpedia.org/resource/Mid_Yell,http://sws.geonames.org/2642554
osgb4000000074554664,http://data.ordnancesurvey.co.uk/id/4000000074554664,Setter,,,,populatedPlace,Hamlet,445921.060,1181914.690,5000,25000,445692.346,1181370.136,446192.346,1182380.586,ZE2,http://data.ordnancesurvey.co.uk/id/postcodedistrict/ZE2,,,,,,,Shetland Islands,http://data.ordnancesurvey.co.uk/id/7000000000030514,http://data.ordnancesurvey.co.uk/ontology/admingeo/UnitaryAuthority,Scotland,http://data.ordnancesurvey.co.uk/id/7000000000041429,Scotland,http://data.ordnancesurvey.co.uk/id/country/scotland,,,
osgb4000000074566689,http://data.ordnancesurvey.co.uk/id/4000000074566689,Hamnavoe,,,,populatedPlace,Hamlet,449674.840,1180559.000,5000,25000,449224.037,1180223.964,449968.047,1180741.755,ZE2,http://data.ordnancesurvey.co.uk/id/postcodedistrict/ZE2,,,,,,,Shetland Islands,http://data.ordnancesurvey.co.uk/id/7000000000030514,http://data.ordnancesurvey.co.uk/ontology/admingeo/UnitaryAuthority,Scotland,http://data.ordnancesurvey.co.uk/id/7000000000041429,Scotland,http://data.ordnancesurvey.co.uk/id/country/scotland,,,
osgb4000000074554276,http://data.ordnancesurvey.co.uk/id/4000000074554276,Colvister,,,,populatedPlace,Other Settlement,451579.320,1197024.580,15000,25000,451329.321,1196774.585,451829.321,1197274.585,ZE2,http://data.ordnancesurvey.co.uk/id/postcodedistrict/ZE2,,,,,,,Shetland Islands,http://data.ordnancesurvey.co.uk/id/7000000000030514,http://data.ordnancesurvey.co.uk/ontology/admingeo/UnitaryAuthority,Scotland,http://data.ordnancesurvey.co.uk/id/7000000000041429,Scotland,http://data.ordnancesurvey.co.uk/id/country/scotland,,,
osgb4000000074559498,http://data.ordnancesurvey.co.uk/id/4000000074559498,Gossabrough,,,,populatedPlace,Hamlet,452597.860,1183230.370,5000,25000,452472.542,1182878.264,453276.872,1183556.930,ZE2,http://data.ordnancesurvey.co.uk/id/postcodedistrict/ZE2,,,,,,,Shetland Islands,http://data.ordnancesurvey.co.uk/id/7000000000030514,http://data.ordnancesurvey.co.uk/ontology/admingeo/UnitaryAuthority,Scotland,http://data.ordnancesurvey.co.uk/id/7000000000041429,Scotland,http://data.ordnancesurvey.co.uk/id/country/scotland,,http://dbpedia.org/resource/Gossabrough,
osgb4000000074559862,http://data.ordnancesurvey.co.uk/id/4000000074559862,Basta,,,,populatedPlace,Other Settlement,452243.820,1194452.980,15000,25000,452014.255,1194203.885,452514.255,1194703.885,ZE2,http://data.ordnancesurvey.co.uk/id/postcodedistrict/ZE2,,,,,,,Shetland Islands,http://data.ordnancesurvey.co.uk/id/7000000000030514,http://data.ordnancesurvey.co.uk/ontology/admingeo/UnitaryAuthority,Scotland,http://data.ordnancesurvey.co.uk/id/7000000000041429,Scotland,http://data.ordnancesurvey.co.uk/id/country/scotland,,"http://dbpedia.org/resource/Basta,_Shetland",
osgb4000000074554275,http://data.ordnancesurvey.co.uk/id/4000000074554275,Sellafirth,,,,populatedPlace,Other Settlement,452218.300,1197886.200,15000,25000,451446.065,1197512.835,452446.454,1198664.045,ZE2,http://data.ordnancesurvey.co.uk/id/postcodedistrict/ZE2,,,,,,,Shetland Islands,http://data.ordnancesurvey.co.uk/id/7000000000030514,http://data.ordnancesurvey.co.uk/ontology/admingeo/UnitaryAuthority,Scotland,http://data.ordnancesurvey.co.uk/id/7000000000041429,Scotland,http://data.ordnancesurvey.co.uk/id/country/scotland,,,
osgb4000000074566360,http://data.ordnancesurvey.co.uk/id/4000000074566360,Gutcher,,,,populatedPlace,Hamlet,454384.000,1199289.000,5000,25000,454351.723,1198804.805,455000.222,1199759.952,ZE2,http://data.ordnancesurvey.co.uk/id/postcodedistrict/ZE2,,,,,,,Shetland Islands,http://data.ordnancesurvey.co.uk/id/7000000000030514,http://data.ordnancesurvey.co.uk/ontology/admingeo/UnitaryAuthority,Scotland,http://data.ordnancesurvey.co.uk/id/7000000000041429,Scotland,http://data.ordnancesurvey.co.uk/id/country/scotland,,http://dbpedia.org/resource/Gutcher,http://sws.geonames.org/2647748
osgb4000000074559494,http://data.ordnancesurvey.co.uk/id/4000000074559494,Upper Neapaback,,,,populatedPlace,Suburban Area,452604.950,1180142.022,3000,25000,452315.019,1179860.933,452815.019,1180360.933,ZE2,http://data.ordnancesurvey.co.uk/id/postcodedistrict/ZE2,,,,,,,Shetland Islands,http://data.ordnancesurvey.co.uk/id/7000000000030514,http://data.ordnancesurvey.co.uk/ontology/admingeo/UnitaryAuthority,Scotland,http://data.ordnancesurvey.co.uk/id/7000000000041429,Scotland,http://data.ordnancesurvey.co.uk/id/country/scotland,,,
osgb4000000074559861,http://data.ordnancesurvey.co.uk/id/4000000074559861,Camb,,,,populatedPlace,Village,451311.970,1192492.720,11000,250000,450595.636,1191723.642,452255.425,1192829.595,ZE2,http://data.ordnancesurvey.co.uk/id/postcodedistrict/ZE2,,,,,,,Shetland Islands,http://data.ordnancesurvey.co.uk/id/7000000000030514,http://data.ordnancesurvey.co.uk/ontology/admingeo/UnitaryAuthority,Scotland,http://data.ordnancesurvey.co.uk/id/7000000000041429,Scotland,http://data.ordnancesurvey.co.uk/id/country/scotland,,,
osgb4000000074559860,http://data.ordnancesurvey.co.uk/id/4000000074559860,Gardie,,,,populatedPlace,Suburban Area,450851.000,1191289.000,3000,25000,450577.558,1191104.068,451077.558,1191604.068,ZE2,http://data.ordnancesurvey.co.uk/id/postcodedistrict/ZE2,,,,,,,Shetland Islands,http://data.ordnancesurvey.co.uk/id/7000000000030514,http://data.ordnancesurvey.co.uk/ontology/admingeo/UnitaryAuthority,Scotland,http://data.ordnancesurvey.co.uk/id/7000000000041429,Scotland,http://data.ordnancesurvey.co.uk/id/country/scotland,,,
osgb4000000074559863,http://data.ordnancesurvey.co.uk/id/4000000074559863,North Sandwick,,,,populatedPlace,Hamlet,454735.000,1197050.000,5000,25000,454486.297,1196825.485,454986.297,1197325.485,ZE2,http://data.ordnancesurvey.co.uk/id/postcodedistrict/ZE2,,,,,,,Shetland Islands,http://data.ordnancesurvey.co.uk/id/7000000000030514,http://data.ordnancesurvey.co.uk/ontology/admingeo/UnitaryAuthority,Scotland,http://data.ordnancesurvey.co.uk/id/7000000000041429,Scotland,http://data.ordnancesurvey.co.uk/id/country/scotland,,,
osgb4000000074554665,http://data.ordnancesurvey.co.uk/id/4000000074554665,West Yell,,,,populatedPlace,Hamlet,445548.550,1183101.880,5000,25000,445282.641,1182634.744,445782.641,1183310.600,ZE2,http://data.ordnancesurvey.co.uk/id/postcodedistrict/ZE2,,,,,,,Shetland Islands,http://data.ordnancesurvey.co.uk/id/7000000000030514,http://data.ordnancesurvey.co.uk/ontology/admingeo/UnitaryAuthority,Scotland,http://data.ordnancesurvey.co.uk/id/7000000000041429,Scotland,http://data.ordnancesurvey.co.uk/id/country/scotland,,,
osgb4000000074541557,http://data.ordnancesurvey.co.uk/id/4000000074541557,Otterswick,,,,populatedPlace,Other Settlement,451984.000,1186231.000,15000,25000,451571.769,1185100.248,452963.783,1186313.511,ZE2,http://data.ordnancesurvey.co.uk/id/postcodedistrict/ZE2,,,,,,,Shetland Islands,http://data.ordnancesurvey.co.uk/id/7000000000030514,http://data.ordnancesurvey.co.uk/ontology/admingeo/UnitaryAuthority,Scotland,http://data.ordnancesurvey.co.uk/id/7000000000041429,Scotland,http://data.ordnancesurvey.co.uk/id/country/scotland,,http://dbpedia.org/resource/Otterswick,
osgb4000000074554274,http://data.ordnancesurvey.co.uk/id/4000000074554274,Cunnister,,,,populatedPlace,Other Settlement,452728.300,1196684.750,15000,25000,452450.328,1196511.290,452950.328,1197011.290,ZE2,http://data.ordnancesurvey.co.uk/id/postcodedistrict/ZE2,,,,,,,Shetland Islands,http://data.ordnancesurvey.co.uk/id/7000000000030514,http://data.ordnancesurvey.co.uk/ontology/admingeo/UnitaryAuthority,Scotland,http://data.ordnancesurvey.co.uk/id/7000000000041429,Scotland,http://data.ordnancesurvey.co.uk/id/country/scotland,,,
ZE29AX,http://data.ordnancesurvey.co.uk/id/postcodeunit/ZE29AX,ZE2 9AX,,,,other,Postcode,453386.000,1186693.000,3500,18000,,,,,,,Aywick,http://data.ordnancesurvey.co.uk/id/4000000074559499,http://www.ordnancesurvey.co.uk/xml/codelists/localtype.xml#village,,,,Shetland Islands,http://data.ordnancesurvey.co.uk/id/7000000000030514,http://data.ordnancesurvey.co.uk/ontology/admingeo/UnitaryAuthority,Scotland,http://data.ordnancesurvey.co.uk/id/7000000000041429,Scotland,http://data.ordnancesurvey.co.uk/id/country/scotland,,,
ZE29BS,http://data.ordnancesurvey.co.uk/id/postcodeunit/ZE29BS,ZE2 9BS,,,,other,Postcode,451512.000,1190666.000,3500,18000,,,,,,,Mid Yell,http://data.ordnancesurvey.co.uk/id/4000000074559859,http://www.ordnancesurvey.co.uk/xml/codelists/localtype.xml#village,,,,Shetland Islands,http://data.ordnancesurvey.co.uk/id/7000000000030514,http://data.ordnancesurvey.co.uk/ontology/admingeo/UnitaryAuthority,Scotland,http://data.ordnancesurvey.co.uk/id/7000000000041429,Scotland,http://data.ordnancesurvey.co.uk/id/country/scotland,,,
ZE29BP,http://data.ordnancesurvey.co.uk/id/postcodeunit/ZE29BP,ZE2 9BP,,,,other,Postcode,451565.000,1190842.000,3500,18000,,,,,,,Mid Yell,http://data.ordnancesurvey.co.uk/id/4000000074559859,http://www.ordnancesurvey.co.uk/xml/codelists/localtype.xml#village,,,,Shetland Islands,http://data.ordnancesurvey.co.uk/id/7000000000030514,http://data.ordnancesurvey.co.uk/ontology/admingeo/UnitaryAuthority,Scotland,http://data.ordnancesurvey.co.uk/id/7000000000041429,Scotland,http://data.ordnancesurvey.co.uk/id/country/scotland,,,
ZE29BN,http://data.ordnancesurvey.co.uk/id/postcodeunit/ZE29BN,ZE2 9BN,,,,other,Postcode,451117.000,1191244.000,3500,18000,,,,,,,Mid Yell,http://data.ordnancesurvey.co.uk/id/4000000074559859,http://www.ordnancesurvey.co.uk/xml/codelists/localtype.xml#village,,,,Shetland Islands,http://data.ordnancesurvey.co.uk/id/7000000000030514,http://data.ordnancesurvey.co.uk/ontology/admingeo/UnitaryAuthority,Scotland,http://data.ordnancesurvey.co.uk/id/7000000000041429,Scotland,http://data.ordnancesurvey.co.uk/id/country/scotland,,,
ZE29DB,http://data.ordnancesurvey.co.uk/id/postcodeunit/ZE29DB,ZE2 9DB,,,,other,Postcode,452250.000,1194485.000,3500,18000,,,,,,,Basta,http://data.ordnancesurvey.co.uk/id/4000000074559862,http://www.ordnancesurvey.co.uk/xml/codelists/localtype.xml#otherSettlement,,,,Shetland Islands,http://data.ordnancesurvey.co.uk/id/7000000000030514,http://data.ordnancesurvey.co.uk/ontology/admingeo/UnitaryAuthority,Scotland,http://data.ordnancesurvey.co.uk/id/7000000000041429,Scotland,http://data.ordnancesurvey.co.uk/id/country/scotland,,,
ZE29BW,http://data.ordnancesurvey.co.uk/id/postcodeunit/ZE29BW,ZE2 9BW,,,,other,Postcode,451591.000,1190814.000,3500,18000,,,,,,,Mid Yell,http://data.ordnancesurvey.co.uk/id/4000000074559859,http://www.ordnancesurvey.co.uk/xml/codelists/localtype.xml#village,,,,Shetland Islands,http://data.ordnancesurvey.co.uk/id/7000000000030514,http://data.ordnancesurvey.co.uk/ontology/admingeo/UnitaryAuthority,Scotland,http://data.ordnancesurvey.co.uk/id/7000000000041429,Scotland,http://data.ordnancesurvey.co.uk/id/country/scotland,,,
ZE29BT,http://data.ordnancesurvey.co.uk/id/postcodeunit/ZE29BT,ZE2 9BT,,,,other,Postcode,451727.000,1190714.000,3500,18000,,,,,,,Mid Yell,http://data.ordnancesurvey.co.uk/id/4000000074559859,http://www.ordnancesurvey.co.uk/xml/codelists/localtype.xml#village,,,,Shetland Islands,http://data.ordnancesurvey.co.uk/id/7000000000030514,http://data.ordnancesurvey.co.uk/ontology/admingeo/UnitaryAuthority,Scotland,http://data.ordnancesurvey.co.uk/id/7000000000041429,Scotland,http://data.ordnancesurvey.co.uk/id/country/scotland,,,
ZE29DF,http://data.ordnancesurvey.co.uk/id/postcodeunit/ZE29DF,ZE2 9DF,,,,other,Postcode,454414.000,1198681.000,3500,18000,,,,,,,,,,,,,Shetland Islands,http://data.ordnancesurvey.co.uk/id/7000000000030514,http://data.ordnancesurvey.co.uk/ontology/admingeo/UnitaryAuthority,Scotland,http://data.ordnancesurvey.co.uk/id/7000000000041429,Scotland,http://data.ordnancesurvey.co.uk/id/country/scotland,,,
ZE29BG,http://data.ordnancesurvey.co.uk/id/postcodeunit/ZE29BG,ZE2 9BG,,,,other,Postcode,445677.000,1182697.000,3500,18000,,,,,,,West Yell,http://data.ordnancesurvey.co.uk/id/4000000074554665,http://www.ordnancesurvey.co.uk/xml/codelists/localtype.xml#hamlet,,,,Shetland Islands,http://data.ordnancesurvey.co.uk/id/7000000000030514,http://data.ordnancesurvey.co.uk/ontology/admingeo/UnitaryAuthority,Scotland,http://data.ordnancesurvey.co.uk/id/7000000000041429,Scotland,http://data.ordnancesurvey.co.uk/id/country/scotland,,,
ZE29BA,http://data.ordnancesurvey.co.uk/id/postcodeunit/ZE29BA,ZE2 9BA,,,,other,Postcode,450461.000,1180020.000,3500,18000,,,,,,,Houlland,http://data.ordnancesurvey.co.uk/id/4000000074559497,http://www.ordnancesurvey.co.uk/xml/codelists/localtype.xml#hamlet,,,,Shetland Islands,http://data.ordnancesurvey.co.uk/id/7000000000030514,http://data.ordnancesurvey.co.uk/ontology/admingeo/UnitaryAuthority,Scotland,http://data.ordnancesurvey.co.uk/id/7000000000041429,Scotland,http://data.ordnancesurvey.co.uk/id/country/scotland,,,
ZE29BH,http://data.ordnancesurvey.co.uk/id/postcodeunit/ZE29BH,ZE2 9BH,,,,other,Postcode,445100.000,1188390.000,3500,18000,,,,,,,West Sandwick,http://data.ordnancesurvey.co.uk/id/4000000074555023,http://www.ordnancesurvey.co.uk/xml/codelists/localtype.xml#village,,,,Shetland Islands,http://data.ordnancesurvey.co.uk/id/7000000000030514,http://data.ordnancesurvey.co.uk/ontology/admingeo/UnitaryAuthority,Scotland,http://data.ordnancesurvey.co.uk/id/7000000000041429,Scotland,http://data.ordnancesurvey.co.uk/id/country/scotland,,,
ZE29BL,http://data.ordnancesurvey.co.uk/id/postcodeunit/ZE29BL,ZE2 9BL,,,,other,Postcode,446939.000,1193042.000,3500,18000,,,,,,,,,,,,,Shetland Islands,http://data.ordnancesurvey.co.uk/id/7000000000030514,http://data.ordnancesurvey.co.uk/ontology/admingeo/UnitaryAuthority,Scotland,http://data.ordnancesurvey.co.uk/id/7000000000041429,Scotland,http://data.ordnancesurvey.co.uk/id/country/scotland,,,
ZE29BU,http://data.ordnancesurvey.co.uk/id/postcodeunit/ZE29BU,ZE2 9BU,,,,other,Postcode,453120.000,1189636.000,3500,18000,,,,,,,,,,,,,Shetland Islands,http://data.ordnancesurvey.co.uk/id/7000000000030514,http://data.ordnancesurvey.co.uk/ontology/admingeo/UnitaryAuthority,Scotland,http://data.ordnancesurvey.co.uk/id/7000000000041429,Scotland,http://data.ordnancesurvey.co.uk/id/country/scotland,,,
ZE29AU,http://data.ordnancesurvey.co.uk/id/postcodeunit/ZE29AU,ZE2 9AU,,,,other,Postcode,452030.000,1185151.000,3500,18000,,,,,,,Otterswick,http://data.ordnancesurvey.co.uk/id/4000000074541557,http://www.ordnancesurvey.co.uk/xml/codelists/localtype.xml#otherSettlement,,,,Shetland Islands,http://data.ordnancesurvey.co.uk/id/7000000000030514,http://data.ordnancesurvey.co.uk/ontology/admingeo/UnitaryAuthority,Scotland,http://data.ordnancesurvey.co.uk/id/7000000000041429,Scotland,http://data.ordnancesurvey.co.uk/id/country/scotland,,,
ZE29FA,http://data.ordnancesurvey.co.uk/id/postcodeunit/ZE29FA,ZE2 9FA,,,,other,Postcode,451567.000,1192367.000,3500,18000,,,,,,,Camb,http://data.ordnancesurvey.co.uk/id/4000000074559861,http://www.ordnancesurvey.co.uk/xml/codelists/localtype.xml#village,,,,Shetland Islands,http://data.ordnancesurvey.co.uk/id/7000000000030514,http://data.ordnancesurvey.co.uk/ontology/admingeo/UnitaryAuthority,Scotland,http://data.ordnancesurvey.co.uk/id/7000000000041429,Scotland,http://data.ordnancesurvey.co.uk/id/country/scotland,,,
ZE29BX,http://data.ordnancesurvey.co.uk/id/postcodeunit/ZE29BX,ZE2 9BX,,,,other,Postcode,451087.000,1191204.000,3500,18000,,,,,,,Mid Yell,http://data.ordnancesurvey.co.uk/id/4000000074559859,http://www.ordnancesurvey.co.uk/xml/codelists/localtype.xml#village,,,,Shetland Islands,http://data.ordnancesurvey.co.uk/id/7000000000030514,http://data.ordnancesurvey.co.uk/ontology/admingeo/UnitaryAuthority,Scotland,http://data.ordnancesurvey.co.uk/id/7000000000041429,Scotland,http://data.ordnancesurvey.co.uk/id/country/scotland,,,
ZE29BD,http://data.ordnancesurvey.co.uk/id/postcodeunit/ZE29BD,ZE2 9BD,,,,other,Postcode,446413.000,1180084.000,3500,18000,,,,,,,Ulsta,http://data.ordnancesurvey.co.uk/id/4000000074554662,http://www.ordnancesurvey.co.uk/xml/codelists/localtype.xml#otherSettlement,,,,Shetland Islands,http://data.ordnancesurvey.co.uk/id/7000000000030514,http://data.ordnancesurvey.co.uk/ontology/admingeo/UnitaryAuthority,Scotland,http://data.ordnancesurvey.co.uk/id/7000000000041429,Scotland,http://data.ordnancesurvey.co.uk/id/country/scotland,,,
ZE29DG,http://data.ordnancesurvey.co.uk/id/postcodeunit/ZE29DG,ZE2 9DG,,,,other,Postcode,452138.000,1197855.000,3500,18000,,,,,,,Sellafirth,http://data.ordnancesurvey.co.uk/id/4000000074554275,http://www.ordnancesurvey.co.uk/xml/codelists/localtype.xml#otherSettlement,,,,Shetland Islands,http://data.ordnancesurvey.co.uk/id/7000000000030514,http://data.ordnancesurvey.co.uk/ontology/admingeo/UnitaryAuthority,Scotland,http://data.ordnancesurvey.co.uk/id/7000000000041429,Scotland,http://data.ordnancesurvey.co.uk/id/country/scotland,,,
ZE29BJ,http://data.ordnancesurvey.co.uk/id/postcodeunit/ZE29BJ,ZE2 9BJ,,,,other,Postcode,450657.000,1190977.000,3500,18000,,,,,,,Mid Yell,http://data.ordnancesurvey.co.uk/id/4000000074559859,http://www.ordnancesurvey.co.uk/xml/codelists/localtype.xml#village,,,,Shetland Islands,http://data.ordnancesurvey.co.uk/id/7000000000030514,http://data.ordnancesurvey.co.uk/ontology/admingeo/UnitaryAuthority,Scotland,http://data.ordnancesurvey.co.uk/id/7000000000041429,Scotland,http://data.ordnancesurvey.co.uk/id/country/scotland,,,
ZE29BF,http://data.ordnancesurvey.co.uk/id/postcodeunit/ZE29BF,ZE2 9BF,,,,other,Postcode,451606.000,1190463.000,3500,18000,,,,,,,,,,,,,Shetland Islands,http://data.ordnancesurvey.co.uk/id/7000000000030514,http://data.ordnancesurvey.co.uk/ontology/admingeo/UnitaryAuthority,Scotland,http://data.ordnancesurvey.co.uk/id/7000000000041429,Scotland,http://data.ordnancesurvey.co.uk/id/country/scotland,,,
ZE29DA,http://data.ordnancesurvey.co.uk/id/postcodeunit/ZE29DA,ZE2 9DA,,,,other,Postcode,451547.000,1192248.000,3500,18000,,,,,,,Camb,http://data.ordnancesurvey.co.uk/id/4000000074559861,http://www.ordnancesurvey.co.uk/xml/codelists/localtype.xml#village,,,,Shetland Islands,http://data.ordnancesurvey.co.uk/id/7000000000030514,http://data.ordnancesurvey.co.uk/ontology/admingeo/UnitaryAuthority,Scotland,http://data.ordnancesurvey.co.uk/id/7000000000041429,Scotland,http://data.ordnancesurvey.co.uk/id/country/scotland,,,
osgb4000000003222457,http://data.ordnancesurvey.co.uk/id/4000000003222457,B9081,,,,transportNetwork,Numbered Road,451516.000,1185459.000,78000,250000,446361.000,1179632.000,452198.023,1191685.000,ZE2,http://data.ordnancesurvey.co.uk/id/postcodedistrict/ZE2,,,,,,,Shetland Islands,http://data.ordnancesurvey.co.uk/id/7000000000030514,http://data.ordnancesurvey.co.uk/ontology/admingeo/UnitaryAuthority,Scotland,http://data.ordnancesurvey.co.uk/id/7000000000041429,Scotland,http://data.ordnancesurvey.co.uk/id/country/scotland,,,
osgb4000000003222459,http://data.ordnancesurvey.co.uk/id/4000000003222459,A968,,,,transportNetwork,Numbered Road,450409.000,1191950.000,314000,1000000,440453.000,1163688.000,464013.000,1211926.626,ZE2,http://data.ordnancesurvey.co.uk/id/postcodedistrict/ZE2,,,,,,,Shetland Islands,http://data.ordnancesurvey.co.uk/id/7000000000030514,http://data.ordnancesurvey.co.uk/ontology/admingeo/UnitaryAuthority,Scotland,http://data.ordnancesurvey.co.uk/id/7000000000041429,Scotland,http://data.ordnancesurvey.co.uk/id/country/scotland,,,
osgb4000000003222426,http://data.ordnancesurvey.co.uk/id/4000000003222426,Burrapark,,,,transportNetwork,Named Road,451114.624,1191221.854,1000,20000,451085.630,1191220.000,451156.000,1191223.154,ZE2,http://data.ordnancesurvey.co.uk/id/postcodedistrict/ZE2,Mid Yell,http://data.ordnancesurvey.co.uk/id/4000000074559859,http://www.ordnancesurvey.co.uk/xml/codelists/localtype.xml#village,,,,Shetland Islands,http://data.ordnancesurvey.co.uk/id/7000000000030514,http://data.ordnancesurvey.co.uk/ontology/admingeo/UnitaryAuthority,Scotland,http://data.ordnancesurvey.co.uk/id/7000000000041429,Scotland,http://data.ordnancesurvey.co.uk/id/country/scotland,,,
ZE29DQ,http://data.ordnancesurvey.co.uk/id/postcodeunit/ZE29DQ,ZE2 9DQ,,,,other,Postcode,451539.000,1198570.000,3500,18000,,,,,,,Sellafirth,http://data.ordnancesurvey.co.uk/id/4000000074554275,http://www.ordnancesurvey.co.uk/xml/codelists/localtype.xml#otherSettlement,,,,Shetland Islands,http://data.ordnancesurvey.co.uk/id/7000000000030514,http://data.ordnancesurvey.co.uk/ontology/admingeo/UnitaryAuthority,Scotland,http://data.ordnancesurvey.co.uk/id/7000000000041429,Scotland,http://data.ordnancesurvey.co.uk/id/country/scotland,,,
