﻿osgb4000000074554640,http://data.ordnancesurvey.co.uk/id/4000000074554640,Skelwick,,,,populatedPlace,Other Settlement,348788.000,1044868.000,15000,25000,347679.761,1043929.997,349731.915,1045837.591,KW17,http://data.ordnancesurvey.co.uk/id/postcodedistrict/KW17,,,,,,,Orkney Islands,http://data.ordnancesurvey.co.uk/id/7000000000029961,http://data.ordnancesurvey.co.uk/ontology/admingeo/UnitaryAuthority,Scotland,http://data.ordnancesurvey.co.uk/id/7000000000041429,Scotland,http://data.ordnancesurvey.co.uk/id/country/scotland,,,
osgb4000000074335824,http://data.ordnancesurvey.co.uk/id/4000000074335824,Kirbest,,,,populatedPlace,Other Settlement,342812.450,1043757.780,15000,25000,342471.694,1043509.076,343150.353,1044009.076,KW17,http://data.ordnancesurvey.co.uk/id/postcodedistrict/KW17,,,,,,,Orkney Islands,http://data.ordnancesurvey.co.uk/id/7000000000029961,http://data.ordnancesurvey.co.uk/ontology/admingeo/UnitaryAuthority,Scotland,http://data.ordnancesurvey.co.uk/id/7000000000041429,Scotland,http://data.ordnancesurvey.co.uk/id/country/scotland,,,
osgb4000000074554641,http://data.ordnancesurvey.co.uk/id/4000000074554641,Midbea,,,,populatedPlace,Other Settlement,344630.490,1044300.620,15000,25000,343753.603,1043673.611,344921.104,1044885.144,KW17,http://data.ordnancesurvey.co.uk/id/postcodedistrict/KW17,,,,,,,Orkney Islands,http://data.ordnancesurvey.co.uk/id/7000000000029961,http://data.ordnancesurvey.co.uk/ontology/admingeo/UnitaryAuthority,Scotland,http://data.ordnancesurvey.co.uk/id/7000000000041429,Scotland,http://data.ordnancesurvey.co.uk/id/country/scotland,,,
osgb4000000074555006,http://data.ordnancesurvey.co.uk/id/4000000074555006,Rackwick,,,,populatedPlace,Other Settlement,344836.000,1050228.000,15000,25000,344135.663,1049514.859,345518.112,1050525.549,KW17,http://data.ordnancesurvey.co.uk/id/postcodedistrict/KW17,,,,,,,Orkney Islands,http://data.ordnancesurvey.co.uk/id/7000000000029961,http://data.ordnancesurvey.co.uk/ontology/admingeo/UnitaryAuthority,Scotland,http://data.ordnancesurvey.co.uk/id/7000000000041429,Scotland,http://data.ordnancesurvey.co.uk/id/country/scotland,,,
osgb4000000074335381,http://data.ordnancesurvey.co.uk/id/4000000074335381,Rapness,,,,populatedPlace,Other Settlement,350578.770,1040090.300,15000,25000,349190.792,1039006.497,351500.357,1042451.181,KW17,http://data.ordnancesurvey.co.uk/id/postcodedistrict/KW17,,,,,,,Orkney Islands,http://data.ordnancesurvey.co.uk/id/7000000000029961,http://data.ordnancesurvey.co.uk/ontology/admingeo/UnitaryAuthority,Scotland,http://data.ordnancesurvey.co.uk/id/7000000000041429,Scotland,http://data.ordnancesurvey.co.uk/id/country/scotland,,,
osgb4000000074554642,http://data.ordnancesurvey.co.uk/id/4000000074554642,Braehead,,,,populatedPlace,Hamlet,344168.000,1047781.000,5000,25000,344120.582,1047051.824,344759.022,1047815.945,KW17,http://data.ordnancesurvey.co.uk/id/postcodedistrict/KW17,,,,,,,Orkney Islands,http://data.ordnancesurvey.co.uk/id/7000000000029961,http://data.ordnancesurvey.co.uk/ontology/admingeo/UnitaryAuthority,Scotland,http://data.ordnancesurvey.co.uk/id/7000000000041429,Scotland,http://data.ordnancesurvey.co.uk/id/country/scotland,,,
osgb4000000074554644,http://data.ordnancesurvey.co.uk/id/4000000074554644,Pierowall,,,,populatedPlace,Village,343404.000,1048682.880,13000,250000,343291.113,1047740.537,344693.672,1049761.428,KW17,http://data.ordnancesurvey.co.uk/id/postcodedistrict/KW17,,,,,,,Orkney Islands,http://data.ordnancesurvey.co.uk/id/7000000000029961,http://data.ordnancesurvey.co.uk/ontology/admingeo/UnitaryAuthority,Scotland,http://data.ordnancesurvey.co.uk/id/7000000000041429,Scotland,http://data.ordnancesurvey.co.uk/id/country/scotland,,,http://sws.geonames.org/2640298
osgb4000000074554643,http://data.ordnancesurvey.co.uk/id/4000000074554643,Broughton,,,,populatedPlace,Hamlet,344296.000,1048098.000,5000,25000,343984.852,1047911.458,344713.782,1048414.164,KW17,http://data.ordnancesurvey.co.uk/id/postcodedistrict/KW17,,,,,,,Orkney Islands,http://data.ordnancesurvey.co.uk/id/7000000000029961,http://data.ordnancesurvey.co.uk/ontology/admingeo/UnitaryAuthority,Scotland,http://data.ordnancesurvey.co.uk/id/7000000000041429,Scotland,http://data.ordnancesurvey.co.uk/id/country/scotland,,,
osgb4000000074576767,http://data.ordnancesurvey.co.uk/id/4000000074576767,Aikerness,,,,populatedPlace,Hamlet,345391.000,1051754.000,5000,25000,345005.352,1051410.316,345757.219,1052266.001,KW17,http://data.ordnancesurvey.co.uk/id/postcodedistrict/KW17,,,,,,,Orkney Islands,http://data.ordnancesurvey.co.uk/id/7000000000029961,http://data.ordnancesurvey.co.uk/ontology/admingeo/UnitaryAuthority,Scotland,http://data.ordnancesurvey.co.uk/id/7000000000041429,Scotland,http://data.ordnancesurvey.co.uk/id/country/scotland,,,
KW172DB,http://data.ordnancesurvey.co.uk/id/postcodeunit/KW172DB,KW17 2DB,,,,other,Postcode,345694.000,1046913.000,3500,18000,,,,,,,,,,,,,Orkney Islands,http://data.ordnancesurvey.co.uk/id/7000000000029961,http://data.ordnancesurvey.co.uk/ontology/admingeo/UnitaryAuthority,Scotland,http://data.ordnancesurvey.co.uk/id/7000000000041429,Scotland,http://data.ordnancesurvey.co.uk/id/country/scotland,,,
KW172DD,http://data.ordnancesurvey.co.uk/id/postcodeunit/KW172DD,KW17 2DD,,,,other,Postcode,348447.000,1045159.000,3500,18000,,,,,,,Skelwick,http://data.ordnancesurvey.co.uk/id/4000000074554640,http://www.ordnancesurvey.co.uk/xml/codelists/localtype.xml#otherSettlement,,,,Orkney Islands,http://data.ordnancesurvey.co.uk/id/7000000000029961,http://data.ordnancesurvey.co.uk/ontology/admingeo/UnitaryAuthority,Scotland,http://data.ordnancesurvey.co.uk/id/7000000000041429,Scotland,http://data.ordnancesurvey.co.uk/id/country/scotland,,,
KW172DQ,http://data.ordnancesurvey.co.uk/id/postcodeunit/KW172DQ,KW17 2DQ,,,,other,Postcode,343376.000,1048438.000,3500,18000,,,,,,,Pierowall,http://data.ordnancesurvey.co.uk/id/4000000074554644,http://www.ordnancesurvey.co.uk/xml/codelists/localtype.xml#village,,,,Orkney Islands,http://data.ordnancesurvey.co.uk/id/7000000000029961,http://data.ordnancesurvey.co.uk/ontology/admingeo/UnitaryAuthority,Scotland,http://data.ordnancesurvey.co.uk/id/7000000000041429,Scotland,http://data.ordnancesurvey.co.uk/id/country/scotland,,,
KW172DW,http://data.ordnancesurvey.co.uk/id/postcodeunit/KW172DW,KW17 2DW,,,,other,Postcode,342924.000,1048340.000,3500,18000,,,,,,,,,,,,,Orkney Islands,http://data.ordnancesurvey.co.uk/id/7000000000029961,http://data.ordnancesurvey.co.uk/ontology/admingeo/UnitaryAuthority,Scotland,http://data.ordnancesurvey.co.uk/id/7000000000041429,Scotland,http://data.ordnancesurvey.co.uk/id/country/scotland,,,
KW172DA,http://data.ordnancesurvey.co.uk/id/postcodeunit/KW172DA,KW17 2DA,,,,other,Postcode,344393.000,1048129.000,3500,18000,,,,,,,Broughton,http://data.ordnancesurvey.co.uk/id/4000000074554643,http://www.ordnancesurvey.co.uk/xml/codelists/localtype.xml#hamlet,,,,Orkney Islands,http://data.ordnancesurvey.co.uk/id/7000000000029961,http://data.ordnancesurvey.co.uk/ontology/admingeo/UnitaryAuthority,Scotland,http://data.ordnancesurvey.co.uk/id/7000000000041429,Scotland,http://data.ordnancesurvey.co.uk/id/country/scotland,,,
KW172DP,http://data.ordnancesurvey.co.uk/id/postcodeunit/KW172DP,KW17 2DP,,,,other,Postcode,344443.000,1045289.000,3500,18000,,,,,,,,,,,,,Orkney Islands,http://data.ordnancesurvey.co.uk/id/7000000000029961,http://data.ordnancesurvey.co.uk/ontology/admingeo/UnitaryAuthority,Scotland,http://data.ordnancesurvey.co.uk/id/7000000000041429,Scotland,http://data.ordnancesurvey.co.uk/id/country/scotland,,,
KW172DL,http://data.ordnancesurvey.co.uk/id/postcodeunit/KW172DL,KW17 2DL,,,,other,Postcode,344537.000,1049114.000,3500,18000,,,,,,,Pierowall,http://data.ordnancesurvey.co.uk/id/4000000074554644,http://www.ordnancesurvey.co.uk/xml/codelists/localtype.xml#village,,,,Orkney Islands,http://data.ordnancesurvey.co.uk/id/7000000000029961,http://data.ordnancesurvey.co.uk/ontology/admingeo/UnitaryAuthority,Scotland,http://data.ordnancesurvey.co.uk/id/7000000000041429,Scotland,http://data.ordnancesurvey.co.uk/id/country/scotland,,,
KW172BZ,http://data.ordnancesurvey.co.uk/id/postcodeunit/KW172BZ,KW17 2BZ,,,,other,Postcode,343810.000,1048105.000,3500,18000,,,,,,,Pierowall,http://data.ordnancesurvey.co.uk/id/4000000074554644,http://www.ordnancesurvey.co.uk/xml/codelists/localtype.xml#village,,,,Orkney Islands,http://data.ordnancesurvey.co.uk/id/7000000000029961,http://data.ordnancesurvey.co.uk/ontology/admingeo/UnitaryAuthority,Scotland,http://data.ordnancesurvey.co.uk/id/7000000000041429,Scotland,http://data.ordnancesurvey.co.uk/id/country/scotland,,,
KW172DR,http://data.ordnancesurvey.co.uk/id/postcodeunit/KW172DR,KW17 2DR,,,,other,Postcode,344127.000,1043727.000,3500,18000,,,,,,,Midbea,http://data.ordnancesurvey.co.uk/id/4000000074554641,http://www.ordnancesurvey.co.uk/xml/codelists/localtype.xml#otherSettlement,,,,Orkney Islands,http://data.ordnancesurvey.co.uk/id/7000000000029961,http://data.ordnancesurvey.co.uk/ontology/admingeo/UnitaryAuthority,Scotland,http://data.ordnancesurvey.co.uk/id/7000000000041429,Scotland,http://data.ordnancesurvey.co.uk/id/country/scotland,,,
KW172BU,http://data.ordnancesurvey.co.uk/id/postcodeunit/KW172BU,KW17 2BU,,,,other,Postcode,349301.000,1051568.000,3500,18000,,,,,,,,,,,,,Orkney Islands,http://data.ordnancesurvey.co.uk/id/7000000000029961,http://data.ordnancesurvey.co.uk/ontology/admingeo/UnitaryAuthority,Scotland,http://data.ordnancesurvey.co.uk/id/7000000000041429,Scotland,http://data.ordnancesurvey.co.uk/id/country/scotland,,,
KW172DF,http://data.ordnancesurvey.co.uk/id/postcodeunit/KW172DF,KW17 2DF,,,,other,Postcode,343862.000,1048862.000,3500,18000,,,,,,,Pierowall,http://data.ordnancesurvey.co.uk/id/4000000074554644,http://www.ordnancesurvey.co.uk/xml/codelists/localtype.xml#village,,,,Orkney Islands,http://data.ordnancesurvey.co.uk/id/7000000000029961,http://data.ordnancesurvey.co.uk/ontology/admingeo/UnitaryAuthority,Scotland,http://data.ordnancesurvey.co.uk/id/7000000000041429,Scotland,http://data.ordnancesurvey.co.uk/id/country/scotland,,,
KW172DN,http://data.ordnancesurvey.co.uk/id/postcodeunit/KW172DN,KW17 2DN,,,,other,Postcode,344745.000,1050385.000,3500,18000,,,,,,,Rackwick,http://data.ordnancesurvey.co.uk/id/4000000074555006,http://www.ordnancesurvey.co.uk/xml/codelists/localtype.xml#otherSettlement,,,,Orkney Islands,http://data.ordnancesurvey.co.uk/id/7000000000029961,http://data.ordnancesurvey.co.uk/ontology/admingeo/UnitaryAuthority,Scotland,http://data.ordnancesurvey.co.uk/id/7000000000041429,Scotland,http://data.ordnancesurvey.co.uk/id/country/scotland,,,
KW172DE,http://data.ordnancesurvey.co.uk/id/postcodeunit/KW172DE,KW17 2DE,,,,other,Postcode,350463.000,1041012.000,3500,18000,,,,,,,Rapness,http://data.ordnancesurvey.co.uk/id/4000000074335381,http://www.ordnancesurvey.co.uk/xml/codelists/localtype.xml#otherSettlement,,,,Orkney Islands,http://data.ordnancesurvey.co.uk/id/7000000000029961,http://data.ordnancesurvey.co.uk/ontology/admingeo/UnitaryAuthority,Scotland,http://data.ordnancesurvey.co.uk/id/7000000000041429,Scotland,http://data.ordnancesurvey.co.uk/id/country/scotland,,,
KW172DG,http://data.ordnancesurvey.co.uk/id/postcodeunit/KW172DG,KW17 2DG,,,,other,Postcode,343766.000,1048769.000,3500,18000,,,,,,,Pierowall,http://data.ordnancesurvey.co.uk/id/4000000074554644,http://www.ordnancesurvey.co.uk/xml/codelists/localtype.xml#village,,,,Orkney Islands,http://data.ordnancesurvey.co.uk/id/7000000000029961,http://data.ordnancesurvey.co.uk/ontology/admingeo/UnitaryAuthority,Scotland,http://data.ordnancesurvey.co.uk/id/7000000000041429,Scotland,http://data.ordnancesurvey.co.uk/id/country/scotland,,,
08ccdfb3-e8fe-4f8f-9e9e-2422c57a5919,http://data.ordnancesurvey.co.uk/id/08ccdfb3-e8fe-4f8f-9e9e-2422c57a5919,Gillpier Road,,,,transportNetwork,Section Of Named Road,344427.000,1049188.000,3000,25000,344261.183,1049037.233,344668.438,1049377.791,KW17,http://data.ordnancesurvey.co.uk/id/postcodedistrict/KW17,Pierowall,http://data.ordnancesurvey.co.uk/id/4000000074554644,http://www.ordnancesurvey.co.uk/xml/codelists/localtype.xml#village,,,,Orkney Islands,http://data.ordnancesurvey.co.uk/id/7000000000029961,http://data.ordnancesurvey.co.uk/ontology/admingeo/UnitaryAuthority,Scotland,http://data.ordnancesurvey.co.uk/id/7000000000041429,Scotland,http://data.ordnancesurvey.co.uk/id/country/scotland,osgb4000000003265660,,
osgb4000000003266162,http://data.ordnancesurvey.co.uk/id/4000000003266162,B9066,,,,transportNetwork,Numbered Road,347630.000,1045359.000,57000,250000,343728.991,1040600.000,351038.003,1049377.791,KW17,http://data.ordnancesurvey.co.uk/id/postcodedistrict/KW17,,,,,,,Orkney Islands,http://data.ordnancesurvey.co.uk/id/7000000000029961,http://data.ordnancesurvey.co.uk/ontology/admingeo/UnitaryAuthority,Scotland,http://data.ordnancesurvey.co.uk/id/7000000000041429,Scotland,http://data.ordnancesurvey.co.uk/id/country/scotland,,,
osgb5000005113644247,http://data.ordnancesurvey.co.uk/id/5000005113644247,Hirstquoy,,,,transportNetwork,Named Road,343398.289,1048423.697,1000,20000,343397.291,1048423.697,343415.272,1048445.700,KW17,http://data.ordnancesurvey.co.uk/id/postcodedistrict/KW17,Pierowall,http://data.ordnancesurvey.co.uk/id/4000000074554644,http://www.ordnancesurvey.co.uk/xml/codelists/localtype.xml#village,,,,Orkney Islands,http://data.ordnancesurvey.co.uk/id/7000000000029961,http://data.ordnancesurvey.co.uk/ontology/admingeo/UnitaryAuthority,Scotland,http://data.ordnancesurvey.co.uk/id/7000000000041429,Scotland,http://data.ordnancesurvey.co.uk/id/country/scotland,,,
osgb4000000003265661,http://data.ordnancesurvey.co.uk/id/4000000003265661,Rackwick Road,,,,transportNetwork,Named Road,344238.000,1050038.000,6000,20000,344093.491,1049394.591,344836.000,1050288.000,KW17,http://data.ordnancesurvey.co.uk/id/postcodedistrict/KW17,Rackwick,http://data.ordnancesurvey.co.uk/id/4000000074555006,http://www.ordnancesurvey.co.uk/xml/codelists/localtype.xml#otherSettlement,,,,Orkney Islands,http://data.ordnancesurvey.co.uk/id/7000000000029961,http://data.ordnancesurvey.co.uk/ontology/admingeo/UnitaryAuthority,Scotland,http://data.ordnancesurvey.co.uk/id/7000000000041429,Scotland,http://data.ordnancesurvey.co.uk/id/country/scotland,,,
osgb4000000003265847,http://data.ordnancesurvey.co.uk/id/4000000003265847,Howanbrek,,,,transportNetwork,Named Road,343788.000,1048758.000,1000,20000,343771.000,1048730.000,343829.000,1048781.979,KW17,http://data.ordnancesurvey.co.uk/id/postcodedistrict/KW17,Pierowall,http://data.ordnancesurvey.co.uk/id/4000000074554644,http://www.ordnancesurvey.co.uk/xml/codelists/localtype.xml#village,,,,Orkney Islands,http://data.ordnancesurvey.co.uk/id/7000000000029961,http://data.ordnancesurvey.co.uk/ontology/admingeo/UnitaryAuthority,Scotland,http://data.ordnancesurvey.co.uk/id/7000000000041429,Scotland,http://data.ordnancesurvey.co.uk/id/country/scotland,,,
osgb4000000003265660,http://data.ordnancesurvey.co.uk/id/4000000003265660,Gillpier Road,,,,transportNetwork,Named Road,344427.000,1049188.000,3000,20000,344261.183,1049030.000,344682.000,1049377.791,KW17,http://data.ordnancesurvey.co.uk/id/postcodedistrict/KW17,Pierowall,http://data.ordnancesurvey.co.uk/id/4000000074554644,http://www.ordnancesurvey.co.uk/xml/codelists/localtype.xml#village,,,,Orkney Islands,http://data.ordnancesurvey.co.uk/id/7000000000029961,http://data.ordnancesurvey.co.uk/ontology/admingeo/UnitaryAuthority,Scotland,http://data.ordnancesurvey.co.uk/id/7000000000041429,Scotland,http://data.ordnancesurvey.co.uk/id/country/scotland,,,
2e44c698-48b9-4868-a52a-c4d09fc41832,http://data.ordnancesurvey.co.uk/id/2e44c698-48b9-4868-a52a-c4d09fc41832,Rackwick Road,,,,transportNetwork,Section Of Named Road,344379.541,1050202.289,4000,25000,344155.773,1049970.552,344836.000,1050288.000,KW17,http://data.ordnancesurvey.co.uk/id/postcodedistrict/KW17,Rackwick,http://data.ordnancesurvey.co.uk/id/4000000074555006,http://www.ordnancesurvey.co.uk/xml/codelists/localtype.xml#otherSettlement,,,,Orkney Islands,http://data.ordnancesurvey.co.uk/id/7000000000029961,http://data.ordnancesurvey.co.uk/ontology/admingeo/UnitaryAuthority,Scotland,http://data.ordnancesurvey.co.uk/id/7000000000041429,Scotland,http://data.ordnancesurvey.co.uk/id/country/scotland,osgb4000000003265661,,
osgb4000000003265899,http://data.ordnancesurvey.co.uk/id/4000000003265899,B9067,,,,transportNetwork,Numbered Road,344218.427,1045567.082,29000,250000,343635.000,1043307.000,344733.047,1047781.000,KW17,http://data.ordnancesurvey.co.uk/id/postcodedistrict/KW17,,,,,,,Orkney Islands,http://data.ordnancesurvey.co.uk/id/7000000000029961,http://data.ordnancesurvey.co.uk/ontology/admingeo/UnitaryAuthority,Scotland,http://data.ordnancesurvey.co.uk/id/7000000000041429,Scotland,http://data.ordnancesurvey.co.uk/id/country/scotland,,,
a79143f6-181f-4370-a5fc-a5f5a2a80c9e,http://data.ordnancesurvey.co.uk/id/a79143f6-181f-4370-a5fc-a5f5a2a80c9e,Rackwick Road,,,,transportNetwork,Section Of Named Road,344211.000,1049500.000,2000,25000,344095.098,1049394.591,344262.783,1049751.516,KW17,http://data.ordnancesurvey.co.uk/id/postcodedistrict/KW17,Pierowall,http://data.ordnancesurvey.co.uk/id/4000000074554644,http://www.ordnancesurvey.co.uk/xml/codelists/localtype.xml#village,,,,Orkney Islands,http://data.ordnancesurvey.co.uk/id/7000000000029961,http://data.ordnancesurvey.co.uk/ontology/admingeo/UnitaryAuthority,Scotland,http://data.ordnancesurvey.co.uk/id/7000000000041429,Scotland,http://data.ordnancesurvey.co.uk/id/country/scotland,osgb4000000003265661,,
KW172DH,http://data.ordnancesurvey.co.uk/id/postcodeunit/KW172DH,KW17 2DH,,,,other,Postcode,343795.000,1048717.000,3500,18000,,,,,,,Pierowall,http://data.ordnancesurvey.co.uk/id/4000000074554644,http://www.ordnancesurvey.co.uk/xml/codelists/localtype.xml#village,,,,Orkney Islands,http://data.ordnancesurvey.co.uk/id/7000000000029961,http://data.ordnancesurvey.co.uk/ontology/admingeo/UnitaryAuthority,Scotland,http://data.ordnancesurvey.co.uk/id/7000000000041429,Scotland,http://data.ordnancesurvey.co.uk/id/country/scotland,,,
KW172DJ,http://data.ordnancesurvey.co.uk/id/postcodeunit/KW172DJ,KW17 2DJ,,,,other,Postcode,343675.000,1048744.000,3500,18000,,,,,,,Pierowall,http://data.ordnancesurvey.co.uk/id/4000000074554644,http://www.ordnancesurvey.co.uk/xml/codelists/localtype.xml#village,,,,Orkney Islands,http://data.ordnancesurvey.co.uk/id/7000000000029961,http://data.ordnancesurvey.co.uk/ontology/admingeo/UnitaryAuthority,Scotland,http://data.ordnancesurvey.co.uk/id/7000000000041429,Scotland,http://data.ordnancesurvey.co.uk/id/country/scotland,,,
