﻿osgb4000000074543469,http://data.ordnancesurvey.co.uk/id/4000000074543469,Carloway,eng,Càrlabhagh,gla,populatedPlace,Village,120949.000,942991.000,19000,250000,119710.517,941617.284,122701.643,943703.527,HS2,http://data.ordnancesurvey.co.uk/id/postcodedistrict/HS2,,,,,,,Na h-Eileanan an Iar,http://data.ordnancesurvey.co.uk/id/7000000000030022,http://data.ordnancesurvey.co.uk/ontology/admingeo/UnitaryAuthority,Scotland,http://data.ordnancesurvey.co.uk/id/7000000000041429,Scotland,http://data.ordnancesurvey.co.uk/id/country/scotland,,http://dbpedia.org/resource/Carloway,
osgb4000000074576033,http://data.ordnancesurvey.co.uk/id/4000000074576033,Na Gearrannan,gla,Garenin,eng,populatedPlace,Village,120010.000,943687.000,7000,250000,119242.997,943276.229,120193.125,944286.670,HS2,http://data.ordnancesurvey.co.uk/id/postcodedistrict/HS2,,,,,,,Na h-Eileanan an Iar,http://data.ordnancesurvey.co.uk/id/7000000000030022,http://data.ordnancesurvey.co.uk/ontology/admingeo/UnitaryAuthority,Scotland,http://data.ordnancesurvey.co.uk/id/7000000000041429,Scotland,http://data.ordnancesurvey.co.uk/id/country/scotland,,,
osgb4000000074337368,http://data.ordnancesurvey.co.uk/id/4000000074337368,Barvas,eng,Barabhas,gla,populatedPlace,Village,134929.490,950323.700,20000,250000,134819.822,948448.509,136725.091,951520.069,HS2,http://data.ordnancesurvey.co.uk/id/postcodedistrict/HS2,,,,,,,Na h-Eileanan an Iar,http://data.ordnancesurvey.co.uk/id/7000000000030022,http://data.ordnancesurvey.co.uk/ontology/admingeo/UnitaryAuthority,Scotland,http://data.ordnancesurvey.co.uk/id/7000000000041429,Scotland,http://data.ordnancesurvey.co.uk/id/country/scotland,,,
osgb4000000074578038,http://data.ordnancesurvey.co.uk/id/4000000074578038,Arnol,,,,populatedPlace,Village,131129.000,948610.000,11000,250000,130530.700,947761.545,131731.486,949518.582,HS2,http://data.ordnancesurvey.co.uk/id/postcodedistrict/HS2,,,,,,,Na h-Eileanan an Iar,http://data.ordnancesurvey.co.uk/id/7000000000030022,http://data.ordnancesurvey.co.uk/ontology/admingeo/UnitaryAuthority,Scotland,http://data.ordnancesurvey.co.uk/id/7000000000041429,Scotland,http://data.ordnancesurvey.co.uk/id/country/scotland,,,http://sws.geonames.org/2657033
osgb4000000074577586,http://data.ordnancesurvey.co.uk/id/4000000074577586,Labost,,,,populatedPlace,Other Settlement,127685.000,948620.000,15000,25000,127405.129,947841.013,128164.450,949536.237,HS2,http://data.ordnancesurvey.co.uk/id/postcodedistrict/HS2,,,,,,,Na h-Eileanan an Iar,http://data.ordnancesurvey.co.uk/id/7000000000030022,http://data.ordnancesurvey.co.uk/ontology/admingeo/UnitaryAuthority,Scotland,http://data.ordnancesurvey.co.uk/id/7000000000041429,Scotland,http://data.ordnancesurvey.co.uk/id/country/scotland,,,
osgb4000000074542748,http://data.ordnancesurvey.co.uk/id/4000000074542748,Baile an Truiseil,gla,Ballantrushal,eng,populatedPlace,Other Settlement,137687.000,953915.000,15000,25000,137343.421,953219.223,138459.439,954144.208,HS2,http://data.ordnancesurvey.co.uk/id/postcodedistrict/HS2,,,,,,,Na h-Eileanan an Iar,http://data.ordnancesurvey.co.uk/id/7000000000030022,http://data.ordnancesurvey.co.uk/ontology/admingeo/UnitaryAuthority,Scotland,http://data.ordnancesurvey.co.uk/id/7000000000041429,Scotland,http://data.ordnancesurvey.co.uk/id/country/scotland,,,
osgb4000000074542674,http://data.ordnancesurvey.co.uk/id/4000000074542674,Brue,eng,Brù,gla,populatedPlace,Village,134150.000,949104.000,11000,250000,133155.853,948772.136,134523.222,950499.572,HS2,http://data.ordnancesurvey.co.uk/id/postcodedistrict/HS2,,,,,,,Na h-Eileanan an Iar,http://data.ordnancesurvey.co.uk/id/7000000000030022,http://data.ordnancesurvey.co.uk/ontology/admingeo/UnitaryAuthority,Scotland,http://data.ordnancesurvey.co.uk/id/7000000000041429,Scotland,http://data.ordnancesurvey.co.uk/id/country/scotland,,http://dbpedia.org/resource/Brue,
osgb4000000074543208,http://data.ordnancesurvey.co.uk/id/4000000074543208,Shawbost,eng,Siabost,gla,populatedPlace,Village,126028.000,947702.000,21000,250000,124420.821,945545.390,127625.858,948750.432,HS2,http://data.ordnancesurvey.co.uk/id/postcodedistrict/HS2,,,,,,,Na h-Eileanan an Iar,http://data.ordnancesurvey.co.uk/id/7000000000030022,http://data.ordnancesurvey.co.uk/ontology/admingeo/UnitaryAuthority,Scotland,http://data.ordnancesurvey.co.uk/id/7000000000041429,Scotland,http://data.ordnancesurvey.co.uk/id/country/scotland,,http://dbpedia.org/resource/Shawbost,
osgb4000000074540912,http://data.ordnancesurvey.co.uk/id/4000000074540912,Baile Gearr,eng,Ballagarr,gla,populatedPlace,Suburban Area,139968.965,955684.680,4000,25000,139771.501,955533.111,140334.536,956033.111,HS2,http://data.ordnancesurvey.co.uk/id/postcodedistrict/HS2,,,,,,,Na h-Eileanan an Iar,http://data.ordnancesurvey.co.uk/id/7000000000030022,http://data.ordnancesurvey.co.uk/ontology/admingeo/UnitaryAuthority,Scotland,http://data.ordnancesurvey.co.uk/id/7000000000041429,Scotland,http://data.ordnancesurvey.co.uk/id/country/scotland,,,
osgb4000000074574116,http://data.ordnancesurvey.co.uk/id/4000000074574116,Bragar,,,,populatedPlace,Village,128839.000,947827.000,19000,250000,127696.493,947417.204,130548.361,948520.868,HS2,http://data.ordnancesurvey.co.uk/id/postcodedistrict/HS2,,,,,,,Na h-Eileanan an Iar,http://data.ordnancesurvey.co.uk/id/7000000000030022,http://data.ordnancesurvey.co.uk/ontology/admingeo/UnitaryAuthority,Scotland,http://data.ordnancesurvey.co.uk/id/7000000000041429,Scotland,http://data.ordnancesurvey.co.uk/id/country/scotland,,http://dbpedia.org/resource/Bragar,http://sws.geonames.org/2654947
HS29AH,http://data.ordnancesurvey.co.uk/id/postcodeunit/HS29AH,HS2 9AH,,,,other,Postcode,121050.000,942648.000,3500,18000,,,,,,,Carloway / Càrlabhagh,http://data.ordnancesurvey.co.uk/id/4000000074543469,http://www.ordnancesurvey.co.uk/xml/codelists/localtype.xml#village,,,,Na h-Eileanan an Iar,http://data.ordnancesurvey.co.uk/id/7000000000030022,http://data.ordnancesurvey.co.uk/ontology/admingeo/UnitaryAuthority,Scotland,http://data.ordnancesurvey.co.uk/id/7000000000041429,Scotland,http://data.ordnancesurvey.co.uk/id/country/scotland,,,
HS29DG,http://data.ordnancesurvey.co.uk/id/postcodeunit/HS29DG,HS2 9DG,,,,other,Postcode,128816.000,947641.000,3500,18000,,,,,,,Bragar,http://data.ordnancesurvey.co.uk/id/4000000074574116,http://www.ordnancesurvey.co.uk/xml/codelists/localtype.xml#village,,,,Na h-Eileanan an Iar,http://data.ordnancesurvey.co.uk/id/7000000000030022,http://data.ordnancesurvey.co.uk/ontology/admingeo/UnitaryAuthority,Scotland,http://data.ordnancesurvey.co.uk/id/7000000000041429,Scotland,http://data.ordnancesurvey.co.uk/id/country/scotland,,,
HS29YB,http://data.ordnancesurvey.co.uk/id/postcodeunit/HS29YB,HS2 9YB,,,,other,Postcode,136303.000,949832.000,3500,18000,,,,,,,Barvas / Barabhas,http://data.ordnancesurvey.co.uk/id/4000000074337368,http://www.ordnancesurvey.co.uk/xml/codelists/localtype.xml#village,,,,Na h-Eileanan an Iar,http://data.ordnancesurvey.co.uk/id/7000000000030022,http://data.ordnancesurvey.co.uk/ontology/admingeo/UnitaryAuthority,Scotland,http://data.ordnancesurvey.co.uk/id/7000000000041429,Scotland,http://data.ordnancesurvey.co.uk/id/country/scotland,,,
HS29BW,http://data.ordnancesurvey.co.uk/id/postcodeunit/HS29BW,HS2 9BW,,,,other,Postcode,126779.000,947802.000,3500,18000,,,,,,,Shawbost / Siabost,http://data.ordnancesurvey.co.uk/id/4000000074543208,http://www.ordnancesurvey.co.uk/xml/codelists/localtype.xml#village,,,,Na h-Eileanan an Iar,http://data.ordnancesurvey.co.uk/id/7000000000030022,http://data.ordnancesurvey.co.uk/ontology/admingeo/UnitaryAuthority,Scotland,http://data.ordnancesurvey.co.uk/id/7000000000041429,Scotland,http://data.ordnancesurvey.co.uk/id/country/scotland,,,
HS29DD,http://data.ordnancesurvey.co.uk/id/postcodeunit/HS29DD,HS2 9DD,,,,other,Postcode,128731.000,947734.000,3500,18000,,,,,,,Bragar,http://data.ordnancesurvey.co.uk/id/4000000074574116,http://www.ordnancesurvey.co.uk/xml/codelists/localtype.xml#village,,,,Na h-Eileanan an Iar,http://data.ordnancesurvey.co.uk/id/7000000000030022,http://data.ordnancesurvey.co.uk/ontology/admingeo/UnitaryAuthority,Scotland,http://data.ordnancesurvey.co.uk/id/7000000000041429,Scotland,http://data.ordnancesurvey.co.uk/id/country/scotland,,,
HS29BJ,http://data.ordnancesurvey.co.uk/id/postcodeunit/HS29BJ,HS2 9BJ,,,,other,Postcode,124997.000,946803.000,3500,18000,,,,,,,Shawbost / Siabost,http://data.ordnancesurvey.co.uk/id/4000000074543208,http://www.ordnancesurvey.co.uk/xml/codelists/localtype.xml#village,,,,Na h-Eileanan an Iar,http://data.ordnancesurvey.co.uk/id/7000000000030022,http://data.ordnancesurvey.co.uk/ontology/admingeo/UnitaryAuthority,Scotland,http://data.ordnancesurvey.co.uk/id/7000000000041429,Scotland,http://data.ordnancesurvey.co.uk/id/country/scotland,,,
HS29BP,http://data.ordnancesurvey.co.uk/id/postcodeunit/HS29BP,HS2 9BP,,,,other,Postcode,126848.000,948589.000,3500,18000,,,,,,,Shawbost / Siabost,http://data.ordnancesurvey.co.uk/id/4000000074543208,http://www.ordnancesurvey.co.uk/xml/codelists/localtype.xml#village,,,,Na h-Eileanan an Iar,http://data.ordnancesurvey.co.uk/id/7000000000030022,http://data.ordnancesurvey.co.uk/ontology/admingeo/UnitaryAuthority,Scotland,http://data.ordnancesurvey.co.uk/id/7000000000041429,Scotland,http://data.ordnancesurvey.co.uk/id/country/scotland,,,
HS29DE,http://data.ordnancesurvey.co.uk/id/postcodeunit/HS29DE,HS2 9DE,,,,other,Postcode,128758.000,947588.000,3500,18000,,,,,,,Bragar,http://data.ordnancesurvey.co.uk/id/4000000074574116,http://www.ordnancesurvey.co.uk/xml/codelists/localtype.xml#village,,,,Na h-Eileanan an Iar,http://data.ordnancesurvey.co.uk/id/7000000000030022,http://data.ordnancesurvey.co.uk/ontology/admingeo/UnitaryAuthority,Scotland,http://data.ordnancesurvey.co.uk/id/7000000000041429,Scotland,http://data.ordnancesurvey.co.uk/id/country/scotland,,,
HS20QN,http://data.ordnancesurvey.co.uk/id/postcodeunit/HS20QN,HS2 0QN,,,,other,Postcode,134931.000,949368.000,3500,18000,,,,,,,,,,,,,Na h-Eileanan an Iar,http://data.ordnancesurvey.co.uk/id/7000000000030022,http://data.ordnancesurvey.co.uk/ontology/admingeo/UnitaryAuthority,Scotland,http://data.ordnancesurvey.co.uk/id/7000000000041429,Scotland,http://data.ordnancesurvey.co.uk/id/country/scotland,,,
HS29AQ,http://data.ordnancesurvey.co.uk/id/postcodeunit/HS29AQ,HS2 9AQ,,,,other,Postcode,121712.000,942821.000,3500,18000,,,,,,,Carloway / Càrlabhagh,http://data.ordnancesurvey.co.uk/id/4000000074543469,http://www.ordnancesurvey.co.uk/xml/codelists/localtype.xml#village,,,,Na h-Eileanan an Iar,http://data.ordnancesurvey.co.uk/id/7000000000030022,http://data.ordnancesurvey.co.uk/ontology/admingeo/UnitaryAuthority,Scotland,http://data.ordnancesurvey.co.uk/id/7000000000041429,Scotland,http://data.ordnancesurvey.co.uk/id/country/scotland,,,
HS20RA,http://data.ordnancesurvey.co.uk/id/postcodeunit/HS20RA,HS2 0RA,,,,other,Postcode,135816.000,948796.000,3500,18000,,,,,,,Barvas / Barabhas,http://data.ordnancesurvey.co.uk/id/4000000074337368,http://www.ordnancesurvey.co.uk/xml/codelists/localtype.xml#village,,,,Na h-Eileanan an Iar,http://data.ordnancesurvey.co.uk/id/7000000000030022,http://data.ordnancesurvey.co.uk/ontology/admingeo/UnitaryAuthority,Scotland,http://data.ordnancesurvey.co.uk/id/7000000000041429,Scotland,http://data.ordnancesurvey.co.uk/id/country/scotland,,,
HS29AX,http://data.ordnancesurvey.co.uk/id/postcodeunit/HS29AX,HS2 9AX,,,,other,Postcode,121230.000,941731.000,3500,18000,,,,,,,Carloway / Càrlabhagh,http://data.ordnancesurvey.co.uk/id/4000000074543469,http://www.ordnancesurvey.co.uk/xml/codelists/localtype.xml#village,,,,Na h-Eileanan an Iar,http://data.ordnancesurvey.co.uk/id/7000000000030022,http://data.ordnancesurvey.co.uk/ontology/admingeo/UnitaryAuthority,Scotland,http://data.ordnancesurvey.co.uk/id/7000000000041429,Scotland,http://data.ordnancesurvey.co.uk/id/country/scotland,,,
HS20RQ,http://data.ordnancesurvey.co.uk/id/postcodeunit/HS20RQ,HS2 0RQ,,,,other,Postcode,138540.000,954251.000,3500,18000,,,,,,,Shader / Siadar,http://data.ordnancesurvey.co.uk/id/4000000074577104,http://www.ordnancesurvey.co.uk/xml/codelists/localtype.xml#village,,,,Na h-Eileanan an Iar,http://data.ordnancesurvey.co.uk/id/7000000000030022,http://data.ordnancesurvey.co.uk/ontology/admingeo/UnitaryAuthority,Scotland,http://data.ordnancesurvey.co.uk/id/7000000000041429,Scotland,http://data.ordnancesurvey.co.uk/id/country/scotland,,,
HS29DF,http://data.ordnancesurvey.co.uk/id/postcodeunit/HS29DF,HS2 9DF,,,,other,Postcode,128822.000,947679.000,3500,18000,,,,,,,Bragar,http://data.ordnancesurvey.co.uk/id/4000000074574116,http://www.ordnancesurvey.co.uk/xml/codelists/localtype.xml#village,,,,Na h-Eileanan an Iar,http://data.ordnancesurvey.co.uk/id/7000000000030022,http://data.ordnancesurvey.co.uk/ontology/admingeo/UnitaryAuthority,Scotland,http://data.ordnancesurvey.co.uk/id/7000000000041429,Scotland,http://data.ordnancesurvey.co.uk/id/country/scotland,,,
HS20QY,http://data.ordnancesurvey.co.uk/id/postcodeunit/HS20QY,HS2 0QY,,,,other,Postcode,136103.000,949849.000,3500,18000,,,,,,,Barvas / Barabhas,http://data.ordnancesurvey.co.uk/id/4000000074337368,http://www.ordnancesurvey.co.uk/xml/codelists/localtype.xml#village,,,,Na h-Eileanan an Iar,http://data.ordnancesurvey.co.uk/id/7000000000030022,http://data.ordnancesurvey.co.uk/ontology/admingeo/UnitaryAuthority,Scotland,http://data.ordnancesurvey.co.uk/id/7000000000041429,Scotland,http://data.ordnancesurvey.co.uk/id/country/scotland,,,
HS29BE,http://data.ordnancesurvey.co.uk/id/postcodeunit/HS29BE,HS2 9BE,,,,other,Postcode,126644.000,947076.000,3500,18000,,,,,,,Shawbost / Siabost,http://data.ordnancesurvey.co.uk/id/4000000074543208,http://www.ordnancesurvey.co.uk/xml/codelists/localtype.xml#village,,,,Na h-Eileanan an Iar,http://data.ordnancesurvey.co.uk/id/7000000000030022,http://data.ordnancesurvey.co.uk/ontology/admingeo/UnitaryAuthority,Scotland,http://data.ordnancesurvey.co.uk/id/7000000000041429,Scotland,http://data.ordnancesurvey.co.uk/id/country/scotland,,,
HS29AD,http://data.ordnancesurvey.co.uk/id/postcodeunit/HS29AD,HS2 9AD,,,,other,Postcode,121999.000,944446.000,3500,18000,,,,,,,Dalmore / Dail Mòr,http://data.ordnancesurvey.co.uk/id/4000000074547609,http://www.ordnancesurvey.co.uk/xml/codelists/localtype.xml#hamlet,,,,Na h-Eileanan an Iar,http://data.ordnancesurvey.co.uk/id/7000000000030022,http://data.ordnancesurvey.co.uk/ontology/admingeo/UnitaryAuthority,Scotland,http://data.ordnancesurvey.co.uk/id/7000000000041429,Scotland,http://data.ordnancesurvey.co.uk/id/country/scotland,,,
HS29AG,http://data.ordnancesurvey.co.uk/id/postcodeunit/HS29AG,HS2 9AG,,,,other,Postcode,120609.000,942945.000,3500,18000,,,,,,,Carloway / Càrlabhagh,http://data.ordnancesurvey.co.uk/id/4000000074543469,http://www.ordnancesurvey.co.uk/xml/codelists/localtype.xml#village,,,,Na h-Eileanan an Iar,http://data.ordnancesurvey.co.uk/id/7000000000030022,http://data.ordnancesurvey.co.uk/ontology/admingeo/UnitaryAuthority,Scotland,http://data.ordnancesurvey.co.uk/id/7000000000041429,Scotland,http://data.ordnancesurvey.co.uk/id/country/scotland,,,
HS29BD,http://data.ordnancesurvey.co.uk/id/postcodeunit/HS29BD,HS2 9BD,,,,other,Postcode,126837.000,947528.000,3500,18000,,,,,,,Shawbost / Siabost,http://data.ordnancesurvey.co.uk/id/4000000074543208,http://www.ordnancesurvey.co.uk/xml/codelists/localtype.xml#village,,,,Na h-Eileanan an Iar,http://data.ordnancesurvey.co.uk/id/7000000000030022,http://data.ordnancesurvey.co.uk/ontology/admingeo/UnitaryAuthority,Scotland,http://data.ordnancesurvey.co.uk/id/7000000000041429,Scotland,http://data.ordnancesurvey.co.uk/id/country/scotland,,,
HS20QX,http://data.ordnancesurvey.co.uk/id/postcodeunit/HS20QX,HS2 0QX,,,,other,Postcode,136512.000,950842.000,3500,18000,,,,,,,Barvas / Barabhas,http://data.ordnancesurvey.co.uk/id/4000000074337368,http://www.ordnancesurvey.co.uk/xml/codelists/localtype.xml#village,,,,Na h-Eileanan an Iar,http://data.ordnancesurvey.co.uk/id/7000000000030022,http://data.ordnancesurvey.co.uk/ontology/admingeo/UnitaryAuthority,Scotland,http://data.ordnancesurvey.co.uk/id/7000000000041429,Scotland,http://data.ordnancesurvey.co.uk/id/country/scotland,,,
HS20RB,http://data.ordnancesurvey.co.uk/id/postcodeunit/HS20RB,HS2 0RB,,,,other,Postcode,136055.000,948603.000,3500,18000,,,,,,,Barvas / Barabhas,http://data.ordnancesurvey.co.uk/id/4000000074337368,http://www.ordnancesurvey.co.uk/xml/codelists/localtype.xml#village,,,,Na h-Eileanan an Iar,http://data.ordnancesurvey.co.uk/id/7000000000030022,http://data.ordnancesurvey.co.uk/ontology/admingeo/UnitaryAuthority,Scotland,http://data.ordnancesurvey.co.uk/id/7000000000041429,Scotland,http://data.ordnancesurvey.co.uk/id/country/scotland,,,
HS20RZ,http://data.ordnancesurvey.co.uk/id/postcodeunit/HS20RZ,HS2 0RZ,,,,other,Postcode,139867.000,955710.000,3500,18000,,,,,,,,,,,,,Na h-Eileanan an Iar,http://data.ordnancesurvey.co.uk/id/7000000000030022,http://data.ordnancesurvey.co.uk/ontology/admingeo/UnitaryAuthority,Scotland,http://data.ordnancesurvey.co.uk/id/7000000000041429,Scotland,http://data.ordnancesurvey.co.uk/id/country/scotland,,,
HS20QW,http://data.ordnancesurvey.co.uk/id/postcodeunit/HS20QW,HS2 0QW,,,,other,Postcode,133848.000,949743.000,3500,18000,,,,,,,Brue / Brù,http://data.ordnancesurvey.co.uk/id/4000000074542674,http://www.ordnancesurvey.co.uk/xml/codelists/localtype.xml#village,,,,Na h-Eileanan an Iar,http://data.ordnancesurvey.co.uk/id/7000000000030022,http://data.ordnancesurvey.co.uk/ontology/admingeo/UnitaryAuthority,Scotland,http://data.ordnancesurvey.co.uk/id/7000000000041429,Scotland,http://data.ordnancesurvey.co.uk/id/country/scotland,,,
HS20QR,http://data.ordnancesurvey.co.uk/id/postcodeunit/HS20QR,HS2 0QR,,,,other,Postcode,135183.000,949928.000,3500,18000,,,,,,,Barvas / Barabhas,http://data.ordnancesurvey.co.uk/id/4000000074337368,http://www.ordnancesurvey.co.uk/xml/codelists/localtype.xml#village,,,,Na h-Eileanan an Iar,http://data.ordnancesurvey.co.uk/id/7000000000030022,http://data.ordnancesurvey.co.uk/ontology/admingeo/UnitaryAuthority,Scotland,http://data.ordnancesurvey.co.uk/id/7000000000041429,Scotland,http://data.ordnancesurvey.co.uk/id/country/scotland,,,
HS29AE,http://data.ordnancesurvey.co.uk/id/postcodeunit/HS29AE,HS2 9AE,,,,other,Postcode,122894.000,945741.000,3500,18000,,,,,,,,,,,,,Na h-Eileanan an Iar,http://data.ordnancesurvey.co.uk/id/7000000000030022,http://data.ordnancesurvey.co.uk/ontology/admingeo/UnitaryAuthority,Scotland,http://data.ordnancesurvey.co.uk/id/7000000000041429,Scotland,http://data.ordnancesurvey.co.uk/id/country/scotland,,,
HS29DJ,http://data.ordnancesurvey.co.uk/id/postcodeunit/HS29DJ,HS2 9DJ,,,,other,Postcode,131214.000,948833.000,3500,18000,,,,,,,Arnol,http://data.ordnancesurvey.co.uk/id/4000000074578038,http://www.ordnancesurvey.co.uk/xml/codelists/localtype.xml#village,,,,Na h-Eileanan an Iar,http://data.ordnancesurvey.co.uk/id/7000000000030022,http://data.ordnancesurvey.co.uk/ontology/admingeo/UnitaryAuthority,Scotland,http://data.ordnancesurvey.co.uk/id/7000000000041429,Scotland,http://data.ordnancesurvey.co.uk/id/country/scotland,,,
HS20BH,http://data.ordnancesurvey.co.uk/id/postcodeunit/HS20BH,HS2 0BH,,,,other,Postcode,135605.000,949339.000,3500,18000,,,,,,,Barvas / Barabhas,http://data.ordnancesurvey.co.uk/id/4000000074337368,http://www.ordnancesurvey.co.uk/xml/codelists/localtype.xml#village,,,,Na h-Eileanan an Iar,http://data.ordnancesurvey.co.uk/id/7000000000030022,http://data.ordnancesurvey.co.uk/ontology/admingeo/UnitaryAuthority,Scotland,http://data.ordnancesurvey.co.uk/id/7000000000041429,Scotland,http://data.ordnancesurvey.co.uk/id/country/scotland,,,
HS29DQ,http://data.ordnancesurvey.co.uk/id/postcodeunit/HS29DQ,HS2 9DQ,,,,other,Postcode,128706.000,947497.000,3500,18000,,,,,,,Bragar,http://data.ordnancesurvey.co.uk/id/4000000074574116,http://www.ordnancesurvey.co.uk/xml/codelists/localtype.xml#village,,,,Na h-Eileanan an Iar,http://data.ordnancesurvey.co.uk/id/7000000000030022,http://data.ordnancesurvey.co.uk/ontology/admingeo/UnitaryAuthority,Scotland,http://data.ordnancesurvey.co.uk/id/7000000000041429,Scotland,http://data.ordnancesurvey.co.uk/id/country/scotland,,,
HS29DH,http://data.ordnancesurvey.co.uk/id/postcodeunit/HS29DH,HS2 9DH,,,,other,Postcode,127717.000,948609.000,3500,18000,,,,,,,Labost,http://data.ordnancesurvey.co.uk/id/4000000074577586,http://www.ordnancesurvey.co.uk/xml/codelists/localtype.xml#otherSettlement,,,,Na h-Eileanan an Iar,http://data.ordnancesurvey.co.uk/id/7000000000030022,http://data.ordnancesurvey.co.uk/ontology/admingeo/UnitaryAuthority,Scotland,http://data.ordnancesurvey.co.uk/id/7000000000041429,Scotland,http://data.ordnancesurvey.co.uk/id/country/scotland,,,
HS29BQ,http://data.ordnancesurvey.co.uk/id/postcodeunit/HS29BQ,HS2 9BQ,,,,other,Postcode,126001.000,947163.000,3500,18000,,,,,,,Shawbost / Siabost,http://data.ordnancesurvey.co.uk/id/4000000074543208,http://www.ordnancesurvey.co.uk/xml/codelists/localtype.xml#village,,,,Na h-Eileanan an Iar,http://data.ordnancesurvey.co.uk/id/7000000000030022,http://data.ordnancesurvey.co.uk/ontology/admingeo/UnitaryAuthority,Scotland,http://data.ordnancesurvey.co.uk/id/7000000000041429,Scotland,http://data.ordnancesurvey.co.uk/id/country/scotland,,,
HS29BL,http://data.ordnancesurvey.co.uk/id/postcodeunit/HS29BL,HS2 9BL,,,,other,Postcode,125332.000,945800.000,3500,18000,,,,,,,Shawbost / Siabost,http://data.ordnancesurvey.co.uk/id/4000000074543208,http://www.ordnancesurvey.co.uk/xml/codelists/localtype.xml#village,,,,Na h-Eileanan an Iar,http://data.ordnancesurvey.co.uk/id/7000000000030022,http://data.ordnancesurvey.co.uk/ontology/admingeo/UnitaryAuthority,Scotland,http://data.ordnancesurvey.co.uk/id/7000000000041429,Scotland,http://data.ordnancesurvey.co.uk/id/country/scotland,,,
HS29AU,http://data.ordnancesurvey.co.uk/id/postcodeunit/HS29AU,HS2 9AU,,,,other,Postcode,120746.000,942269.000,3500,18000,,,,,,,Carloway / Càrlabhagh,http://data.ordnancesurvey.co.uk/id/4000000074543469,http://www.ordnancesurvey.co.uk/xml/codelists/localtype.xml#village,,,,Na h-Eileanan an Iar,http://data.ordnancesurvey.co.uk/id/7000000000030022,http://data.ordnancesurvey.co.uk/ontology/admingeo/UnitaryAuthority,Scotland,http://data.ordnancesurvey.co.uk/id/7000000000041429,Scotland,http://data.ordnancesurvey.co.uk/id/country/scotland,,,
HS20RH,http://data.ordnancesurvey.co.uk/id/postcodeunit/HS20RH,HS2 0RH,,,,other,Postcode,139041.000,954796.000,3500,18000,,,,,,,Shader / Siadar,http://data.ordnancesurvey.co.uk/id/4000000074577104,http://www.ordnancesurvey.co.uk/xml/codelists/localtype.xml#village,,,,Na h-Eileanan an Iar,http://data.ordnancesurvey.co.uk/id/7000000000030022,http://data.ordnancesurvey.co.uk/ontology/admingeo/UnitaryAuthority,Scotland,http://data.ordnancesurvey.co.uk/id/7000000000041429,Scotland,http://data.ordnancesurvey.co.uk/id/country/scotland,,,
HS29DA,http://data.ordnancesurvey.co.uk/id/postcodeunit/HS29DA,HS2 9DA,,,,other,Postcode,129593.000,947875.000,3500,18000,,,,,,,Bragar,http://data.ordnancesurvey.co.uk/id/4000000074574116,http://www.ordnancesurvey.co.uk/xml/codelists/localtype.xml#village,,,,Na h-Eileanan an Iar,http://data.ordnancesurvey.co.uk/id/7000000000030022,http://data.ordnancesurvey.co.uk/ontology/admingeo/UnitaryAuthority,Scotland,http://data.ordnancesurvey.co.uk/id/7000000000041429,Scotland,http://data.ordnancesurvey.co.uk/id/country/scotland,,,
HS20RL,http://data.ordnancesurvey.co.uk/id/postcodeunit/HS20RL,HS2 0RL,,,,other,Postcode,139534.000,954758.000,3500,18000,,,,,,,Shader / Siadar,http://data.ordnancesurvey.co.uk/id/4000000074577104,http://www.ordnancesurvey.co.uk/xml/codelists/localtype.xml#village,,,,Na h-Eileanan an Iar,http://data.ordnancesurvey.co.uk/id/7000000000030022,http://data.ordnancesurvey.co.uk/ontology/admingeo/UnitaryAuthority,Scotland,http://data.ordnancesurvey.co.uk/id/7000000000041429,Scotland,http://data.ordnancesurvey.co.uk/id/country/scotland,,,
HS20RG,http://data.ordnancesurvey.co.uk/id/postcodeunit/HS20RG,HS2 0RG,,,,other,Postcode,138020.000,953613.000,3500,18000,,,,,,,Baile an Truiseil / Ballantrushal,http://data.ordnancesurvey.co.uk/id/4000000074542748,http://www.ordnancesurvey.co.uk/xml/codelists/localtype.xml#otherSettlement,,,,Na h-Eileanan an Iar,http://data.ordnancesurvey.co.uk/id/7000000000030022,http://data.ordnancesurvey.co.uk/ontology/admingeo/UnitaryAuthority,Scotland,http://data.ordnancesurvey.co.uk/id/7000000000041429,Scotland,http://data.ordnancesurvey.co.uk/id/country/scotland,,,
HS29DB,http://data.ordnancesurvey.co.uk/id/postcodeunit/HS29DB,HS2 9DB,,,,other,Postcode,131171.000,948506.000,3500,18000,,,,,,,Arnol,http://data.ordnancesurvey.co.uk/id/4000000074578038,http://www.ordnancesurvey.co.uk/xml/codelists/localtype.xml#village,,,,Na h-Eileanan an Iar,http://data.ordnancesurvey.co.uk/id/7000000000030022,http://data.ordnancesurvey.co.uk/ontology/admingeo/UnitaryAuthority,Scotland,http://data.ordnancesurvey.co.uk/id/7000000000041429,Scotland,http://data.ordnancesurvey.co.uk/id/country/scotland,,,
osgb4000000003307685,http://data.ordnancesurvey.co.uk/id/4000000003307685,Sraid Na Loch,,,,transportNetwork,Named Road,135247.000,949729.000,9000,20000,134880.310,949065.000,135711.000,950460.861,HS2,http://data.ordnancesurvey.co.uk/id/postcodedistrict/HS2,Barvas / Barabhas,http://data.ordnancesurvey.co.uk/id/4000000074337368,http://www.ordnancesurvey.co.uk/xml/codelists/localtype.xml#village,,,,Na h-Eileanan an Iar,http://data.ordnancesurvey.co.uk/id/7000000000030022,http://data.ordnancesurvey.co.uk/ontology/admingeo/UnitaryAuthority,Scotland,http://data.ordnancesurvey.co.uk/id/7000000000041429,Scotland,http://data.ordnancesurvey.co.uk/id/country/scotland,,,
095e1402-ff01-484a-84a2-27cb71051426,http://data.ordnancesurvey.co.uk/id/095e1402-ff01-484a-84a2-27cb71051426,Sraid Na H-Eaglaise,,,,transportNetwork,Section Of Named Road,127081.545,947322.213,7000,25000,126599.104,947192.442,127625.858,947389.000,HS2,http://data.ordnancesurvey.co.uk/id/postcodedistrict/HS2,Shawbost / Siabost,http://data.ordnancesurvey.co.uk/id/4000000074543208,http://www.ordnancesurvey.co.uk/xml/codelists/localtype.xml#village,,,,Na h-Eileanan an Iar,http://data.ordnancesurvey.co.uk/id/7000000000030022,http://data.ordnancesurvey.co.uk/ontology/admingeo/UnitaryAuthority,Scotland,http://data.ordnancesurvey.co.uk/id/7000000000041429,Scotland,http://data.ordnancesurvey.co.uk/id/country/scotland,osgb4000000003307683,,
osgb4000000003307700,http://data.ordnancesurvey.co.uk/id/4000000003307700,Rathad Ghrinnibhat,,,,transportNetwork,Named Road,125252.000,946028.000,4000,20000,125126.000,945754.000,125362.000,946297.000,HS2,http://data.ordnancesurvey.co.uk/id/postcodedistrict/HS2,Shawbost / Siabost,http://data.ordnancesurvey.co.uk/id/4000000074543208,http://www.ordnancesurvey.co.uk/xml/codelists/localtype.xml#village,,,,Na h-Eileanan an Iar,http://data.ordnancesurvey.co.uk/id/7000000000030022,http://data.ordnancesurvey.co.uk/ontology/admingeo/UnitaryAuthority,Scotland,http://data.ordnancesurvey.co.uk/id/7000000000041429,Scotland,http://data.ordnancesurvey.co.uk/id/country/scotland,,,
osgb4000000003307683,http://data.ordnancesurvey.co.uk/id/4000000003307683,Sraid Na H-Eaglaise,,,,transportNetwork,Named Road,127081.545,947322.213,7000,20000,126599.104,947192.442,127635.000,947389.000,HS2,http://data.ordnancesurvey.co.uk/id/postcodedistrict/HS2,Shawbost / Siabost,http://data.ordnancesurvey.co.uk/id/4000000074543208,http://www.ordnancesurvey.co.uk/xml/codelists/localtype.xml#village,,,,Na h-Eileanan an Iar,http://data.ordnancesurvey.co.uk/id/7000000000030022,http://data.ordnancesurvey.co.uk/ontology/admingeo/UnitaryAuthority,Scotland,http://data.ordnancesurvey.co.uk/id/7000000000041429,Scotland,http://data.ordnancesurvey.co.uk/id/country/scotland,,,
osgb4000000003307744,http://data.ordnancesurvey.co.uk/id/4000000003307744,New Road,,,,transportNetwork,Named Road,139364.000,954898.000,2000,20000,139307.000,954769.000,139429.000,955009.000,HS2,http://data.ordnancesurvey.co.uk/id/postcodedistrict/HS2,Shader / Siadar,http://data.ordnancesurvey.co.uk/id/4000000074577104,http://www.ordnancesurvey.co.uk/xml/codelists/localtype.xml#village,,,,Na h-Eileanan an Iar,http://data.ordnancesurvey.co.uk/id/7000000000030022,http://data.ordnancesurvey.co.uk/ontology/admingeo/UnitaryAuthority,Scotland,http://data.ordnancesurvey.co.uk/id/7000000000041429,Scotland,http://data.ordnancesurvey.co.uk/id/country/scotland,,,
osgb4000000003307838,http://data.ordnancesurvey.co.uk/id/4000000003307838,Ionad An Duin,,,,transportNetwork,Named Road,128806.000,947654.000,1000,20000,128787.922,947652.815,128842.000,947657.000,HS2,http://data.ordnancesurvey.co.uk/id/postcodedistrict/HS2,Bragar,http://data.ordnancesurvey.co.uk/id/4000000074574116,http://www.ordnancesurvey.co.uk/xml/codelists/localtype.xml#village,,,,Na h-Eileanan an Iar,http://data.ordnancesurvey.co.uk/id/7000000000030022,http://data.ordnancesurvey.co.uk/ontology/admingeo/UnitaryAuthority,Scotland,http://data.ordnancesurvey.co.uk/id/7000000000041429,Scotland,http://data.ordnancesurvey.co.uk/id/country/scotland,,,
osgb4000000003307701,http://data.ordnancesurvey.co.uk/id/4000000003307701,Barraid An Duin,,,,transportNetwork,Named Road,129056.000,947674.000,5000,20000,128683.000,947513.000,129445.128,947741.402,HS2,http://data.ordnancesurvey.co.uk/id/postcodedistrict/HS2,Bragar,http://data.ordnancesurvey.co.uk/id/4000000074574116,http://www.ordnancesurvey.co.uk/xml/codelists/localtype.xml#village,,,,Na h-Eileanan an Iar,http://data.ordnancesurvey.co.uk/id/7000000000030022,http://data.ordnancesurvey.co.uk/ontology/admingeo/UnitaryAuthority,Scotland,http://data.ordnancesurvey.co.uk/id/7000000000041429,Scotland,http://data.ordnancesurvey.co.uk/id/country/scotland,,,
osgb4000000003308264,http://data.ordnancesurvey.co.uk/id/4000000003308264,A857,,,,transportNetwork,Numbered Road,138692.563,945668.898,202000,1000000,135692.000,932737.006,153884.000,963860.000,HS2,http://data.ordnancesurvey.co.uk/id/postcodedistrict/HS2,,,,,,,Na h-Eileanan an Iar,http://data.ordnancesurvey.co.uk/id/7000000000030022,http://data.ordnancesurvey.co.uk/ontology/admingeo/UnitaryAuthority,Scotland,http://data.ordnancesurvey.co.uk/id/7000000000041429,Scotland,http://data.ordnancesurvey.co.uk/id/country/scotland,,,
osgb5000005123381706,http://data.ordnancesurvey.co.uk/id/5000005123381706,Heatherhill,,,,transportNetwork,Named Road,135512.463,949430.018,1000,20000,135438.000,949359.614,135604.863,949491.000,HS2,http://data.ordnancesurvey.co.uk/id/postcodedistrict/HS2,Barvas / Barabhas,http://data.ordnancesurvey.co.uk/id/4000000074337368,http://www.ordnancesurvey.co.uk/xml/codelists/localtype.xml#village,,,,Na h-Eileanan an Iar,http://data.ordnancesurvey.co.uk/id/7000000000030022,http://data.ordnancesurvey.co.uk/ontology/admingeo/UnitaryAuthority,Scotland,http://data.ordnancesurvey.co.uk/id/7000000000041429,Scotland,http://data.ordnancesurvey.co.uk/id/country/scotland,,,
2189cee8-ce96-4fe0-9ef0-6b479996438f,http://data.ordnancesurvey.co.uk/id/2189cee8-ce96-4fe0-9ef0-6b479996438f,Pentland Road,,,,transportNetwork,Section Of Named Road,121000.000,942130.000,6000,25000,120607.000,941618.928,121352.530,942596.000,HS2,http://data.ordnancesurvey.co.uk/id/postcodedistrict/HS2,Carloway / Càrlabhagh,http://data.ordnancesurvey.co.uk/id/4000000074543469,http://www.ordnancesurvey.co.uk/xml/codelists/localtype.xml#village,,,,Na h-Eileanan an Iar,http://data.ordnancesurvey.co.uk/id/7000000000030022,http://data.ordnancesurvey.co.uk/ontology/admingeo/UnitaryAuthority,Scotland,http://data.ordnancesurvey.co.uk/id/7000000000041429,Scotland,http://data.ordnancesurvey.co.uk/id/country/scotland,osgb4000000003307678,,
osgb4000000003307684,http://data.ordnancesurvey.co.uk/id/4000000003307684,Rathad An Duin,,,,transportNetwork,Named Road,128838.000,947697.000,2000,20000,128836.000,947572.000,128852.000,947827.000,HS2,http://data.ordnancesurvey.co.uk/id/postcodedistrict/HS2,Bragar,http://data.ordnancesurvey.co.uk/id/4000000074574116,http://www.ordnancesurvey.co.uk/xml/codelists/localtype.xml#village,,,,Na h-Eileanan an Iar,http://data.ordnancesurvey.co.uk/id/7000000000030022,http://data.ordnancesurvey.co.uk/ontology/admingeo/UnitaryAuthority,Scotland,http://data.ordnancesurvey.co.uk/id/7000000000041429,Scotland,http://data.ordnancesurvey.co.uk/id/country/scotland,,,
osgb4000000003307783,http://data.ordnancesurvey.co.uk/id/4000000003307783,Pairc An Duin,,,,transportNetwork,Named Road,128738.000,947566.000,1000,20000,128738.000,947528.000,128766.000,947637.000,HS2,http://data.ordnancesurvey.co.uk/id/postcodedistrict/HS2,Bragar,http://data.ordnancesurvey.co.uk/id/4000000074574116,http://www.ordnancesurvey.co.uk/xml/codelists/localtype.xml#village,,,,Na h-Eileanan an Iar,http://data.ordnancesurvey.co.uk/id/7000000000030022,http://data.ordnancesurvey.co.uk/ontology/admingeo/UnitaryAuthority,Scotland,http://data.ordnancesurvey.co.uk/id/7000000000041429,Scotland,http://data.ordnancesurvey.co.uk/id/country/scotland,,,
HS20QZ,http://data.ordnancesurvey.co.uk/id/postcodeunit/HS20QZ,HS2 0QZ,,,,other,Postcode,136052.000,949050.000,3500,18000,,,,,,,Barvas / Barabhas,http://data.ordnancesurvey.co.uk/id/4000000074337368,http://www.ordnancesurvey.co.uk/xml/codelists/localtype.xml#village,,,,Na h-Eileanan an Iar,http://data.ordnancesurvey.co.uk/id/7000000000030022,http://data.ordnancesurvey.co.uk/ontology/admingeo/UnitaryAuthority,Scotland,http://data.ordnancesurvey.co.uk/id/7000000000041429,Scotland,http://data.ordnancesurvey.co.uk/id/country/scotland,,,
HS29AN,http://data.ordnancesurvey.co.uk/id/postcodeunit/HS29AN,HS2 9AN,,,,other,Postcode,120038.000,943752.000,3500,18000,,,,,,,Na Gearrannan / Garenin,http://data.ordnancesurvey.co.uk/id/4000000074576033,http://www.ordnancesurvey.co.uk/xml/codelists/localtype.xml#village,,,,Na h-Eileanan an Iar,http://data.ordnancesurvey.co.uk/id/7000000000030022,http://data.ordnancesurvey.co.uk/ontology/admingeo/UnitaryAuthority,Scotland,http://data.ordnancesurvey.co.uk/id/7000000000041429,Scotland,http://data.ordnancesurvey.co.uk/id/country/scotland,,,
HS29BG,http://data.ordnancesurvey.co.uk/id/postcodeunit/HS29BG,HS2 9BG,,,,other,Postcode,126344.000,946250.000,3500,18000,,,,,,,Shawbost / Siabost,http://data.ordnancesurvey.co.uk/id/4000000074543208,http://www.ordnancesurvey.co.uk/xml/codelists/localtype.xml#village,,,,Na h-Eileanan an Iar,http://data.ordnancesurvey.co.uk/id/7000000000030022,http://data.ordnancesurvey.co.uk/ontology/admingeo/UnitaryAuthority,Scotland,http://data.ordnancesurvey.co.uk/id/7000000000041429,Scotland,http://data.ordnancesurvey.co.uk/id/country/scotland,,,
HS20QS,http://data.ordnancesurvey.co.uk/id/postcodeunit/HS20QS,HS2 0QS,,,,other,Postcode,135525.000,949450.000,3500,18000,,,,,,,Barvas / Barabhas,http://data.ordnancesurvey.co.uk/id/4000000074337368,http://www.ordnancesurvey.co.uk/xml/codelists/localtype.xml#village,,,,Na h-Eileanan an Iar,http://data.ordnancesurvey.co.uk/id/7000000000030022,http://data.ordnancesurvey.co.uk/ontology/admingeo/UnitaryAuthority,Scotland,http://data.ordnancesurvey.co.uk/id/7000000000041429,Scotland,http://data.ordnancesurvey.co.uk/id/country/scotland,,,
HS20RJ,http://data.ordnancesurvey.co.uk/id/postcodeunit/HS20RJ,HS2 0RJ,,,,other,Postcode,139345.000,954863.000,3500,18000,,,,,,,Shader / Siadar,http://data.ordnancesurvey.co.uk/id/4000000074577104,http://www.ordnancesurvey.co.uk/xml/codelists/localtype.xml#village,,,,Na h-Eileanan an Iar,http://data.ordnancesurvey.co.uk/id/7000000000030022,http://data.ordnancesurvey.co.uk/ontology/admingeo/UnitaryAuthority,Scotland,http://data.ordnancesurvey.co.uk/id/7000000000041429,Scotland,http://data.ordnancesurvey.co.uk/id/country/scotland,,,
osgb4000000074577104,http://data.ordnancesurvey.co.uk/id/4000000074577104,Shader,eng,Siadar,gla,populatedPlace,Village,138810.000,954689.000,9000,250000,138198.030,953742.043,139655.880,955094.326,HS2,http://data.ordnancesurvey.co.uk/id/postcodedistrict/HS2,,,,,,,Na h-Eileanan an Iar,http://data.ordnancesurvey.co.uk/id/7000000000030022,http://data.ordnancesurvey.co.uk/ontology/admingeo/UnitaryAuthority,Scotland,http://data.ordnancesurvey.co.uk/id/7000000000041429,Scotland,http://data.ordnancesurvey.co.uk/id/country/scotland,,,http://sws.geonames.org/2638160
