﻿osgb4000000074813552,http://data.ordnancesurvey.co.uk/id/4000000074813552,Achany,,,,populatedPlace,Hamlet,256921.517,901537.652,5000,25000,256647.190,901135.032,257147.190,902050.730,IV27,http://data.ordnancesurvey.co.uk/id/postcodedistrict/IV27,,,,,,,Highland,http://data.ordnancesurvey.co.uk/id/7000000000029638,http://data.ordnancesurvey.co.uk/ontology/admingeo/UnitaryAuthority,Scotland,http://data.ordnancesurvey.co.uk/id/7000000000041429,Scotland,http://data.ordnancesurvey.co.uk/id/country/scotland,,,
osgb4000000074337363,http://data.ordnancesurvey.co.uk/id/4000000074337363,Rhinamain,,,,populatedPlace,Hamlet,258487.000,905139.000,5000,25000,258245.083,904855.685,258745.083,905355.685,IV27,http://data.ordnancesurvey.co.uk/id/postcodedistrict/IV27,,,,,,,Highland,http://data.ordnancesurvey.co.uk/id/7000000000029638,http://data.ordnancesurvey.co.uk/ontology/admingeo/UnitaryAuthority,Scotland,http://data.ordnancesurvey.co.uk/id/7000000000041429,Scotland,http://data.ordnancesurvey.co.uk/id/country/scotland,,,
osgb4000000074336925,http://data.ordnancesurvey.co.uk/id/4000000074336925,Doune,,,,populatedPlace,Hamlet,244477.720,900739.250,5000,25000,244237.784,900554.997,244737.784,901054.997,IV27,http://data.ordnancesurvey.co.uk/id/postcodedistrict/IV27,,,,,,,Highland,http://data.ordnancesurvey.co.uk/id/7000000000029638,http://data.ordnancesurvey.co.uk/ontology/admingeo/UnitaryAuthority,Scotland,http://data.ordnancesurvey.co.uk/id/7000000000041429,Scotland,http://data.ordnancesurvey.co.uk/id/country/scotland,,"http://dbpedia.org/resource/Doune,_Highland",
osgb4000000074557077,http://data.ordnancesurvey.co.uk/id/4000000074557077,Achfrish,,,,populatedPlace,Hamlet,256492.000,911796.000,5000,25000,255771.092,911681.113,256640.781,912711.668,IV27,http://data.ordnancesurvey.co.uk/id/postcodedistrict/IV27,,,,,,,Highland,http://data.ordnancesurvey.co.uk/id/7000000000029638,http://data.ordnancesurvey.co.uk/ontology/admingeo/UnitaryAuthority,Scotland,http://data.ordnancesurvey.co.uk/id/7000000000041429,Scotland,http://data.ordnancesurvey.co.uk/id/country/scotland,,http://dbpedia.org/resource/Achfrish,
osgb4000000074556699,http://data.ordnancesurvey.co.uk/id/4000000074556699,Gruids,,,,populatedPlace,Other Settlement,257602.590,902987.430,15000,25000,256519.438,902803.275,257710.858,904361.678,IV27,http://data.ordnancesurvey.co.uk/id/postcodedistrict/IV27,,,,,,,Highland,http://data.ordnancesurvey.co.uk/id/7000000000029638,http://data.ordnancesurvey.co.uk/ontology/admingeo/UnitaryAuthority,Scotland,http://data.ordnancesurvey.co.uk/id/7000000000041429,Scotland,http://data.ordnancesurvey.co.uk/id/country/scotland,,http://dbpedia.org/resource/Gruids,
osgb4000000074336927,http://data.ordnancesurvey.co.uk/id/4000000074336927,Shinness,,,,populatedPlace,Other Settlement,253692.000,914808.000,15000,25000,252805.113,914089.094,253996.532,915506.738,IV27,http://data.ordnancesurvey.co.uk/id/postcodedistrict/IV27,,,,,,,Highland,http://data.ordnancesurvey.co.uk/id/7000000000029638,http://data.ordnancesurvey.co.uk/ontology/admingeo/UnitaryAuthority,Scotland,http://data.ordnancesurvey.co.uk/id/7000000000041429,Scotland,http://data.ordnancesurvey.co.uk/id/country/scotland,,,
osgb4000000074541424,http://data.ordnancesurvey.co.uk/id/4000000074541424,Oape,,,,populatedPlace,Hamlet,245254.000,900763.000,5000,25000,244776.839,900542.430,245540.958,901042.430,IV27,http://data.ordnancesurvey.co.uk/id/postcodedistrict/IV27,,,,,,,Highland,http://data.ordnancesurvey.co.uk/id/7000000000029638,http://data.ordnancesurvey.co.uk/ontology/admingeo/UnitaryAuthority,Scotland,http://data.ordnancesurvey.co.uk/id/7000000000041429,Scotland,http://data.ordnancesurvey.co.uk/id/country/scotland,,,
osgb4000000074557078,http://data.ordnancesurvey.co.uk/id/4000000074557078,Achnairn,,,,populatedPlace,Hamlet,255257.190,912671.600,5000,25000,254861.192,912329.608,255836.451,913073.625,IV27,http://data.ordnancesurvey.co.uk/id/postcodedistrict/IV27,,,,,,,Highland,http://data.ordnancesurvey.co.uk/id/7000000000029638,http://data.ordnancesurvey.co.uk/ontology/admingeo/UnitaryAuthority,Scotland,http://data.ordnancesurvey.co.uk/id/7000000000041429,Scotland,http://data.ordnancesurvey.co.uk/id/country/scotland,,,
osgb4000000074557076,http://data.ordnancesurvey.co.uk/id/4000000074557076,Tirryside,,,,populatedPlace,Hamlet,257062.000,911210.000,5000,25000,256701.110,910544.988,257213.870,911520.249,IV27,http://data.ordnancesurvey.co.uk/id/postcodedistrict/IV27,,,,,,,Highland,http://data.ordnancesurvey.co.uk/id/7000000000029638,http://data.ordnancesurvey.co.uk/ontology/admingeo/UnitaryAuthority,Scotland,http://data.ordnancesurvey.co.uk/id/7000000000041429,Scotland,http://data.ordnancesurvey.co.uk/id/country/scotland,,,
osgb4000000074556698,http://data.ordnancesurvey.co.uk/id/4000000074556698,Torroble,,,,populatedPlace,Other Settlement,259217.000,904984.000,15000,25000,258575.518,903723.231,259771.967,905040.334,IV27,http://data.ordnancesurvey.co.uk/id/postcodedistrict/IV27,,,,,,,Highland,http://data.ordnancesurvey.co.uk/id/7000000000029638,http://data.ordnancesurvey.co.uk/ontology/admingeo/UnitaryAuthority,Scotland,http://data.ordnancesurvey.co.uk/id/7000000000041429,Scotland,http://data.ordnancesurvey.co.uk/id/country/scotland,,,
osgb4000000074336924,http://data.ordnancesurvey.co.uk/id/4000000074336924,Brae,,,,populatedPlace,Hamlet,243440.000,900889.000,5000,25000,243293.951,900632.919,243793.951,901132.919,IV27,http://data.ordnancesurvey.co.uk/id/postcodedistrict/IV27,,,,,,,Highland,http://data.ordnancesurvey.co.uk/id/7000000000029638,http://data.ordnancesurvey.co.uk/ontology/admingeo/UnitaryAuthority,Scotland,http://data.ordnancesurvey.co.uk/id/7000000000041429,Scotland,http://data.ordnancesurvey.co.uk/id/country/scotland,,,
osgb4000000074541423,http://data.ordnancesurvey.co.uk/id/4000000074541423,Rosehall,,,,populatedPlace,Village,247025.990,902007.800,6000,250000,246817.846,901581.684,247380.877,902526.774,IV27,http://data.ordnancesurvey.co.uk/id/postcodedistrict/IV27,,,,,,,Highland,http://data.ordnancesurvey.co.uk/id/7000000000029638,http://data.ordnancesurvey.co.uk/ontology/admingeo/UnitaryAuthority,Scotland,http://data.ordnancesurvey.co.uk/id/7000000000041429,Scotland,http://data.ordnancesurvey.co.uk/id/country/scotland,,http://dbpedia.org/resource/Rosehall,
osgb4000000074557075,http://data.ordnancesurvey.co.uk/id/4000000074557075,Dalchork,,,,populatedPlace,Hamlet,257433.000,910626.000,5000,25000,257177.525,910360.345,257677.525,910860.345,IV27,http://data.ordnancesurvey.co.uk/id/postcodedistrict/IV27,,,,,,,Highland,http://data.ordnancesurvey.co.uk/id/7000000000029638,http://data.ordnancesurvey.co.uk/ontology/admingeo/UnitaryAuthority,Scotland,http://data.ordnancesurvey.co.uk/id/7000000000041429,Scotland,http://data.ordnancesurvey.co.uk/id/country/scotland,,,
osgb4000000074541434,http://data.ordnancesurvey.co.uk/id/4000000074541434,Saval,,,,populatedPlace,Hamlet,258745.310,908475.050,5000,25000,258626.381,907805.233,259379.856,908544.211,IV27,http://data.ordnancesurvey.co.uk/id/postcodedistrict/IV27,,,,,,,Highland,http://data.ordnancesurvey.co.uk/id/7000000000029638,http://data.ordnancesurvey.co.uk/ontology/admingeo/UnitaryAuthority,Scotland,http://data.ordnancesurvey.co.uk/id/7000000000041429,Scotland,http://data.ordnancesurvey.co.uk/id/country/scotland,,http://dbpedia.org/resource/Saval,
osgb4000000074557073,http://data.ordnancesurvey.co.uk/id/4000000074557073,Mid Altass,,,,populatedPlace,Village,249608.400,900474.010,11000,250000,248921.846,900010.604,250605.124,900805.106,IV27,http://data.ordnancesurvey.co.uk/id/postcodedistrict/IV27,,,,,,,Highland,http://data.ordnancesurvey.co.uk/id/7000000000029638,http://data.ordnancesurvey.co.uk/ontology/admingeo/UnitaryAuthority,Scotland,http://data.ordnancesurvey.co.uk/id/7000000000041429,Scotland,http://data.ordnancesurvey.co.uk/id/country/scotland,,,
osgb4000000074556696,http://data.ordnancesurvey.co.uk/id/4000000074556696,Balloan,,,,populatedPlace,Hamlet,259271.000,905461.000,5000,25000,259153.637,905397.252,259937.857,905910.015,IV27,http://data.ordnancesurvey.co.uk/id/postcodedistrict/IV27,,,,,,,Highland,http://data.ordnancesurvey.co.uk/id/7000000000029638,http://data.ordnancesurvey.co.uk/ontology/admingeo/UnitaryAuthority,Scotland,http://data.ordnancesurvey.co.uk/id/7000000000041429,Scotland,http://data.ordnancesurvey.co.uk/id/country/scotland,,,
osgb4000000074557074,http://data.ordnancesurvey.co.uk/id/4000000074557074,Lochside,,,,populatedPlace,Suburban Area,258272.000,906916.000,5000,25000,257730.984,906613.814,258449.822,907232.077,IV27,http://data.ordnancesurvey.co.uk/id/postcodedistrict/IV27,,,,,,,Highland,http://data.ordnancesurvey.co.uk/id/7000000000029638,http://data.ordnancesurvey.co.uk/ontology/admingeo/UnitaryAuthority,Scotland,http://data.ordnancesurvey.co.uk/id/7000000000041429,Scotland,http://data.ordnancesurvey.co.uk/id/country/scotland,,,
osgb4000000074556701,http://data.ordnancesurvey.co.uk/id/4000000074556701,Claonel,,,,populatedPlace,Hamlet,256572.000,904588.000,5000,25000,256041.860,904312.756,256805.979,904812.756,IV27,http://data.ordnancesurvey.co.uk/id/postcodedistrict/IV27,,,,,,,Highland,http://data.ordnancesurvey.co.uk/id/7000000000029638,http://data.ordnancesurvey.co.uk/ontology/admingeo/UnitaryAuthority,Scotland,http://data.ordnancesurvey.co.uk/id/7000000000041429,Scotland,http://data.ordnancesurvey.co.uk/id/country/scotland,,,
osgb4000000074556700,http://data.ordnancesurvey.co.uk/id/4000000074556700,Lairg,eng,Luirg,gla,populatedPlace,Village,258378.000,906366.000,13000,250000,257730.968,905271.508,259163.696,907232.077,IV27,http://data.ordnancesurvey.co.uk/id/postcodedistrict/IV27,,,,,,,Highland,http://data.ordnancesurvey.co.uk/id/7000000000029638,http://data.ordnancesurvey.co.uk/ontology/admingeo/UnitaryAuthority,Scotland,http://data.ordnancesurvey.co.uk/id/7000000000041429,Scotland,http://data.ordnancesurvey.co.uk/id/country/scotland,,http://dbpedia.org/resource/Lairg,http://sws.geonames.org/2645027
osgb4000000074556333,http://data.ordnancesurvey.co.uk/id/4000000074556333,Rhian Breck,,,,populatedPlace,Hamlet,259961.000,904819.000,5000,25000,259823.592,904642.032,260323.592,905142.032,IV27,http://data.ordnancesurvey.co.uk/id/postcodedistrict/IV27,,,,,,,Highland,http://data.ordnancesurvey.co.uk/id/7000000000029638,http://data.ordnancesurvey.co.uk/ontology/admingeo/UnitaryAuthority,Scotland,http://data.ordnancesurvey.co.uk/id/7000000000041429,Scotland,http://data.ordnancesurvey.co.uk/id/country/scotland,,,
IV274DF,http://data.ordnancesurvey.co.uk/id/postcodeunit/IV274DF,IV27 4DF,,,,other,Postcode,258861.000,906285.000,3500,18000,,,,,,,Lairg / Luirg,http://data.ordnancesurvey.co.uk/id/4000000074556700,http://www.ordnancesurvey.co.uk/xml/codelists/localtype.xml#village,,,,Highland,http://data.ordnancesurvey.co.uk/id/7000000000029638,http://data.ordnancesurvey.co.uk/ontology/admingeo/UnitaryAuthority,Scotland,http://data.ordnancesurvey.co.uk/id/7000000000041429,Scotland,http://data.ordnancesurvey.co.uk/id/country/scotland,,,
IV274DJ,http://data.ordnancesurvey.co.uk/id/postcodeunit/IV274DJ,IV27 4DJ,,,,other,Postcode,257424.000,910689.000,3500,18000,,,,,,,Dalchork,http://data.ordnancesurvey.co.uk/id/4000000074557075,http://www.ordnancesurvey.co.uk/xml/codelists/localtype.xml#hamlet,,,,Highland,http://data.ordnancesurvey.co.uk/id/7000000000029638,http://data.ordnancesurvey.co.uk/ontology/admingeo/UnitaryAuthority,Scotland,http://data.ordnancesurvey.co.uk/id/7000000000041429,Scotland,http://data.ordnancesurvey.co.uk/id/country/scotland,,,
IV274EE,http://data.ordnancesurvey.co.uk/id/postcodeunit/IV274EE,IV27 4EE,,,,other,Postcode,257256.000,902121.000,3500,18000,,,,,,,,,,,,,Highland,http://data.ordnancesurvey.co.uk/id/7000000000029638,http://data.ordnancesurvey.co.uk/ontology/admingeo/UnitaryAuthority,Scotland,http://data.ordnancesurvey.co.uk/id/7000000000041429,Scotland,http://data.ordnancesurvey.co.uk/id/country/scotland,,,
IV274EH,http://data.ordnancesurvey.co.uk/id/postcodeunit/IV274EH,IV27 4EH,,,,other,Postcode,258219.000,907096.000,3500,18000,,,,,,,Lairg / Luirg,http://data.ordnancesurvey.co.uk/id/4000000074556700,http://www.ordnancesurvey.co.uk/xml/codelists/localtype.xml#village,,,,Highland,http://data.ordnancesurvey.co.uk/id/7000000000029638,http://data.ordnancesurvey.co.uk/ontology/admingeo/UnitaryAuthority,Scotland,http://data.ordnancesurvey.co.uk/id/7000000000041429,Scotland,http://data.ordnancesurvey.co.uk/id/country/scotland,,,
IV274DQ,http://data.ordnancesurvey.co.uk/id/postcodeunit/IV274DQ,IV27 4DQ,,,,other,Postcode,259744.000,904755.000,3500,18000,,,,,,,Torroble,http://data.ordnancesurvey.co.uk/id/4000000074556698,http://www.ordnancesurvey.co.uk/xml/codelists/localtype.xml#otherSettlement,,,,Highland,http://data.ordnancesurvey.co.uk/id/7000000000029638,http://data.ordnancesurvey.co.uk/ontology/admingeo/UnitaryAuthority,Scotland,http://data.ordnancesurvey.co.uk/id/7000000000041429,Scotland,http://data.ordnancesurvey.co.uk/id/country/scotland,,,
IV274ED,http://data.ordnancesurvey.co.uk/id/postcodeunit/IV274ED,IV27 4ED,,,,other,Postcode,258896.000,907167.000,3500,18000,,,,,,,,,,,,,Highland,http://data.ordnancesurvey.co.uk/id/7000000000029638,http://data.ordnancesurvey.co.uk/ontology/admingeo/UnitaryAuthority,Scotland,http://data.ordnancesurvey.co.uk/id/7000000000041429,Scotland,http://data.ordnancesurvey.co.uk/id/country/scotland,,,
IV274EG,http://data.ordnancesurvey.co.uk/id/postcodeunit/IV274EG,IV27 4EG,,,,other,Postcode,258130.000,906813.000,3500,18000,,,,,,,Lairg / Luirg,http://data.ordnancesurvey.co.uk/id/4000000074556700,http://www.ordnancesurvey.co.uk/xml/codelists/localtype.xml#village,,,,Highland,http://data.ordnancesurvey.co.uk/id/7000000000029638,http://data.ordnancesurvey.co.uk/ontology/admingeo/UnitaryAuthority,Scotland,http://data.ordnancesurvey.co.uk/id/7000000000041429,Scotland,http://data.ordnancesurvey.co.uk/id/country/scotland,,,
IV274DL,http://data.ordnancesurvey.co.uk/id/postcodeunit/IV274DL,IV27 4DL,,,,other,Postcode,256988.000,911027.000,3500,18000,,,,,,,Tirryside,http://data.ordnancesurvey.co.uk/id/4000000074557076,http://www.ordnancesurvey.co.uk/xml/codelists/localtype.xml#hamlet,,,,Highland,http://data.ordnancesurvey.co.uk/id/7000000000029638,http://data.ordnancesurvey.co.uk/ontology/admingeo/UnitaryAuthority,Scotland,http://data.ordnancesurvey.co.uk/id/7000000000041429,Scotland,http://data.ordnancesurvey.co.uk/id/country/scotland,,,
IV274DW,http://data.ordnancesurvey.co.uk/id/postcodeunit/IV274DW,IV27 4DW,,,,other,Postcode,253499.000,915053.000,3500,18000,,,,,,,Shinness,http://data.ordnancesurvey.co.uk/id/4000000074336927,http://www.ordnancesurvey.co.uk/xml/codelists/localtype.xml#otherSettlement,,,,Highland,http://data.ordnancesurvey.co.uk/id/7000000000029638,http://data.ordnancesurvey.co.uk/ontology/admingeo/UnitaryAuthority,Scotland,http://data.ordnancesurvey.co.uk/id/7000000000041429,Scotland,http://data.ordnancesurvey.co.uk/id/country/scotland,,,
IV274BN,http://data.ordnancesurvey.co.uk/id/postcodeunit/IV274BN,IV27 4BN,,,,other,Postcode,258337.000,906444.000,3500,18000,,,,,,,Lairg / Luirg,http://data.ordnancesurvey.co.uk/id/4000000074556700,http://www.ordnancesurvey.co.uk/xml/codelists/localtype.xml#village,,,,Highland,http://data.ordnancesurvey.co.uk/id/7000000000029638,http://data.ordnancesurvey.co.uk/ontology/admingeo/UnitaryAuthority,Scotland,http://data.ordnancesurvey.co.uk/id/7000000000041429,Scotland,http://data.ordnancesurvey.co.uk/id/country/scotland,,,
IV274BG,http://data.ordnancesurvey.co.uk/id/postcodeunit/IV274BG,IV27 4BG,,,,other,Postcode,244109.000,907685.000,3500,18000,,,,,,,,,,,,,Highland,http://data.ordnancesurvey.co.uk/id/7000000000029638,http://data.ordnancesurvey.co.uk/ontology/admingeo/UnitaryAuthority,Scotland,http://data.ordnancesurvey.co.uk/id/7000000000041429,Scotland,http://data.ordnancesurvey.co.uk/id/country/scotland,,,
IV274HE,http://data.ordnancesurvey.co.uk/id/postcodeunit/IV274HE,IV27 4HE,,,,other,Postcode,241584.000,901063.000,3500,18000,,,,,,,,,,,,,Highland,http://data.ordnancesurvey.co.uk/id/7000000000029638,http://data.ordnancesurvey.co.uk/ontology/admingeo/UnitaryAuthority,Scotland,http://data.ordnancesurvey.co.uk/id/7000000000041429,Scotland,http://data.ordnancesurvey.co.uk/id/country/scotland,,,
IV274EJ,http://data.ordnancesurvey.co.uk/id/postcodeunit/IV274EJ,IV27 4EJ,,,,other,Postcode,258226.000,906853.000,3500,18000,,,,,,,Lairg / Luirg,http://data.ordnancesurvey.co.uk/id/4000000074556700,http://www.ordnancesurvey.co.uk/xml/codelists/localtype.xml#village,,,,Highland,http://data.ordnancesurvey.co.uk/id/7000000000029638,http://data.ordnancesurvey.co.uk/ontology/admingeo/UnitaryAuthority,Scotland,http://data.ordnancesurvey.co.uk/id/7000000000041429,Scotland,http://data.ordnancesurvey.co.uk/id/country/scotland,,,
IV274DB,http://data.ordnancesurvey.co.uk/id/postcodeunit/IV274DB,IV27 4DB,,,,other,Postcode,258603.000,906268.000,3500,18000,,,,,,,Lairg / Luirg,http://data.ordnancesurvey.co.uk/id/4000000074556700,http://www.ordnancesurvey.co.uk/xml/codelists/localtype.xml#village,,,,Highland,http://data.ordnancesurvey.co.uk/id/7000000000029638,http://data.ordnancesurvey.co.uk/ontology/admingeo/UnitaryAuthority,Scotland,http://data.ordnancesurvey.co.uk/id/7000000000041429,Scotland,http://data.ordnancesurvey.co.uk/id/country/scotland,,,
IV274AX,http://data.ordnancesurvey.co.uk/id/postcodeunit/IV274AX,IV27 4AX,,,,other,Postcode,258144.000,905970.000,3500,18000,,,,,,,Lairg / Luirg,http://data.ordnancesurvey.co.uk/id/4000000074556700,http://www.ordnancesurvey.co.uk/xml/codelists/localtype.xml#village,,,,Highland,http://data.ordnancesurvey.co.uk/id/7000000000029638,http://data.ordnancesurvey.co.uk/ontology/admingeo/UnitaryAuthority,Scotland,http://data.ordnancesurvey.co.uk/id/7000000000041429,Scotland,http://data.ordnancesurvey.co.uk/id/country/scotland,,,
IV274EX,http://data.ordnancesurvey.co.uk/id/postcodeunit/IV274EX,IV27 4EX,,,,other,Postcode,258069.000,900120.000,3500,18000,,,,,,,,,,,,,Highland,http://data.ordnancesurvey.co.uk/id/7000000000029638,http://data.ordnancesurvey.co.uk/ontology/admingeo/UnitaryAuthority,Scotland,http://data.ordnancesurvey.co.uk/id/7000000000041429,Scotland,http://data.ordnancesurvey.co.uk/id/country/scotland,,,
IV274DD,http://data.ordnancesurvey.co.uk/id/postcodeunit/IV274DD,IV27 4DD,,,,other,Postcode,258511.000,906334.000,3500,18000,,,,,,,Lairg / Luirg,http://data.ordnancesurvey.co.uk/id/4000000074556700,http://www.ordnancesurvey.co.uk/xml/codelists/localtype.xml#village,,,,Highland,http://data.ordnancesurvey.co.uk/id/7000000000029638,http://data.ordnancesurvey.co.uk/ontology/admingeo/UnitaryAuthority,Scotland,http://data.ordnancesurvey.co.uk/id/7000000000041429,Scotland,http://data.ordnancesurvey.co.uk/id/country/scotland,,,
IV274DA,http://data.ordnancesurvey.co.uk/id/postcodeunit/IV274DA,IV27 4DA,,,,other,Postcode,258535.000,906232.000,3500,18000,,,,,,,Lairg / Luirg,http://data.ordnancesurvey.co.uk/id/4000000074556700,http://www.ordnancesurvey.co.uk/xml/codelists/localtype.xml#village,,,,Highland,http://data.ordnancesurvey.co.uk/id/7000000000029638,http://data.ordnancesurvey.co.uk/ontology/admingeo/UnitaryAuthority,Scotland,http://data.ordnancesurvey.co.uk/id/7000000000041429,Scotland,http://data.ordnancesurvey.co.uk/id/country/scotland,,,
IV274BJ,http://data.ordnancesurvey.co.uk/id/postcodeunit/IV274BJ,IV27 4BJ,,,,other,Postcode,258395.000,906367.000,3500,18000,,,,,,,Lairg / Luirg,http://data.ordnancesurvey.co.uk/id/4000000074556700,http://www.ordnancesurvey.co.uk/xml/codelists/localtype.xml#village,,,,Highland,http://data.ordnancesurvey.co.uk/id/7000000000029638,http://data.ordnancesurvey.co.uk/ontology/admingeo/UnitaryAuthority,Scotland,http://data.ordnancesurvey.co.uk/id/7000000000041429,Scotland,http://data.ordnancesurvey.co.uk/id/country/scotland,,,
IV274EL,http://data.ordnancesurvey.co.uk/id/postcodeunit/IV274EL,IV27 4EL,,,,other,Postcode,258220.000,906946.000,3500,18000,,,,,,,Lairg / Luirg,http://data.ordnancesurvey.co.uk/id/4000000074556700,http://www.ordnancesurvey.co.uk/xml/codelists/localtype.xml#village,,,,Highland,http://data.ordnancesurvey.co.uk/id/7000000000029638,http://data.ordnancesurvey.co.uk/ontology/admingeo/UnitaryAuthority,Scotland,http://data.ordnancesurvey.co.uk/id/7000000000041429,Scotland,http://data.ordnancesurvey.co.uk/id/country/scotland,,,
IV274EF,http://data.ordnancesurvey.co.uk/id/postcodeunit/IV274EF,IV27 4EF,,,,other,Postcode,256158.000,905491.000,3500,18000,,,,,,,,,,,,,Highland,http://data.ordnancesurvey.co.uk/id/7000000000029638,http://data.ordnancesurvey.co.uk/ontology/admingeo/UnitaryAuthority,Scotland,http://data.ordnancesurvey.co.uk/id/7000000000041429,Scotland,http://data.ordnancesurvey.co.uk/id/country/scotland,,,
IV274DH,http://data.ordnancesurvey.co.uk/id/postcodeunit/IV274DH,IV27 4DH,,,,other,Postcode,258459.000,904955.000,3500,18000,,,,,,,Rhinamain,http://data.ordnancesurvey.co.uk/id/4000000074337363,http://www.ordnancesurvey.co.uk/xml/codelists/localtype.xml#hamlet,,,,Highland,http://data.ordnancesurvey.co.uk/id/7000000000029638,http://data.ordnancesurvey.co.uk/ontology/admingeo/UnitaryAuthority,Scotland,http://data.ordnancesurvey.co.uk/id/7000000000041429,Scotland,http://data.ordnancesurvey.co.uk/id/country/scotland,,,
IV274BL,http://data.ordnancesurvey.co.uk/id/postcodeunit/IV274BL,IV27 4BL,,,,other,Postcode,258409.000,906464.000,3500,18000,,,,,,,Lairg / Luirg,http://data.ordnancesurvey.co.uk/id/4000000074556700,http://www.ordnancesurvey.co.uk/xml/codelists/localtype.xml#village,,,,Highland,http://data.ordnancesurvey.co.uk/id/7000000000029638,http://data.ordnancesurvey.co.uk/ontology/admingeo/UnitaryAuthority,Scotland,http://data.ordnancesurvey.co.uk/id/7000000000041429,Scotland,http://data.ordnancesurvey.co.uk/id/country/scotland,,,
IV274BP,http://data.ordnancesurvey.co.uk/id/postcodeunit/IV274BP,IV27 4BP,,,,other,Postcode,258471.000,906563.000,3500,18000,,,,,,,Lairg / Luirg,http://data.ordnancesurvey.co.uk/id/4000000074556700,http://www.ordnancesurvey.co.uk/xml/codelists/localtype.xml#village,,,,Highland,http://data.ordnancesurvey.co.uk/id/7000000000029638,http://data.ordnancesurvey.co.uk/ontology/admingeo/UnitaryAuthority,Scotland,http://data.ordnancesurvey.co.uk/id/7000000000041429,Scotland,http://data.ordnancesurvey.co.uk/id/country/scotland,,,
IV274BD,http://data.ordnancesurvey.co.uk/id/postcodeunit/IV274BD,IV27 4BD,,,,other,Postcode,248068.000,901855.000,3500,18000,,,,,,,,,,,,,Highland,http://data.ordnancesurvey.co.uk/id/7000000000029638,http://data.ordnancesurvey.co.uk/ontology/admingeo/UnitaryAuthority,Scotland,http://data.ordnancesurvey.co.uk/id/7000000000041429,Scotland,http://data.ordnancesurvey.co.uk/id/country/scotland,,,
IV274EQ,http://data.ordnancesurvey.co.uk/id/postcodeunit/IV274EQ,IV27 4EQ,,,,other,Postcode,258132.000,906885.000,3500,18000,,,,,,,Lairg / Luirg,http://data.ordnancesurvey.co.uk/id/4000000074556700,http://www.ordnancesurvey.co.uk/xml/codelists/localtype.xml#village,,,,Highland,http://data.ordnancesurvey.co.uk/id/7000000000029638,http://data.ordnancesurvey.co.uk/ontology/admingeo/UnitaryAuthority,Scotland,http://data.ordnancesurvey.co.uk/id/7000000000041429,Scotland,http://data.ordnancesurvey.co.uk/id/country/scotland,,,
IV274DE,http://data.ordnancesurvey.co.uk/id/postcodeunit/IV274DE,IV27 4DE,,,,other,Postcode,258668.000,906383.000,3500,18000,,,,,,,Lairg / Luirg,http://data.ordnancesurvey.co.uk/id/4000000074556700,http://www.ordnancesurvey.co.uk/xml/codelists/localtype.xml#village,,,,Highland,http://data.ordnancesurvey.co.uk/id/7000000000029638,http://data.ordnancesurvey.co.uk/ontology/admingeo/UnitaryAuthority,Scotland,http://data.ordnancesurvey.co.uk/id/7000000000041429,Scotland,http://data.ordnancesurvey.co.uk/id/country/scotland,,,
IV274DR,http://data.ordnancesurvey.co.uk/id/postcodeunit/IV274DR,IV27 4DR,,,,other,Postcode,258822.000,906355.000,3500,18000,,,,,,,Lairg / Luirg,http://data.ordnancesurvey.co.uk/id/4000000074556700,http://www.ordnancesurvey.co.uk/xml/codelists/localtype.xml#village,,,,Highland,http://data.ordnancesurvey.co.uk/id/7000000000029638,http://data.ordnancesurvey.co.uk/ontology/admingeo/UnitaryAuthority,Scotland,http://data.ordnancesurvey.co.uk/id/7000000000041429,Scotland,http://data.ordnancesurvey.co.uk/id/country/scotland,,,
IV274AZ,http://data.ordnancesurvey.co.uk/id/postcodeunit/IV274AZ,IV27 4AZ,,,,other,Postcode,258014.000,905983.000,3500,18000,,,,,,,Lairg / Luirg,http://data.ordnancesurvey.co.uk/id/4000000074556700,http://www.ordnancesurvey.co.uk/xml/codelists/localtype.xml#village,,,,Highland,http://data.ordnancesurvey.co.uk/id/7000000000029638,http://data.ordnancesurvey.co.uk/ontology/admingeo/UnitaryAuthority,Scotland,http://data.ordnancesurvey.co.uk/id/7000000000041429,Scotland,http://data.ordnancesurvey.co.uk/id/country/scotland,,,
IV274AR,http://data.ordnancesurvey.co.uk/id/postcodeunit/IV274AR,IV27 4AR,,,,other,Postcode,258341.000,906358.000,3500,18000,,,,,,,Lairg / Luirg,http://data.ordnancesurvey.co.uk/id/4000000074556700,http://www.ordnancesurvey.co.uk/xml/codelists/localtype.xml#village,,,,Highland,http://data.ordnancesurvey.co.uk/id/7000000000029638,http://data.ordnancesurvey.co.uk/ontology/admingeo/UnitaryAuthority,Scotland,http://data.ordnancesurvey.co.uk/id/7000000000041429,Scotland,http://data.ordnancesurvey.co.uk/id/country/scotland,,,
IV274AY,http://data.ordnancesurvey.co.uk/id/postcodeunit/IV274AY,IV27 4AY,,,,other,Postcode,258423.000,904101.000,3500,18000,,,,,,,,,,,,,Highland,http://data.ordnancesurvey.co.uk/id/7000000000029638,http://data.ordnancesurvey.co.uk/ontology/admingeo/UnitaryAuthority,Scotland,http://data.ordnancesurvey.co.uk/id/7000000000041429,Scotland,http://data.ordnancesurvey.co.uk/id/country/scotland,,,
IV274AA,http://data.ordnancesurvey.co.uk/id/postcodeunit/IV274AA,IV27 4AA,,,,other,Postcode,257559.000,913044.000,3500,18000,,,,,,,,,,,,,Highland,http://data.ordnancesurvey.co.uk/id/7000000000029638,http://data.ordnancesurvey.co.uk/ontology/admingeo/UnitaryAuthority,Scotland,http://data.ordnancesurvey.co.uk/id/7000000000041429,Scotland,http://data.ordnancesurvey.co.uk/id/country/scotland,,,
IV274BE,http://data.ordnancesurvey.co.uk/id/postcodeunit/IV274BE,IV27 4BE,,,,other,Postcode,247010.000,902189.000,3500,18000,,,,,,,Rosehall,http://data.ordnancesurvey.co.uk/id/4000000074541423,http://www.ordnancesurvey.co.uk/xml/codelists/localtype.xml#village,,,,Highland,http://data.ordnancesurvey.co.uk/id/7000000000029638,http://data.ordnancesurvey.co.uk/ontology/admingeo/UnitaryAuthority,Scotland,http://data.ordnancesurvey.co.uk/id/7000000000041429,Scotland,http://data.ordnancesurvey.co.uk/id/country/scotland,,,
IV274DN,http://data.ordnancesurvey.co.uk/id/postcodeunit/IV274DN,IV27 4DN,,,,other,Postcode,255995.000,912324.000,3500,18000,,,,,,,Achfrish,http://data.ordnancesurvey.co.uk/id/4000000074557077,http://www.ordnancesurvey.co.uk/xml/codelists/localtype.xml#hamlet,,,,Highland,http://data.ordnancesurvey.co.uk/id/7000000000029638,http://data.ordnancesurvey.co.uk/ontology/admingeo/UnitaryAuthority,Scotland,http://data.ordnancesurvey.co.uk/id/7000000000041429,Scotland,http://data.ordnancesurvey.co.uk/id/country/scotland,,,
IV279AA,http://data.ordnancesurvey.co.uk/id/postcodeunit/IV279AA,IV27 9AA,,,,other,Postcode,258419.000,906366.000,3500,18000,,,,,,,Lairg / Luirg,http://data.ordnancesurvey.co.uk/id/4000000074556700,http://www.ordnancesurvey.co.uk/xml/codelists/localtype.xml#village,,,,Highland,http://data.ordnancesurvey.co.uk/id/7000000000029638,http://data.ordnancesurvey.co.uk/ontology/admingeo/UnitaryAuthority,Scotland,http://data.ordnancesurvey.co.uk/id/7000000000041429,Scotland,http://data.ordnancesurvey.co.uk/id/country/scotland,,,
IV274BF,http://data.ordnancesurvey.co.uk/id/postcodeunit/IV274BF,IV27 4BF,,,,other,Postcode,258461.000,906420.000,3500,18000,,,,,,,Lairg / Luirg,http://data.ordnancesurvey.co.uk/id/4000000074556700,http://www.ordnancesurvey.co.uk/xml/codelists/localtype.xml#village,,,,Highland,http://data.ordnancesurvey.co.uk/id/7000000000029638,http://data.ordnancesurvey.co.uk/ontology/admingeo/UnitaryAuthority,Scotland,http://data.ordnancesurvey.co.uk/id/7000000000041429,Scotland,http://data.ordnancesurvey.co.uk/id/country/scotland,,,
IV274BB,http://data.ordnancesurvey.co.uk/id/postcodeunit/IV274BB,IV27 4BB,,,,other,Postcode,257944.000,906000.000,3500,18000,,,,,,,Lairg / Luirg,http://data.ordnancesurvey.co.uk/id/4000000074556700,http://www.ordnancesurvey.co.uk/xml/codelists/localtype.xml#village,,,,Highland,http://data.ordnancesurvey.co.uk/id/7000000000029638,http://data.ordnancesurvey.co.uk/ontology/admingeo/UnitaryAuthority,Scotland,http://data.ordnancesurvey.co.uk/id/7000000000041429,Scotland,http://data.ordnancesurvey.co.uk/id/country/scotland,,,
IV274DP,http://data.ordnancesurvey.co.uk/id/postcodeunit/IV274DP,IV27 4DP,,,,other,Postcode,258419.000,906366.000,3500,18000,,,,,,,Lairg / Luirg,http://data.ordnancesurvey.co.uk/id/4000000074556700,http://www.ordnancesurvey.co.uk/xml/codelists/localtype.xml#village,,,,Highland,http://data.ordnancesurvey.co.uk/id/7000000000029638,http://data.ordnancesurvey.co.uk/ontology/admingeo/UnitaryAuthority,Scotland,http://data.ordnancesurvey.co.uk/id/7000000000041429,Scotland,http://data.ordnancesurvey.co.uk/id/country/scotland,,,
0e335c2e-913f-4a39-bd8a-26c430897c04,http://data.ordnancesurvey.co.uk/id/0e335c2e-913f-4a39-bd8a-26c430897c04,Scree Road,,,,transportNetwork,Section Of Named Road,243502.000,900937.000,1000,25000,243367.915,900835.481,243575.000,900995.000,IV27,http://data.ordnancesurvey.co.uk/id/postcodedistrict/IV27,Brae,http://data.ordnancesurvey.co.uk/id/4000000074336924,http://www.ordnancesurvey.co.uk/xml/codelists/localtype.xml#hamlet,,,,Highland,http://data.ordnancesurvey.co.uk/id/7000000000029638,http://data.ordnancesurvey.co.uk/ontology/admingeo/UnitaryAuthority,Scotland,http://data.ordnancesurvey.co.uk/id/7000000000041429,Scotland,http://data.ordnancesurvey.co.uk/id/country/scotland,osgb4000000003340002,,
003cbd58-d03c-47c1-a0fe-1dbdf56a4dea,http://data.ordnancesurvey.co.uk/id/003cbd58-d03c-47c1-a0fe-1dbdf56a4dea,Manse Road,,,,transportNetwork,Section Of Named Road,258190.000,907052.000,2000,25000,258070.978,906869.000,258297.000,907211.514,IV27,http://data.ordnancesurvey.co.uk/id/postcodedistrict/IV27,Lairg / Luirg,http://data.ordnancesurvey.co.uk/id/4000000074556700,http://www.ordnancesurvey.co.uk/xml/codelists/localtype.xml#village,,,,Highland,http://data.ordnancesurvey.co.uk/id/7000000000029638,http://data.ordnancesurvey.co.uk/ontology/admingeo/UnitaryAuthority,Scotland,http://data.ordnancesurvey.co.uk/id/7000000000041429,Scotland,http://data.ordnancesurvey.co.uk/id/country/scotland,osgb4000000003340007,,
osgb4000000003340007,http://data.ordnancesurvey.co.uk/id/4000000003340007,Manse Road,,,,transportNetwork,Named Road,257910.000,907267.000,5000,20000,257484.058,906869.000,258297.000,907419.926,IV27,http://data.ordnancesurvey.co.uk/id/postcodedistrict/IV27,,,,,,,Highland,http://data.ordnancesurvey.co.uk/id/7000000000029638,http://data.ordnancesurvey.co.uk/ontology/admingeo/UnitaryAuthority,Scotland,http://data.ordnancesurvey.co.uk/id/7000000000041429,Scotland,http://data.ordnancesurvey.co.uk/id/country/scotland,,,
osgb4000000003340068,http://data.ordnancesurvey.co.uk/id/4000000003340068,The Terrace,,,,transportNetwork,Named Road,258151.890,905947.183,1000,20000,258105.000,905936.000,258164.000,905976.000,IV27,http://data.ordnancesurvey.co.uk/id/postcodedistrict/IV27,Lairg / Luirg,http://data.ordnancesurvey.co.uk/id/4000000074556700,http://www.ordnancesurvey.co.uk/xml/codelists/localtype.xml#village,,,,Highland,http://data.ordnancesurvey.co.uk/id/7000000000029638,http://data.ordnancesurvey.co.uk/ontology/admingeo/UnitaryAuthority,Scotland,http://data.ordnancesurvey.co.uk/id/7000000000041429,Scotland,http://data.ordnancesurvey.co.uk/id/country/scotland,,,
osgb4000000003340067,http://data.ordnancesurvey.co.uk/id/4000000003340067,Ord Place,,,,transportNetwork,Named Road,257982.000,905904.000,1000,20000,257921.000,905897.000,258030.271,905909.179,IV27,http://data.ordnancesurvey.co.uk/id/postcodedistrict/IV27,Lairg / Luirg,http://data.ordnancesurvey.co.uk/id/4000000074556700,http://www.ordnancesurvey.co.uk/xml/codelists/localtype.xml#village,,,,Highland,http://data.ordnancesurvey.co.uk/id/7000000000029638,http://data.ordnancesurvey.co.uk/ontology/admingeo/UnitaryAuthority,Scotland,http://data.ordnancesurvey.co.uk/id/7000000000041429,Scotland,http://data.ordnancesurvey.co.uk/id/country/scotland,,,
osgb4000000003340117,http://data.ordnancesurvey.co.uk/id/4000000003340117,B864,,,,transportNetwork,Numbered Road,257273.000,901259.000,49000,250000,257057.000,897546.000,258125.000,905025.000,IV27,http://data.ordnancesurvey.co.uk/id/postcodedistrict/IV27,,,,,,,Highland,http://data.ordnancesurvey.co.uk/id/7000000000029638,http://data.ordnancesurvey.co.uk/ontology/admingeo/UnitaryAuthority,Scotland,http://data.ordnancesurvey.co.uk/id/7000000000041429,Scotland,http://data.ordnancesurvey.co.uk/id/country/scotland,,,
osgb4000000003343356,http://data.ordnancesurvey.co.uk/id/4000000003343356,Rathad Cnoc Na H-Eaglais,gla,Church Hill Road,eng,transportNetwork,Named Road,258410.000,906421.000,1000,20000,258362.645,906366.000,258429.000,906510.754,IV27,http://data.ordnancesurvey.co.uk/id/postcodedistrict/IV27,Lairg / Luirg,http://data.ordnancesurvey.co.uk/id/4000000074556700,http://www.ordnancesurvey.co.uk/xml/codelists/localtype.xml#village,,,,Highland,http://data.ordnancesurvey.co.uk/id/7000000000029638,http://data.ordnancesurvey.co.uk/ontology/admingeo/UnitaryAuthority,Scotland,http://data.ordnancesurvey.co.uk/id/7000000000041429,Scotland,http://data.ordnancesurvey.co.uk/id/country/scotland,,,
osgb4000000003340006,http://data.ordnancesurvey.co.uk/id/4000000003340006,Main Street,,,,transportNetwork,Named Road,258486.000,906319.000,4000,20000,258230.000,906267.000,258834.000,906429.000,IV27,http://data.ordnancesurvey.co.uk/id/postcodedistrict/IV27,Lairg / Luirg,http://data.ordnancesurvey.co.uk/id/4000000074556700,http://www.ordnancesurvey.co.uk/xml/codelists/localtype.xml#village,,,,Highland,http://data.ordnancesurvey.co.uk/id/7000000000029638,http://data.ordnancesurvey.co.uk/ontology/admingeo/UnitaryAuthority,Scotland,http://data.ordnancesurvey.co.uk/id/7000000000041429,Scotland,http://data.ordnancesurvey.co.uk/id/country/scotland,,,
osgb4000000003343357,http://data.ordnancesurvey.co.uk/id/4000000003343357,Glen Burn,eng,Allt A Ghlinne,gla,transportNetwork,Named Road,258582.000,906262.000,1000,20000,258538.000,906251.000,258586.000,906305.000,IV27,http://data.ordnancesurvey.co.uk/id/postcodedistrict/IV27,Lairg / Luirg,http://data.ordnancesurvey.co.uk/id/4000000074556700,http://www.ordnancesurvey.co.uk/xml/codelists/localtype.xml#village,,,,Highland,http://data.ordnancesurvey.co.uk/id/7000000000029638,http://data.ordnancesurvey.co.uk/ontology/admingeo/UnitaryAuthority,Scotland,http://data.ordnancesurvey.co.uk/id/7000000000041429,Scotland,http://data.ordnancesurvey.co.uk/id/country/scotland,,,
osgb4000000003343359,http://data.ordnancesurvey.co.uk/id/4000000003343359,Rathad Antaich Nigheachain,gla,Laundry Road,eng,transportNetwork,Named Road,258628.000,906350.000,1000,20000,258620.000,906300.000,258656.000,906398.000,IV27,http://data.ordnancesurvey.co.uk/id/postcodedistrict/IV27,Lairg / Luirg,http://data.ordnancesurvey.co.uk/id/4000000074556700,http://www.ordnancesurvey.co.uk/xml/codelists/localtype.xml#village,,,,Highland,http://data.ordnancesurvey.co.uk/id/7000000000029638,http://data.ordnancesurvey.co.uk/ontology/admingeo/UnitaryAuthority,Scotland,http://data.ordnancesurvey.co.uk/id/7000000000041429,Scotland,http://data.ordnancesurvey.co.uk/id/country/scotland,,,
osgb4000000003340066,http://data.ordnancesurvey.co.uk/id/4000000003340066,Cassley Drive,,,,transportNetwork,Named Road,247007.033,902222.435,1000,20000,246966.093,902166.000,247074.000,902287.864,IV27,http://data.ordnancesurvey.co.uk/id/postcodedistrict/IV27,Rosehall,http://data.ordnancesurvey.co.uk/id/4000000074541423,http://www.ordnancesurvey.co.uk/xml/codelists/localtype.xml#village,,,,Highland,http://data.ordnancesurvey.co.uk/id/7000000000029638,http://data.ordnancesurvey.co.uk/ontology/admingeo/UnitaryAuthority,Scotland,http://data.ordnancesurvey.co.uk/id/7000000000041429,Scotland,http://data.ordnancesurvey.co.uk/id/country/scotland,,,
osgb4000000003340072,http://data.ordnancesurvey.co.uk/id/4000000003340072,Milnclarin Way,,,,transportNetwork,Named Road,258483.800,906522.400,1000,20000,258394.000,906496.000,258551.200,906553.000,IV27,http://data.ordnancesurvey.co.uk/id/postcodedistrict/IV27,Lairg / Luirg,http://data.ordnancesurvey.co.uk/id/4000000074556700,http://www.ordnancesurvey.co.uk/xml/codelists/localtype.xml#village,,,,Highland,http://data.ordnancesurvey.co.uk/id/7000000000029638,http://data.ordnancesurvey.co.uk/ontology/admingeo/UnitaryAuthority,Scotland,http://data.ordnancesurvey.co.uk/id/7000000000041429,Scotland,http://data.ordnancesurvey.co.uk/id/country/scotland,,,
osgb4000000003340002,http://data.ordnancesurvey.co.uk/id/4000000003340002,Scree Road,,,,transportNetwork,Named Road,242911.000,900562.000,9000,20000,242259.000,900553.000,243575.000,900995.000,IV27,http://data.ordnancesurvey.co.uk/id/postcodedistrict/IV27,,,,,,,Highland,http://data.ordnancesurvey.co.uk/id/7000000000029638,http://data.ordnancesurvey.co.uk/ontology/admingeo/UnitaryAuthority,Scotland,http://data.ordnancesurvey.co.uk/id/7000000000041429,Scotland,http://data.ordnancesurvey.co.uk/id/country/scotland,,,
osgb4000000003343358,http://data.ordnancesurvey.co.uk/id/4000000003343358,Clash Breac,,,,transportNetwork,Named Road,258836.000,906330.000,1000,20000,258757.796,906267.000,258853.033,906358.978,IV27,http://data.ordnancesurvey.co.uk/id/postcodedistrict/IV27,Lairg / Luirg,http://data.ordnancesurvey.co.uk/id/4000000074556700,http://www.ordnancesurvey.co.uk/xml/codelists/localtype.xml#village,,,,Highland,http://data.ordnancesurvey.co.uk/id/7000000000029638,http://data.ordnancesurvey.co.uk/ontology/admingeo/UnitaryAuthority,Scotland,http://data.ordnancesurvey.co.uk/id/7000000000041429,Scotland,http://data.ordnancesurvey.co.uk/id/country/scotland,,,
IV274BA,http://data.ordnancesurvey.co.uk/id/postcodeunit/IV274BA,IV27 4BA,,,,other,Postcode,257942.000,905915.000,3500,18000,,,,,,,Lairg / Luirg,http://data.ordnancesurvey.co.uk/id/4000000074556700,http://www.ordnancesurvey.co.uk/xml/codelists/localtype.xml#village,,,,Highland,http://data.ordnancesurvey.co.uk/id/7000000000029638,http://data.ordnancesurvey.co.uk/ontology/admingeo/UnitaryAuthority,Scotland,http://data.ordnancesurvey.co.uk/id/7000000000041429,Scotland,http://data.ordnancesurvey.co.uk/id/country/scotland,,,
osgb4000000074544896,http://data.ordnancesurvey.co.uk/id/4000000074544896,Colaboll,,,,populatedPlace,Hamlet,256347.590,910128.120,5000,25000,256016.266,909900.367,256516.266,910400.367,IV27,http://data.ordnancesurvey.co.uk/id/postcodedistrict/IV27,,,,,,,Highland,http://data.ordnancesurvey.co.uk/id/7000000000029638,http://data.ordnancesurvey.co.uk/ontology/admingeo/UnitaryAuthority,Scotland,http://data.ordnancesurvey.co.uk/id/7000000000041429,Scotland,http://data.ordnancesurvey.co.uk/id/country/scotland,,,
