﻿osgb4000000074555957,http://data.ordnancesurvey.co.uk/id/4000000074555957,Knockarthur,,,,populatedPlace,Hamlet,275383.680,906637.600,5000,25000,274745.286,906483.340,275707.905,906983.340,IV28,http://data.ordnancesurvey.co.uk/id/postcodedistrict/IV28,,,,,,,Highland,http://data.ordnancesurvey.co.uk/id/7000000000029638,http://data.ordnancesurvey.co.uk/ontology/admingeo/UnitaryAuthority,Scotland,http://data.ordnancesurvey.co.uk/id/7000000000041429,Scotland,http://data.ordnancesurvey.co.uk/id/country/scotland,,,
osgb4000000074556328,http://data.ordnancesurvey.co.uk/id/4000000074556328,Ardachu,,,,populatedPlace,Hamlet,267454.000,903594.000,5000,25000,266287.082,903514.734,267614.232,904014.734,IV28,http://data.ordnancesurvey.co.uk/id/postcodedistrict/IV28,,,,,,,Highland,http://data.ordnancesurvey.co.uk/id/7000000000029638,http://data.ordnancesurvey.co.uk/ontology/admingeo/UnitaryAuthority,Scotland,http://data.ordnancesurvey.co.uk/id/7000000000041429,Scotland,http://data.ordnancesurvey.co.uk/id/country/scotland,,http://dbpedia.org/resource/Ardachu,
osgb4000000074556332,http://data.ordnancesurvey.co.uk/id/4000000074556332,Tomich,,,,populatedPlace,Hamlet,260617.350,904867.180,5000,25000,260536.086,904719.954,261249.935,905219.954,IV27,http://data.ordnancesurvey.co.uk/id/postcodedistrict/IV27,,,,,,,Highland,http://data.ordnancesurvey.co.uk/id/7000000000029638,http://data.ordnancesurvey.co.uk/ontology/admingeo/UnitaryAuthority,Scotland,http://data.ordnancesurvey.co.uk/id/7000000000041429,Scotland,http://data.ordnancesurvey.co.uk/id/country/scotland,,,
osgb4000000074541145,http://data.ordnancesurvey.co.uk/id/4000000074541145,Pittentrail,,,,populatedPlace,Village,271431.080,902506.840,11000,250000,271367.384,901550.343,273023.445,903073.547,IV28,http://data.ordnancesurvey.co.uk/id/postcodedistrict/IV28,,,,,,,Highland,http://data.ordnancesurvey.co.uk/id/7000000000029638,http://data.ordnancesurvey.co.uk/ontology/admingeo/UnitaryAuthority,Scotland,http://data.ordnancesurvey.co.uk/id/7000000000041429,Scotland,http://data.ordnancesurvey.co.uk/id/country/scotland,,http://dbpedia.org/resource/Pittentrail,
osgb4000000074556331,http://data.ordnancesurvey.co.uk/id/4000000074556331,West Langwell,,,,populatedPlace,Hamlet,269502.440,909040.230,5000,25000,269283.997,908757.914,269911.611,909257.914,IV28,http://data.ordnancesurvey.co.uk/id/postcodedistrict/IV28,,,,,,,Highland,http://data.ordnancesurvey.co.uk/id/7000000000029638,http://data.ordnancesurvey.co.uk/ontology/admingeo/UnitaryAuthority,Scotland,http://data.ordnancesurvey.co.uk/id/7000000000041429,Scotland,http://data.ordnancesurvey.co.uk/id/country/scotland,,,http://sws.geonames.org/2634370
osgb4000000074556329,http://data.ordnancesurvey.co.uk/id/4000000074556329,Muie,,,,populatedPlace,Other Settlement,267130.810,904445.780,15000,25000,266377.572,903954.475,268152.131,904829.195,IV28,http://data.ordnancesurvey.co.uk/id/postcodedistrict/IV28,,,,,,,Highland,http://data.ordnancesurvey.co.uk/id/7000000000029638,http://data.ordnancesurvey.co.uk/ontology/admingeo/UnitaryAuthority,Scotland,http://data.ordnancesurvey.co.uk/id/7000000000041429,Scotland,http://data.ordnancesurvey.co.uk/id/country/scotland,,http://dbpedia.org/resource/Muie,
osgb4000000074555956,http://data.ordnancesurvey.co.uk/id/4000000074555956,Farlary,,,,populatedPlace,Other Settlement,276788.042,905832.207,15000,25000,276744.557,905191.338,277358.801,906382.598,IV28,http://data.ordnancesurvey.co.uk/id/postcodedistrict/IV28,,,,,,,Highland,http://data.ordnancesurvey.co.uk/id/7000000000029638,http://data.ordnancesurvey.co.uk/ontology/admingeo/UnitaryAuthority,Scotland,http://data.ordnancesurvey.co.uk/id/7000000000041429,Scotland,http://data.ordnancesurvey.co.uk/id/country/scotland,,,
osgb4000000074541405,http://data.ordnancesurvey.co.uk/id/4000000074541405,Rhilochan,,,,populatedPlace,Other Settlement,274442.000,906850.000,15000,25000,274146.492,906782.346,274646.492,907413.855,IV28,http://data.ordnancesurvey.co.uk/id/postcodedistrict/IV28,,,,,,,Highland,http://data.ordnancesurvey.co.uk/id/7000000000029638,http://data.ordnancesurvey.co.uk/ontology/admingeo/UnitaryAuthority,Scotland,http://data.ordnancesurvey.co.uk/id/7000000000041429,Scotland,http://data.ordnancesurvey.co.uk/id/country/scotland,,,http://sws.geonames.org/2639457
osgb4000000074556327,http://data.ordnancesurvey.co.uk/id/4000000074556327,Rogart,,,,populatedPlace,Village,273915.700,904292.950,14000,250000,272329.706,903395.345,274551.676,904978.882,IV28,http://data.ordnancesurvey.co.uk/id/postcodedistrict/IV28,,,,,,,Highland,http://data.ordnancesurvey.co.uk/id/7000000000029638,http://data.ordnancesurvey.co.uk/ontology/admingeo/UnitaryAuthority,Scotland,http://data.ordnancesurvey.co.uk/id/7000000000041429,Scotland,http://data.ordnancesurvey.co.uk/id/country/scotland,,http://dbpedia.org/resource/Rogart,http://sws.geonames.org/2639217
osgb4000000074556330,http://data.ordnancesurvey.co.uk/id/4000000074556330,Inchomnie,,,,populatedPlace,Hamlet,274274.080,906812.750,5000,25000,274107.234,906245.569,274935.524,906872.560,IV28,http://data.ordnancesurvey.co.uk/id/postcodedistrict/IV28,,,,,,,Highland,http://data.ordnancesurvey.co.uk/id/7000000000029638,http://data.ordnancesurvey.co.uk/ontology/admingeo/UnitaryAuthority,Scotland,http://data.ordnancesurvey.co.uk/id/7000000000041429,Scotland,http://data.ordnancesurvey.co.uk/id/country/scotland,,,
osgb4000000074556697,http://data.ordnancesurvey.co.uk/id/4000000074556697,Balnadelson,,,,populatedPlace,Other Settlement,260043.420,906122.820,15000,25000,259586.560,905619.528,260719.976,906360.886,IV27,http://data.ordnancesurvey.co.uk/id/postcodedistrict/IV27,,,,,,,Highland,http://data.ordnancesurvey.co.uk/id/7000000000029638,http://data.ordnancesurvey.co.uk/ontology/admingeo/UnitaryAuthority,Scotland,http://data.ordnancesurvey.co.uk/id/7000000000041429,Scotland,http://data.ordnancesurvey.co.uk/id/country/scotland,,,
osgb4000000074556326,http://data.ordnancesurvey.co.uk/id/4000000074556326,East Langwell,,,,populatedPlace,Other Settlement,272834.000,906275.000,15000,25000,272419.031,905959.161,272919.031,906607.666,IV28,http://data.ordnancesurvey.co.uk/id/postcodedistrict/IV28,,,,,,,Highland,http://data.ordnancesurvey.co.uk/id/7000000000029638,http://data.ordnancesurvey.co.uk/ontology/admingeo/UnitaryAuthority,Scotland,http://data.ordnancesurvey.co.uk/id/7000000000041429,Scotland,http://data.ordnancesurvey.co.uk/id/country/scotland,,http://dbpedia.org/resource/East_Langwell,
osgb4000000074555958,http://data.ordnancesurvey.co.uk/id/4000000074555958,Dalreavoch,,,,populatedPlace,Other Settlement,274716.000,907907.000,15000,25000,274458.343,907477.060,275514.972,909015.198,IV28,http://data.ordnancesurvey.co.uk/id/postcodedistrict/IV28,,,,,,,Highland,http://data.ordnancesurvey.co.uk/id/7000000000029638,http://data.ordnancesurvey.co.uk/ontology/admingeo/UnitaryAuthority,Scotland,http://data.ordnancesurvey.co.uk/id/7000000000041429,Scotland,http://data.ordnancesurvey.co.uk/id/country/scotland,,http://dbpedia.org/resource/Dalreavoch,
IV283XH,http://data.ordnancesurvey.co.uk/id/postcodeunit/IV283XH,IV28 3XH,,,,other,Postcode,272585.000,906513.000,3500,18000,,,,,,,East Langwell,http://data.ordnancesurvey.co.uk/id/4000000074556326,http://www.ordnancesurvey.co.uk/xml/codelists/localtype.xml#otherSettlement,,,,Highland,http://data.ordnancesurvey.co.uk/id/7000000000029638,http://data.ordnancesurvey.co.uk/ontology/admingeo/UnitaryAuthority,Scotland,http://data.ordnancesurvey.co.uk/id/7000000000041429,Scotland,http://data.ordnancesurvey.co.uk/id/country/scotland,,,
IV283XQ,http://data.ordnancesurvey.co.uk/id/postcodeunit/IV283XQ,IV28 3XQ,,,,other,Postcode,269424.000,909100.000,3500,18000,,,,,,,West Langwell,http://data.ordnancesurvey.co.uk/id/4000000074556331,http://www.ordnancesurvey.co.uk/xml/codelists/localtype.xml#hamlet,,,,Highland,http://data.ordnancesurvey.co.uk/id/7000000000029638,http://data.ordnancesurvey.co.uk/ontology/admingeo/UnitaryAuthority,Scotland,http://data.ordnancesurvey.co.uk/id/7000000000041429,Scotland,http://data.ordnancesurvey.co.uk/id/country/scotland,,,
IV283XN,http://data.ordnancesurvey.co.uk/id/postcodeunit/IV283XN,IV28 3XN,,,,other,Postcode,272748.000,901888.000,3500,18000,,,,,,,Pittentrail,http://data.ordnancesurvey.co.uk/id/4000000074541145,http://www.ordnancesurvey.co.uk/xml/codelists/localtype.xml#village,,,,Highland,http://data.ordnancesurvey.co.uk/id/7000000000029638,http://data.ordnancesurvey.co.uk/ontology/admingeo/UnitaryAuthority,Scotland,http://data.ordnancesurvey.co.uk/id/7000000000041429,Scotland,http://data.ordnancesurvey.co.uk/id/country/scotland,,,
IV283YG,http://data.ordnancesurvey.co.uk/id/postcodeunit/IV283YG,IV28 3YG,,,,other,Postcode,273327.000,908536.000,3500,18000,,,,,,,,,,,,,Highland,http://data.ordnancesurvey.co.uk/id/7000000000029638,http://data.ordnancesurvey.co.uk/ontology/admingeo/UnitaryAuthority,Scotland,http://data.ordnancesurvey.co.uk/id/7000000000041429,Scotland,http://data.ordnancesurvey.co.uk/id/country/scotland,,,
IV283YF,http://data.ordnancesurvey.co.uk/id/postcodeunit/IV283YF,IV28 3YF,,,,other,Postcode,274738.000,907815.000,3500,18000,,,,,,,Dalreavoch,http://data.ordnancesurvey.co.uk/id/4000000074555958,http://www.ordnancesurvey.co.uk/xml/codelists/localtype.xml#otherSettlement,,,,Highland,http://data.ordnancesurvey.co.uk/id/7000000000029638,http://data.ordnancesurvey.co.uk/ontology/admingeo/UnitaryAuthority,Scotland,http://data.ordnancesurvey.co.uk/id/7000000000041429,Scotland,http://data.ordnancesurvey.co.uk/id/country/scotland,,,
IV283TZ,http://data.ordnancesurvey.co.uk/id/postcodeunit/IV283TZ,IV28 3TZ,,,,other,Postcode,271449.000,902841.000,3500,18000,,,,,,,Pittentrail,http://data.ordnancesurvey.co.uk/id/4000000074541145,http://www.ordnancesurvey.co.uk/xml/codelists/localtype.xml#village,,,,Highland,http://data.ordnancesurvey.co.uk/id/7000000000029638,http://data.ordnancesurvey.co.uk/ontology/admingeo/UnitaryAuthority,Scotland,http://data.ordnancesurvey.co.uk/id/7000000000041429,Scotland,http://data.ordnancesurvey.co.uk/id/country/scotland,,,
IV283UB,http://data.ordnancesurvey.co.uk/id/postcodeunit/IV283UB,IV28 3UB,,,,other,Postcode,268184.000,904469.000,3500,18000,,,,,,,,,,,,,Highland,http://data.ordnancesurvey.co.uk/id/7000000000029638,http://data.ordnancesurvey.co.uk/ontology/admingeo/UnitaryAuthority,Scotland,http://data.ordnancesurvey.co.uk/id/7000000000041429,Scotland,http://data.ordnancesurvey.co.uk/id/country/scotland,,,
IV283YD,http://data.ordnancesurvey.co.uk/id/postcodeunit/IV283YD,IV28 3YD,,,,other,Postcode,273794.000,905078.000,3500,18000,,,,,,,,,,,,,Highland,http://data.ordnancesurvey.co.uk/id/7000000000029638,http://data.ordnancesurvey.co.uk/ontology/admingeo/UnitaryAuthority,Scotland,http://data.ordnancesurvey.co.uk/id/7000000000041429,Scotland,http://data.ordnancesurvey.co.uk/id/country/scotland,,,
IV283XJ,http://data.ordnancesurvey.co.uk/id/postcodeunit/IV283XJ,IV28 3XJ,,,,other,Postcode,272822.000,901776.000,3500,18000,,,,,,,Pittentrail,http://data.ordnancesurvey.co.uk/id/4000000074541145,http://www.ordnancesurvey.co.uk/xml/codelists/localtype.xml#village,,,,Highland,http://data.ordnancesurvey.co.uk/id/7000000000029638,http://data.ordnancesurvey.co.uk/ontology/admingeo/UnitaryAuthority,Scotland,http://data.ordnancesurvey.co.uk/id/7000000000041429,Scotland,http://data.ordnancesurvey.co.uk/id/country/scotland,,,
IV283XE,http://data.ordnancesurvey.co.uk/id/postcodeunit/IV283XE,IV28 3XE,,,,other,Postcode,273632.000,903209.000,3500,18000,,,,,,,,,,,,,Highland,http://data.ordnancesurvey.co.uk/id/7000000000029638,http://data.ordnancesurvey.co.uk/ontology/admingeo/UnitaryAuthority,Scotland,http://data.ordnancesurvey.co.uk/id/7000000000041429,Scotland,http://data.ordnancesurvey.co.uk/id/country/scotland,,,
IV283XF,http://data.ordnancesurvey.co.uk/id/postcodeunit/IV283XF,IV28 3XF,,,,other,Postcode,273232.000,904157.000,3500,18000,,,,,,,Rogart,http://data.ordnancesurvey.co.uk/id/4000000074556327,http://www.ordnancesurvey.co.uk/xml/codelists/localtype.xml#village,,,,Highland,http://data.ordnancesurvey.co.uk/id/7000000000029638,http://data.ordnancesurvey.co.uk/ontology/admingeo/UnitaryAuthority,Scotland,http://data.ordnancesurvey.co.uk/id/7000000000041429,Scotland,http://data.ordnancesurvey.co.uk/id/country/scotland,,,
IV283UD,http://data.ordnancesurvey.co.uk/id/postcodeunit/IV283UD,IV28 3UD,,,,other,Postcode,268700.000,903469.000,3500,18000,,,,,,,,,,,,,Highland,http://data.ordnancesurvey.co.uk/id/7000000000029638,http://data.ordnancesurvey.co.uk/ontology/admingeo/UnitaryAuthority,Scotland,http://data.ordnancesurvey.co.uk/id/7000000000041429,Scotland,http://data.ordnancesurvey.co.uk/id/country/scotland,,,
IV283XG,http://data.ordnancesurvey.co.uk/id/postcodeunit/IV283XG,IV28 3XG,,,,other,Postcode,271476.000,905031.000,3500,18000,,,,,,,,,,,,,Highland,http://data.ordnancesurvey.co.uk/id/7000000000029638,http://data.ordnancesurvey.co.uk/ontology/admingeo/UnitaryAuthority,Scotland,http://data.ordnancesurvey.co.uk/id/7000000000041429,Scotland,http://data.ordnancesurvey.co.uk/id/country/scotland,,,
IV283TU,http://data.ordnancesurvey.co.uk/id/postcodeunit/IV283TU,IV28 3TU,,,,other,Postcode,272256.000,902272.000,3500,18000,,,,,,,Pittentrail,http://data.ordnancesurvey.co.uk/id/4000000074541145,http://www.ordnancesurvey.co.uk/xml/codelists/localtype.xml#village,,,,Highland,http://data.ordnancesurvey.co.uk/id/7000000000029638,http://data.ordnancesurvey.co.uk/ontology/admingeo/UnitaryAuthority,Scotland,http://data.ordnancesurvey.co.uk/id/7000000000041429,Scotland,http://data.ordnancesurvey.co.uk/id/country/scotland,,,
IV283TY,http://data.ordnancesurvey.co.uk/id/postcodeunit/IV283TY,IV28 3TY,,,,other,Postcode,272223.000,902295.000,3500,18000,,,,,,,Pittentrail,http://data.ordnancesurvey.co.uk/id/4000000074541145,http://www.ordnancesurvey.co.uk/xml/codelists/localtype.xml#village,,,,Highland,http://data.ordnancesurvey.co.uk/id/7000000000029638,http://data.ordnancesurvey.co.uk/ontology/admingeo/UnitaryAuthority,Scotland,http://data.ordnancesurvey.co.uk/id/7000000000041429,Scotland,http://data.ordnancesurvey.co.uk/id/country/scotland,,,
IV283TX,http://data.ordnancesurvey.co.uk/id/postcodeunit/IV283TX,IV28 3TX,,,,other,Postcode,272182.000,902286.000,3500,18000,,,,,,,Pittentrail,http://data.ordnancesurvey.co.uk/id/4000000074541145,http://www.ordnancesurvey.co.uk/xml/codelists/localtype.xml#village,,,,Highland,http://data.ordnancesurvey.co.uk/id/7000000000029638,http://data.ordnancesurvey.co.uk/ontology/admingeo/UnitaryAuthority,Scotland,http://data.ordnancesurvey.co.uk/id/7000000000041429,Scotland,http://data.ordnancesurvey.co.uk/id/country/scotland,,,
IV283XB,http://data.ordnancesurvey.co.uk/id/postcodeunit/IV283XB,IV28 3XB,,,,other,Postcode,274053.000,901385.000,3500,18000,,,,,,,,,,,,,Highland,http://data.ordnancesurvey.co.uk/id/7000000000029638,http://data.ordnancesurvey.co.uk/ontology/admingeo/UnitaryAuthority,Scotland,http://data.ordnancesurvey.co.uk/id/7000000000041429,Scotland,http://data.ordnancesurvey.co.uk/id/country/scotland,,,
IV283YQ,http://data.ordnancesurvey.co.uk/id/postcodeunit/IV283YQ,IV28 3YQ,,,,other,Postcode,277490.000,910116.000,3500,18000,,,,,,,,,,,,,Highland,http://data.ordnancesurvey.co.uk/id/7000000000029638,http://data.ordnancesurvey.co.uk/ontology/admingeo/UnitaryAuthority,Scotland,http://data.ordnancesurvey.co.uk/id/7000000000041429,Scotland,http://data.ordnancesurvey.co.uk/id/country/scotland,,,
IV283XA,http://data.ordnancesurvey.co.uk/id/postcodeunit/IV283XA,IV28 3XA,,,,other,Postcode,272714.000,901870.000,3500,18000,,,,,,,Pittentrail,http://data.ordnancesurvey.co.uk/id/4000000074541145,http://www.ordnancesurvey.co.uk/xml/codelists/localtype.xml#village,,,,Highland,http://data.ordnancesurvey.co.uk/id/7000000000029638,http://data.ordnancesurvey.co.uk/ontology/admingeo/UnitaryAuthority,Scotland,http://data.ordnancesurvey.co.uk/id/7000000000041429,Scotland,http://data.ordnancesurvey.co.uk/id/country/scotland,,,
IV283XD,http://data.ordnancesurvey.co.uk/id/postcodeunit/IV283XD,IV28 3XD,,,,other,Postcode,273234.000,900922.000,3500,18000,,,,,,,,,,,,,Highland,http://data.ordnancesurvey.co.uk/id/7000000000029638,http://data.ordnancesurvey.co.uk/ontology/admingeo/UnitaryAuthority,Scotland,http://data.ordnancesurvey.co.uk/id/7000000000041429,Scotland,http://data.ordnancesurvey.co.uk/id/country/scotland,,,
IV283UA,http://data.ordnancesurvey.co.uk/id/postcodeunit/IV283UA,IV28 3UA,,,,other,Postcode,271181.000,903861.000,3500,18000,,,,,,,,,,,,,Highland,http://data.ordnancesurvey.co.uk/id/7000000000029638,http://data.ordnancesurvey.co.uk/ontology/admingeo/UnitaryAuthority,Scotland,http://data.ordnancesurvey.co.uk/id/7000000000041429,Scotland,http://data.ordnancesurvey.co.uk/id/country/scotland,,,
IV274DG,http://data.ordnancesurvey.co.uk/id/postcodeunit/IV274DG,IV27 4DG,,,,other,Postcode,260518.000,905814.000,3500,18000,,,,,,,Balnadelson,http://data.ordnancesurvey.co.uk/id/4000000074556697,http://www.ordnancesurvey.co.uk/xml/codelists/localtype.xml#otherSettlement,,,,Highland,http://data.ordnancesurvey.co.uk/id/7000000000029638,http://data.ordnancesurvey.co.uk/ontology/admingeo/UnitaryAuthority,Scotland,http://data.ordnancesurvey.co.uk/id/7000000000041429,Scotland,http://data.ordnancesurvey.co.uk/id/country/scotland,,,
IV283YE,http://data.ordnancesurvey.co.uk/id/postcodeunit/IV283YE,IV28 3YE,,,,other,Postcode,275205.000,906088.000,3500,18000,,,,,,,,,,,,,Highland,http://data.ordnancesurvey.co.uk/id/7000000000029638,http://data.ordnancesurvey.co.uk/ontology/admingeo/UnitaryAuthority,Scotland,http://data.ordnancesurvey.co.uk/id/7000000000041429,Scotland,http://data.ordnancesurvey.co.uk/id/country/scotland,,,
osgb4000000003340195,http://data.ordnancesurvey.co.uk/id/4000000003340195,A839,,,,transportNetwork,Numbered Road,263112.256,905446.111,192000,1000000,248233.976,898322.137,277801.621,906429.000,IV27,http://data.ordnancesurvey.co.uk/id/postcodedistrict/IV27,,,,,,,Highland,http://data.ordnancesurvey.co.uk/id/7000000000029638,http://data.ordnancesurvey.co.uk/ontology/admingeo/UnitaryAuthority,Scotland,http://data.ordnancesurvey.co.uk/id/7000000000041429,Scotland,http://data.ordnancesurvey.co.uk/id/country/scotland,,,
