﻿osgb4000000074554460,http://data.ordnancesurvey.co.uk/id/4000000074554460,Coldbackie,,,,populatedPlace,Hamlet,261407.000,959998.000,5000,25000,261163.563,959727.689,261663.563,960227.689,IV27,http://data.ordnancesurvey.co.uk/id/postcodedistrict/IV27,,,,,,,Highland,http://data.ordnancesurvey.co.uk/id/7000000000029638,http://data.ordnancesurvey.co.uk/ontology/admingeo/UnitaryAuthority,Scotland,http://data.ordnancesurvey.co.uk/id/7000000000041429,Scotland,http://data.ordnancesurvey.co.uk/id/country/scotland,,,
osgb4000000074560044,http://data.ordnancesurvey.co.uk/id/4000000074560044,Dallcharn,,,,populatedPlace,Hamlet,262227.000,958646.000,5000,25000,261874.897,958447.939,262374.896,958947.939,IV27,http://data.ordnancesurvey.co.uk/id/postcodedistrict/IV27,,,,,,,Highland,http://data.ordnancesurvey.co.uk/id/7000000000029638,http://data.ordnancesurvey.co.uk/ontology/admingeo/UnitaryAuthority,Scotland,http://data.ordnancesurvey.co.uk/id/7000000000041429,Scotland,http://data.ordnancesurvey.co.uk/id/country/scotland,,,
osgb4000000074554459,http://data.ordnancesurvey.co.uk/id/4000000074554459,Blandy,,,,populatedPlace,Hamlet,262039.060,959973.930,5000,25000,261769.327,959699.681,262269.327,960199.681,IV27,http://data.ordnancesurvey.co.uk/id/postcodedistrict/IV27,,,,,,,Highland,http://data.ordnancesurvey.co.uk/id/7000000000029638,http://data.ordnancesurvey.co.uk/ontology/admingeo/UnitaryAuthority,Scotland,http://data.ordnancesurvey.co.uk/id/7000000000041429,Scotland,http://data.ordnancesurvey.co.uk/id/country/scotland,,,
osgb4000000074560042,http://data.ordnancesurvey.co.uk/id/4000000074560042,Borgie,,,,populatedPlace,Other Settlement,266788.000,958771.000,15000,25000,266591.465,958436.530,267828.133,960341.794,KW14,http://data.ordnancesurvey.co.uk/id/postcodedistrict/KW14,,,,,,,Highland,http://data.ordnancesurvey.co.uk/id/7000000000029638,http://data.ordnancesurvey.co.uk/ontology/admingeo/UnitaryAuthority,Scotland,http://data.ordnancesurvey.co.uk/id/7000000000041429,Scotland,http://data.ordnancesurvey.co.uk/id/country/scotland,,http://dbpedia.org/resource/Borgie,
osgb4000000074557443,http://data.ordnancesurvey.co.uk/id/4000000074557443,Syre,,,,populatedPlace,Hamlet,269379.000,944025.000,5000,25000,269176.712,943878.067,269698.212,944533.449,KW11,http://data.ordnancesurvey.co.uk/id/postcodedistrict/KW11,,,,,,,Highland,http://data.ordnancesurvey.co.uk/id/7000000000029638,http://data.ordnancesurvey.co.uk/ontology/admingeo/UnitaryAuthority,Scotland,http://data.ordnancesurvey.co.uk/id/7000000000041429,Scotland,http://data.ordnancesurvey.co.uk/id/country/scotland,,"http://dbpedia.org/resource/Syre,_Scotland",http://sws.geonames.org/2636345
osgb4000000074541406,http://data.ordnancesurvey.co.uk/id/4000000074541406,Strathtongue,,,,populatedPlace,Hamlet,261906.490,959487.090,5000,25000,261735.297,959257.298,262308.387,959757.298,IV27,http://data.ordnancesurvey.co.uk/id/postcodedistrict/IV27,,,,,,,Highland,http://data.ordnancesurvey.co.uk/id/7000000000029638,http://data.ordnancesurvey.co.uk/ontology/admingeo/UnitaryAuthority,Scotland,http://data.ordnancesurvey.co.uk/id/7000000000041429,Scotland,http://data.ordnancesurvey.co.uk/id/country/scotland,,,
osgb4000000074554461,http://data.ordnancesurvey.co.uk/id/4000000074554461,Rhitongue,,,,populatedPlace,Hamlet,260019.170,959245.970,5000,25000,259776.084,958980.808,260276.084,959480.808,IV27,http://data.ordnancesurvey.co.uk/id/postcodedistrict/IV27,,,,,,,Highland,http://data.ordnancesurvey.co.uk/id/7000000000029638,http://data.ordnancesurvey.co.uk/ontology/admingeo/UnitaryAuthority,Scotland,http://data.ordnancesurvey.co.uk/id/7000000000041429,Scotland,http://data.ordnancesurvey.co.uk/id/country/scotland,,,
IV274XU,http://data.ordnancesurvey.co.uk/id/postcodeunit/IV274XU,IV27 4XU,,,,other,Postcode,262175.000,958643.000,3500,18000,,,,,,,Dallcharn,http://data.ordnancesurvey.co.uk/id/4000000074560044,http://www.ordnancesurvey.co.uk/xml/codelists/localtype.xml#hamlet,,,,Highland,http://data.ordnancesurvey.co.uk/id/7000000000029638,http://data.ordnancesurvey.co.uk/ontology/admingeo/UnitaryAuthority,Scotland,http://data.ordnancesurvey.co.uk/id/7000000000041429,Scotland,http://data.ordnancesurvey.co.uk/id/country/scotland,,,
IV274XW,http://data.ordnancesurvey.co.uk/id/postcodeunit/IV274XW,IV27 4XW,,,,other,Postcode,260074.000,959310.000,3500,18000,,,,,,,Rhitongue,http://data.ordnancesurvey.co.uk/id/4000000074554461,http://www.ordnancesurvey.co.uk/xml/codelists/localtype.xml#hamlet,,,,Highland,http://data.ordnancesurvey.co.uk/id/7000000000029638,http://data.ordnancesurvey.co.uk/ontology/admingeo/UnitaryAuthority,Scotland,http://data.ordnancesurvey.co.uk/id/7000000000041429,Scotland,http://data.ordnancesurvey.co.uk/id/country/scotland,,,
IV274XP,http://data.ordnancesurvey.co.uk/id/postcodeunit/IV274XP,IV27 4XP,,,,other,Postcode,261397.000,959994.000,3500,18000,,,,,,,Coldbackie,http://data.ordnancesurvey.co.uk/id/4000000074554460,http://www.ordnancesurvey.co.uk/xml/codelists/localtype.xml#hamlet,,,,Highland,http://data.ordnancesurvey.co.uk/id/7000000000029638,http://data.ordnancesurvey.co.uk/ontology/admingeo/UnitaryAuthority,Scotland,http://data.ordnancesurvey.co.uk/id/7000000000041429,Scotland,http://data.ordnancesurvey.co.uk/id/country/scotland,,,
IV274AF,http://data.ordnancesurvey.co.uk/id/postcodeunit/IV274AF,IV27 4AF,,,,other,Postcode,261821.000,946464.000,3500,18000,,,,,,,,,,,,,Highland,http://data.ordnancesurvey.co.uk/id/7000000000029638,http://data.ordnancesurvey.co.uk/ontology/admingeo/UnitaryAuthority,Scotland,http://data.ordnancesurvey.co.uk/id/7000000000041429,Scotland,http://data.ordnancesurvey.co.uk/id/country/scotland,,,
KW147SQ,http://data.ordnancesurvey.co.uk/id/postcodeunit/KW147SQ,KW14 7SQ,,,,other,Postcode,271648.000,957496.000,3500,18000,,,,,,,,,,,,,Highland,http://data.ordnancesurvey.co.uk/id/7000000000029638,http://data.ordnancesurvey.co.uk/ontology/admingeo/UnitaryAuthority,Scotland,http://data.ordnancesurvey.co.uk/id/7000000000041429,Scotland,http://data.ordnancesurvey.co.uk/id/country/scotland,,,
KW116UA,http://data.ordnancesurvey.co.uk/id/postcodeunit/KW116UA,KW11 6UA,,,,other,Postcode,270812.000,946504.000,3500,18000,,,,,,,,,,,,,Highland,http://data.ordnancesurvey.co.uk/id/7000000000029638,http://data.ordnancesurvey.co.uk/ontology/admingeo/UnitaryAuthority,Scotland,http://data.ordnancesurvey.co.uk/id/7000000000041429,Scotland,http://data.ordnancesurvey.co.uk/id/country/scotland,,,
IV274XR,http://data.ordnancesurvey.co.uk/id/postcodeunit/IV274XR,IV27 4XR,,,,other,Postcode,262164.000,959493.000,3500,18000,,,,,,,Strathtongue,http://data.ordnancesurvey.co.uk/id/4000000074541406,http://www.ordnancesurvey.co.uk/xml/codelists/localtype.xml#hamlet,,,,Highland,http://data.ordnancesurvey.co.uk/id/7000000000029638,http://data.ordnancesurvey.co.uk/ontology/admingeo/UnitaryAuthority,Scotland,http://data.ordnancesurvey.co.uk/id/7000000000041429,Scotland,http://data.ordnancesurvey.co.uk/id/country/scotland,,,
KW116UG,http://data.ordnancesurvey.co.uk/id/postcodeunit/KW116UG,KW11 6UG,,,,other,Postcode,269351.000,944465.000,3500,18000,,,,,,,Syre,http://data.ordnancesurvey.co.uk/id/4000000074557443,http://www.ordnancesurvey.co.uk/xml/codelists/localtype.xml#hamlet,,,,Highland,http://data.ordnancesurvey.co.uk/id/7000000000029638,http://data.ordnancesurvey.co.uk/ontology/admingeo/UnitaryAuthority,Scotland,http://data.ordnancesurvey.co.uk/id/7000000000041429,Scotland,http://data.ordnancesurvey.co.uk/id/country/scotland,,,
