﻿osgb4000000074542475,http://data.ordnancesurvey.co.uk/id/4000000074542475,Baile nan Cailleach,,,,populatedPlace,Hamlet,76612.610,853832.910,5000,25000,76342.856,853446.733,76914.444,854142.424,HS7,http://data.ordnancesurvey.co.uk/id/postcodedistrict/HS7,,,,,,,Na h-Eileanan an Iar,http://data.ordnancesurvey.co.uk/id/7000000000030022,http://data.ordnancesurvey.co.uk/ontology/admingeo/UnitaryAuthority,Scotland,http://data.ordnancesurvey.co.uk/id/7000000000041429,Scotland,http://data.ordnancesurvey.co.uk/id/country/scotland,,http://dbpedia.org/resource/Baile_nan_Cailleach,
osgb4000000074563558,http://data.ordnancesurvey.co.uk/id/4000000074563558,Geirinis,gla,Gerinish,eng,populatedPlace,Hamlet,77063.000,841923.000,5000,25000,76703.305,841554.577,77995.265,842097.511,HS8,http://data.ordnancesurvey.co.uk/id/postcodedistrict/HS8,,,,,,,Na h-Eileanan an Iar,http://data.ordnancesurvey.co.uk/id/7000000000030022,http://data.ordnancesurvey.co.uk/ontology/admingeo/UnitaryAuthority,Scotland,http://data.ordnancesurvey.co.uk/id/7000000000041429,Scotland,http://data.ordnancesurvey.co.uk/id/country/scotland,,,
osgb4000000074563863,http://data.ordnancesurvey.co.uk/id/4000000074563863,Iochdar,gla,Eochar,eng,populatedPlace,Village,75232.000,845928.000,36000,250000,73883.107,844952.764,79392.803,847235.201,HS8,http://data.ordnancesurvey.co.uk/id/postcodedistrict/HS8,,,,,,,Na h-Eileanan an Iar,http://data.ordnancesurvey.co.uk/id/7000000000030022,http://data.ordnancesurvey.co.uk/ontology/admingeo/UnitaryAuthority,Scotland,http://data.ordnancesurvey.co.uk/id/7000000000041429,Scotland,http://data.ordnancesurvey.co.uk/id/country/scotland,,,
osgb4000000074337275,http://data.ordnancesurvey.co.uk/id/4000000074337275,Torlum,,,,populatedPlace,Village,77457.000,850275.000,20000,250000,77014.985,850221.286,80096.593,851266.927,HS7,http://data.ordnancesurvey.co.uk/id/postcodedistrict/HS7,,,,,,,Na h-Eileanan an Iar,http://data.ordnancesurvey.co.uk/id/7000000000030022,http://data.ordnancesurvey.co.uk/ontology/admingeo/UnitaryAuthority,Scotland,http://data.ordnancesurvey.co.uk/id/7000000000041429,Scotland,http://data.ordnancesurvey.co.uk/id/country/scotland,,,
osgb4000000074564191,http://data.ordnancesurvey.co.uk/id/4000000074564191,Griminis,gla,Griminish,eng,populatedPlace,Village,79049.000,851740.000,18000,250000,77658.454,851457.952,80368.053,852156.722,HS7,http://data.ordnancesurvey.co.uk/id/postcodedistrict/HS7,,,,,,,Na h-Eileanan an Iar,http://data.ordnancesurvey.co.uk/id/7000000000030022,http://data.ordnancesurvey.co.uk/ontology/admingeo/UnitaryAuthority,Scotland,http://data.ordnancesurvey.co.uk/id/7000000000041429,Scotland,http://data.ordnancesurvey.co.uk/id/country/scotland,,,
osgb4000000074542577,http://data.ordnancesurvey.co.uk/id/4000000074542577,Ardmore,eng,Àird Mhòr,gla,populatedPlace,Other Settlement,79691.000,846185.000,15000,25000,79362.634,845309.822,80443.463,846440.918,HS8,http://data.ordnancesurvey.co.uk/id/postcodedistrict/HS8,,,,,,,Na h-Eileanan an Iar,http://data.ordnancesurvey.co.uk/id/7000000000030022,http://data.ordnancesurvey.co.uk/ontology/admingeo/UnitaryAuthority,Scotland,http://data.ordnancesurvey.co.uk/id/7000000000041429,Scotland,http://data.ordnancesurvey.co.uk/id/country/scotland,,,
osgb4000000074542529,http://data.ordnancesurvey.co.uk/id/4000000074542529,Àird,,,,populatedPlace,Other Settlement,76291.000,854758.000,15000,25000,76064.865,854207.775,77570.224,855154.134,HS7,http://data.ordnancesurvey.co.uk/id/postcodedistrict/HS7,,,,,,,Na h-Eileanan an Iar,http://data.ordnancesurvey.co.uk/id/7000000000030022,http://data.ordnancesurvey.co.uk/ontology/admingeo/UnitaryAuthority,Scotland,http://data.ordnancesurvey.co.uk/id/7000000000041429,Scotland,http://data.ordnancesurvey.co.uk/id/country/scotland,,,
osgb4000000074337250,http://data.ordnancesurvey.co.uk/id/4000000074337250,Sliabh na h-Airde,,,,populatedPlace,Hamlet,78530.000,854123.000,5000,25000,78026.786,853935.151,78834.793,854435.151,HS7,http://data.ordnancesurvey.co.uk/id/postcodedistrict/HS7,,,,,,,Na h-Eileanan an Iar,http://data.ordnancesurvey.co.uk/id/7000000000030022,http://data.ordnancesurvey.co.uk/ontology/admingeo/UnitaryAuthority,Scotland,http://data.ordnancesurvey.co.uk/id/7000000000041429,Scotland,http://data.ordnancesurvey.co.uk/id/country/scotland,,,
osgb4000000074564505,http://data.ordnancesurvey.co.uk/id/4000000074564505,Dùn Gainmhich,gla,Dunganachy,eng,populatedPlace,Hamlet,79076.050,854901.690,5000,25000,78668.895,854760.757,79558.693,855278.548,HS7,http://data.ordnancesurvey.co.uk/id/postcodedistrict/HS7,,,,,,,Na h-Eileanan an Iar,http://data.ordnancesurvey.co.uk/id/7000000000030022,http://data.ordnancesurvey.co.uk/ontology/admingeo/UnitaryAuthority,Scotland,http://data.ordnancesurvey.co.uk/id/7000000000041429,Scotland,http://data.ordnancesurvey.co.uk/id/country/scotland,,,
osgb4000000074343318,http://data.ordnancesurvey.co.uk/id/4000000074343318,Baile a' Mhanaich,gla,Balivanich,eng,populatedPlace,Village,77722.539,855343.000,13000,250000,76626.443,854961.779,78627.231,855590.159,HS7,http://data.ordnancesurvey.co.uk/id/postcodedistrict/HS7,,,,,,,Na h-Eileanan an Iar,http://data.ordnancesurvey.co.uk/id/7000000000030022,http://data.ordnancesurvey.co.uk/ontology/admingeo/UnitaryAuthority,Scotland,http://data.ordnancesurvey.co.uk/id/7000000000041429,Scotland,http://data.ordnancesurvey.co.uk/id/country/scotland,,http://dbpedia.org/resource/Balivanich,
osgb4000000074541942,http://data.ordnancesurvey.co.uk/id/4000000074541942,Uachdar,,,,populatedPlace,Village,79661.000,855898.000,11000,250000,79503.394,854283.183,81061.793,856022.555,HS7,http://data.ordnancesurvey.co.uk/id/postcodedistrict/HS7,,,,,,,Na h-Eileanan an Iar,http://data.ordnancesurvey.co.uk/id/7000000000030022,http://data.ordnancesurvey.co.uk/ontology/admingeo/UnitaryAuthority,Scotland,http://data.ordnancesurvey.co.uk/id/7000000000041429,Scotland,http://data.ordnancesurvey.co.uk/id/country/scotland,,http://dbpedia.org/resource/Uachdar,
osgb4000000074542474,http://data.ordnancesurvey.co.uk/id/4000000074542474,Lionacleit,gla,Liniclate,eng,populatedPlace,Village,77954.840,850023.760,19000,250000,77583.045,848909.222,80579.193,850784.325,HS7,http://data.ordnancesurvey.co.uk/id/postcodedistrict/HS7,,,,,,,Na h-Eileanan an Iar,http://data.ordnancesurvey.co.uk/id/7000000000030022,http://data.ordnancesurvey.co.uk/ontology/admingeo/UnitaryAuthority,Scotland,http://data.ordnancesurvey.co.uk/id/7000000000041429,Scotland,http://data.ordnancesurvey.co.uk/id/country/scotland,,,
HS75NF,http://data.ordnancesurvey.co.uk/id/postcodeunit/HS75NF,HS7 5NF,,,,other,Postcode,76895.000,855325.000,3500,18000,,,,,,,Baile a' Mhanaich / Balivanich,http://data.ordnancesurvey.co.uk/id/4000000074343318,http://www.ordnancesurvey.co.uk/xml/codelists/localtype.xml#village,,,,Na h-Eileanan an Iar,http://data.ordnancesurvey.co.uk/id/7000000000030022,http://data.ordnancesurvey.co.uk/ontology/admingeo/UnitaryAuthority,Scotland,http://data.ordnancesurvey.co.uk/id/7000000000041429,Scotland,http://data.ordnancesurvey.co.uk/id/country/scotland,,,
HS75PL,http://data.ordnancesurvey.co.uk/id/postcodeunit/HS75PL,HS7 5PL,,,,other,Postcode,79355.000,849341.000,3500,18000,,,,,,,Lionacleit / Liniclate,http://data.ordnancesurvey.co.uk/id/4000000074542474,http://www.ordnancesurvey.co.uk/xml/codelists/localtype.xml#village,,,,Na h-Eileanan an Iar,http://data.ordnancesurvey.co.uk/id/7000000000030022,http://data.ordnancesurvey.co.uk/ontology/admingeo/UnitaryAuthority,Scotland,http://data.ordnancesurvey.co.uk/id/7000000000041429,Scotland,http://data.ordnancesurvey.co.uk/id/country/scotland,,,
HS85RB,http://data.ordnancesurvey.co.uk/id/postcodeunit/HS85RB,HS8 5RB,,,,other,Postcode,76539.000,846928.000,3500,18000,,,,,,,Iochdar / Eochar,http://data.ordnancesurvey.co.uk/id/4000000074563863,http://www.ordnancesurvey.co.uk/xml/codelists/localtype.xml#village,,,,Na h-Eileanan an Iar,http://data.ordnancesurvey.co.uk/id/7000000000030022,http://data.ordnancesurvey.co.uk/ontology/admingeo/UnitaryAuthority,Scotland,http://data.ordnancesurvey.co.uk/id/7000000000041429,Scotland,http://data.ordnancesurvey.co.uk/id/country/scotland,,,
HS85RW,http://data.ordnancesurvey.co.uk/id/postcodeunit/HS85RW,HS8 5RW,,,,other,Postcode,77469.000,841899.000,3500,18000,,,,,,,Geirinis / Gerinish,http://data.ordnancesurvey.co.uk/id/4000000074563558,http://www.ordnancesurvey.co.uk/xml/codelists/localtype.xml#hamlet,,,,Na h-Eileanan an Iar,http://data.ordnancesurvey.co.uk/id/7000000000030022,http://data.ordnancesurvey.co.uk/ontology/admingeo/UnitaryAuthority,Scotland,http://data.ordnancesurvey.co.uk/id/7000000000041429,Scotland,http://data.ordnancesurvey.co.uk/id/country/scotland,,,
HS85RE,http://data.ordnancesurvey.co.uk/id/postcodeunit/HS85RE,HS8 5RE,,,,other,Postcode,75194.000,845989.000,3500,18000,,,,,,,Iochdar / Eochar,http://data.ordnancesurvey.co.uk/id/4000000074563863,http://www.ordnancesurvey.co.uk/xml/codelists/localtype.xml#village,,,,Na h-Eileanan an Iar,http://data.ordnancesurvey.co.uk/id/7000000000030022,http://data.ordnancesurvey.co.uk/ontology/admingeo/UnitaryAuthority,Scotland,http://data.ordnancesurvey.co.uk/id/7000000000041429,Scotland,http://data.ordnancesurvey.co.uk/id/country/scotland,,,
HS75NG,http://data.ordnancesurvey.co.uk/id/postcodeunit/HS75NG,HS7 5NG,,,,other,Postcode,77778.000,855170.000,3500,18000,,,,,,,Baile a' Mhanaich / Balivanich,http://data.ordnancesurvey.co.uk/id/4000000074343318,http://www.ordnancesurvey.co.uk/xml/codelists/localtype.xml#village,,,,Na h-Eileanan an Iar,http://data.ordnancesurvey.co.uk/id/7000000000030022,http://data.ordnancesurvey.co.uk/ontology/admingeo/UnitaryAuthority,Scotland,http://data.ordnancesurvey.co.uk/id/7000000000041429,Scotland,http://data.ordnancesurvey.co.uk/id/country/scotland,,,
HS85QX,http://data.ordnancesurvey.co.uk/id/postcodeunit/HS85QX,HS8 5QX,,,,other,Postcode,78728.000,846907.000,3500,18000,,,,,,,,,,,,,Na h-Eileanan an Iar,http://data.ordnancesurvey.co.uk/id/7000000000030022,http://data.ordnancesurvey.co.uk/ontology/admingeo/UnitaryAuthority,Scotland,http://data.ordnancesurvey.co.uk/id/7000000000041429,Scotland,http://data.ordnancesurvey.co.uk/id/country/scotland,,,
HS85RJ,http://data.ordnancesurvey.co.uk/id/postcodeunit/HS85RJ,HS8 5RJ,,,,other,Postcode,79654.000,846203.000,3500,18000,,,,,,,Ardmore / Àird Mhòr,http://data.ordnancesurvey.co.uk/id/4000000074542577,http://www.ordnancesurvey.co.uk/xml/codelists/localtype.xml#otherSettlement,,,,Na h-Eileanan an Iar,http://data.ordnancesurvey.co.uk/id/7000000000030022,http://data.ordnancesurvey.co.uk/ontology/admingeo/UnitaryAuthority,Scotland,http://data.ordnancesurvey.co.uk/id/7000000000041429,Scotland,http://data.ordnancesurvey.co.uk/id/country/scotland,,,
HS75PH,http://data.ordnancesurvey.co.uk/id/postcodeunit/HS75PH,HS7 5PH,,,,other,Postcode,79825.000,848251.000,3500,18000,,,,,,,Creag Ghoraidh / Creagorry,http://data.ordnancesurvey.co.uk/id/4000000074337277,http://www.ordnancesurvey.co.uk/xml/codelists/localtype.xml#village,,,,Na h-Eileanan an Iar,http://data.ordnancesurvey.co.uk/id/7000000000030022,http://data.ordnancesurvey.co.uk/ontology/admingeo/UnitaryAuthority,Scotland,http://data.ordnancesurvey.co.uk/id/7000000000041429,Scotland,http://data.ordnancesurvey.co.uk/id/country/scotland,,,
HS85RD,http://data.ordnancesurvey.co.uk/id/postcodeunit/HS85RD,HS8 5RD,,,,other,Postcode,76102.000,846436.000,3500,18000,,,,,,,Iochdar / Eochar,http://data.ordnancesurvey.co.uk/id/4000000074563863,http://www.ordnancesurvey.co.uk/xml/codelists/localtype.xml#village,,,,Na h-Eileanan an Iar,http://data.ordnancesurvey.co.uk/id/7000000000030022,http://data.ordnancesurvey.co.uk/ontology/admingeo/UnitaryAuthority,Scotland,http://data.ordnancesurvey.co.uk/id/7000000000041429,Scotland,http://data.ordnancesurvey.co.uk/id/country/scotland,,,
HS75LW,http://data.ordnancesurvey.co.uk/id/postcodeunit/HS75LW,HS7 5LW,,,,other,Postcode,78112.000,855385.000,3500,18000,,,,,,,Baile a' Mhanaich / Balivanich,http://data.ordnancesurvey.co.uk/id/4000000074343318,http://www.ordnancesurvey.co.uk/xml/codelists/localtype.xml#village,,,,Na h-Eileanan an Iar,http://data.ordnancesurvey.co.uk/id/7000000000030022,http://data.ordnancesurvey.co.uk/ontology/admingeo/UnitaryAuthority,Scotland,http://data.ordnancesurvey.co.uk/id/7000000000041429,Scotland,http://data.ordnancesurvey.co.uk/id/country/scotland,,,
HS75LS,http://data.ordnancesurvey.co.uk/id/postcodeunit/HS75LS,HS7 5LS,,,,other,Postcode,76779.000,855389.000,3500,18000,,,,,,,Baile a' Mhanaich / Balivanich,http://data.ordnancesurvey.co.uk/id/4000000074343318,http://www.ordnancesurvey.co.uk/xml/codelists/localtype.xml#village,,,,Na h-Eileanan an Iar,http://data.ordnancesurvey.co.uk/id/7000000000030022,http://data.ordnancesurvey.co.uk/ontology/admingeo/UnitaryAuthority,Scotland,http://data.ordnancesurvey.co.uk/id/7000000000041429,Scotland,http://data.ordnancesurvey.co.uk/id/country/scotland,,,
HS75PP,http://data.ordnancesurvey.co.uk/id/postcodeunit/HS75PP,HS7 5PP,,,,other,Postcode,78429.000,850889.000,3500,18000,,,,,,,Torlum,http://data.ordnancesurvey.co.uk/id/4000000074337275,http://www.ordnancesurvey.co.uk/xml/codelists/localtype.xml#village,,,,Na h-Eileanan an Iar,http://data.ordnancesurvey.co.uk/id/7000000000030022,http://data.ordnancesurvey.co.uk/ontology/admingeo/UnitaryAuthority,Scotland,http://data.ordnancesurvey.co.uk/id/7000000000041429,Scotland,http://data.ordnancesurvey.co.uk/id/country/scotland,,,
HS75LU,http://data.ordnancesurvey.co.uk/id/postcodeunit/HS75LU,HS7 5LU,,,,other,Postcode,76596.000,853648.000,3500,18000,,,,,,,Baile nan Cailleach,http://data.ordnancesurvey.co.uk/id/4000000074542475,http://www.ordnancesurvey.co.uk/xml/codelists/localtype.xml#hamlet,,,,Na h-Eileanan an Iar,http://data.ordnancesurvey.co.uk/id/7000000000030022,http://data.ordnancesurvey.co.uk/ontology/admingeo/UnitaryAuthority,Scotland,http://data.ordnancesurvey.co.uk/id/7000000000041429,Scotland,http://data.ordnancesurvey.co.uk/id/country/scotland,,,
HS75PN,http://data.ordnancesurvey.co.uk/id/postcodeunit/HS75PN,HS7 5PN,,,,other,Postcode,76820.000,851332.000,3500,18000,,,,,,,,,,,,,Na h-Eileanan an Iar,http://data.ordnancesurvey.co.uk/id/7000000000030022,http://data.ordnancesurvey.co.uk/ontology/admingeo/UnitaryAuthority,Scotland,http://data.ordnancesurvey.co.uk/id/7000000000041429,Scotland,http://data.ordnancesurvey.co.uk/id/country/scotland,,,
HS85RF,http://data.ordnancesurvey.co.uk/id/postcodeunit/HS85RF,HS8 5RF,,,,other,Postcode,74277.000,845800.000,3500,18000,,,,,,,Iochdar / Eochar,http://data.ordnancesurvey.co.uk/id/4000000074563863,http://www.ordnancesurvey.co.uk/xml/codelists/localtype.xml#village,,,,Na h-Eileanan an Iar,http://data.ordnancesurvey.co.uk/id/7000000000030022,http://data.ordnancesurvey.co.uk/ontology/admingeo/UnitaryAuthority,Scotland,http://data.ordnancesurvey.co.uk/id/7000000000041429,Scotland,http://data.ordnancesurvey.co.uk/id/country/scotland,,,
HS85RQ,http://data.ordnancesurvey.co.uk/id/postcodeunit/HS85RQ,HS8 5RQ,,,,other,Postcode,78407.000,846235.000,3500,18000,,,,,,,Iochdar / Eochar,http://data.ordnancesurvey.co.uk/id/4000000074563863,http://www.ordnancesurvey.co.uk/xml/codelists/localtype.xml#village,,,,Na h-Eileanan an Iar,http://data.ordnancesurvey.co.uk/id/7000000000030022,http://data.ordnancesurvey.co.uk/ontology/admingeo/UnitaryAuthority,Scotland,http://data.ordnancesurvey.co.uk/id/7000000000041429,Scotland,http://data.ordnancesurvey.co.uk/id/country/scotland,,,
HS85RL,http://data.ordnancesurvey.co.uk/id/postcodeunit/HS85RL,HS8 5RL,,,,other,Postcode,79229.000,846131.000,3500,18000,,,,,,,Iochdar / Eochar,http://data.ordnancesurvey.co.uk/id/4000000074563863,http://www.ordnancesurvey.co.uk/xml/codelists/localtype.xml#village,,,,Na h-Eileanan an Iar,http://data.ordnancesurvey.co.uk/id/7000000000030022,http://data.ordnancesurvey.co.uk/ontology/admingeo/UnitaryAuthority,Scotland,http://data.ordnancesurvey.co.uk/id/7000000000041429,Scotland,http://data.ordnancesurvey.co.uk/id/country/scotland,,,
HS85RU,http://data.ordnancesurvey.co.uk/id/postcodeunit/HS85RU,HS8 5RU,,,,other,Postcode,79251.000,846027.000,3500,18000,,,,,,,Iochdar / Eochar,http://data.ordnancesurvey.co.uk/id/4000000074563863,http://www.ordnancesurvey.co.uk/xml/codelists/localtype.xml#village,,,,Na h-Eileanan an Iar,http://data.ordnancesurvey.co.uk/id/7000000000030022,http://data.ordnancesurvey.co.uk/ontology/admingeo/UnitaryAuthority,Scotland,http://data.ordnancesurvey.co.uk/id/7000000000041429,Scotland,http://data.ordnancesurvey.co.uk/id/country/scotland,,,
HS75QA,http://data.ordnancesurvey.co.uk/id/postcodeunit/HS75QA,HS7 5QA,,,,other,Postcode,78648.000,851852.000,3500,18000,,,,,,,Griminis / Griminish,http://data.ordnancesurvey.co.uk/id/4000000074564191,http://www.ordnancesurvey.co.uk/xml/codelists/localtype.xml#village,,,,Na h-Eileanan an Iar,http://data.ordnancesurvey.co.uk/id/7000000000030022,http://data.ordnancesurvey.co.uk/ontology/admingeo/UnitaryAuthority,Scotland,http://data.ordnancesurvey.co.uk/id/7000000000041429,Scotland,http://data.ordnancesurvey.co.uk/id/country/scotland,,,
HS75PY,http://data.ordnancesurvey.co.uk/id/postcodeunit/HS75PY,HS7 5PY,,,,other,Postcode,79812.000,849518.000,3500,18000,,,,,,,Lionacleit / Liniclate,http://data.ordnancesurvey.co.uk/id/4000000074542474,http://www.ordnancesurvey.co.uk/xml/codelists/localtype.xml#village,,,,Na h-Eileanan an Iar,http://data.ordnancesurvey.co.uk/id/7000000000030022,http://data.ordnancesurvey.co.uk/ontology/admingeo/UnitaryAuthority,Scotland,http://data.ordnancesurvey.co.uk/id/7000000000041429,Scotland,http://data.ordnancesurvey.co.uk/id/country/scotland,,,
HS75PJ,http://data.ordnancesurvey.co.uk/id/postcodeunit/HS75PJ,HS7 5PJ,,,,other,Postcode,78490.000,849936.000,3500,18000,,,,,,,Lionacleit / Liniclate,http://data.ordnancesurvey.co.uk/id/4000000074542474,http://www.ordnancesurvey.co.uk/xml/codelists/localtype.xml#village,,,,Na h-Eileanan an Iar,http://data.ordnancesurvey.co.uk/id/7000000000030022,http://data.ordnancesurvey.co.uk/ontology/admingeo/UnitaryAuthority,Scotland,http://data.ordnancesurvey.co.uk/id/7000000000041429,Scotland,http://data.ordnancesurvey.co.uk/id/country/scotland,,,
HS75PQ,http://data.ordnancesurvey.co.uk/id/postcodeunit/HS75PQ,HS7 5PQ,,,,other,Postcode,79808.000,848314.000,3500,18000,,,,,,,Creag Ghoraidh / Creagorry,http://data.ordnancesurvey.co.uk/id/4000000074337277,http://www.ordnancesurvey.co.uk/xml/codelists/localtype.xml#village,,,,Na h-Eileanan an Iar,http://data.ordnancesurvey.co.uk/id/7000000000030022,http://data.ordnancesurvey.co.uk/ontology/admingeo/UnitaryAuthority,Scotland,http://data.ordnancesurvey.co.uk/id/7000000000041429,Scotland,http://data.ordnancesurvey.co.uk/id/country/scotland,,,
HS75LT,http://data.ordnancesurvey.co.uk/id/postcodeunit/HS75LT,HS7 5LT,,,,other,Postcode,77270.000,854471.000,3500,18000,,,,,,,Àird,http://data.ordnancesurvey.co.uk/id/4000000074542529,http://www.ordnancesurvey.co.uk/xml/codelists/localtype.xml#otherSettlement,,,,Na h-Eileanan an Iar,http://data.ordnancesurvey.co.uk/id/7000000000030022,http://data.ordnancesurvey.co.uk/ontology/admingeo/UnitaryAuthority,Scotland,http://data.ordnancesurvey.co.uk/id/7000000000041429,Scotland,http://data.ordnancesurvey.co.uk/id/country/scotland,,,
HS75QB,http://data.ordnancesurvey.co.uk/id/postcodeunit/HS75QB,HS7 5QB,,,,other,Postcode,78980.000,851707.000,3500,18000,,,,,,,Griminis / Griminish,http://data.ordnancesurvey.co.uk/id/4000000074564191,http://www.ordnancesurvey.co.uk/xml/codelists/localtype.xml#village,,,,Na h-Eileanan an Iar,http://data.ordnancesurvey.co.uk/id/7000000000030022,http://data.ordnancesurvey.co.uk/ontology/admingeo/UnitaryAuthority,Scotland,http://data.ordnancesurvey.co.uk/id/7000000000041429,Scotland,http://data.ordnancesurvey.co.uk/id/country/scotland,,,
HS75LQ,http://data.ordnancesurvey.co.uk/id/postcodeunit/HS75LQ,HS7 5LQ,,,,other,Postcode,77212.000,855246.000,3500,18000,,,,,,,Baile a' Mhanaich / Balivanich,http://data.ordnancesurvey.co.uk/id/4000000074343318,http://www.ordnancesurvey.co.uk/xml/codelists/localtype.xml#village,,,,Na h-Eileanan an Iar,http://data.ordnancesurvey.co.uk/id/7000000000030022,http://data.ordnancesurvey.co.uk/ontology/admingeo/UnitaryAuthority,Scotland,http://data.ordnancesurvey.co.uk/id/7000000000041429,Scotland,http://data.ordnancesurvey.co.uk/id/country/scotland,,,
HS75LH,http://data.ordnancesurvey.co.uk/id/postcodeunit/HS75LH,HS7 5LH,,,,other,Postcode,77118.000,855355.000,3500,18000,,,,,,,Baile a' Mhanaich / Balivanich,http://data.ordnancesurvey.co.uk/id/4000000074343318,http://www.ordnancesurvey.co.uk/xml/codelists/localtype.xml#village,,,,Na h-Eileanan an Iar,http://data.ordnancesurvey.co.uk/id/7000000000030022,http://data.ordnancesurvey.co.uk/ontology/admingeo/UnitaryAuthority,Scotland,http://data.ordnancesurvey.co.uk/id/7000000000041429,Scotland,http://data.ordnancesurvey.co.uk/id/country/scotland,,,
HS75LB,http://data.ordnancesurvey.co.uk/id/postcodeunit/HS75LB,HS7 5LB,,,,other,Postcode,77527.000,855213.000,3500,18000,,,,,,,Baile a' Mhanaich / Balivanich,http://data.ordnancesurvey.co.uk/id/4000000074343318,http://www.ordnancesurvey.co.uk/xml/codelists/localtype.xml#village,,,,Na h-Eileanan an Iar,http://data.ordnancesurvey.co.uk/id/7000000000030022,http://data.ordnancesurvey.co.uk/ontology/admingeo/UnitaryAuthority,Scotland,http://data.ordnancesurvey.co.uk/id/7000000000041429,Scotland,http://data.ordnancesurvey.co.uk/id/country/scotland,,,
HS75ND,http://data.ordnancesurvey.co.uk/id/postcodeunit/HS75ND,HS7 5ND,,,,other,Postcode,76773.000,855300.000,3500,18000,,,,,,,Baile a' Mhanaich / Balivanich,http://data.ordnancesurvey.co.uk/id/4000000074343318,http://www.ordnancesurvey.co.uk/xml/codelists/localtype.xml#village,,,,Na h-Eileanan an Iar,http://data.ordnancesurvey.co.uk/id/7000000000030022,http://data.ordnancesurvey.co.uk/ontology/admingeo/UnitaryAuthority,Scotland,http://data.ordnancesurvey.co.uk/id/7000000000041429,Scotland,http://data.ordnancesurvey.co.uk/id/country/scotland,,,
HS75PG,http://data.ordnancesurvey.co.uk/id/postcodeunit/HS75PG,HS7 5PG,,,,other,Postcode,79747.000,848532.000,3500,18000,,,,,,,Creag Ghoraidh / Creagorry,http://data.ordnancesurvey.co.uk/id/4000000074337277,http://www.ordnancesurvey.co.uk/xml/codelists/localtype.xml#village,,,,Na h-Eileanan an Iar,http://data.ordnancesurvey.co.uk/id/7000000000030022,http://data.ordnancesurvey.co.uk/ontology/admingeo/UnitaryAuthority,Scotland,http://data.ordnancesurvey.co.uk/id/7000000000041429,Scotland,http://data.ordnancesurvey.co.uk/id/country/scotland,,,
HS75LE,http://data.ordnancesurvey.co.uk/id/postcodeunit/HS75LE,HS7 5LE,,,,other,Postcode,76898.000,855201.000,3500,18000,,,,,,,Baile a' Mhanaich / Balivanich,http://data.ordnancesurvey.co.uk/id/4000000074343318,http://www.ordnancesurvey.co.uk/xml/codelists/localtype.xml#village,,,,Na h-Eileanan an Iar,http://data.ordnancesurvey.co.uk/id/7000000000030022,http://data.ordnancesurvey.co.uk/ontology/admingeo/UnitaryAuthority,Scotland,http://data.ordnancesurvey.co.uk/id/7000000000041429,Scotland,http://data.ordnancesurvey.co.uk/id/country/scotland,,,
HS85RH,http://data.ordnancesurvey.co.uk/id/postcodeunit/HS85RH,HS8 5RH,,,,other,Postcode,79884.000,846619.000,3500,18000,,,,,,,,,,,,,Na h-Eileanan an Iar,http://data.ordnancesurvey.co.uk/id/7000000000030022,http://data.ordnancesurvey.co.uk/ontology/admingeo/UnitaryAuthority,Scotland,http://data.ordnancesurvey.co.uk/id/7000000000041429,Scotland,http://data.ordnancesurvey.co.uk/id/country/scotland,,,
HS85RA,http://data.ordnancesurvey.co.uk/id/postcodeunit/HS85RA,HS8 5RA,,,,other,Postcode,77525.000,846393.000,3500,18000,,,,,,,Iochdar / Eochar,http://data.ordnancesurvey.co.uk/id/4000000074563863,http://www.ordnancesurvey.co.uk/xml/codelists/localtype.xml#village,,,,Na h-Eileanan an Iar,http://data.ordnancesurvey.co.uk/id/7000000000030022,http://data.ordnancesurvey.co.uk/ontology/admingeo/UnitaryAuthority,Scotland,http://data.ordnancesurvey.co.uk/id/7000000000041429,Scotland,http://data.ordnancesurvey.co.uk/id/country/scotland,,,
HS75LA,http://data.ordnancesurvey.co.uk/id/postcodeunit/HS75LA,HS7 5LA,,,,other,Postcode,78147.000,855066.000,3500,18000,,,,,,,Baile a' Mhanaich / Balivanich,http://data.ordnancesurvey.co.uk/id/4000000074343318,http://www.ordnancesurvey.co.uk/xml/codelists/localtype.xml#village,,,,Na h-Eileanan an Iar,http://data.ordnancesurvey.co.uk/id/7000000000030022,http://data.ordnancesurvey.co.uk/ontology/admingeo/UnitaryAuthority,Scotland,http://data.ordnancesurvey.co.uk/id/7000000000041429,Scotland,http://data.ordnancesurvey.co.uk/id/country/scotland,,,
HS75NE,http://data.ordnancesurvey.co.uk/id/postcodeunit/HS75NE,HS7 5NE,,,,other,Postcode,76800.000,855202.000,3500,18000,,,,,,,Baile a' Mhanaich / Balivanich,http://data.ordnancesurvey.co.uk/id/4000000074343318,http://www.ordnancesurvey.co.uk/xml/codelists/localtype.xml#village,,,,Na h-Eileanan an Iar,http://data.ordnancesurvey.co.uk/id/7000000000030022,http://data.ordnancesurvey.co.uk/ontology/admingeo/UnitaryAuthority,Scotland,http://data.ordnancesurvey.co.uk/id/7000000000041429,Scotland,http://data.ordnancesurvey.co.uk/id/country/scotland,,,
HS75LX,http://data.ordnancesurvey.co.uk/id/postcodeunit/HS75LX,HS7 5LX,,,,other,Postcode,79078.000,855059.000,3500,18000,,,,,,,Dùn Gainmhich / Dunganachy,http://data.ordnancesurvey.co.uk/id/4000000074564505,http://www.ordnancesurvey.co.uk/xml/codelists/localtype.xml#hamlet,,,,Na h-Eileanan an Iar,http://data.ordnancesurvey.co.uk/id/7000000000030022,http://data.ordnancesurvey.co.uk/ontology/admingeo/UnitaryAuthority,Scotland,http://data.ordnancesurvey.co.uk/id/7000000000041429,Scotland,http://data.ordnancesurvey.co.uk/id/country/scotland,,,
HS85RG,http://data.ordnancesurvey.co.uk/id/postcodeunit/HS85RG,HS8 5RG,,,,other,Postcode,77743.000,845544.000,3500,18000,,,,,,,Iochdar / Eochar,http://data.ordnancesurvey.co.uk/id/4000000074563863,http://www.ordnancesurvey.co.uk/xml/codelists/localtype.xml#village,,,,Na h-Eileanan an Iar,http://data.ordnancesurvey.co.uk/id/7000000000030022,http://data.ordnancesurvey.co.uk/ontology/admingeo/UnitaryAuthority,Scotland,http://data.ordnancesurvey.co.uk/id/7000000000041429,Scotland,http://data.ordnancesurvey.co.uk/id/country/scotland,,,
osgb4000000003423780,http://data.ordnancesurvey.co.uk/id/4000000003423780,Winfield Close,,,,transportNetwork,Named Road,77166.000,855275.000,1000,20000,77089.654,855218.172,77219.000,855320.000,HS7,http://data.ordnancesurvey.co.uk/id/postcodedistrict/HS7,Baile a' Mhanaich / Balivanich,http://data.ordnancesurvey.co.uk/id/4000000074343318,http://www.ordnancesurvey.co.uk/xml/codelists/localtype.xml#village,,,,Na h-Eileanan an Iar,http://data.ordnancesurvey.co.uk/id/7000000000030022,http://data.ordnancesurvey.co.uk/ontology/admingeo/UnitaryAuthority,Scotland,http://data.ordnancesurvey.co.uk/id/7000000000041429,Scotland,http://data.ordnancesurvey.co.uk/id/country/scotland,,,
osgb4000000003424768,http://data.ordnancesurvey.co.uk/id/4000000003424768,Meallard,,,,transportNetwork,Named Road,76911.878,855291.959,1000,20000,76905.915,855236.000,76923.804,855338.811,HS7,http://data.ordnancesurvey.co.uk/id/postcodedistrict/HS7,Baile a' Mhanaich / Balivanich,http://data.ordnancesurvey.co.uk/id/4000000074343318,http://www.ordnancesurvey.co.uk/xml/codelists/localtype.xml#village,,,,Na h-Eileanan an Iar,http://data.ordnancesurvey.co.uk/id/7000000000030022,http://data.ordnancesurvey.co.uk/ontology/admingeo/UnitaryAuthority,Scotland,http://data.ordnancesurvey.co.uk/id/7000000000041429,Scotland,http://data.ordnancesurvey.co.uk/id/country/scotland,,,
osgb4000000003423789,http://data.ordnancesurvey.co.uk/id/4000000003423789,Tindill Place,,,,transportNetwork,Named Road,76886.465,855206.560,1000,20000,76886.465,855206.560,76887.000,855236.000,HS7,http://data.ordnancesurvey.co.uk/id/postcodedistrict/HS7,Baile a' Mhanaich / Balivanich,http://data.ordnancesurvey.co.uk/id/4000000074343318,http://www.ordnancesurvey.co.uk/xml/codelists/localtype.xml#village,,,,Na h-Eileanan an Iar,http://data.ordnancesurvey.co.uk/id/7000000000030022,http://data.ordnancesurvey.co.uk/ontology/admingeo/UnitaryAuthority,Scotland,http://data.ordnancesurvey.co.uk/id/7000000000041429,Scotland,http://data.ordnancesurvey.co.uk/id/country/scotland,,,
osgb4000000003423787,http://data.ordnancesurvey.co.uk/id/4000000003423787,Dun Mor,,,,transportNetwork,Named Road,77855.000,841867.000,1000,20000,77838.000,841850.000,77875.000,841869.000,HS8,http://data.ordnancesurvey.co.uk/id/postcodedistrict/HS8,Geirinis / Gerinish,http://data.ordnancesurvey.co.uk/id/4000000074563558,http://www.ordnancesurvey.co.uk/xml/codelists/localtype.xml#hamlet,,,,Na h-Eileanan an Iar,http://data.ordnancesurvey.co.uk/id/7000000000030022,http://data.ordnancesurvey.co.uk/ontology/admingeo/UnitaryAuthority,Scotland,http://data.ordnancesurvey.co.uk/id/7000000000041429,Scotland,http://data.ordnancesurvey.co.uk/id/country/scotland,,,
osgb4000000003425472,http://data.ordnancesurvey.co.uk/id/4000000003425472,Columba Place,eng,Ionad Columba,gla,transportNetwork,Named Road,76779.000,855321.000,1000,20000,76683.325,855226.000,76876.000,855412.450,HS7,http://data.ordnancesurvey.co.uk/id/postcodedistrict/HS7,Baile a' Mhanaich / Balivanich,http://data.ordnancesurvey.co.uk/id/4000000074343318,http://www.ordnancesurvey.co.uk/xml/codelists/localtype.xml#village,,,,Na h-Eileanan an Iar,http://data.ordnancesurvey.co.uk/id/7000000000030022,http://data.ordnancesurvey.co.uk/ontology/admingeo/UnitaryAuthority,Scotland,http://data.ordnancesurvey.co.uk/id/7000000000041429,Scotland,http://data.ordnancesurvey.co.uk/id/country/scotland,,,
osgb4000000003423786,http://data.ordnancesurvey.co.uk/id/4000000003423786,Cille Bha'nain,,,,transportNetwork,Named Road,77888.328,841933.795,1000,20000,77862.000,841909.000,77909.864,841965.000,HS8,http://data.ordnancesurvey.co.uk/id/postcodedistrict/HS8,Geirinis / Gerinish,http://data.ordnancesurvey.co.uk/id/4000000074563558,http://www.ordnancesurvey.co.uk/xml/codelists/localtype.xml#hamlet,,,,Na h-Eileanan an Iar,http://data.ordnancesurvey.co.uk/id/7000000000030022,http://data.ordnancesurvey.co.uk/ontology/admingeo/UnitaryAuthority,Scotland,http://data.ordnancesurvey.co.uk/id/7000000000041429,Scotland,http://data.ordnancesurvey.co.uk/id/country/scotland,,,
osgb4000000003423774,http://data.ordnancesurvey.co.uk/id/4000000003423774,Winfield Way,,,,transportNetwork,Named Road,77134.000,855397.000,1000,20000,77110.000,855320.000,77144.000,855465.000,HS7,http://data.ordnancesurvey.co.uk/id/postcodedistrict/HS7,Baile a' Mhanaich / Balivanich,http://data.ordnancesurvey.co.uk/id/4000000074343318,http://www.ordnancesurvey.co.uk/xml/codelists/localtype.xml#village,,,,Na h-Eileanan an Iar,http://data.ordnancesurvey.co.uk/id/7000000000030022,http://data.ordnancesurvey.co.uk/ontology/admingeo/UnitaryAuthority,Scotland,http://data.ordnancesurvey.co.uk/id/7000000000041429,Scotland,http://data.ordnancesurvey.co.uk/id/country/scotland,,,
osgb4000000003423779,http://data.ordnancesurvey.co.uk/id/4000000003423779,Tindill Close,,,,transportNetwork,Named Road,77063.000,855223.000,1000,20000,77037.244,855217.941,77098.223,855270.912,HS7,http://data.ordnancesurvey.co.uk/id/postcodedistrict/HS7,Baile a' Mhanaich / Balivanich,http://data.ordnancesurvey.co.uk/id/4000000074343318,http://www.ordnancesurvey.co.uk/xml/codelists/localtype.xml#village,,,,Na h-Eileanan an Iar,http://data.ordnancesurvey.co.uk/id/7000000000030022,http://data.ordnancesurvey.co.uk/ontology/admingeo/UnitaryAuthority,Scotland,http://data.ordnancesurvey.co.uk/id/7000000000041429,Scotland,http://data.ordnancesurvey.co.uk/id/country/scotland,,,
osgb4000000003423802,http://data.ordnancesurvey.co.uk/id/4000000003423802,B892,,,,transportNetwork,Numbered Road,76648.907,851767.472,45000,250000,75877.048,848965.000,80989.000,855943.000,HS7,http://data.ordnancesurvey.co.uk/id/postcodedistrict/HS7,,,,,,,Na h-Eileanan an Iar,http://data.ordnancesurvey.co.uk/id/7000000000030022,http://data.ordnancesurvey.co.uk/ontology/admingeo/UnitaryAuthority,Scotland,http://data.ordnancesurvey.co.uk/id/7000000000041429,Scotland,http://data.ordnancesurvey.co.uk/id/country/scotland,,,
osgb4000000003423772,http://data.ordnancesurvey.co.uk/id/4000000003423772,Tindill Road,,,,transportNetwork,Named Road,76980.910,855281.486,1000,20000,76849.000,855235.000,77063.793,855411.219,HS7,http://data.ordnancesurvey.co.uk/id/postcodedistrict/HS7,Baile a' Mhanaich / Balivanich,http://data.ordnancesurvey.co.uk/id/4000000074343318,http://www.ordnancesurvey.co.uk/xml/codelists/localtype.xml#village,,,,Na h-Eileanan an Iar,http://data.ordnancesurvey.co.uk/id/7000000000030022,http://data.ordnancesurvey.co.uk/ontology/admingeo/UnitaryAuthority,Scotland,http://data.ordnancesurvey.co.uk/id/7000000000041429,Scotland,http://data.ordnancesurvey.co.uk/id/country/scotland,,,
HS85RP,http://data.ordnancesurvey.co.uk/id/postcodeunit/HS85RP,HS8 5RP,,,,other,Postcode,77846.000,841935.000,3500,18000,,,,,,,Geirinis / Gerinish,http://data.ordnancesurvey.co.uk/id/4000000074563558,http://www.ordnancesurvey.co.uk/xml/codelists/localtype.xml#hamlet,,,,Na h-Eileanan an Iar,http://data.ordnancesurvey.co.uk/id/7000000000030022,http://data.ordnancesurvey.co.uk/ontology/admingeo/UnitaryAuthority,Scotland,http://data.ordnancesurvey.co.uk/id/7000000000041429,Scotland,http://data.ordnancesurvey.co.uk/id/country/scotland,,,
HS75LF,http://data.ordnancesurvey.co.uk/id/postcodeunit/HS75LF,HS7 5LF,,,,other,Postcode,76989.000,855281.000,3500,18000,,,,,,,Baile a' Mhanaich / Balivanich,http://data.ordnancesurvey.co.uk/id/4000000074343318,http://www.ordnancesurvey.co.uk/xml/codelists/localtype.xml#village,,,,Na h-Eileanan an Iar,http://data.ordnancesurvey.co.uk/id/7000000000030022,http://data.ordnancesurvey.co.uk/ontology/admingeo/UnitaryAuthority,Scotland,http://data.ordnancesurvey.co.uk/id/7000000000041429,Scotland,http://data.ordnancesurvey.co.uk/id/country/scotland,,,
osgb4000000003425473,http://data.ordnancesurvey.co.uk/id/4000000003425473,Princes Street,eng,Sraid A Phrionnsa,gla,transportNetwork,Named Road,79802.000,848265.000,1000,20000,79785.000,848226.788,79811.043,848304.030,HS7,http://data.ordnancesurvey.co.uk/id/postcodedistrict/HS7,Creag Ghoraidh / Creagorry,http://data.ordnancesurvey.co.uk/id/4000000074337277,http://www.ordnancesurvey.co.uk/xml/codelists/localtype.xml#village,,,,Na h-Eileanan an Iar,http://data.ordnancesurvey.co.uk/id/7000000000030022,http://data.ordnancesurvey.co.uk/ontology/admingeo/UnitaryAuthority,Scotland,http://data.ordnancesurvey.co.uk/id/7000000000041429,Scotland,http://data.ordnancesurvey.co.uk/id/country/scotland,,,
osgb4000000003425471,http://data.ordnancesurvey.co.uk/id/4000000003425471,Rathad Mhic Eoin,,,,transportNetwork,Named Road,77768.000,855165.000,2000,20000,77727.107,855017.377,77791.000,855321.000,HS7,http://data.ordnancesurvey.co.uk/id/postcodedistrict/HS7,Baile a' Mhanaich / Balivanich,http://data.ordnancesurvey.co.uk/id/4000000074343318,http://www.ordnancesurvey.co.uk/xml/codelists/localtype.xml#village,,,,Na h-Eileanan an Iar,http://data.ordnancesurvey.co.uk/id/7000000000030022,http://data.ordnancesurvey.co.uk/ontology/admingeo/UnitaryAuthority,Scotland,http://data.ordnancesurvey.co.uk/id/7000000000041429,Scotland,http://data.ordnancesurvey.co.uk/id/country/scotland,,,
HS75LD,http://data.ordnancesurvey.co.uk/id/postcodeunit/HS75LD,HS7 5LD,,,,other,Postcode,77177.000,855301.000,3500,18000,,,,,,,Baile a' Mhanaich / Balivanich,http://data.ordnancesurvey.co.uk/id/4000000074343318,http://www.ordnancesurvey.co.uk/xml/codelists/localtype.xml#village,,,,Na h-Eileanan an Iar,http://data.ordnancesurvey.co.uk/id/7000000000030022,http://data.ordnancesurvey.co.uk/ontology/admingeo/UnitaryAuthority,Scotland,http://data.ordnancesurvey.co.uk/id/7000000000041429,Scotland,http://data.ordnancesurvey.co.uk/id/country/scotland,,,
osgb4000000003423775,http://data.ordnancesurvey.co.uk/id/4000000003423775,Tuzo Close,,,,transportNetwork,Named Road,77549.000,855252.000,1000,20000,77522.254,855149.967,77601.000,855333.000,HS7,http://data.ordnancesurvey.co.uk/id/postcodedistrict/HS7,Baile a' Mhanaich / Balivanich,http://data.ordnancesurvey.co.uk/id/4000000074343318,http://www.ordnancesurvey.co.uk/xml/codelists/localtype.xml#village,,,,Na h-Eileanan an Iar,http://data.ordnancesurvey.co.uk/id/7000000000030022,http://data.ordnancesurvey.co.uk/ontology/admingeo/UnitaryAuthority,Scotland,http://data.ordnancesurvey.co.uk/id/7000000000041429,Scotland,http://data.ordnancesurvey.co.uk/id/country/scotland,,,
