﻿osgb4000000074336808,http://data.ordnancesurvey.co.uk/id/4000000074336808,Beacravik,eng,Beacrabhaic,gla,populatedPlace,Hamlet,111177.000,890065.000,5000,25000,110912.998,889822.094,111412.998,890322.094,HS3,http://data.ordnancesurvey.co.uk/id/postcodedistrict/HS3,,,,,,,Na h-Eileanan an Iar,http://data.ordnancesurvey.co.uk/id/7000000000030022,http://data.ordnancesurvey.co.uk/ontology/admingeo/UnitaryAuthority,Scotland,http://data.ordnancesurvey.co.uk/id/7000000000041429,Scotland,http://data.ordnancesurvey.co.uk/id/country/scotland,,,
osgb4000000074336813,http://data.ordnancesurvey.co.uk/id/4000000074336813,Cuidhtinis,,,,populatedPlace,Other Settlement,108933.600,887266.050,15000,25000,107724.465,886693.886,109604.603,887875.258,HS3,http://data.ordnancesurvey.co.uk/id/postcodedistrict/HS3,,,,,,,Na h-Eileanan an Iar,http://data.ordnancesurvey.co.uk/id/7000000000030022,http://data.ordnancesurvey.co.uk/ontology/admingeo/UnitaryAuthority,Scotland,http://data.ordnancesurvey.co.uk/id/7000000000041429,Scotland,http://data.ordnancesurvey.co.uk/id/country/scotland,,,
osgb4000000074336940,http://data.ordnancesurvey.co.uk/id/4000000074336940,Borghasdal,gla,Borrisdale,eng,populatedPlace,Hamlet,103499.123,883649.475,5000,25000,103129.171,883224.729,104029.020,883968.736,HS5,http://data.ordnancesurvey.co.uk/id/postcodedistrict/HS5,,,,,,,Na h-Eileanan an Iar,http://data.ordnancesurvey.co.uk/id/7000000000030022,http://data.ordnancesurvey.co.uk/ontology/admingeo/UnitaryAuthority,Scotland,http://data.ordnancesurvey.co.uk/id/7000000000041429,Scotland,http://data.ordnancesurvey.co.uk/id/country/scotland,,,
osgb4000000074543268,http://data.ordnancesurvey.co.uk/id/4000000074543268,Fionnsabhagh,gla,Finsbay,eng,populatedPlace,Hamlet,107308.920,886707.550,5000,25000,107216.734,886477.718,107825.005,887282.057,HS3,http://data.ordnancesurvey.co.uk/id/postcodedistrict/HS3,,,,,,,Na h-Eileanan an Iar,http://data.ordnancesurvey.co.uk/id/7000000000030022,http://data.ordnancesurvey.co.uk/ontology/admingeo/UnitaryAuthority,Scotland,http://data.ordnancesurvey.co.uk/id/7000000000041429,Scotland,http://data.ordnancesurvey.co.uk/id/country/scotland,,,
osgb4000000074336938,http://data.ordnancesurvey.co.uk/id/4000000074336938,Rodel,eng,Roghadail,gla,populatedPlace,Village,104641.000,883425.000,12000,250000,103908.370,882812.507,104838.380,884717.771,HS5,http://data.ordnancesurvey.co.uk/id/postcodedistrict/HS5,,,,,,,Na h-Eileanan an Iar,http://data.ordnancesurvey.co.uk/id/7000000000030022,http://data.ordnancesurvey.co.uk/ontology/admingeo/UnitaryAuthority,Scotland,http://data.ordnancesurvey.co.uk/id/7000000000041429,Scotland,http://data.ordnancesurvey.co.uk/id/country/scotland,,,
osgb4000000074543463,http://data.ordnancesurvey.co.uk/id/4000000074543463,Tarbert,eng,An Tairbeart,gla,populatedPlace,Village,115747.000,899946.000,16000,250000,114385.370,899769.353,116853.669,900855.212,HS3,http://data.ordnancesurvey.co.uk/id/postcodedistrict/HS3,,,,,,,Na h-Eileanan an Iar,http://data.ordnancesurvey.co.uk/id/7000000000030022,http://data.ordnancesurvey.co.uk/ontology/admingeo/UnitaryAuthority,Scotland,http://data.ordnancesurvey.co.uk/id/7000000000041429,Scotland,http://data.ordnancesurvey.co.uk/id/country/scotland,,"http://dbpedia.org/resource/Tarbert,_Harris",http://sws.geonames.org/2636239
osgb4000000074543269,http://data.ordnancesurvey.co.uk/id/4000000074543269,Strond,gla,Srannda,eng,populatedPlace,Other Settlement,102563.543,884727.021,15000,25000,102008.791,883923.555,103144.245,885315.465,HS5,http://data.ordnancesurvey.co.uk/id/postcodedistrict/HS5,,,,,,,Na h-Eileanan an Iar,http://data.ordnancesurvey.co.uk/id/7000000000030022,http://data.ordnancesurvey.co.uk/ontology/admingeo/UnitaryAuthority,Scotland,http://data.ordnancesurvey.co.uk/id/7000000000041429,Scotland,http://data.ordnancesurvey.co.uk/id/country/scotland,,,
osgb4000000074550522,http://data.ordnancesurvey.co.uk/id/4000000074550522,Sgarasta Mhor,,,,populatedPlace,Other Settlement,101093.160,893175.090,15000,25000,100516.179,892707.494,101630.565,893853.006,HS3,http://data.ordnancesurvey.co.uk/id/postcodedistrict/HS3,,,,,,,Na h-Eileanan an Iar,http://data.ordnancesurvey.co.uk/id/7000000000030022,http://data.ordnancesurvey.co.uk/ontology/admingeo/UnitaryAuthority,Scotland,http://data.ordnancesurvey.co.uk/id/7000000000041429,Scotland,http://data.ordnancesurvey.co.uk/id/country/scotland,,,
osgb4000000074571345,http://data.ordnancesurvey.co.uk/id/4000000074571345,Greosabhagh,,,,populatedPlace,Hamlet,115183.000,892900.000,5000,25000,114973.539,892389.585,115732.629,893093.374,HS3,http://data.ordnancesurvey.co.uk/id/postcodedistrict/HS3,,,,,,,Na h-Eileanan an Iar,http://data.ordnancesurvey.co.uk/id/7000000000030022,http://data.ordnancesurvey.co.uk/ontology/admingeo/UnitaryAuthority,Scotland,http://data.ordnancesurvey.co.uk/id/7000000000041429,Scotland,http://data.ordnancesurvey.co.uk/id/country/scotland,,,
osgb4000000074572051,http://data.ordnancesurvey.co.uk/id/4000000074572051,Geocrab,,,,populatedPlace,Other Settlement,111645.000,890995.000,15000,25000,111072.512,890459.178,112052.792,891258.489,HS3,http://data.ordnancesurvey.co.uk/id/postcodedistrict/HS3,,,,,,,Na h-Eileanan an Iar,http://data.ordnancesurvey.co.uk/id/7000000000030022,http://data.ordnancesurvey.co.uk/ontology/admingeo/UnitaryAuthority,Scotland,http://data.ordnancesurvey.co.uk/id/7000000000041429,Scotland,http://data.ordnancesurvey.co.uk/id/country/scotland,,,
osgb4000000074570997,http://data.ordnancesurvey.co.uk/id/4000000074570997,Boirseam,gla,Borsham,eng,populatedPlace,Other Settlement,107970.810,886000.310,15000,25000,107778.609,885712.446,108278.609,886212.446,HS3,http://data.ordnancesurvey.co.uk/id/postcodedistrict/HS3,,,,,,,Na h-Eileanan an Iar,http://data.ordnancesurvey.co.uk/id/7000000000030022,http://data.ordnancesurvey.co.uk/ontology/admingeo/UnitaryAuthority,Scotland,http://data.ordnancesurvey.co.uk/id/7000000000041429,Scotland,http://data.ordnancesurvey.co.uk/id/country/scotland,,http://dbpedia.org/resource/Borsham,
osgb4000000074336809,http://data.ordnancesurvey.co.uk/id/4000000074336809,Ardslave,eng,Àird Shleibhe,gla,populatedPlace,Hamlet,111005.000,889544.000,5000,25000,110862.728,889046.562,111362.728,889705.114,HS3,http://data.ordnancesurvey.co.uk/id/postcodedistrict/HS3,,,,,,,Na h-Eileanan an Iar,http://data.ordnancesurvey.co.uk/id/7000000000030022,http://data.ordnancesurvey.co.uk/ontology/admingeo/UnitaryAuthority,Scotland,http://data.ordnancesurvey.co.uk/id/7000000000041429,Scotland,http://data.ordnancesurvey.co.uk/id/country/scotland,,,
osgb4000000074571701,http://data.ordnancesurvey.co.uk/id/4000000074571701,Direcleit,gla,Diraclett,eng,populatedPlace,Other Settlement,115463.090,898884.790,15000,25000,115017.477,898376.652,116093.276,899442.397,HS3,http://data.ordnancesurvey.co.uk/id/postcodedistrict/HS3,,,,,,,Na h-Eileanan an Iar,http://data.ordnancesurvey.co.uk/id/7000000000030022,http://data.ordnancesurvey.co.uk/ontology/admingeo/UnitaryAuthority,Scotland,http://data.ordnancesurvey.co.uk/id/7000000000041429,Scotland,http://data.ordnancesurvey.co.uk/id/country/scotland,,,
osgb4000000074543447,http://data.ordnancesurvey.co.uk/id/4000000074543447,Ceann-na-Cleithe,,,,populatedPlace,Other Settlement,117622.530,893977.100,15000,25000,117382.869,893836.225,117882.869,894336.225,HS3,http://data.ordnancesurvey.co.uk/id/postcodedistrict/HS3,,,,,,,Na h-Eileanan an Iar,http://data.ordnancesurvey.co.uk/id/7000000000030022,http://data.ordnancesurvey.co.uk/ontology/admingeo/UnitaryAuthority,Scotland,http://data.ordnancesurvey.co.uk/id/7000000000041429,Scotland,http://data.ordnancesurvey.co.uk/id/country/scotland,,,
osgb4000000074570998,http://data.ordnancesurvey.co.uk/id/4000000074570998,Scadabhagh,gla,Scadabay,eng,populatedPlace,Other Settlement,117344.130,892251.700,15000,25000,116848.639,892017.112,117497.138,892862.130,HS3,http://data.ordnancesurvey.co.uk/id/postcodedistrict/HS3,,,,,,,Na h-Eileanan an Iar,http://data.ordnancesurvey.co.uk/id/7000000000030022,http://data.ordnancesurvey.co.uk/ontology/admingeo/UnitaryAuthority,Scotland,http://data.ordnancesurvey.co.uk/id/7000000000041429,Scotland,http://data.ordnancesurvey.co.uk/id/country/scotland,,,
osgb4000000074571699,http://data.ordnancesurvey.co.uk/id/4000000074571699,Miabhaig,gla,Meavag,eng,populatedPlace,Hamlet,115853.410,896242.990,5000,25000,115018.780,896044.279,116079.499,896702.831,HS3,http://data.ordnancesurvey.co.uk/id/postcodedistrict/HS3,,,,,,,Na h-Eileanan an Iar,http://data.ordnancesurvey.co.uk/id/7000000000030022,http://data.ordnancesurvey.co.uk/ontology/admingeo/UnitaryAuthority,Scotland,http://data.ordnancesurvey.co.uk/id/7000000000041429,Scotland,http://data.ordnancesurvey.co.uk/id/country/scotland,,,
osgb4000000074572053,http://data.ordnancesurvey.co.uk/id/4000000074572053,Cadha,cym,Caw,eng,populatedPlace,Hamlet,115495.200,899620.660,5000,25000,115296.868,899394.649,115796.868,899894.649,HS3,http://data.ordnancesurvey.co.uk/id/postcodedistrict/HS3,,,,,,,Na h-Eileanan an Iar,http://data.ordnancesurvey.co.uk/id/7000000000030022,http://data.ordnancesurvey.co.uk/ontology/admingeo/UnitaryAuthority,Scotland,http://data.ordnancesurvey.co.uk/id/7000000000041429,Scotland,http://data.ordnancesurvey.co.uk/id/country/scotland,,,
osgb4000000074543328,http://data.ordnancesurvey.co.uk/id/4000000074543328,Leac a' Lì,gla,Lackalee,eng,populatedPlace,Other Settlement,113132.000,891491.000,15000,25000,112465.012,891369.088,113329.680,893022.994,HS3,http://data.ordnancesurvey.co.uk/id/postcodedistrict/HS3,,,,,,,Na h-Eileanan an Iar,http://data.ordnancesurvey.co.uk/id/7000000000030022,http://data.ordnancesurvey.co.uk/ontology/admingeo/UnitaryAuthority,Scotland,http://data.ordnancesurvey.co.uk/id/7000000000041429,Scotland,http://data.ordnancesurvey.co.uk/id/country/scotland,,,
osgb4000000074543464,http://data.ordnancesurvey.co.uk/id/4000000074543464,Scarista,eng,Sgarasta,gla,populatedPlace,Hamlet,102622.700,894041.890,5000,25000,102041.458,893697.361,102888.143,894313.705,HS3,http://data.ordnancesurvey.co.uk/id/postcodedistrict/HS3,,,,,,,Na h-Eileanan an Iar,http://data.ordnancesurvey.co.uk/id/7000000000030022,http://data.ordnancesurvey.co.uk/ontology/admingeo/UnitaryAuthority,Scotland,http://data.ordnancesurvey.co.uk/id/7000000000041429,Scotland,http://data.ordnancesurvey.co.uk/id/country/scotland,,,
osgb4000000074572376,http://data.ordnancesurvey.co.uk/id/4000000074572376,Horgabost,,,,populatedPlace,Hamlet,104970.240,895878.220,5000,25000,104643.764,895645.983,105303.682,896972.044,HS3,http://data.ordnancesurvey.co.uk/id/postcodedistrict/HS3,,,,,,,Na h-Eileanan an Iar,http://data.ordnancesurvey.co.uk/id/7000000000030022,http://data.ordnancesurvey.co.uk/ontology/admingeo/UnitaryAuthority,Scotland,http://data.ordnancesurvey.co.uk/id/7000000000041429,Scotland,http://data.ordnancesurvey.co.uk/id/country/scotland,,,
osgb4000000074571698,http://data.ordnancesurvey.co.uk/id/4000000074571698,Drinisiadar,gla,Drinishader,eng,populatedPlace,Hamlet,117031.000,895016.000,5000,25000,116992.235,894370.258,117542.379,895800.029,HS3,http://data.ordnancesurvey.co.uk/id/postcodedistrict/HS3,,,,,,,Na h-Eileanan an Iar,http://data.ordnancesurvey.co.uk/id/7000000000030022,http://data.ordnancesurvey.co.uk/ontology/admingeo/UnitaryAuthority,Scotland,http://data.ordnancesurvey.co.uk/id/7000000000041429,Scotland,http://data.ordnancesurvey.co.uk/id/country/scotland,,,
osgb4000000074572052,http://data.ordnancesurvey.co.uk/id/4000000074572052,Liceasto,gla,Likisto,eng,populatedPlace,Other Settlement,112110.000,892153.000,15000,25000,111880.716,891938.498,112380.716,892438.498,HS3,http://data.ordnancesurvey.co.uk/id/postcodedistrict/HS3,,,,,,,Na h-Eileanan an Iar,http://data.ordnancesurvey.co.uk/id/7000000000030022,http://data.ordnancesurvey.co.uk/ontology/admingeo/UnitaryAuthority,Scotland,http://data.ordnancesurvey.co.uk/id/7000000000041429,Scotland,http://data.ordnancesurvey.co.uk/id/country/scotland,,,
osgb4000000074570999,http://data.ordnancesurvey.co.uk/id/4000000074570999,Cliuthar,gla,Cluer,eng,populatedPlace,Hamlet,114823.000,890876.000,5000,25000,114149.091,890243.010,115144.459,891062.435,HS3,http://data.ordnancesurvey.co.uk/id/postcodedistrict/HS3,,,,,,,Na h-Eileanan an Iar,http://data.ordnancesurvey.co.uk/id/7000000000030022,http://data.ordnancesurvey.co.uk/ontology/admingeo/UnitaryAuthority,Scotland,http://data.ordnancesurvey.co.uk/id/7000000000041429,Scotland,http://data.ordnancesurvey.co.uk/id/country/scotland,,,
osgb4000000074571343,http://data.ordnancesurvey.co.uk/id/4000000074571343,Collam,,,,populatedPlace,Hamlet,115115.160,891398.470,5000,25000,115035.215,891101.488,115535.215,891601.488,HS3,http://data.ordnancesurvey.co.uk/id/postcodedistrict/HS3,,,,,,,Na h-Eileanan an Iar,http://data.ordnancesurvey.co.uk/id/7000000000030022,http://data.ordnancesurvey.co.uk/ontology/admingeo/UnitaryAuthority,Scotland,http://data.ordnancesurvey.co.uk/id/7000000000041429,Scotland,http://data.ordnancesurvey.co.uk/id/country/scotland,,,
osgb4000000074336800,http://data.ordnancesurvey.co.uk/id/4000000074336800,Plocrapool,eng,Plocrapol,gla,populatedPlace,Hamlet,117840.500,893509.940,5000,25000,117614.114,893290.786,118114.114,893790.786,HS3,http://data.ordnancesurvey.co.uk/id/postcodedistrict/HS3,,,,,,,Na h-Eileanan an Iar,http://data.ordnancesurvey.co.uk/id/7000000000030022,http://data.ordnancesurvey.co.uk/ontology/admingeo/UnitaryAuthority,Scotland,http://data.ordnancesurvey.co.uk/id/7000000000041429,Scotland,http://data.ordnancesurvey.co.uk/id/country/scotland,,,
osgb4000000074542614,http://data.ordnancesurvey.co.uk/id/4000000074542614,Cairminis,gla,Carminish,eng,populatedPlace,Hamlet,102166.865,885008.773,5000,25000,101876.708,884749.752,102376.708,885249.752,HS5,http://data.ordnancesurvey.co.uk/id/postcodedistrict/HS5,,,,,,,Na h-Eileanan an Iar,http://data.ordnancesurvey.co.uk/id/7000000000030022,http://data.ordnancesurvey.co.uk/ontology/admingeo/UnitaryAuthority,Scotland,http://data.ordnancesurvey.co.uk/id/7000000000041429,Scotland,http://data.ordnancesurvey.co.uk/id/country/scotland,,,
osgb4000000074572375,http://data.ordnancesurvey.co.uk/id/4000000074572375,Na Buirgh,gla,Borve,eng,populatedPlace,Hamlet,103484.490,894884.660,5000,25000,102819.660,894189.190,103616.537,895390.736,HS3,http://data.ordnancesurvey.co.uk/id/postcodedistrict/HS3,,,,,,,Na h-Eileanan an Iar,http://data.ordnancesurvey.co.uk/id/7000000000030022,http://data.ordnancesurvey.co.uk/ontology/admingeo/UnitaryAuthority,Scotland,http://data.ordnancesurvey.co.uk/id/7000000000041429,Scotland,http://data.ordnancesurvey.co.uk/id/country/scotland,,,
osgb4000000074543327,http://data.ordnancesurvey.co.uk/id/4000000074543327,An t-Ob,,,,populatedPlace,Village,101538.500,886293.000,16000,250000,100391.671,885616.514,102682.693,888056.956,HS5,http://data.ordnancesurvey.co.uk/id/postcodedistrict/HS5,,,,,,,Na h-Eileanan an Iar,http://data.ordnancesurvey.co.uk/id/7000000000030022,http://data.ordnancesurvey.co.uk/ontology/admingeo/UnitaryAuthority,Scotland,http://data.ordnancesurvey.co.uk/id/7000000000041429,Scotland,http://data.ordnancesurvey.co.uk/id/country/scotland,,http://dbpedia.org/resource/Leverburgh,http://sws.geonames.org/7909718
osgb4000000074572049,http://data.ordnancesurvey.co.uk/id/4000000074572049,Fleoideabhagh,gla,Flodabay,eng,populatedPlace,Hamlet,109905.530,888950.720,5000,25000,109560.708,888624.293,110060.708,889348.196,HS3,http://data.ordnancesurvey.co.uk/id/postcodedistrict/HS3,,,,,,,Na h-Eileanan an Iar,http://data.ordnancesurvey.co.uk/id/7000000000030022,http://data.ordnancesurvey.co.uk/ontology/admingeo/UnitaryAuthority,Scotland,http://data.ordnancesurvey.co.uk/id/7000000000041429,Scotland,http://data.ordnancesurvey.co.uk/id/country/scotland,,,
osgb4000000074571349,http://data.ordnancesurvey.co.uk/id/4000000074571349,Carragraich,gla,Carragreich,eng,populatedPlace,Other Settlement,119745.150,898462.260,15000,25000,118738.828,898257.326,120000.001,899040.432,HS3,http://data.ordnancesurvey.co.uk/id/postcodedistrict/HS3,,,,,,,Na h-Eileanan an Iar,http://data.ordnancesurvey.co.uk/id/7000000000030022,http://data.ordnancesurvey.co.uk/ontology/admingeo/UnitaryAuthority,Scotland,http://data.ordnancesurvey.co.uk/id/7000000000041429,Scotland,http://data.ordnancesurvey.co.uk/id/country/scotland,,,
osgb4000000074550521,http://data.ordnancesurvey.co.uk/id/4000000074550521,Sgarasta Bheag,,,,populatedPlace,Other Settlement,100277.550,892615.560,15000,25000,100027.568,892365.566,100527.568,892865.566,HS3,http://data.ordnancesurvey.co.uk/id/postcodedistrict/HS3,,,,,,,Na h-Eileanan an Iar,http://data.ordnancesurvey.co.uk/id/7000000000030022,http://data.ordnancesurvey.co.uk/ontology/admingeo/UnitaryAuthority,Scotland,http://data.ordnancesurvey.co.uk/id/7000000000041429,Scotland,http://data.ordnancesurvey.co.uk/id/country/scotland,,,
osgb4000000074572374,http://data.ordnancesurvey.co.uk/id/4000000074572374,Seilebost,,,,populatedPlace,Village,106250.980,897142.990,15000,250000,105924.766,896687.745,108186.964,897436.781,HS3,http://data.ordnancesurvey.co.uk/id/postcodedistrict/HS3,,,,,,,Na h-Eileanan an Iar,http://data.ordnancesurvey.co.uk/id/7000000000030022,http://data.ordnancesurvey.co.uk/ontology/admingeo/UnitaryAuthority,Scotland,http://data.ordnancesurvey.co.uk/id/7000000000041429,Scotland,http://data.ordnancesurvey.co.uk/id/country/scotland,,,
osgb4000000074570996,http://data.ordnancesurvey.co.uk/id/4000000074570996,Lingreabhagh,gla,Lingarabay,eng,populatedPlace,Hamlet,106171.000,885301.000,5000,25000,106119.242,885126.823,106953.469,885626.823,HS3,http://data.ordnancesurvey.co.uk/id/postcodedistrict/HS3,,,,,,,Na h-Eileanan an Iar,http://data.ordnancesurvey.co.uk/id/7000000000030022,http://data.ordnancesurvey.co.uk/ontology/admingeo/UnitaryAuthority,Scotland,http://data.ordnancesurvey.co.uk/id/7000000000041429,Scotland,http://data.ordnancesurvey.co.uk/id/country/scotland,,,
osgb4000000074572050,http://data.ordnancesurvey.co.uk/id/4000000074572050,Manish,eng,Mànais,gla,populatedPlace,Hamlet,110284.000,889344.000,5000,25000,110016.823,888925.917,110866.402,889524.136,HS3,http://data.ordnancesurvey.co.uk/id/postcodedistrict/HS3,,,,,,,Na h-Eileanan an Iar,http://data.ordnancesurvey.co.uk/id/7000000000030022,http://data.ordnancesurvey.co.uk/ontology/admingeo/UnitaryAuthority,Scotland,http://data.ordnancesurvey.co.uk/id/7000000000041429,Scotland,http://data.ordnancesurvey.co.uk/id/country/scotland,,,
osgb4000000074542849,http://data.ordnancesurvey.co.uk/id/4000000074542849,Àird Mhìghe,,,,populatedPlace,Other Settlement,111680.000,892922.000,15000,25000,111468.056,892726.952,111968.056,893226.952,HS3,http://data.ordnancesurvey.co.uk/id/postcodedistrict/HS3,,,,,,,Na h-Eileanan an Iar,http://data.ordnancesurvey.co.uk/id/7000000000030022,http://data.ordnancesurvey.co.uk/ontology/admingeo/UnitaryAuthority,Scotland,http://data.ordnancesurvey.co.uk/id/7000000000041429,Scotland,http://data.ordnancesurvey.co.uk/id/country/scotland,,,
osgb4000000074336812,http://data.ordnancesurvey.co.uk/id/4000000074336812,Àird Mhìghe,gla,Ardvey,eng,populatedPlace,Hamlet,108009.980,886889.070,5000,25000,107659.115,886779.351,108166.854,887367.513,HS3,http://data.ordnancesurvey.co.uk/id/postcodedistrict/HS3,,,,,,,Na h-Eileanan an Iar,http://data.ordnancesurvey.co.uk/id/7000000000030022,http://data.ordnancesurvey.co.uk/ontology/admingeo/UnitaryAuthority,Scotland,http://data.ordnancesurvey.co.uk/id/7000000000041429,Scotland,http://data.ordnancesurvey.co.uk/id/country/scotland,,,
osgb4000000074571344,http://data.ordnancesurvey.co.uk/id/4000000074571344,Caolas Stocinis,gla,Kyles Stockinish,eng,populatedPlace,Hamlet,113639.000,890909.000,5000,25000,113244.212,890378.751,114108.880,891223.299,HS3,http://data.ordnancesurvey.co.uk/id/postcodedistrict/HS3,,,,,,,Na h-Eileanan an Iar,http://data.ordnancesurvey.co.uk/id/7000000000030022,http://data.ordnancesurvey.co.uk/ontology/admingeo/UnitaryAuthority,Scotland,http://data.ordnancesurvey.co.uk/id/7000000000041429,Scotland,http://data.ordnancesurvey.co.uk/id/country/scotland,,,
HS33JQ,http://data.ordnancesurvey.co.uk/id/postcodeunit/HS33JQ,HS3 3JQ,,,,other,Postcode,108936.000,887231.000,3500,18000,,,,,,,Cuidhtinis,http://data.ordnancesurvey.co.uk/id/4000000074336813,http://www.ordnancesurvey.co.uk/xml/codelists/localtype.xml#otherSettlement,,,,Na h-Eileanan an Iar,http://data.ordnancesurvey.co.uk/id/7000000000030022,http://data.ordnancesurvey.co.uk/ontology/admingeo/UnitaryAuthority,Scotland,http://data.ordnancesurvey.co.uk/id/7000000000041429,Scotland,http://data.ordnancesurvey.co.uk/id/country/scotland,,,
HS33EB,http://data.ordnancesurvey.co.uk/id/postcodeunit/HS33EB,HS3 3EB,,,,other,Postcode,117840.000,893533.000,3500,18000,,,,,,,Plocrapool / Plocrapol,http://data.ordnancesurvey.co.uk/id/4000000074336800,http://www.ordnancesurvey.co.uk/xml/codelists/localtype.xml#hamlet,,,,Na h-Eileanan an Iar,http://data.ordnancesurvey.co.uk/id/7000000000030022,http://data.ordnancesurvey.co.uk/ontology/admingeo/UnitaryAuthority,Scotland,http://data.ordnancesurvey.co.uk/id/7000000000041429,Scotland,http://data.ordnancesurvey.co.uk/id/country/scotland,,,
HS53UB,http://data.ordnancesurvey.co.uk/id/postcodeunit/HS53UB,HS5 3UB,,,,other,Postcode,101603.000,886201.000,3500,18000,,,,,,,An t-Ob,http://data.ordnancesurvey.co.uk/id/4000000074543327,http://www.ordnancesurvey.co.uk/xml/codelists/localtype.xml#village,,,,Na h-Eileanan an Iar,http://data.ordnancesurvey.co.uk/id/7000000000030022,http://data.ordnancesurvey.co.uk/ontology/admingeo/UnitaryAuthority,Scotland,http://data.ordnancesurvey.co.uk/id/7000000000041429,Scotland,http://data.ordnancesurvey.co.uk/id/country/scotland,,,
HS33JG,http://data.ordnancesurvey.co.uk/id/postcodeunit/HS33JG,HS3 3JG,,,,other,Postcode,107919.000,887006.000,3500,18000,,,,,,,Àird Mhìghe / Ardvey,http://data.ordnancesurvey.co.uk/id/4000000074336812,http://www.ordnancesurvey.co.uk/xml/codelists/localtype.xml#hamlet,,,,Na h-Eileanan an Iar,http://data.ordnancesurvey.co.uk/id/7000000000030022,http://data.ordnancesurvey.co.uk/ontology/admingeo/UnitaryAuthority,Scotland,http://data.ordnancesurvey.co.uk/id/7000000000041429,Scotland,http://data.ordnancesurvey.co.uk/id/country/scotland,,,
HS33DJ,http://data.ordnancesurvey.co.uk/id/postcodeunit/HS33DJ,HS3 3DJ,,,,other,Postcode,115542.000,899985.000,3500,18000,,,,,,,Tarbert / An Tairbeart,http://data.ordnancesurvey.co.uk/id/4000000074543463,http://www.ordnancesurvey.co.uk/xml/codelists/localtype.xml#village,,,,Na h-Eileanan an Iar,http://data.ordnancesurvey.co.uk/id/7000000000030022,http://data.ordnancesurvey.co.uk/ontology/admingeo/UnitaryAuthority,Scotland,http://data.ordnancesurvey.co.uk/id/7000000000041429,Scotland,http://data.ordnancesurvey.co.uk/id/country/scotland,,,
HS33EJ,http://data.ordnancesurvey.co.uk/id/postcodeunit/HS33EJ,HS3 3EJ,,,,other,Postcode,112058.000,892698.000,3500,18000,,,,,,,,,,,,,Na h-Eileanan an Iar,http://data.ordnancesurvey.co.uk/id/7000000000030022,http://data.ordnancesurvey.co.uk/ontology/admingeo/UnitaryAuthority,Scotland,http://data.ordnancesurvey.co.uk/id/7000000000041429,Scotland,http://data.ordnancesurvey.co.uk/id/country/scotland,,,
HS53TU,http://data.ordnancesurvey.co.uk/id/postcodeunit/HS53TU,HS5 3TU,,,,other,Postcode,101531.000,887098.000,3500,18000,,,,,,,An t-Ob,http://data.ordnancesurvey.co.uk/id/4000000074543327,http://www.ordnancesurvey.co.uk/xml/codelists/localtype.xml#village,,,,Na h-Eileanan an Iar,http://data.ordnancesurvey.co.uk/id/7000000000030022,http://data.ordnancesurvey.co.uk/ontology/admingeo/UnitaryAuthority,Scotland,http://data.ordnancesurvey.co.uk/id/7000000000041429,Scotland,http://data.ordnancesurvey.co.uk/id/country/scotland,,,
HS33HP,http://data.ordnancesurvey.co.uk/id/postcodeunit/HS33HP,HS3 3HP,,,,other,Postcode,107120.000,897158.000,3500,18000,,,,,,,Seilebost,http://data.ordnancesurvey.co.uk/id/4000000074572374,http://www.ordnancesurvey.co.uk/xml/codelists/localtype.xml#village,,,,Na h-Eileanan an Iar,http://data.ordnancesurvey.co.uk/id/7000000000030022,http://data.ordnancesurvey.co.uk/ontology/admingeo/UnitaryAuthority,Scotland,http://data.ordnancesurvey.co.uk/id/7000000000041429,Scotland,http://data.ordnancesurvey.co.uk/id/country/scotland,,,
HS33DG,http://data.ordnancesurvey.co.uk/id/postcodeunit/HS33DG,HS3 3DG,,,,other,Postcode,115782.000,899913.000,3500,18000,,,,,,,Tarbert / An Tairbeart,http://data.ordnancesurvey.co.uk/id/4000000074543463,http://www.ordnancesurvey.co.uk/xml/codelists/localtype.xml#village,,,,Na h-Eileanan an Iar,http://data.ordnancesurvey.co.uk/id/7000000000030022,http://data.ordnancesurvey.co.uk/ontology/admingeo/UnitaryAuthority,Scotland,http://data.ordnancesurvey.co.uk/id/7000000000041429,Scotland,http://data.ordnancesurvey.co.uk/id/country/scotland,,,
HS33JE,http://data.ordnancesurvey.co.uk/id/postcodeunit/HS33JE,HS3 3JE,,,,other,Postcode,106452.000,885221.000,3500,18000,,,,,,,Lingreabhagh / Lingarabay,http://data.ordnancesurvey.co.uk/id/4000000074570996,http://www.ordnancesurvey.co.uk/xml/codelists/localtype.xml#hamlet,,,,Na h-Eileanan an Iar,http://data.ordnancesurvey.co.uk/id/7000000000030022,http://data.ordnancesurvey.co.uk/ontology/admingeo/UnitaryAuthority,Scotland,http://data.ordnancesurvey.co.uk/id/7000000000041429,Scotland,http://data.ordnancesurvey.co.uk/id/country/scotland,,,
HS33AE,http://data.ordnancesurvey.co.uk/id/postcodeunit/HS33AE,HS3 3AE,,,,other,Postcode,103846.000,896293.000,3500,18000,,,,,,,,,,,,,Na h-Eileanan an Iar,http://data.ordnancesurvey.co.uk/id/7000000000030022,http://data.ordnancesurvey.co.uk/ontology/admingeo/UnitaryAuthority,Scotland,http://data.ordnancesurvey.co.uk/id/7000000000041429,Scotland,http://data.ordnancesurvey.co.uk/id/country/scotland,,,
HS33EY,http://data.ordnancesurvey.co.uk/id/postcodeunit/HS33EY,HS3 3EY,,,,other,Postcode,110965.000,889524.000,3500,18000,,,,,,,Ardslave / Àird Shleibhe,http://data.ordnancesurvey.co.uk/id/4000000074336809,http://www.ordnancesurvey.co.uk/xml/codelists/localtype.xml#hamlet,,,,Na h-Eileanan an Iar,http://data.ordnancesurvey.co.uk/id/7000000000030022,http://data.ordnancesurvey.co.uk/ontology/admingeo/UnitaryAuthority,Scotland,http://data.ordnancesurvey.co.uk/id/7000000000041429,Scotland,http://data.ordnancesurvey.co.uk/id/country/scotland,,,
HS33ER,http://data.ordnancesurvey.co.uk/id/postcodeunit/HS33ER,HS3 3ER,,,,other,Postcode,115445.000,891352.000,3500,18000,,,,,,,Collam,http://data.ordnancesurvey.co.uk/id/4000000074571343,http://www.ordnancesurvey.co.uk/xml/codelists/localtype.xml#hamlet,,,,Na h-Eileanan an Iar,http://data.ordnancesurvey.co.uk/id/7000000000030022,http://data.ordnancesurvey.co.uk/ontology/admingeo/UnitaryAuthority,Scotland,http://data.ordnancesurvey.co.uk/id/7000000000041429,Scotland,http://data.ordnancesurvey.co.uk/id/country/scotland,,,
HS33DN,http://data.ordnancesurvey.co.uk/id/postcodeunit/HS33DN,HS3 3DN,,,,other,Postcode,115515.000,899558.000,3500,18000,,,,,,,Cadha / Caw,http://data.ordnancesurvey.co.uk/id/4000000074572053,http://www.ordnancesurvey.co.uk/xml/codelists/localtype.xml#hamlet,,,,Na h-Eileanan an Iar,http://data.ordnancesurvey.co.uk/id/7000000000030022,http://data.ordnancesurvey.co.uk/ontology/admingeo/UnitaryAuthority,Scotland,http://data.ordnancesurvey.co.uk/id/7000000000041429,Scotland,http://data.ordnancesurvey.co.uk/id/country/scotland,,,
HS33DZ,http://data.ordnancesurvey.co.uk/id/postcodeunit/HS33DZ,HS3 3DZ,,,,other,Postcode,115145.000,896581.000,3500,18000,,,,,,,Miabhaig / Meavag,http://data.ordnancesurvey.co.uk/id/4000000074571699,http://www.ordnancesurvey.co.uk/xml/codelists/localtype.xml#hamlet,,,,Na h-Eileanan an Iar,http://data.ordnancesurvey.co.uk/id/7000000000030022,http://data.ordnancesurvey.co.uk/ontology/admingeo/UnitaryAuthority,Scotland,http://data.ordnancesurvey.co.uk/id/7000000000041429,Scotland,http://data.ordnancesurvey.co.uk/id/country/scotland,,,
HS33EF,http://data.ordnancesurvey.co.uk/id/postcodeunit/HS33EF,HS3 3EF,,,,other,Postcode,115288.000,892892.000,3500,18000,,,,,,,Greosabhagh,http://data.ordnancesurvey.co.uk/id/4000000074571345,http://www.ordnancesurvey.co.uk/xml/codelists/localtype.xml#hamlet,,,,Na h-Eileanan an Iar,http://data.ordnancesurvey.co.uk/id/7000000000030022,http://data.ordnancesurvey.co.uk/ontology/admingeo/UnitaryAuthority,Scotland,http://data.ordnancesurvey.co.uk/id/7000000000041429,Scotland,http://data.ordnancesurvey.co.uk/id/country/scotland,,,
HS33EL,http://data.ordnancesurvey.co.uk/id/postcodeunit/HS33EL,HS3 3EL,,,,other,Postcode,111984.000,892437.000,3500,18000,,,,,,,,,,,,,Na h-Eileanan an Iar,http://data.ordnancesurvey.co.uk/id/7000000000030022,http://data.ordnancesurvey.co.uk/ontology/admingeo/UnitaryAuthority,Scotland,http://data.ordnancesurvey.co.uk/id/7000000000041429,Scotland,http://data.ordnancesurvey.co.uk/id/country/scotland,,,
HS53TX,http://data.ordnancesurvey.co.uk/id/postcodeunit/HS53TX,HS5 3TX,,,,other,Postcode,101293.000,887256.000,3500,18000,,,,,,,An t-Ob,http://data.ordnancesurvey.co.uk/id/4000000074543327,http://www.ordnancesurvey.co.uk/xml/codelists/localtype.xml#village,,,,Na h-Eileanan an Iar,http://data.ordnancesurvey.co.uk/id/7000000000030022,http://data.ordnancesurvey.co.uk/ontology/admingeo/UnitaryAuthority,Scotland,http://data.ordnancesurvey.co.uk/id/7000000000041429,Scotland,http://data.ordnancesurvey.co.uk/id/country/scotland,,,
HS33HR,http://data.ordnancesurvey.co.uk/id/postcodeunit/HS33HR,HS3 3HR,,,,other,Postcode,104845.000,896250.000,3500,18000,,,,,,,Horgabost,http://data.ordnancesurvey.co.uk/id/4000000074572376,http://www.ordnancesurvey.co.uk/xml/codelists/localtype.xml#hamlet,,,,Na h-Eileanan an Iar,http://data.ordnancesurvey.co.uk/id/7000000000030022,http://data.ordnancesurvey.co.uk/ontology/admingeo/UnitaryAuthority,Scotland,http://data.ordnancesurvey.co.uk/id/7000000000041429,Scotland,http://data.ordnancesurvey.co.uk/id/country/scotland,,,
HS53TS,http://data.ordnancesurvey.co.uk/id/postcodeunit/HS53TS,HS5 3TS,,,,other,Postcode,101953.000,886795.000,3500,18000,,,,,,,An t-Ob,http://data.ordnancesurvey.co.uk/id/4000000074543327,http://www.ordnancesurvey.co.uk/xml/codelists/localtype.xml#village,,,,Na h-Eileanan an Iar,http://data.ordnancesurvey.co.uk/id/7000000000030022,http://data.ordnancesurvey.co.uk/ontology/admingeo/UnitaryAuthority,Scotland,http://data.ordnancesurvey.co.uk/id/7000000000041429,Scotland,http://data.ordnancesurvey.co.uk/id/country/scotland,,,
HS33DR,http://data.ordnancesurvey.co.uk/id/postcodeunit/HS33DR,HS3 3DR,,,,other,Postcode,114732.000,897982.000,3500,18000,,,,,,,,,,,,,Na h-Eileanan an Iar,http://data.ordnancesurvey.co.uk/id/7000000000030022,http://data.ordnancesurvey.co.uk/ontology/admingeo/UnitaryAuthority,Scotland,http://data.ordnancesurvey.co.uk/id/7000000000041429,Scotland,http://data.ordnancesurvey.co.uk/id/country/scotland,,,
HS33HL,http://data.ordnancesurvey.co.uk/id/postcodeunit/HS33HL,HS3 3HL,,,,other,Postcode,107053.000,899090.000,3500,18000,,,,,,,,,,,,,Na h-Eileanan an Iar,http://data.ordnancesurvey.co.uk/id/7000000000030022,http://data.ordnancesurvey.co.uk/ontology/admingeo/UnitaryAuthority,Scotland,http://data.ordnancesurvey.co.uk/id/7000000000041429,Scotland,http://data.ordnancesurvey.co.uk/id/country/scotland,,,
HS33EH,http://data.ordnancesurvey.co.uk/id/postcodeunit/HS33EH,HS3 3EH,,,,other,Postcode,112917.000,892388.000,3500,18000,,,,,,,Leac a' Lì / Lackalee,http://data.ordnancesurvey.co.uk/id/4000000074543328,http://www.ordnancesurvey.co.uk/xml/codelists/localtype.xml#otherSettlement,,,,Na h-Eileanan an Iar,http://data.ordnancesurvey.co.uk/id/7000000000030022,http://data.ordnancesurvey.co.uk/ontology/admingeo/UnitaryAuthority,Scotland,http://data.ordnancesurvey.co.uk/id/7000000000041429,Scotland,http://data.ordnancesurvey.co.uk/id/country/scotland,,,
HS33ED,http://data.ordnancesurvey.co.uk/id/postcodeunit/HS33ED,HS3 3ED,,,,other,Postcode,117353.000,892421.000,3500,18000,,,,,,,Scadabhagh / Scadabay,http://data.ordnancesurvey.co.uk/id/4000000074570998,http://www.ordnancesurvey.co.uk/xml/codelists/localtype.xml#otherSettlement,,,,Na h-Eileanan an Iar,http://data.ordnancesurvey.co.uk/id/7000000000030022,http://data.ordnancesurvey.co.uk/ontology/admingeo/UnitaryAuthority,Scotland,http://data.ordnancesurvey.co.uk/id/7000000000041429,Scotland,http://data.ordnancesurvey.co.uk/id/country/scotland,,,
HS53UE,http://data.ordnancesurvey.co.uk/id/postcodeunit/HS53UE,HS5 3UE,,,,other,Postcode,103553.000,883607.000,3500,18000,,,,,,,Borghasdal / Borrisdale,http://data.ordnancesurvey.co.uk/id/4000000074336940,http://www.ordnancesurvey.co.uk/xml/codelists/localtype.xml#hamlet,,,,Na h-Eileanan an Iar,http://data.ordnancesurvey.co.uk/id/7000000000030022,http://data.ordnancesurvey.co.uk/ontology/admingeo/UnitaryAuthority,Scotland,http://data.ordnancesurvey.co.uk/id/7000000000041429,Scotland,http://data.ordnancesurvey.co.uk/id/country/scotland,,,
HS33BW,http://data.ordnancesurvey.co.uk/id/postcodeunit/HS33BW,HS3 3BW,,,,other,Postcode,117423.000,899968.000,3500,18000,,,,,,,Urgha,http://data.ordnancesurvey.co.uk/id/4000000074571700,http://www.ordnancesurvey.co.uk/xml/codelists/localtype.xml#otherSettlement,,,,Na h-Eileanan an Iar,http://data.ordnancesurvey.co.uk/id/7000000000030022,http://data.ordnancesurvey.co.uk/ontology/admingeo/UnitaryAuthority,Scotland,http://data.ordnancesurvey.co.uk/id/7000000000041429,Scotland,http://data.ordnancesurvey.co.uk/id/country/scotland,,,
HS33HG,http://data.ordnancesurvey.co.uk/id/postcodeunit/HS33HG,HS3 3HG,,,,other,Postcode,115235.000,899080.000,3500,18000,,,,,,,Direcleit / Diraclett,http://data.ordnancesurvey.co.uk/id/4000000074571701,http://www.ordnancesurvey.co.uk/xml/codelists/localtype.xml#otherSettlement,,,,Na h-Eileanan an Iar,http://data.ordnancesurvey.co.uk/id/7000000000030022,http://data.ordnancesurvey.co.uk/ontology/admingeo/UnitaryAuthority,Scotland,http://data.ordnancesurvey.co.uk/id/7000000000041429,Scotland,http://data.ordnancesurvey.co.uk/id/country/scotland,,,
HS53TN,http://data.ordnancesurvey.co.uk/id/postcodeunit/HS53TN,HS5 3TN,,,,other,Postcode,102570.000,886211.000,3500,18000,,,,,,,An t-Ob,http://data.ordnancesurvey.co.uk/id/4000000074543327,http://www.ordnancesurvey.co.uk/xml/codelists/localtype.xml#village,,,,Na h-Eileanan an Iar,http://data.ordnancesurvey.co.uk/id/7000000000030022,http://data.ordnancesurvey.co.uk/ontology/admingeo/UnitaryAuthority,Scotland,http://data.ordnancesurvey.co.uk/id/7000000000041429,Scotland,http://data.ordnancesurvey.co.uk/id/country/scotland,,,
HS33HB,http://data.ordnancesurvey.co.uk/id/postcodeunit/HS33HB,HS3 3HB,,,,other,Postcode,111504.000,890908.000,3500,18000,,,,,,,Geocrab,http://data.ordnancesurvey.co.uk/id/4000000074572051,http://www.ordnancesurvey.co.uk/xml/codelists/localtype.xml#otherSettlement,,,,Na h-Eileanan an Iar,http://data.ordnancesurvey.co.uk/id/7000000000030022,http://data.ordnancesurvey.co.uk/ontology/admingeo/UnitaryAuthority,Scotland,http://data.ordnancesurvey.co.uk/id/7000000000041429,Scotland,http://data.ordnancesurvey.co.uk/id/country/scotland,,,
HS33HJ,http://data.ordnancesurvey.co.uk/id/postcodeunit/HS33HJ,HS3 3HJ,,,,other,Postcode,114079.000,896339.000,3500,18000,,,,,,,,,,,,,Na h-Eileanan an Iar,http://data.ordnancesurvey.co.uk/id/7000000000030022,http://data.ordnancesurvey.co.uk/ontology/admingeo/UnitaryAuthority,Scotland,http://data.ordnancesurvey.co.uk/id/7000000000041429,Scotland,http://data.ordnancesurvey.co.uk/id/country/scotland,,,
HS53UA,http://data.ordnancesurvey.co.uk/id/postcodeunit/HS53UA,HS5 3UA,,,,other,Postcode,101858.000,886386.000,3500,18000,,,,,,,An t-Ob,http://data.ordnancesurvey.co.uk/id/4000000074543327,http://www.ordnancesurvey.co.uk/xml/codelists/localtype.xml#village,,,,Na h-Eileanan an Iar,http://data.ordnancesurvey.co.uk/id/7000000000030022,http://data.ordnancesurvey.co.uk/ontology/admingeo/UnitaryAuthority,Scotland,http://data.ordnancesurvey.co.uk/id/7000000000041429,Scotland,http://data.ordnancesurvey.co.uk/id/country/scotland,,,
HS53TY,http://data.ordnancesurvey.co.uk/id/postcodeunit/HS53TY,HS5 3TY,,,,other,Postcode,100679.000,887725.000,3500,18000,,,,,,,An t-Ob,http://data.ordnancesurvey.co.uk/id/4000000074543327,http://www.ordnancesurvey.co.uk/xml/codelists/localtype.xml#village,,,,Na h-Eileanan an Iar,http://data.ordnancesurvey.co.uk/id/7000000000030022,http://data.ordnancesurvey.co.uk/ontology/admingeo/UnitaryAuthority,Scotland,http://data.ordnancesurvey.co.uk/id/7000000000041429,Scotland,http://data.ordnancesurvey.co.uk/id/country/scotland,,,
HS33DP,http://data.ordnancesurvey.co.uk/id/postcodeunit/HS33DP,HS3 3DP,,,,other,Postcode,115982.000,899100.000,3500,18000,,,,,,,Direcleit / Diraclett,http://data.ordnancesurvey.co.uk/id/4000000074571701,http://www.ordnancesurvey.co.uk/xml/codelists/localtype.xml#otherSettlement,,,,Na h-Eileanan an Iar,http://data.ordnancesurvey.co.uk/id/7000000000030022,http://data.ordnancesurvey.co.uk/ontology/admingeo/UnitaryAuthority,Scotland,http://data.ordnancesurvey.co.uk/id/7000000000041429,Scotland,http://data.ordnancesurvey.co.uk/id/country/scotland,,,
HS53UD,http://data.ordnancesurvey.co.uk/id/postcodeunit/HS53UD,HS5 3UD,,,,other,Postcode,102647.000,884549.000,3500,18000,,,,,,,Strond / Srannda,http://data.ordnancesurvey.co.uk/id/4000000074543269,http://www.ordnancesurvey.co.uk/xml/codelists/localtype.xml#otherSettlement,,,,Na h-Eileanan an Iar,http://data.ordnancesurvey.co.uk/id/7000000000030022,http://data.ordnancesurvey.co.uk/ontology/admingeo/UnitaryAuthority,Scotland,http://data.ordnancesurvey.co.uk/id/7000000000041429,Scotland,http://data.ordnancesurvey.co.uk/id/country/scotland,,,
HS33HQ,http://data.ordnancesurvey.co.uk/id/postcodeunit/HS33HQ,HS3 3HQ,,,,other,Postcode,114823.000,898473.000,3500,18000,,,,,,,,,,,,,Na h-Eileanan an Iar,http://data.ordnancesurvey.co.uk/id/7000000000030022,http://data.ordnancesurvey.co.uk/ontology/admingeo/UnitaryAuthority,Scotland,http://data.ordnancesurvey.co.uk/id/7000000000041429,Scotland,http://data.ordnancesurvey.co.uk/id/country/scotland,,,
HS33EN,http://data.ordnancesurvey.co.uk/id/postcodeunit/HS33EN,HS3 3EN,,,,other,Postcode,113524.000,891006.000,3500,18000,,,,,,,Caolas Stocinis / Kyles Stockinish,http://data.ordnancesurvey.co.uk/id/4000000074571344,http://www.ordnancesurvey.co.uk/xml/codelists/localtype.xml#hamlet,,,,Na h-Eileanan an Iar,http://data.ordnancesurvey.co.uk/id/7000000000030022,http://data.ordnancesurvey.co.uk/ontology/admingeo/UnitaryAuthority,Scotland,http://data.ordnancesurvey.co.uk/id/7000000000041429,Scotland,http://data.ordnancesurvey.co.uk/id/country/scotland,,,
HS33HX,http://data.ordnancesurvey.co.uk/id/postcodeunit/HS33HX,HS3 3HX,,,,other,Postcode,101302.000,893586.000,3500,18000,,,,,,,Sgarasta Mhor,http://data.ordnancesurvey.co.uk/id/4000000074550522,http://www.ordnancesurvey.co.uk/xml/codelists/localtype.xml#otherSettlement,,,,Na h-Eileanan an Iar,http://data.ordnancesurvey.co.uk/id/7000000000030022,http://data.ordnancesurvey.co.uk/ontology/admingeo/UnitaryAuthority,Scotland,http://data.ordnancesurvey.co.uk/id/7000000000041429,Scotland,http://data.ordnancesurvey.co.uk/id/country/scotland,,,
HS33BP,http://data.ordnancesurvey.co.uk/id/postcodeunit/HS33BP,HS3 3BP,,,,other,Postcode,119547.000,898529.000,3500,18000,,,,,,,Carragraich / Carragreich,http://data.ordnancesurvey.co.uk/id/4000000074571349,http://www.ordnancesurvey.co.uk/xml/codelists/localtype.xml#otherSettlement,,,,Na h-Eileanan an Iar,http://data.ordnancesurvey.co.uk/id/7000000000030022,http://data.ordnancesurvey.co.uk/ontology/admingeo/UnitaryAuthority,Scotland,http://data.ordnancesurvey.co.uk/id/7000000000041429,Scotland,http://data.ordnancesurvey.co.uk/id/country/scotland,,,
HS33JH,http://data.ordnancesurvey.co.uk/id/postcodeunit/HS33JH,HS3 3JH,,,,other,Postcode,107866.000,887053.000,3500,18000,,,,,,,Àird Mhìghe / Ardvey,http://data.ordnancesurvey.co.uk/id/4000000074336812,http://www.ordnancesurvey.co.uk/xml/codelists/localtype.xml#hamlet,,,,Na h-Eileanan an Iar,http://data.ordnancesurvey.co.uk/id/7000000000030022,http://data.ordnancesurvey.co.uk/ontology/admingeo/UnitaryAuthority,Scotland,http://data.ordnancesurvey.co.uk/id/7000000000041429,Scotland,http://data.ordnancesurvey.co.uk/id/country/scotland,,,
HS53TL,http://data.ordnancesurvey.co.uk/id/postcodeunit/HS53TL,HS5 3TL,,,,other,Postcode,102261.000,886608.000,3500,18000,,,,,,,An t-Ob,http://data.ordnancesurvey.co.uk/id/4000000074543327,http://www.ordnancesurvey.co.uk/xml/codelists/localtype.xml#village,,,,Na h-Eileanan an Iar,http://data.ordnancesurvey.co.uk/id/7000000000030022,http://data.ordnancesurvey.co.uk/ontology/admingeo/UnitaryAuthority,Scotland,http://data.ordnancesurvey.co.uk/id/7000000000041429,Scotland,http://data.ordnancesurvey.co.uk/id/country/scotland,,,
HS33DX,http://data.ordnancesurvey.co.uk/id/postcodeunit/HS33DX,HS3 3DX,,,,other,Postcode,117308.000,894714.000,3500,18000,,,,,,,Drinisiadar / Drinishader,http://data.ordnancesurvey.co.uk/id/4000000074571698,http://www.ordnancesurvey.co.uk/xml/codelists/localtype.xml#hamlet,,,,Na h-Eileanan an Iar,http://data.ordnancesurvey.co.uk/id/7000000000030022,http://data.ordnancesurvey.co.uk/ontology/admingeo/UnitaryAuthority,Scotland,http://data.ordnancesurvey.co.uk/id/7000000000041429,Scotland,http://data.ordnancesurvey.co.uk/id/country/scotland,,,
HS33JD,http://data.ordnancesurvey.co.uk/id/postcodeunit/HS33JD,HS3 3JD,,,,other,Postcode,107530.000,887019.000,3500,18000,,,,,,,Fionnsabhagh / Finsbay,http://data.ordnancesurvey.co.uk/id/4000000074543268,http://www.ordnancesurvey.co.uk/xml/codelists/localtype.xml#hamlet,,,,Na h-Eileanan an Iar,http://data.ordnancesurvey.co.uk/id/7000000000030022,http://data.ordnancesurvey.co.uk/ontology/admingeo/UnitaryAuthority,Scotland,http://data.ordnancesurvey.co.uk/id/7000000000041429,Scotland,http://data.ordnancesurvey.co.uk/id/country/scotland,,,
HS53TT,http://data.ordnancesurvey.co.uk/id/postcodeunit/HS53TT,HS5 3TT,,,,other,Postcode,101613.000,886890.000,3500,18000,,,,,,,An t-Ob,http://data.ordnancesurvey.co.uk/id/4000000074543327,http://www.ordnancesurvey.co.uk/xml/codelists/localtype.xml#village,,,,Na h-Eileanan an Iar,http://data.ordnancesurvey.co.uk/id/7000000000030022,http://data.ordnancesurvey.co.uk/ontology/admingeo/UnitaryAuthority,Scotland,http://data.ordnancesurvey.co.uk/id/7000000000041429,Scotland,http://data.ordnancesurvey.co.uk/id/country/scotland,,,
HS33HA,http://data.ordnancesurvey.co.uk/id/postcodeunit/HS33HA,HS3 3HA,,,,other,Postcode,109945.000,889082.000,3500,18000,,,,,,,Fleoideabhagh / Flodabay,http://data.ordnancesurvey.co.uk/id/4000000074572049,http://www.ordnancesurvey.co.uk/xml/codelists/localtype.xml#hamlet,,,,Na h-Eileanan an Iar,http://data.ordnancesurvey.co.uk/id/7000000000030022,http://data.ordnancesurvey.co.uk/ontology/admingeo/UnitaryAuthority,Scotland,http://data.ordnancesurvey.co.uk/id/7000000000041429,Scotland,http://data.ordnancesurvey.co.uk/id/country/scotland,,,
HS33JF,http://data.ordnancesurvey.co.uk/id/postcodeunit/HS33JF,HS3 3JF,,,,other,Postcode,108003.000,886057.000,3500,18000,,,,,,,Boirseam / Borsham,http://data.ordnancesurvey.co.uk/id/4000000074570997,http://www.ordnancesurvey.co.uk/xml/codelists/localtype.xml#otherSettlement,,,,Na h-Eileanan an Iar,http://data.ordnancesurvey.co.uk/id/7000000000030022,http://data.ordnancesurvey.co.uk/ontology/admingeo/UnitaryAuthority,Scotland,http://data.ordnancesurvey.co.uk/id/7000000000041429,Scotland,http://data.ordnancesurvey.co.uk/id/country/scotland,,,
HS33DW,http://data.ordnancesurvey.co.uk/id/postcodeunit/HS33DW,HS3 3DW,,,,other,Postcode,117256.000,894729.000,3500,18000,,,,,,,Drinisiadar / Drinishader,http://data.ordnancesurvey.co.uk/id/4000000074571698,http://www.ordnancesurvey.co.uk/xml/codelists/localtype.xml#hamlet,,,,Na h-Eileanan an Iar,http://data.ordnancesurvey.co.uk/id/7000000000030022,http://data.ordnancesurvey.co.uk/ontology/admingeo/UnitaryAuthority,Scotland,http://data.ordnancesurvey.co.uk/id/7000000000041429,Scotland,http://data.ordnancesurvey.co.uk/id/country/scotland,,,
HS53TW,http://data.ordnancesurvey.co.uk/id/postcodeunit/HS53TW,HS5 3TW,,,,other,Postcode,104528.000,883910.000,3500,18000,,,,,,,Rodel / Roghadail,http://data.ordnancesurvey.co.uk/id/4000000074336938,http://www.ordnancesurvey.co.uk/xml/codelists/localtype.xml#village,,,,Na h-Eileanan an Iar,http://data.ordnancesurvey.co.uk/id/7000000000030022,http://data.ordnancesurvey.co.uk/ontology/admingeo/UnitaryAuthority,Scotland,http://data.ordnancesurvey.co.uk/id/7000000000041429,Scotland,http://data.ordnancesurvey.co.uk/id/country/scotland,,,
HS33DB,http://data.ordnancesurvey.co.uk/id/postcodeunit/HS33DB,HS3 3DB,,,,other,Postcode,115916.000,899959.000,3500,18000,,,,,,,Tarbert / An Tairbeart,http://data.ordnancesurvey.co.uk/id/4000000074543463,http://www.ordnancesurvey.co.uk/xml/codelists/localtype.xml#village,,,,Na h-Eileanan an Iar,http://data.ordnancesurvey.co.uk/id/7000000000030022,http://data.ordnancesurvey.co.uk/ontology/admingeo/UnitaryAuthority,Scotland,http://data.ordnancesurvey.co.uk/id/7000000000041429,Scotland,http://data.ordnancesurvey.co.uk/id/country/scotland,,,
HS33EP,http://data.ordnancesurvey.co.uk/id/postcodeunit/HS33EP,HS3 3EP,,,,other,Postcode,114817.000,890736.000,3500,18000,,,,,,,Cliuthar / Cluer,http://data.ordnancesurvey.co.uk/id/4000000074570999,http://www.ordnancesurvey.co.uk/xml/codelists/localtype.xml#hamlet,,,,Na h-Eileanan an Iar,http://data.ordnancesurvey.co.uk/id/7000000000030022,http://data.ordnancesurvey.co.uk/ontology/admingeo/UnitaryAuthority,Scotland,http://data.ordnancesurvey.co.uk/id/7000000000041429,Scotland,http://data.ordnancesurvey.co.uk/id/country/scotland,,,
HS53UF,http://data.ordnancesurvey.co.uk/id/postcodeunit/HS53UF,HS5 3UF,,,,other,Postcode,101286.000,886381.000,3500,18000,,,,,,,An t-Ob,http://data.ordnancesurvey.co.uk/id/4000000074543327,http://www.ordnancesurvey.co.uk/xml/codelists/localtype.xml#village,,,,Na h-Eileanan an Iar,http://data.ordnancesurvey.co.uk/id/7000000000030022,http://data.ordnancesurvey.co.uk/ontology/admingeo/UnitaryAuthority,Scotland,http://data.ordnancesurvey.co.uk/id/7000000000041429,Scotland,http://data.ordnancesurvey.co.uk/id/country/scotland,,,
HS33EZ,http://data.ordnancesurvey.co.uk/id/postcodeunit/HS33EZ,HS3 3EZ,,,,other,Postcode,110531.000,889341.000,3500,18000,,,,,,,Manish / Mànais,http://data.ordnancesurvey.co.uk/id/4000000074572050,http://www.ordnancesurvey.co.uk/xml/codelists/localtype.xml#hamlet,,,,Na h-Eileanan an Iar,http://data.ordnancesurvey.co.uk/id/7000000000030022,http://data.ordnancesurvey.co.uk/ontology/admingeo/UnitaryAuthority,Scotland,http://data.ordnancesurvey.co.uk/id/7000000000041429,Scotland,http://data.ordnancesurvey.co.uk/id/country/scotland,,,
HS33HN,http://data.ordnancesurvey.co.uk/id/postcodeunit/HS33HN,HS3 3HN,,,,other,Postcode,110742.000,896198.000,3500,18000,,,,,,,,,,,,,Na h-Eileanan an Iar,http://data.ordnancesurvey.co.uk/id/7000000000030022,http://data.ordnancesurvey.co.uk/ontology/admingeo/UnitaryAuthority,Scotland,http://data.ordnancesurvey.co.uk/id/7000000000041429,Scotland,http://data.ordnancesurvey.co.uk/id/country/scotland,,,
HS33EX,http://data.ordnancesurvey.co.uk/id/postcodeunit/HS33EX,HS3 3EX,,,,other,Postcode,111205.000,890071.000,3500,18000,,,,,,,Beacravik / Beacrabhaic,http://data.ordnancesurvey.co.uk/id/4000000074336808,http://www.ordnancesurvey.co.uk/xml/codelists/localtype.xml#hamlet,,,,Na h-Eileanan an Iar,http://data.ordnancesurvey.co.uk/id/7000000000030022,http://data.ordnancesurvey.co.uk/ontology/admingeo/UnitaryAuthority,Scotland,http://data.ordnancesurvey.co.uk/id/7000000000041429,Scotland,http://data.ordnancesurvey.co.uk/id/country/scotland,,,
6547fcd4-5b6c-4ea7-939d-c69b8dbd98eb,http://data.ordnancesurvey.co.uk/id/6547fcd4-5b6c-4ea7-939d-c69b8dbd98eb,Obbe Road,,,,transportNetwork,Section Of Named Road,102340.000,886482.000,4000,25000,102031.000,886132.477,102618.069,886808.000,HS5,http://data.ordnancesurvey.co.uk/id/postcodedistrict/HS5,An t-Ob,http://data.ordnancesurvey.co.uk/id/4000000074543327,http://www.ordnancesurvey.co.uk/xml/codelists/localtype.xml#village,,,,Na h-Eileanan an Iar,http://data.ordnancesurvey.co.uk/id/7000000000030022,http://data.ordnancesurvey.co.uk/ontology/admingeo/UnitaryAuthority,Scotland,http://data.ordnancesurvey.co.uk/id/7000000000041429,Scotland,http://data.ordnancesurvey.co.uk/id/country/scotland,osgb4000000003445774,,
19c40ffa-ec1c-4c19-9d9b-465c4fb57fe2,http://data.ordnancesurvey.co.uk/id/19c40ffa-ec1c-4c19-9d9b-465c4fb57fe2,Golden Road,,,,transportNetwork,Section Of Named Road,117591.000,894087.000,2000,25000,117582.000,893945.556,117627.377,894228.215,HS3,http://data.ordnancesurvey.co.uk/id/postcodedistrict/HS3,Ceann-na-Cleithe,http://data.ordnancesurvey.co.uk/id/4000000074543447,http://www.ordnancesurvey.co.uk/xml/codelists/localtype.xml#otherSettlement,,,,Na h-Eileanan an Iar,http://data.ordnancesurvey.co.uk/id/7000000000030022,http://data.ordnancesurvey.co.uk/ontology/admingeo/UnitaryAuthority,Scotland,http://data.ordnancesurvey.co.uk/id/7000000000041429,Scotland,http://data.ordnancesurvey.co.uk/id/country/scotland,osgb4000000003445773,,
osgb5000005211960113,http://data.ordnancesurvey.co.uk/id/5000005211960113,Pairc Niseaboist,,,,transportNetwork,Named Road,103832.983,896311.383,1000,20000,103792.186,896249.221,103855.566,896387.000,HS3,http://data.ordnancesurvey.co.uk/id/postcodedistrict/HS3,,,,,,,Na h-Eileanan an Iar,http://data.ordnancesurvey.co.uk/id/7000000000030022,http://data.ordnancesurvey.co.uk/ontology/admingeo/UnitaryAuthority,Scotland,http://data.ordnancesurvey.co.uk/id/7000000000041429,Scotland,http://data.ordnancesurvey.co.uk/id/country/scotland,,,
392351e0-145c-494d-8225-aa13801c1aa9,http://data.ordnancesurvey.co.uk/id/392351e0-145c-494d-8225-aa13801c1aa9,Golden Road,,,,transportNetwork,Section Of Named Road,115644.259,896401.103,7000,25000,115042.141,896083.448,116065.015,896548.189,HS3,http://data.ordnancesurvey.co.uk/id/postcodedistrict/HS3,Miabhaig / Meavag,http://data.ordnancesurvey.co.uk/id/4000000074571699,http://www.ordnancesurvey.co.uk/xml/codelists/localtype.xml#hamlet,,,,Na h-Eileanan an Iar,http://data.ordnancesurvey.co.uk/id/7000000000030022,http://data.ordnancesurvey.co.uk/ontology/admingeo/UnitaryAuthority,Scotland,http://data.ordnancesurvey.co.uk/id/7000000000041429,Scotland,http://data.ordnancesurvey.co.uk/id/country/scotland,osgb4000000003445773,,
osgb4000000003445773,http://data.ordnancesurvey.co.uk/id/4000000003445773,Golden Road,,,,transportNetwork,Named Road,116635.000,895210.000,20000,32000,114486.717,892170.000,117878.000,897073.307,HS3,http://data.ordnancesurvey.co.uk/id/postcodedistrict/HS3,,,,,,,Na h-Eileanan an Iar,http://data.ordnancesurvey.co.uk/id/7000000000030022,http://data.ordnancesurvey.co.uk/ontology/admingeo/UnitaryAuthority,Scotland,http://data.ordnancesurvey.co.uk/id/7000000000041429,Scotland,http://data.ordnancesurvey.co.uk/id/country/scotland,,,
osgb4000000003445774,http://data.ordnancesurvey.co.uk/id/4000000003445774,Obbe Road,,,,transportNetwork,Named Road,102357.000,886463.000,5000,20000,102031.000,886096.588,102646.795,886808.000,HS5,http://data.ordnancesurvey.co.uk/id/postcodedistrict/HS5,An t-Ob,http://data.ordnancesurvey.co.uk/id/4000000074543327,http://www.ordnancesurvey.co.uk/xml/codelists/localtype.xml#village,,,,Na h-Eileanan an Iar,http://data.ordnancesurvey.co.uk/id/7000000000030022,http://data.ordnancesurvey.co.uk/ontology/admingeo/UnitaryAuthority,Scotland,http://data.ordnancesurvey.co.uk/id/7000000000041429,Scotland,http://data.ordnancesurvey.co.uk/id/country/scotland,,,
osgb4000000003307687,http://data.ordnancesurvey.co.uk/id/4000000003307687,Main Street,,,,transportNetwork,Named Road,115609.956,899944.447,4000,20000,115352.002,899923.000,115926.761,900029.000,HS3,http://data.ordnancesurvey.co.uk/id/postcodedistrict/HS3,Tarbert / An Tairbeart,http://data.ordnancesurvey.co.uk/id/4000000074543463,http://www.ordnancesurvey.co.uk/xml/codelists/localtype.xml#village,,,,Na h-Eileanan an Iar,http://data.ordnancesurvey.co.uk/id/7000000000030022,http://data.ordnancesurvey.co.uk/ontology/admingeo/UnitaryAuthority,Scotland,http://data.ordnancesurvey.co.uk/id/7000000000041429,Scotland,http://data.ordnancesurvey.co.uk/id/country/scotland,,,
osgb4000000003445855,http://data.ordnancesurvey.co.uk/id/4000000003445855,Mill Road,,,,transportNetwork,Named Road,115228.897,899051.421,1000,20000,115210.443,899025.338,115230.000,899082.962,HS3,http://data.ordnancesurvey.co.uk/id/postcodedistrict/HS3,Direcleit / Diraclett,http://data.ordnancesurvey.co.uk/id/4000000074571701,http://www.ordnancesurvey.co.uk/xml/codelists/localtype.xml#otherSettlement,,,,Na h-Eileanan an Iar,http://data.ordnancesurvey.co.uk/id/7000000000030022,http://data.ordnancesurvey.co.uk/ontology/admingeo/UnitaryAuthority,Scotland,http://data.ordnancesurvey.co.uk/id/7000000000041429,Scotland,http://data.ordnancesurvey.co.uk/id/country/scotland,,,
osgb4000000003445987,http://data.ordnancesurvey.co.uk/id/4000000003445987,A868,,,,transportNetwork,Numbered Road,115564.350,899934.061,3000,1000000,115344.000,899854.000,115785.000,900010.000,HS3,http://data.ordnancesurvey.co.uk/id/postcodedistrict/HS3,Tarbert / An Tairbeart,http://data.ordnancesurvey.co.uk/id/4000000074543463,http://www.ordnancesurvey.co.uk/xml/codelists/localtype.xml#village,,,,Na h-Eileanan an Iar,http://data.ordnancesurvey.co.uk/id/7000000000030022,http://data.ordnancesurvey.co.uk/ontology/admingeo/UnitaryAuthority,Scotland,http://data.ordnancesurvey.co.uk/id/7000000000041429,Scotland,http://data.ordnancesurvey.co.uk/id/country/scotland,,,
92236738-e59d-4eda-ab3a-33271c2cf149,http://data.ordnancesurvey.co.uk/id/92236738-e59d-4eda-ab3a-33271c2cf149,Golden Road,,,,transportNetwork,Section Of Named Road,117245.727,894709.300,4000,25000,117006.824,894408.771,117537.357,895027.441,HS3,http://data.ordnancesurvey.co.uk/id/postcodedistrict/HS3,Drinisiadar / Drinishader,http://data.ordnancesurvey.co.uk/id/4000000074571698,http://www.ordnancesurvey.co.uk/xml/codelists/localtype.xml#hamlet,,,,Na h-Eileanan an Iar,http://data.ordnancesurvey.co.uk/id/7000000000030022,http://data.ordnancesurvey.co.uk/ontology/admingeo/UnitaryAuthority,Scotland,http://data.ordnancesurvey.co.uk/id/7000000000041429,Scotland,http://data.ordnancesurvey.co.uk/id/country/scotland,osgb4000000003445773,,
6bf65e8a-e55f-42b1-877e-ca72d964f2ff,http://data.ordnancesurvey.co.uk/id/6bf65e8a-e55f-42b1-877e-ca72d964f2ff,Golden Road,,,,transportNetwork,Section Of Named Road,117831.964,893520.820,1000,25000,117758.518,893438.029,117877.725,893615.649,HS3,http://data.ordnancesurvey.co.uk/id/postcodedistrict/HS3,Plocrapool / Plocrapol,http://data.ordnancesurvey.co.uk/id/4000000074336800,http://www.ordnancesurvey.co.uk/xml/codelists/localtype.xml#hamlet,,,,Na h-Eileanan an Iar,http://data.ordnancesurvey.co.uk/id/7000000000030022,http://data.ordnancesurvey.co.uk/ontology/admingeo/UnitaryAuthority,Scotland,http://data.ordnancesurvey.co.uk/id/7000000000041429,Scotland,http://data.ordnancesurvey.co.uk/id/country/scotland,osgb4000000003445773,,
85004586-7570-4a3a-a5d4-b01b6544a70e,http://data.ordnancesurvey.co.uk/id/85004586-7570-4a3a-a5d4-b01b6544a70e,Golden Road,,,,transportNetwork,Section Of Named Road,117408.000,892491.000,4000,25000,117229.946,892170.000,117447.000,892844.244,HS3,http://data.ordnancesurvey.co.uk/id/postcodedistrict/HS3,Scadabhagh / Scadabay,http://data.ordnancesurvey.co.uk/id/4000000074570998,http://www.ordnancesurvey.co.uk/xml/codelists/localtype.xml#otherSettlement,,,,Na h-Eileanan an Iar,http://data.ordnancesurvey.co.uk/id/7000000000030022,http://data.ordnancesurvey.co.uk/ontology/admingeo/UnitaryAuthority,Scotland,http://data.ordnancesurvey.co.uk/id/7000000000041429,Scotland,http://data.ordnancesurvey.co.uk/id/country/scotland,osgb4000000003445773,,
osgb4000000003445775,http://data.ordnancesurvey.co.uk/id/4000000003445775,Pier Road,,,,transportNetwork,Named Road,101750.000,886478.963,6000,20000,101369.000,886441.000,102250.177,886596.403,HS5,http://data.ordnancesurvey.co.uk/id/postcodedistrict/HS5,An t-Ob,http://data.ordnancesurvey.co.uk/id/4000000074543327,http://www.ordnancesurvey.co.uk/xml/codelists/localtype.xml#village,,,,Na h-Eileanan an Iar,http://data.ordnancesurvey.co.uk/id/7000000000030022,http://data.ordnancesurvey.co.uk/ontology/admingeo/UnitaryAuthority,Scotland,http://data.ordnancesurvey.co.uk/id/7000000000041429,Scotland,http://data.ordnancesurvey.co.uk/id/country/scotland,,,
osgb4000000003445781,http://data.ordnancesurvey.co.uk/id/4000000003445781,Ferry Road,,,,transportNetwork,Named Road,101646.344,886410.456,6000,20000,101225.750,886251.000,102090.618,886477.286,HS5,http://data.ordnancesurvey.co.uk/id/postcodedistrict/HS5,An t-Ob,http://data.ordnancesurvey.co.uk/id/4000000074543327,http://www.ordnancesurvey.co.uk/xml/codelists/localtype.xml#village,,,,Na h-Eileanan an Iar,http://data.ordnancesurvey.co.uk/id/7000000000030022,http://data.ordnancesurvey.co.uk/ontology/admingeo/UnitaryAuthority,Scotland,http://data.ordnancesurvey.co.uk/id/7000000000041429,Scotland,http://data.ordnancesurvey.co.uk/id/country/scotland,,,
osgb4000000003445797,http://data.ordnancesurvey.co.uk/id/4000000003445797,Strond Road,,,,transportNetwork,Named Road,101602.000,886140.000,2000,20000,101538.500,886029.000,101698.000,886293.000,HS5,http://data.ordnancesurvey.co.uk/id/postcodedistrict/HS5,An t-Ob,http://data.ordnancesurvey.co.uk/id/4000000074543327,http://www.ordnancesurvey.co.uk/xml/codelists/localtype.xml#village,,,,Na h-Eileanan an Iar,http://data.ordnancesurvey.co.uk/id/7000000000030022,http://data.ordnancesurvey.co.uk/ontology/admingeo/UnitaryAuthority,Scotland,http://data.ordnancesurvey.co.uk/id/7000000000041429,Scotland,http://data.ordnancesurvey.co.uk/id/country/scotland,,,
db78df0d-b706-4fd9-bc17-14d168d4ff47,http://data.ordnancesurvey.co.uk/id/db78df0d-b706-4fd9-bc17-14d168d4ff47,Ferry Road,,,,transportNetwork,Section Of Named Road,101685.339,886410.188,5000,25000,101264.204,886251.000,102090.618,886477.286,HS5,http://data.ordnancesurvey.co.uk/id/postcodedistrict/HS5,An t-Ob,http://data.ordnancesurvey.co.uk/id/4000000074543327,http://www.ordnancesurvey.co.uk/xml/codelists/localtype.xml#village,,,,Na h-Eileanan an Iar,http://data.ordnancesurvey.co.uk/id/7000000000030022,http://data.ordnancesurvey.co.uk/ontology/admingeo/UnitaryAuthority,Scotland,http://data.ordnancesurvey.co.uk/id/7000000000041429,Scotland,http://data.ordnancesurvey.co.uk/id/country/scotland,osgb4000000003445781,,
078dd494-b60e-4b95-b234-1d96f625556e,http://data.ordnancesurvey.co.uk/id/078dd494-b60e-4b95-b234-1d96f625556e,Golden Road,,,,transportNetwork,Section Of Named Road,115457.258,892976.677,3000,25000,115183.000,892871.835,115715.726,892995.000,HS3,http://data.ordnancesurvey.co.uk/id/postcodedistrict/HS3,Greosabhagh,http://data.ordnancesurvey.co.uk/id/4000000074571345,http://www.ordnancesurvey.co.uk/xml/codelists/localtype.xml#hamlet,,,,Na h-Eileanan an Iar,http://data.ordnancesurvey.co.uk/id/7000000000030022,http://data.ordnancesurvey.co.uk/ontology/admingeo/UnitaryAuthority,Scotland,http://data.ordnancesurvey.co.uk/id/7000000000041429,Scotland,http://data.ordnancesurvey.co.uk/id/country/scotland,osgb4000000003445773,,
osgb4000000003445911,http://data.ordnancesurvey.co.uk/id/4000000003445911,Pier Road,,,,transportNetwork,Named Road,115794.858,899903.125,1000,20000,115747.000,899854.000,115795.347,899946.000,HS3,http://data.ordnancesurvey.co.uk/id/postcodedistrict/HS3,Tarbert / An Tairbeart,http://data.ordnancesurvey.co.uk/id/4000000074543463,http://www.ordnancesurvey.co.uk/xml/codelists/localtype.xml#village,,,,Na h-Eileanan an Iar,http://data.ordnancesurvey.co.uk/id/7000000000030022,http://data.ordnancesurvey.co.uk/ontology/admingeo/UnitaryAuthority,Scotland,http://data.ordnancesurvey.co.uk/id/7000000000041429,Scotland,http://data.ordnancesurvey.co.uk/id/country/scotland,,,
HS33HT,http://data.ordnancesurvey.co.uk/id/postcodeunit/HS33HT,HS3 3HT,,,,other,Postcode,103331.000,894665.000,3500,18000,,,,,,,Na Buirgh / Borve,http://data.ordnancesurvey.co.uk/id/4000000074572375,http://www.ordnancesurvey.co.uk/xml/codelists/localtype.xml#hamlet,,,,Na h-Eileanan an Iar,http://data.ordnancesurvey.co.uk/id/7000000000030022,http://data.ordnancesurvey.co.uk/ontology/admingeo/UnitaryAuthority,Scotland,http://data.ordnancesurvey.co.uk/id/7000000000041429,Scotland,http://data.ordnancesurvey.co.uk/id/country/scotland,,,
HS33DF,http://data.ordnancesurvey.co.uk/id/postcodeunit/HS33DF,HS3 3DF,,,,other,Postcode,115835.000,899874.000,3500,18000,,,,,,,Tarbert / An Tairbeart,http://data.ordnancesurvey.co.uk/id/4000000074543463,http://www.ordnancesurvey.co.uk/xml/codelists/localtype.xml#village,,,,Na h-Eileanan an Iar,http://data.ordnancesurvey.co.uk/id/7000000000030022,http://data.ordnancesurvey.co.uk/ontology/admingeo/UnitaryAuthority,Scotland,http://data.ordnancesurvey.co.uk/id/7000000000041429,Scotland,http://data.ordnancesurvey.co.uk/id/country/scotland,,,
HS33DY,http://data.ordnancesurvey.co.uk/id/postcodeunit/HS33DY,HS3 3DY,,,,other,Postcode,115667.000,896397.000,3500,18000,,,,,,,Miabhaig / Meavag,http://data.ordnancesurvey.co.uk/id/4000000074571699,http://www.ordnancesurvey.co.uk/xml/codelists/localtype.xml#hamlet,,,,Na h-Eileanan an Iar,http://data.ordnancesurvey.co.uk/id/7000000000030022,http://data.ordnancesurvey.co.uk/ontology/admingeo/UnitaryAuthority,Scotland,http://data.ordnancesurvey.co.uk/id/7000000000041429,Scotland,http://data.ordnancesurvey.co.uk/id/country/scotland,,,
osgb4000000003445910,http://data.ordnancesurvey.co.uk/id/4000000003445910,Manse Road,,,,transportNetwork,Named Road,115838.000,899864.000,1000,20000,115792.710,899854.000,115875.924,899874.685,HS3,http://data.ordnancesurvey.co.uk/id/postcodedistrict/HS3,Tarbert / An Tairbeart,http://data.ordnancesurvey.co.uk/id/4000000074543463,http://www.ordnancesurvey.co.uk/xml/codelists/localtype.xml#village,,,,Na h-Eileanan an Iar,http://data.ordnancesurvey.co.uk/id/7000000000030022,http://data.ordnancesurvey.co.uk/ontology/admingeo/UnitaryAuthority,Scotland,http://data.ordnancesurvey.co.uk/id/7000000000041429,Scotland,http://data.ordnancesurvey.co.uk/id/country/scotland,,,
