﻿osgb4000000074570994,http://data.ordnancesurvey.co.uk/id/4000000074570994,Kenmore,,,,populatedPlace,Hamlet,175742.000,857348.000,5000,25000,175498.000,857110.942,175998.000,857610.942,IV54,http://data.ordnancesurvey.co.uk/id/postcodedistrict/IV54,,,,,,,Highland,http://data.ordnancesurvey.co.uk/id/7000000000029638,http://data.ordnancesurvey.co.uk/ontology/admingeo/UnitaryAuthority,Scotland,http://data.ordnancesurvey.co.uk/id/7000000000041429,Scotland,http://data.ordnancesurvey.co.uk/id/country/scotland,,,
osgb4000000074337010,http://data.ordnancesurvey.co.uk/id/4000000074337010,Ard-dhubh,,,,populatedPlace,Hamlet,170700.350,840812.840,5000,25000,170469.642,840612.525,170969.642,841112.525,IV54,http://data.ordnancesurvey.co.uk/id/postcodedistrict/IV54,,,,,,,Highland,http://data.ordnancesurvey.co.uk/id/7000000000029638,http://data.ordnancesurvey.co.uk/ontology/admingeo/UnitaryAuthority,Scotland,http://data.ordnancesurvey.co.uk/id/7000000000041429,Scotland,http://data.ordnancesurvey.co.uk/id/country/scotland,,,
osgb4000000074337136,http://data.ordnancesurvey.co.uk/id/4000000074337136,Arinacrinachd,gla,Arrina,eng,populatedPlace,Hamlet,174424.000,858217.000,5000,25000,174243.741,858138.983,174743.741,858638.983,IV54,http://data.ordnancesurvey.co.uk/id/postcodedistrict/IV54,,,,,,,Highland,http://data.ordnancesurvey.co.uk/id/7000000000029638,http://data.ordnancesurvey.co.uk/ontology/admingeo/UnitaryAuthority,Scotland,http://data.ordnancesurvey.co.uk/id/7000000000041429,Scotland,http://data.ordnancesurvey.co.uk/id/country/scotland,,,
osgb4000000074337545,http://data.ordnancesurvey.co.uk/id/4000000074337545,Miltown,,,,populatedPlace,Hamlet,170748.000,843828.000,5000,25000,170509.120,843624.308,171009.120,844124.308,IV54,http://data.ordnancesurvey.co.uk/id/postcodedistrict/IV54,,,,,,,Highland,http://data.ordnancesurvey.co.uk/id/7000000000029638,http://data.ordnancesurvey.co.uk/ontology/admingeo/UnitaryAuthority,Scotland,http://data.ordnancesurvey.co.uk/id/7000000000041429,Scotland,http://data.ordnancesurvey.co.uk/id/country/scotland,,,
osgb4000000074573720,http://data.ordnancesurvey.co.uk/id/4000000074573720,Culduie,,,,populatedPlace,Hamlet,171403.000,840287.000,5000,25000,171279.003,840102.342,171779.003,840675.438,IV54,http://data.ordnancesurvey.co.uk/id/postcodedistrict/IV54,,,,,,,Highland,http://data.ordnancesurvey.co.uk/id/7000000000029638,http://data.ordnancesurvey.co.uk/ontology/admingeo/UnitaryAuthority,Scotland,http://data.ordnancesurvey.co.uk/id/7000000000041429,Scotland,http://data.ordnancesurvey.co.uk/id/country/scotland,,http://dbpedia.org/resource/Culduie,
osgb4000000074337533,http://data.ordnancesurvey.co.uk/id/4000000074337533,Lonbain,,,,populatedPlace,Hamlet,168916.000,853061.000,5000,25000,168532.706,852861.300,169050.496,853680.716,IV54,http://data.ordnancesurvey.co.uk/id/postcodedistrict/IV54,,,,,,,Highland,http://data.ordnancesurvey.co.uk/id/7000000000029638,http://data.ordnancesurvey.co.uk/ontology/admingeo/UnitaryAuthority,Scotland,http://data.ordnancesurvey.co.uk/id/7000000000041429,Scotland,http://data.ordnancesurvey.co.uk/id/country/scotland,,,
osgb4000000074573721,http://data.ordnancesurvey.co.uk/id/4000000074573721,Camusterrach,,,,populatedPlace,Hamlet,171045.000,841752.000,5000,25000,170803.943,841423.313,171303.943,841923.313,IV54,http://data.ordnancesurvey.co.uk/id/postcodedistrict/IV54,,,,,,,Highland,http://data.ordnancesurvey.co.uk/id/7000000000029638,http://data.ordnancesurvey.co.uk/ontology/admingeo/UnitaryAuthority,Scotland,http://data.ordnancesurvey.co.uk/id/7000000000041429,Scotland,http://data.ordnancesurvey.co.uk/id/country/scotland,,http://dbpedia.org/resource/Camusterrach,http://sws.geonames.org/2653954
osgb4000000074337544,http://data.ordnancesurvey.co.uk/id/4000000074337544,Applecross,,,,populatedPlace,Village,171222.000,844565.000,17000,250000,170721.250,843417.613,172569.043,846049.940,IV54,http://data.ordnancesurvey.co.uk/id/postcodedistrict/IV54,,,,,,,Highland,http://data.ordnancesurvey.co.uk/id/7000000000029638,http://data.ordnancesurvey.co.uk/ontology/admingeo/UnitaryAuthority,Scotland,http://data.ordnancesurvey.co.uk/id/7000000000041429,Scotland,http://data.ordnancesurvey.co.uk/id/country/scotland,,http://dbpedia.org/resource/Applecross,http://sws.geonames.org/2657237
osgb4000000074571696,http://data.ordnancesurvey.co.uk/id/4000000074571696,Cuaig,,,,populatedPlace,Other Settlement,170573.590,857823.800,15000,25000,170171.794,857437.703,170671.794,857937.703,IV54,http://data.ordnancesurvey.co.uk/id/postcodedistrict/IV54,,,,,,,Highland,http://data.ordnancesurvey.co.uk/id/7000000000029638,http://data.ordnancesurvey.co.uk/ontology/admingeo/UnitaryAuthority,Scotland,http://data.ordnancesurvey.co.uk/id/7000000000041429,Scotland,http://data.ordnancesurvey.co.uk/id/country/scotland,,,http://sws.geonames.org/2651792
osgb4000000074337140,http://data.ordnancesurvey.co.uk/id/4000000074337140,Kalnakill,,,,populatedPlace,Other Settlement,169499.040,854674.720,15000,25000,169133.699,854474.232,169633.699,854974.232,IV54,http://data.ordnancesurvey.co.uk/id/postcodedistrict/IV54,,,,,,,Highland,http://data.ordnancesurvey.co.uk/id/7000000000029638,http://data.ordnancesurvey.co.uk/ontology/admingeo/UnitaryAuthority,Scotland,http://data.ordnancesurvey.co.uk/id/7000000000041429,Scotland,http://data.ordnancesurvey.co.uk/id/country/scotland,,,
osgb4000000074574063,http://data.ordnancesurvey.co.uk/id/4000000074574063,Camustiel,,,,populatedPlace,Village,170799.880,842183.400,6000,250000,170462.446,841864.248,171239.131,842716.344,IV54,http://data.ordnancesurvey.co.uk/id/postcodedistrict/IV54,,,,,,,Highland,http://data.ordnancesurvey.co.uk/id/7000000000029638,http://data.ordnancesurvey.co.uk/ontology/admingeo/UnitaryAuthority,Scotland,http://data.ordnancesurvey.co.uk/id/7000000000041429,Scotland,http://data.ordnancesurvey.co.uk/id/country/scotland,,http://dbpedia.org/resource/Camusteel,
osgb4000000074570993,http://data.ordnancesurvey.co.uk/id/4000000074570993,Ardheslaig,,,,populatedPlace,Hamlet,178227.000,855947.000,5000,25000,177912.164,855895.542,178424.932,856875.831,IV54,http://data.ordnancesurvey.co.uk/id/postcodedistrict/IV54,,,,,,,Highland,http://data.ordnancesurvey.co.uk/id/7000000000029638,http://data.ordnancesurvey.co.uk/ontology/admingeo/UnitaryAuthority,Scotland,http://data.ordnancesurvey.co.uk/id/7000000000041429,Scotland,http://data.ordnancesurvey.co.uk/id/country/scotland,,http://dbpedia.org/resource/Ardheslaig,http://sws.geonames.org/2657178
IV519RA,http://data.ordnancesurvey.co.uk/id/postcodeunit/IV519RA,IV51 9RA,,,,other,Postcode,161622.000,857080.000,3500,18000,,,,,,,,,,,,,Highland,http://data.ordnancesurvey.co.uk/id/7000000000029638,http://data.ordnancesurvey.co.uk/ontology/admingeo/UnitaryAuthority,Scotland,http://data.ordnancesurvey.co.uk/id/7000000000041429,Scotland,http://data.ordnancesurvey.co.uk/id/country/scotland,,,
IV548XT,http://data.ordnancesurvey.co.uk/id/postcodeunit/IV548XT,IV54 8XT,,,,other,Postcode,168758.000,851091.000,3500,18000,,,,,,,,,,,,,Highland,http://data.ordnancesurvey.co.uk/id/7000000000029638,http://data.ordnancesurvey.co.uk/ontology/admingeo/UnitaryAuthority,Scotland,http://data.ordnancesurvey.co.uk/id/7000000000041429,Scotland,http://data.ordnancesurvey.co.uk/id/country/scotland,,,
IV548LT,http://data.ordnancesurvey.co.uk/id/postcodeunit/IV548LT,IV54 8LT,,,,other,Postcode,170806.000,842465.000,3500,18000,,,,,,,Camustiel,http://data.ordnancesurvey.co.uk/id/4000000074574063,http://www.ordnancesurvey.co.uk/xml/codelists/localtype.xml#village,,,,Highland,http://data.ordnancesurvey.co.uk/id/7000000000029638,http://data.ordnancesurvey.co.uk/ontology/admingeo/UnitaryAuthority,Scotland,http://data.ordnancesurvey.co.uk/id/7000000000041429,Scotland,http://data.ordnancesurvey.co.uk/id/country/scotland,,,
IV548LQ,http://data.ordnancesurvey.co.uk/id/postcodeunit/IV548LQ,IV54 8LQ,,,,other,Postcode,170993.000,841652.000,3500,18000,,,,,,,Camusterrach,http://data.ordnancesurvey.co.uk/id/4000000074573721,http://www.ordnancesurvey.co.uk/xml/codelists/localtype.xml#hamlet,,,,Highland,http://data.ordnancesurvey.co.uk/id/7000000000029638,http://data.ordnancesurvey.co.uk/ontology/admingeo/UnitaryAuthority,Scotland,http://data.ordnancesurvey.co.uk/id/7000000000041429,Scotland,http://data.ordnancesurvey.co.uk/id/country/scotland,,,
IV548LP,http://data.ordnancesurvey.co.uk/id/postcodeunit/IV548LP,IV54 8LP,,,,other,Postcode,171044.000,842213.000,3500,18000,,,,,,,Camustiel,http://data.ordnancesurvey.co.uk/id/4000000074574063,http://www.ordnancesurvey.co.uk/xml/codelists/localtype.xml#village,,,,Highland,http://data.ordnancesurvey.co.uk/id/7000000000029638,http://data.ordnancesurvey.co.uk/ontology/admingeo/UnitaryAuthority,Scotland,http://data.ordnancesurvey.co.uk/id/7000000000041429,Scotland,http://data.ordnancesurvey.co.uk/id/country/scotland,,,
IV548XH,http://data.ordnancesurvey.co.uk/id/postcodeunit/IV548XH,IV54 8XH,,,,other,Postcode,177977.000,856137.000,3500,18000,,,,,,,Ardheslaig,http://data.ordnancesurvey.co.uk/id/4000000074570993,http://www.ordnancesurvey.co.uk/xml/codelists/localtype.xml#hamlet,,,,Highland,http://data.ordnancesurvey.co.uk/id/7000000000029638,http://data.ordnancesurvey.co.uk/ontology/admingeo/UnitaryAuthority,Scotland,http://data.ordnancesurvey.co.uk/id/7000000000041429,Scotland,http://data.ordnancesurvey.co.uk/id/country/scotland,,,
IV548LX,http://data.ordnancesurvey.co.uk/id/postcodeunit/IV548LX,IV54 8LX,,,,other,Postcode,171582.000,840375.000,3500,18000,,,,,,,Culduie,http://data.ordnancesurvey.co.uk/id/4000000074573720,http://www.ordnancesurvey.co.uk/xml/codelists/localtype.xml#hamlet,,,,Highland,http://data.ordnancesurvey.co.uk/id/7000000000029638,http://data.ordnancesurvey.co.uk/ontology/admingeo/UnitaryAuthority,Scotland,http://data.ordnancesurvey.co.uk/id/7000000000041429,Scotland,http://data.ordnancesurvey.co.uk/id/country/scotland,,,
IV548LN,http://data.ordnancesurvey.co.uk/id/postcodeunit/IV548LN,IV54 8LN,,,,other,Postcode,171326.000,844398.000,3500,18000,,,,,,,Applecross,http://data.ordnancesurvey.co.uk/id/4000000074337544,http://www.ordnancesurvey.co.uk/xml/codelists/localtype.xml#village,,,,Highland,http://data.ordnancesurvey.co.uk/id/7000000000029638,http://data.ordnancesurvey.co.uk/ontology/admingeo/UnitaryAuthority,Scotland,http://data.ordnancesurvey.co.uk/id/7000000000041429,Scotland,http://data.ordnancesurvey.co.uk/id/country/scotland,,,
IV548XR,http://data.ordnancesurvey.co.uk/id/postcodeunit/IV548XR,IV54 8XR,,,,other,Postcode,179911.000,854467.000,3500,18000,,,,,,,,,,,,,Highland,http://data.ordnancesurvey.co.uk/id/7000000000029638,http://data.ordnancesurvey.co.uk/ontology/admingeo/UnitaryAuthority,Scotland,http://data.ordnancesurvey.co.uk/id/7000000000041429,Scotland,http://data.ordnancesurvey.co.uk/id/country/scotland,,,
IV548XL,http://data.ordnancesurvey.co.uk/id/postcodeunit/IV548XL,IV54 8XL,,,,other,Postcode,169259.000,854598.000,3500,18000,,,,,,,Kalnakill,http://data.ordnancesurvey.co.uk/id/4000000074337140,http://www.ordnancesurvey.co.uk/xml/codelists/localtype.xml#otherSettlement,,,,Highland,http://data.ordnancesurvey.co.uk/id/7000000000029638,http://data.ordnancesurvey.co.uk/ontology/admingeo/UnitaryAuthority,Scotland,http://data.ordnancesurvey.co.uk/id/7000000000041429,Scotland,http://data.ordnancesurvey.co.uk/id/country/scotland,,,
IV548NE,http://data.ordnancesurvey.co.uk/id/postcodeunit/IV548NE,IV54 8NE,,,,other,Postcode,170686.000,840831.000,3500,18000,,,,,,,Ard-dhubh,http://data.ordnancesurvey.co.uk/id/4000000074337010,http://www.ordnancesurvey.co.uk/xml/codelists/localtype.xml#hamlet,,,,Highland,http://data.ordnancesurvey.co.uk/id/7000000000029638,http://data.ordnancesurvey.co.uk/ontology/admingeo/UnitaryAuthority,Scotland,http://data.ordnancesurvey.co.uk/id/7000000000041429,Scotland,http://data.ordnancesurvey.co.uk/id/country/scotland,,,
IV548AD,http://data.ordnancesurvey.co.uk/id/postcodeunit/IV548AD,IV54 8AD,,,,other,Postcode,170726.000,843081.000,3500,18000,,,,,,,,,,,,,Highland,http://data.ordnancesurvey.co.uk/id/7000000000029638,http://data.ordnancesurvey.co.uk/ontology/admingeo/UnitaryAuthority,Scotland,http://data.ordnancesurvey.co.uk/id/7000000000041429,Scotland,http://data.ordnancesurvey.co.uk/id/country/scotland,,,
IV548XU,http://data.ordnancesurvey.co.uk/id/postcodeunit/IV548XU,IV54 8XU,,,,other,Postcode,173682.000,859589.000,3500,18000,,,,,,,,,,,,,Highland,http://data.ordnancesurvey.co.uk/id/7000000000029638,http://data.ordnancesurvey.co.uk/ontology/admingeo/UnitaryAuthority,Scotland,http://data.ordnancesurvey.co.uk/id/7000000000041429,Scotland,http://data.ordnancesurvey.co.uk/id/country/scotland,,,
IV548ND,http://data.ordnancesurvey.co.uk/id/postcodeunit/IV548ND,IV54 8ND,,,,other,Postcode,171299.000,845775.000,3500,18000,,,,,,,Applecross,http://data.ordnancesurvey.co.uk/id/4000000074337544,http://www.ordnancesurvey.co.uk/xml/codelists/localtype.xml#village,,,,Highland,http://data.ordnancesurvey.co.uk/id/7000000000029638,http://data.ordnancesurvey.co.uk/ontology/admingeo/UnitaryAuthority,Scotland,http://data.ordnancesurvey.co.uk/id/7000000000041429,Scotland,http://data.ordnancesurvey.co.uk/id/country/scotland,,,
IV548LS,http://data.ordnancesurvey.co.uk/id/postcodeunit/IV548LS,IV54 8LS,,,,other,Postcode,170733.000,843825.000,3500,18000,,,,,,,Miltown,http://data.ordnancesurvey.co.uk/id/4000000074337545,http://www.ordnancesurvey.co.uk/xml/codelists/localtype.xml#hamlet,,,,Highland,http://data.ordnancesurvey.co.uk/id/7000000000029638,http://data.ordnancesurvey.co.uk/ontology/admingeo/UnitaryAuthority,Scotland,http://data.ordnancesurvey.co.uk/id/7000000000041429,Scotland,http://data.ordnancesurvey.co.uk/id/country/scotland,,,
IV548LR,http://data.ordnancesurvey.co.uk/id/postcodeunit/IV548LR,IV54 8LR,,,,other,Postcode,171028.000,844423.000,3500,18000,,,,,,,Applecross,http://data.ordnancesurvey.co.uk/id/4000000074337544,http://www.ordnancesurvey.co.uk/xml/codelists/localtype.xml#village,,,,Highland,http://data.ordnancesurvey.co.uk/id/7000000000029638,http://data.ordnancesurvey.co.uk/ontology/admingeo/UnitaryAuthority,Scotland,http://data.ordnancesurvey.co.uk/id/7000000000041429,Scotland,http://data.ordnancesurvey.co.uk/id/country/scotland,,,
62a4907d-1c8b-4663-b118-e71674760a7a,http://data.ordnancesurvey.co.uk/id/62a4907d-1c8b-4663-b118-e71674760a7a,Shore Street,,,,transportNetwork,Section Of Named Road,170831.889,843980.143,1000,25000,170829.217,843973.275,170831.889,843980.143,IV54,http://data.ordnancesurvey.co.uk/id/postcodedistrict/IV54,Miltown,http://data.ordnancesurvey.co.uk/id/4000000074337545,http://www.ordnancesurvey.co.uk/xml/codelists/localtype.xml#hamlet,,,,Highland,http://data.ordnancesurvey.co.uk/id/7000000000029638,http://data.ordnancesurvey.co.uk/ontology/admingeo/UnitaryAuthority,Scotland,http://data.ordnancesurvey.co.uk/id/7000000000041429,Scotland,http://data.ordnancesurvey.co.uk/id/country/scotland,osgb4000000003445811,,
osgb4000000003445811,http://data.ordnancesurvey.co.uk/id/4000000003445811,Shore Street,,,,transportNetwork,Named Road,170956.685,844219.903,3000,20000,170829.217,843973.275,171055.000,844488.000,IV54,http://data.ordnancesurvey.co.uk/id/postcodedistrict/IV54,Applecross,http://data.ordnancesurvey.co.uk/id/4000000074337544,http://www.ordnancesurvey.co.uk/xml/codelists/localtype.xml#village,,,,Highland,http://data.ordnancesurvey.co.uk/id/7000000000029638,http://data.ordnancesurvey.co.uk/ontology/admingeo/UnitaryAuthority,Scotland,http://data.ordnancesurvey.co.uk/id/7000000000041429,Scotland,http://data.ordnancesurvey.co.uk/id/country/scotland,,,
40017e65-39db-49bc-ae24-3463ae19224e,http://data.ordnancesurvey.co.uk/id/40017e65-39db-49bc-ae24-3463ae19224e,Shore Street,,,,transportNetwork,Section Of Named Road,171000.000,844347.000,2000,25000,170943.282,844188.272,171055.000,844488.000,IV54,http://data.ordnancesurvey.co.uk/id/postcodedistrict/IV54,Applecross,http://data.ordnancesurvey.co.uk/id/4000000074337544,http://www.ordnancesurvey.co.uk/xml/codelists/localtype.xml#village,,,,Highland,http://data.ordnancesurvey.co.uk/id/7000000000029638,http://data.ordnancesurvey.co.uk/ontology/admingeo/UnitaryAuthority,Scotland,http://data.ordnancesurvey.co.uk/id/7000000000041429,Scotland,http://data.ordnancesurvey.co.uk/id/country/scotland,osgb4000000003445811,,
osgb4000000003447046,http://data.ordnancesurvey.co.uk/id/4000000003447046,Craite Barn,,,,transportNetwork,Named Road,171341.692,844392.135,1000,20000,171329.670,844353.765,171347.737,844417.857,IV54,http://data.ordnancesurvey.co.uk/id/postcodedistrict/IV54,Applecross,http://data.ordnancesurvey.co.uk/id/4000000074337544,http://www.ordnancesurvey.co.uk/xml/codelists/localtype.xml#village,,,,Highland,http://data.ordnancesurvey.co.uk/id/7000000000029638,http://data.ordnancesurvey.co.uk/ontology/admingeo/UnitaryAuthority,Scotland,http://data.ordnancesurvey.co.uk/id/7000000000041429,Scotland,http://data.ordnancesurvey.co.uk/id/country/scotland,,,
IV548LU,http://data.ordnancesurvey.co.uk/id/postcodeunit/IV548LU,IV54 8LU,,,,other,Postcode,171033.000,841796.000,3500,18000,,,,,,,Camusterrach,http://data.ordnancesurvey.co.uk/id/4000000074573721,http://www.ordnancesurvey.co.uk/xml/codelists/localtype.xml#hamlet,,,,Highland,http://data.ordnancesurvey.co.uk/id/7000000000029638,http://data.ordnancesurvey.co.uk/ontology/admingeo/UnitaryAuthority,Scotland,http://data.ordnancesurvey.co.uk/id/7000000000041429,Scotland,http://data.ordnancesurvey.co.uk/id/country/scotland,,,
IV548XX,http://data.ordnancesurvey.co.uk/id/postcodeunit/IV548XX,IV54 8XX,,,,other,Postcode,168760.000,853028.000,3500,18000,,,,,,,Lonbain,http://data.ordnancesurvey.co.uk/id/4000000074337533,http://www.ordnancesurvey.co.uk/xml/codelists/localtype.xml#hamlet,,,,Highland,http://data.ordnancesurvey.co.uk/id/7000000000029638,http://data.ordnancesurvey.co.uk/ontology/admingeo/UnitaryAuthority,Scotland,http://data.ordnancesurvey.co.uk/id/7000000000041429,Scotland,http://data.ordnancesurvey.co.uk/id/country/scotland,,,
