﻿osgb4000000074572366,http://data.ordnancesurvey.co.uk/id/4000000074572366,Smithstown,,,,populatedPlace,Suburban Area,179299.000,877430.000,3000,25000,179068.099,877324.326,179568.099,877824.326,IV21,http://data.ordnancesurvey.co.uk/id/postcodedistrict/IV21,,,,,,,Highland,http://data.ordnancesurvey.co.uk/id/7000000000029638,http://data.ordnancesurvey.co.uk/ontology/admingeo/UnitaryAuthority,Scotland,http://data.ordnancesurvey.co.uk/id/7000000000041429,Scotland,http://data.ordnancesurvey.co.uk/id/country/scotland,,,
osgb4000000074571339,http://data.ordnancesurvey.co.uk/id/4000000074571339,Leacnasaide,,,,populatedPlace,Hamlet,179683.170,872961.510,5000,25000,179225.124,872758.405,180124.973,873321.434,IV21,http://data.ordnancesurvey.co.uk/id/postcodedistrict/IV21,,,,,,,Highland,http://data.ordnancesurvey.co.uk/id/7000000000029638,http://data.ordnancesurvey.co.uk/ontology/admingeo/UnitaryAuthority,Scotland,http://data.ordnancesurvey.co.uk/id/7000000000041429,Scotland,http://data.ordnancesurvey.co.uk/id/country/scotland,,,
osgb4000000074571691,http://data.ordnancesurvey.co.uk/id/4000000074571691,Fearnmore,,,,populatedPlace,Hamlet,172408.000,860640.000,5000,25000,172157.497,860403.690,172657.497,860903.690,IV54,http://data.ordnancesurvey.co.uk/id/postcodedistrict/IV54,,,,,,,Highland,http://data.ordnancesurvey.co.uk/id/7000000000029638,http://data.ordnancesurvey.co.uk/ontology/admingeo/UnitaryAuthority,Scotland,http://data.ordnancesurvey.co.uk/id/7000000000041429,Scotland,http://data.ordnancesurvey.co.uk/id/country/scotland,,,
osgb4000000074579688,http://data.ordnancesurvey.co.uk/id/4000000074579688,Big Sand,,,,populatedPlace,Other Settlement,175403.790,879282.700,15000,25000,174625.336,878625.025,175932.376,879715.903,IV21,http://data.ordnancesurvey.co.uk/id/postcodedistrict/IV21,,,,,,,Highland,http://data.ordnancesurvey.co.uk/id/7000000000029638,http://data.ordnancesurvey.co.uk/ontology/admingeo/UnitaryAuthority,Scotland,http://data.ordnancesurvey.co.uk/id/7000000000041429,Scotland,http://data.ordnancesurvey.co.uk/id/country/scotland,,http://dbpedia.org/resource/Big_Sand,http://sws.geonames.org/2655680
osgb4000000074571695,http://data.ordnancesurvey.co.uk/id/4000000074571695,South Erradale,,,,populatedPlace,Other Settlement,174440.940,871381.570,15000,25000,173911.487,870858.159,175057.666,871642.384,IV21,http://data.ordnancesurvey.co.uk/id/postcodedistrict/IV21,,,,,,,Highland,http://data.ordnancesurvey.co.uk/id/7000000000029638,http://data.ordnancesurvey.co.uk/ontology/admingeo/UnitaryAuthority,Scotland,http://data.ordnancesurvey.co.uk/id/7000000000041429,Scotland,http://data.ordnancesurvey.co.uk/id/country/scotland,,http://dbpedia.org/resource/South_Erradale,http://sws.geonames.org/2637428
osgb4000000074571697,http://data.ordnancesurvey.co.uk/id/4000000074571697,Opinan,,,,populatedPlace,Other Settlement,174622.000,872469.000,15000,25000,174092.466,871898.771,174947.067,873070.086,IV21,http://data.ordnancesurvey.co.uk/id/postcodedistrict/IV21,,,,,,,Highland,http://data.ordnancesurvey.co.uk/id/7000000000029638,http://data.ordnancesurvey.co.uk/ontology/admingeo/UnitaryAuthority,Scotland,http://data.ordnancesurvey.co.uk/id/7000000000041429,Scotland,http://data.ordnancesurvey.co.uk/id/country/scotland,,"http://dbpedia.org/resource/Opinan,_Gairloch,_Highland",
osgb4000000074543103,http://data.ordnancesurvey.co.uk/id/4000000074543103,Lower Diabaig,,,,populatedPlace,Village,179489.000,860381.000,9000,250000,178853.123,859698.013,180255.682,860703.435,IV22,http://data.ordnancesurvey.co.uk/id/postcodedistrict/IV22,,,,,,,Highland,http://data.ordnancesurvey.co.uk/id/7000000000029638,http://data.ordnancesurvey.co.uk/ontology/admingeo/UnitaryAuthority,Scotland,http://data.ordnancesurvey.co.uk/id/7000000000041429,Scotland,http://data.ordnancesurvey.co.uk/id/country/scotland,,,
osgb4000000074571342,http://data.ordnancesurvey.co.uk/id/4000000074571342,Port Henderson,,,,populatedPlace,Other Settlement,174840.000,873602.000,15000,25000,174479.547,873366.681,176017.836,874211.229,IV21,http://data.ordnancesurvey.co.uk/id/postcodedistrict/IV21,,,,,,,Highland,http://data.ordnancesurvey.co.uk/id/7000000000029638,http://data.ordnancesurvey.co.uk/ontology/admingeo/UnitaryAuthority,Scotland,http://data.ordnancesurvey.co.uk/id/7000000000041429,Scotland,http://data.ordnancesurvey.co.uk/id/country/scotland,,http://dbpedia.org/resource/Port_Henderson,http://sws.geonames.org/2640050
osgb4000000074572368,http://data.ordnancesurvey.co.uk/id/4000000074572368,Lonemore,,,,populatedPlace,Suburban Area,178674.140,877641.240,9000,25000,177747.188,877287.818,179189.934,877911.110,IV21,http://data.ordnancesurvey.co.uk/id/postcodedistrict/IV21,,,,,,,Highland,http://data.ordnancesurvey.co.uk/id/7000000000029638,http://data.ordnancesurvey.co.uk/ontology/admingeo/UnitaryAuthority,Scotland,http://data.ordnancesurvey.co.uk/id/7000000000041429,Scotland,http://data.ordnancesurvey.co.uk/id/country/scotland,,"http://dbpedia.org/resource/Lonemore,_Wester_Ross",
osgb4000000074572048,http://data.ordnancesurvey.co.uk/id/4000000074572048,Mial,,,,populatedPlace,Suburban Area,179726.000,878035.000,4000,25000,179513.019,877741.678,180013.019,878358.522,IV21,http://data.ordnancesurvey.co.uk/id/postcodedistrict/IV21,,,,,,,Highland,http://data.ordnancesurvey.co.uk/id/7000000000029638,http://data.ordnancesurvey.co.uk/ontology/admingeo/UnitaryAuthority,Scotland,http://data.ordnancesurvey.co.uk/id/7000000000041429,Scotland,http://data.ordnancesurvey.co.uk/id/country/scotland,,,
osgb4000000074571341,http://data.ordnancesurvey.co.uk/id/4000000074571341,Badachro,,,,populatedPlace,Village,177413.320,873767.330,8000,250000,177390.235,873416.956,178269.975,874613.404,IV21,http://data.ordnancesurvey.co.uk/id/postcodedistrict/IV21,,,,,,,Highland,http://data.ordnancesurvey.co.uk/id/7000000000029638,http://data.ordnancesurvey.co.uk/ontology/admingeo/UnitaryAuthority,Scotland,http://data.ordnancesurvey.co.uk/id/7000000000041429,Scotland,http://data.ordnancesurvey.co.uk/id/country/scotland,,,
osgb4000000074310411,http://data.ordnancesurvey.co.uk/id/4000000074310411,Strath,,,,populatedPlace,Suburban Area,179586.000,877359.000,5000,25000,179340.753,877130.533,180099.834,877800.581,IV21,http://data.ordnancesurvey.co.uk/id/postcodedistrict/IV21,,,,,,,Highland,http://data.ordnancesurvey.co.uk/id/7000000000029638,http://data.ordnancesurvey.co.uk/ontology/admingeo/UnitaryAuthority,Scotland,http://data.ordnancesurvey.co.uk/id/7000000000041429,Scotland,http://data.ordnancesurvey.co.uk/id/country/scotland,,,
osgb4000000074542058,http://data.ordnancesurvey.co.uk/id/4000000074542058,Redpoint,,,,populatedPlace,Hamlet,173049.790,869509.490,5000,25000,172809.397,868852.353,173309.397,869872.851,IV21,http://data.ordnancesurvey.co.uk/id/postcodedistrict/IV21,,,,,,,Highland,http://data.ordnancesurvey.co.uk/id/7000000000029638,http://data.ordnancesurvey.co.uk/ontology/admingeo/UnitaryAuthority,Scotland,http://data.ordnancesurvey.co.uk/id/7000000000041429,Scotland,http://data.ordnancesurvey.co.uk/id/country/scotland,,,
IV212AX,http://data.ordnancesurvey.co.uk/id/postcodeunit/IV212AX,IV21 2AX,,,,other,Postcode,173057.000,869315.000,3500,18000,,,,,,,Redpoint,http://data.ordnancesurvey.co.uk/id/4000000074542058,http://www.ordnancesurvey.co.uk/xml/codelists/localtype.xml#hamlet,,,,Highland,http://data.ordnancesurvey.co.uk/id/7000000000029638,http://data.ordnancesurvey.co.uk/ontology/admingeo/UnitaryAuthority,Scotland,http://data.ordnancesurvey.co.uk/id/7000000000041429,Scotland,http://data.ordnancesurvey.co.uk/id/country/scotland,,,
IV212DF,http://data.ordnancesurvey.co.uk/id/postcodeunit/IV212DF,IV21 2DF,,,,other,Postcode,179504.000,877334.000,3500,18000,,,,,,,Gairloch,http://data.ordnancesurvey.co.uk/id/4000000074572367,http://www.ordnancesurvey.co.uk/xml/codelists/localtype.xml#village,,,,Highland,http://data.ordnancesurvey.co.uk/id/7000000000029638,http://data.ordnancesurvey.co.uk/ontology/admingeo/UnitaryAuthority,Scotland,http://data.ordnancesurvey.co.uk/id/7000000000041429,Scotland,http://data.ordnancesurvey.co.uk/id/country/scotland,,,
IV212BU,http://data.ordnancesurvey.co.uk/id/postcodeunit/IV212BU,IV21 2BU,,,,other,Postcode,179937.000,877244.000,3500,18000,,,,,,,Gairloch,http://data.ordnancesurvey.co.uk/id/4000000074572367,http://www.ordnancesurvey.co.uk/xml/codelists/localtype.xml#village,,,,Highland,http://data.ordnancesurvey.co.uk/id/7000000000029638,http://data.ordnancesurvey.co.uk/ontology/admingeo/UnitaryAuthority,Scotland,http://data.ordnancesurvey.co.uk/id/7000000000041429,Scotland,http://data.ordnancesurvey.co.uk/id/country/scotland,,,
IV212DJ,http://data.ordnancesurvey.co.uk/id/postcodeunit/IV212DJ,IV21 2DJ,,,,other,Postcode,176314.000,877619.000,3500,18000,,,,,,,,,,,,,Highland,http://data.ordnancesurvey.co.uk/id/7000000000029638,http://data.ordnancesurvey.co.uk/ontology/admingeo/UnitaryAuthority,Scotland,http://data.ordnancesurvey.co.uk/id/7000000000041429,Scotland,http://data.ordnancesurvey.co.uk/id/country/scotland,,,
IV212DL,http://data.ordnancesurvey.co.uk/id/postcodeunit/IV212DL,IV21 2DL,,,,other,Postcode,176006.000,878553.000,3500,18000,,,,,,,,,,,,,Highland,http://data.ordnancesurvey.co.uk/id/7000000000029638,http://data.ordnancesurvey.co.uk/ontology/admingeo/UnitaryAuthority,Scotland,http://data.ordnancesurvey.co.uk/id/7000000000041429,Scotland,http://data.ordnancesurvey.co.uk/id/country/scotland,,,
IV212BY,http://data.ordnancesurvey.co.uk/id/postcodeunit/IV212BY,IV21 2BY,,,,other,Postcode,179579.000,877470.000,3500,18000,,,,,,,Gairloch,http://data.ordnancesurvey.co.uk/id/4000000074572367,http://www.ordnancesurvey.co.uk/xml/codelists/localtype.xml#village,,,,Highland,http://data.ordnancesurvey.co.uk/id/7000000000029638,http://data.ordnancesurvey.co.uk/ontology/admingeo/UnitaryAuthority,Scotland,http://data.ordnancesurvey.co.uk/id/7000000000041429,Scotland,http://data.ordnancesurvey.co.uk/id/country/scotland,,,
IV212AS,http://data.ordnancesurvey.co.uk/id/postcodeunit/IV212AS,IV21 2AS,,,,other,Postcode,175393.000,873740.000,3500,18000,,,,,,,Port Henderson,http://data.ordnancesurvey.co.uk/id/4000000074571342,http://www.ordnancesurvey.co.uk/xml/codelists/localtype.xml#otherSettlement,,,,Highland,http://data.ordnancesurvey.co.uk/id/7000000000029638,http://data.ordnancesurvey.co.uk/ontology/admingeo/UnitaryAuthority,Scotland,http://data.ordnancesurvey.co.uk/id/7000000000041429,Scotland,http://data.ordnancesurvey.co.uk/id/country/scotland,,,
IV222HE,http://data.ordnancesurvey.co.uk/id/postcodeunit/IV222HE,IV22 2HE,,,,other,Postcode,179536.000,860431.000,3500,18000,,,,,,,Lower Diabaig,http://data.ordnancesurvey.co.uk/id/4000000074543103,http://www.ordnancesurvey.co.uk/xml/codelists/localtype.xml#village,,,,Highland,http://data.ordnancesurvey.co.uk/id/7000000000029638,http://data.ordnancesurvey.co.uk/ontology/admingeo/UnitaryAuthority,Scotland,http://data.ordnancesurvey.co.uk/id/7000000000041429,Scotland,http://data.ordnancesurvey.co.uk/id/country/scotland,,,
IV212AU,http://data.ordnancesurvey.co.uk/id/postcodeunit/IV212AU,IV21 2AU,,,,other,Postcode,174342.000,871279.000,3500,18000,,,,,,,South Erradale,http://data.ordnancesurvey.co.uk/id/4000000074571695,http://www.ordnancesurvey.co.uk/xml/codelists/localtype.xml#otherSettlement,,,,Highland,http://data.ordnancesurvey.co.uk/id/7000000000029638,http://data.ordnancesurvey.co.uk/ontology/admingeo/UnitaryAuthority,Scotland,http://data.ordnancesurvey.co.uk/id/7000000000041429,Scotland,http://data.ordnancesurvey.co.uk/id/country/scotland,,,
IV212DD,http://data.ordnancesurvey.co.uk/id/postcodeunit/IV212DD,IV21 2DD,,,,other,Postcode,175306.000,879249.000,3500,18000,,,,,,,Big Sand,http://data.ordnancesurvey.co.uk/id/4000000074579688,http://www.ordnancesurvey.co.uk/xml/codelists/localtype.xml#otherSettlement,,,,Highland,http://data.ordnancesurvey.co.uk/id/7000000000029638,http://data.ordnancesurvey.co.uk/ontology/admingeo/UnitaryAuthority,Scotland,http://data.ordnancesurvey.co.uk/id/7000000000041429,Scotland,http://data.ordnancesurvey.co.uk/id/country/scotland,,,
IV212DH,http://data.ordnancesurvey.co.uk/id/postcodeunit/IV212DH,IV21 2DH,,,,other,Postcode,177939.000,877504.000,3500,18000,,,,,,,Gairloch,http://data.ordnancesurvey.co.uk/id/4000000074572367,http://www.ordnancesurvey.co.uk/xml/codelists/localtype.xml#village,,,,Highland,http://data.ordnancesurvey.co.uk/id/7000000000029638,http://data.ordnancesurvey.co.uk/ontology/admingeo/UnitaryAuthority,Scotland,http://data.ordnancesurvey.co.uk/id/7000000000041429,Scotland,http://data.ordnancesurvey.co.uk/id/country/scotland,,,
IV212AT,http://data.ordnancesurvey.co.uk/id/postcodeunit/IV212AT,IV21 2AT,,,,other,Postcode,174694.000,872464.000,3500,18000,,,,,,,Opinan,http://data.ordnancesurvey.co.uk/id/4000000074571697,http://www.ordnancesurvey.co.uk/xml/codelists/localtype.xml#otherSettlement,,,,Highland,http://data.ordnancesurvey.co.uk/id/7000000000029638,http://data.ordnancesurvey.co.uk/ontology/admingeo/UnitaryAuthority,Scotland,http://data.ordnancesurvey.co.uk/id/7000000000041429,Scotland,http://data.ordnancesurvey.co.uk/id/country/scotland,,,
IV212BZ,http://data.ordnancesurvey.co.uk/id/postcodeunit/IV212BZ,IV21 2BZ,,,,other,Postcode,179514.000,877378.000,3500,18000,,,,,,,Gairloch,http://data.ordnancesurvey.co.uk/id/4000000074572367,http://www.ordnancesurvey.co.uk/xml/codelists/localtype.xml#village,,,,Highland,http://data.ordnancesurvey.co.uk/id/7000000000029638,http://data.ordnancesurvey.co.uk/ontology/admingeo/UnitaryAuthority,Scotland,http://data.ordnancesurvey.co.uk/id/7000000000041429,Scotland,http://data.ordnancesurvey.co.uk/id/country/scotland,,,
IV212DB,http://data.ordnancesurvey.co.uk/id/postcodeunit/IV212DB,IV21 2DB,,,,other,Postcode,178526.000,877603.000,3500,18000,,,,,,,Gairloch,http://data.ordnancesurvey.co.uk/id/4000000074572367,http://www.ordnancesurvey.co.uk/xml/codelists/localtype.xml#village,,,,Highland,http://data.ordnancesurvey.co.uk/id/7000000000029638,http://data.ordnancesurvey.co.uk/ontology/admingeo/UnitaryAuthority,Scotland,http://data.ordnancesurvey.co.uk/id/7000000000041429,Scotland,http://data.ordnancesurvey.co.uk/id/country/scotland,,,
IV212AA,http://data.ordnancesurvey.co.uk/id/postcodeunit/IV212AA,IV21 2AA,,,,other,Postcode,178037.000,873609.000,3500,18000,,,,,,,Badachro,http://data.ordnancesurvey.co.uk/id/4000000074571341,http://www.ordnancesurvey.co.uk/xml/codelists/localtype.xml#village,,,,Highland,http://data.ordnancesurvey.co.uk/id/7000000000029638,http://data.ordnancesurvey.co.uk/ontology/admingeo/UnitaryAuthority,Scotland,http://data.ordnancesurvey.co.uk/id/7000000000041429,Scotland,http://data.ordnancesurvey.co.uk/id/country/scotland,,,
IV212AD,http://data.ordnancesurvey.co.uk/id/postcodeunit/IV212AD,IV21 2AD,,,,other,Postcode,178580.000,874407.000,3500,18000,,,,,,,,,,,,,Highland,http://data.ordnancesurvey.co.uk/id/7000000000029638,http://data.ordnancesurvey.co.uk/ontology/admingeo/UnitaryAuthority,Scotland,http://data.ordnancesurvey.co.uk/id/7000000000041429,Scotland,http://data.ordnancesurvey.co.uk/id/country/scotland,,,
IV212AR,http://data.ordnancesurvey.co.uk/id/postcodeunit/IV212AR,IV21 2AR,,,,other,Postcode,178397.000,873090.000,3500,18000,,,,,,,,,,,,,Highland,http://data.ordnancesurvey.co.uk/id/7000000000029638,http://data.ordnancesurvey.co.uk/ontology/admingeo/UnitaryAuthority,Scotland,http://data.ordnancesurvey.co.uk/id/7000000000041429,Scotland,http://data.ordnancesurvey.co.uk/id/country/scotland,,,
IV212AE,http://data.ordnancesurvey.co.uk/id/postcodeunit/IV212AE,IV21 2AE,,,,other,Postcode,176573.000,873819.000,3500,18000,,,,,,,,,,,,,Highland,http://data.ordnancesurvey.co.uk/id/7000000000029638,http://data.ordnancesurvey.co.uk/ontology/admingeo/UnitaryAuthority,Scotland,http://data.ordnancesurvey.co.uk/id/7000000000041429,Scotland,http://data.ordnancesurvey.co.uk/id/country/scotland,,,
IV212LR,http://data.ordnancesurvey.co.uk/id/postcodeunit/IV212LR,IV21 2LR,,,,other,Postcode,179868.000,877267.000,3500,18000,,,,,,,Gairloch,http://data.ordnancesurvey.co.uk/id/4000000074572367,http://www.ordnancesurvey.co.uk/xml/codelists/localtype.xml#village,,,,Highland,http://data.ordnancesurvey.co.uk/id/7000000000029638,http://data.ordnancesurvey.co.uk/ontology/admingeo/UnitaryAuthority,Scotland,http://data.ordnancesurvey.co.uk/id/7000000000041429,Scotland,http://data.ordnancesurvey.co.uk/id/country/scotland,,,
IV212DA,http://data.ordnancesurvey.co.uk/id/postcodeunit/IV212DA,IV21 2DA,,,,other,Postcode,179133.000,877570.000,3500,18000,,,,,,,Gairloch,http://data.ordnancesurvey.co.uk/id/4000000074572367,http://www.ordnancesurvey.co.uk/xml/codelists/localtype.xml#village,,,,Highland,http://data.ordnancesurvey.co.uk/id/7000000000029638,http://data.ordnancesurvey.co.uk/ontology/admingeo/UnitaryAuthority,Scotland,http://data.ordnancesurvey.co.uk/id/7000000000041429,Scotland,http://data.ordnancesurvey.co.uk/id/country/scotland,,,
IV212AP,http://data.ordnancesurvey.co.uk/id/postcodeunit/IV212AP,IV21 2AP,,,,other,Postcode,179763.000,873102.000,3500,18000,,,,,,,Leacnasaide,http://data.ordnancesurvey.co.uk/id/4000000074571339,http://www.ordnancesurvey.co.uk/xml/codelists/localtype.xml#hamlet,,,,Highland,http://data.ordnancesurvey.co.uk/id/7000000000029638,http://data.ordnancesurvey.co.uk/ontology/admingeo/UnitaryAuthority,Scotland,http://data.ordnancesurvey.co.uk/id/7000000000041429,Scotland,http://data.ordnancesurvey.co.uk/id/country/scotland,,,
IV212AF,http://data.ordnancesurvey.co.uk/id/postcodeunit/IV212AF,IV21 2AF,,,,other,Postcode,177845.000,873580.000,3500,18000,,,,,,,Badachro,http://data.ordnancesurvey.co.uk/id/4000000074571341,http://www.ordnancesurvey.co.uk/xml/codelists/localtype.xml#village,,,,Highland,http://data.ordnancesurvey.co.uk/id/7000000000029638,http://data.ordnancesurvey.co.uk/ontology/admingeo/UnitaryAuthority,Scotland,http://data.ordnancesurvey.co.uk/id/7000000000041429,Scotland,http://data.ordnancesurvey.co.uk/id/country/scotland,,,
IV212AB,http://data.ordnancesurvey.co.uk/id/postcodeunit/IV212AB,IV21 2AB,,,,other,Postcode,178045.000,874114.000,3500,18000,,,,,,,Badachro,http://data.ordnancesurvey.co.uk/id/4000000074571341,http://www.ordnancesurvey.co.uk/xml/codelists/localtype.xml#village,,,,Highland,http://data.ordnancesurvey.co.uk/id/7000000000029638,http://data.ordnancesurvey.co.uk/ontology/admingeo/UnitaryAuthority,Scotland,http://data.ordnancesurvey.co.uk/id/7000000000041429,Scotland,http://data.ordnancesurvey.co.uk/id/country/scotland,,,
IV212BX,http://data.ordnancesurvey.co.uk/id/postcodeunit/IV212BX,IV21 2BX,,,,other,Postcode,179757.000,877849.000,3500,18000,,,,,,,Gairloch,http://data.ordnancesurvey.co.uk/id/4000000074572367,http://www.ordnancesurvey.co.uk/xml/codelists/localtype.xml#village,,,,Highland,http://data.ordnancesurvey.co.uk/id/7000000000029638,http://data.ordnancesurvey.co.uk/ontology/admingeo/UnitaryAuthority,Scotland,http://data.ordnancesurvey.co.uk/id/7000000000041429,Scotland,http://data.ordnancesurvey.co.uk/id/country/scotland,,,
IV212DE,http://data.ordnancesurvey.co.uk/id/postcodeunit/IV212DE,IV21 2DE,,,,other,Postcode,179997.000,877474.000,3500,18000,,,,,,,Gairloch,http://data.ordnancesurvey.co.uk/id/4000000074572367,http://www.ordnancesurvey.co.uk/xml/codelists/localtype.xml#village,,,,Highland,http://data.ordnancesurvey.co.uk/id/7000000000029638,http://data.ordnancesurvey.co.uk/ontology/admingeo/UnitaryAuthority,Scotland,http://data.ordnancesurvey.co.uk/id/7000000000041429,Scotland,http://data.ordnancesurvey.co.uk/id/country/scotland,,,
osgb4000000003445883,http://data.ordnancesurvey.co.uk/id/4000000003445883,Burnside Terrace,,,,transportNetwork,Named Road,179528.000,877451.000,1000,20000,179479.926,877391.000,179608.000,877489.592,IV21,http://data.ordnancesurvey.co.uk/id/postcodedistrict/IV21,Gairloch,http://data.ordnancesurvey.co.uk/id/4000000074572367,http://www.ordnancesurvey.co.uk/xml/codelists/localtype.xml#village,,,,Highland,http://data.ordnancesurvey.co.uk/id/7000000000029638,http://data.ordnancesurvey.co.uk/ontology/admingeo/UnitaryAuthority,Scotland,http://data.ordnancesurvey.co.uk/id/7000000000041429,Scotland,http://data.ordnancesurvey.co.uk/id/country/scotland,,,
8c41b07b-f3cc-4e20-8bad-4d94c64c51ee,http://data.ordnancesurvey.co.uk/id/8c41b07b-f3cc-4e20-8bad-4d94c64c51ee,Coille Dhorch,,,,transportNetwork,Section Of Named Road,177900.086,873510.235,3000,25000,177711.740,873437.296,178120.400,873608.121,IV21,http://data.ordnancesurvey.co.uk/id/postcodedistrict/IV21,Badachro,http://data.ordnancesurvey.co.uk/id/4000000074571341,http://www.ordnancesurvey.co.uk/xml/codelists/localtype.xml#village,,,,Highland,http://data.ordnancesurvey.co.uk/id/7000000000029638,http://data.ordnancesurvey.co.uk/ontology/admingeo/UnitaryAuthority,Scotland,http://data.ordnancesurvey.co.uk/id/7000000000041429,Scotland,http://data.ordnancesurvey.co.uk/id/country/scotland,osgb4000000003452777,,
osgb4000000003445885,http://data.ordnancesurvey.co.uk/id/4000000003445885,Mihol Road,,,,transportNetwork,Named Road,179711.000,877880.000,7000,20000,179634.000,877315.000,179909.768,878378.268,IV21,http://data.ordnancesurvey.co.uk/id/postcodedistrict/IV21,Gairloch,http://data.ordnancesurvey.co.uk/id/4000000074572367,http://www.ordnancesurvey.co.uk/xml/codelists/localtype.xml#village,,,,Highland,http://data.ordnancesurvey.co.uk/id/7000000000029638,http://data.ordnancesurvey.co.uk/ontology/admingeo/UnitaryAuthority,Scotland,http://data.ordnancesurvey.co.uk/id/7000000000041429,Scotland,http://data.ordnancesurvey.co.uk/id/country/scotland,,,
osgb4000000003445983,http://data.ordnancesurvey.co.uk/id/4000000003445983,B8056,,,,transportNetwork,Numbered Road,178578.869,873011.916,59000,250000,173117.000,868820.000,182143.993,873774.186,IV21,http://data.ordnancesurvey.co.uk/id/postcodedistrict/IV21,,,,,,,Highland,http://data.ordnancesurvey.co.uk/id/7000000000029638,http://data.ordnancesurvey.co.uk/ontology/admingeo/UnitaryAuthority,Scotland,http://data.ordnancesurvey.co.uk/id/7000000000041429,Scotland,http://data.ordnancesurvey.co.uk/id/country/scotland,,,
c3c763e0-86f0-4c69-a230-56cf1a739ea4,http://data.ordnancesurvey.co.uk/id/c3c763e0-86f0-4c69-a230-56cf1a739ea4,Mihol Road,,,,transportNetwork,Section Of Named Road,179702.333,877806.079,7000,25000,179634.000,877315.000,179827.127,878352.499,IV21,http://data.ordnancesurvey.co.uk/id/postcodedistrict/IV21,Gairloch,http://data.ordnancesurvey.co.uk/id/4000000074572367,http://www.ordnancesurvey.co.uk/xml/codelists/localtype.xml#village,,,,Highland,http://data.ordnancesurvey.co.uk/id/7000000000029638,http://data.ordnancesurvey.co.uk/ontology/admingeo/UnitaryAuthority,Scotland,http://data.ordnancesurvey.co.uk/id/7000000000041429,Scotland,http://data.ordnancesurvey.co.uk/id/country/scotland,osgb4000000003445885,,
osgb4000000003452777,http://data.ordnancesurvey.co.uk/id/4000000003452777,Coille Dhorch,,,,transportNetwork,Named Road,177946.363,873494.428,3000,20000,177711.740,873431.773,178194.127,873608.121,IV21,http://data.ordnancesurvey.co.uk/id/postcodedistrict/IV21,Badachro,http://data.ordnancesurvey.co.uk/id/4000000074571341,http://www.ordnancesurvey.co.uk/xml/codelists/localtype.xml#village,,,,Highland,http://data.ordnancesurvey.co.uk/id/7000000000029638,http://data.ordnancesurvey.co.uk/ontology/admingeo/UnitaryAuthority,Scotland,http://data.ordnancesurvey.co.uk/id/7000000000041429,Scotland,http://data.ordnancesurvey.co.uk/id/country/scotland,,,
osgb4000000003445951,http://data.ordnancesurvey.co.uk/id/4000000003445951,Ginn Park,,,,transportNetwork,Named Road,179502.226,877359.852,1000,20000,179479.000,877347.526,179513.057,877394.000,IV21,http://data.ordnancesurvey.co.uk/id/postcodedistrict/IV21,Gairloch,http://data.ordnancesurvey.co.uk/id/4000000074572367,http://www.ordnancesurvey.co.uk/xml/codelists/localtype.xml#village,,,,Highland,http://data.ordnancesurvey.co.uk/id/7000000000029638,http://data.ordnancesurvey.co.uk/ontology/admingeo/UnitaryAuthority,Scotland,http://data.ordnancesurvey.co.uk/id/7000000000041429,Scotland,http://data.ordnancesurvey.co.uk/id/country/scotland,,,
osgb4000000003445926,http://data.ordnancesurvey.co.uk/id/4000000003445926,Faolin,,,,transportNetwork,Named Road,179920.180,877238.258,1000,20000,179880.612,877195.000,179978.000,877258.220,IV21,http://data.ordnancesurvey.co.uk/id/postcodedistrict/IV21,Gairloch,http://data.ordnancesurvey.co.uk/id/4000000074572367,http://www.ordnancesurvey.co.uk/xml/codelists/localtype.xml#village,,,,Highland,http://data.ordnancesurvey.co.uk/id/7000000000029638,http://data.ordnancesurvey.co.uk/ontology/admingeo/UnitaryAuthority,Scotland,http://data.ordnancesurvey.co.uk/id/7000000000041429,Scotland,http://data.ordnancesurvey.co.uk/id/country/scotland,,,
osgb4000000003445884,http://data.ordnancesurvey.co.uk/id/4000000003445884,Glebe Park,,,,transportNetwork,Named Road,179947.000,877391.000,2000,20000,179878.000,877249.000,180049.324,877530.000,IV21,http://data.ordnancesurvey.co.uk/id/postcodedistrict/IV21,Gairloch,http://data.ordnancesurvey.co.uk/id/4000000074572367,http://www.ordnancesurvey.co.uk/xml/codelists/localtype.xml#village,,,,Highland,http://data.ordnancesurvey.co.uk/id/7000000000029638,http://data.ordnancesurvey.co.uk/ontology/admingeo/UnitaryAuthority,Scotland,http://data.ordnancesurvey.co.uk/id/7000000000041429,Scotland,http://data.ordnancesurvey.co.uk/id/country/scotland,,,
osgb4000000003445789,http://data.ordnancesurvey.co.uk/id/4000000003445789,Lonemore Road,,,,transportNetwork,Named Road,178675.880,877598.949,3000,20000,178671.654,877393.400,178678.600,877826.318,IV21,http://data.ordnancesurvey.co.uk/id/postcodedistrict/IV21,Gairloch,http://data.ordnancesurvey.co.uk/id/4000000074572367,http://www.ordnancesurvey.co.uk/xml/codelists/localtype.xml#village,,,,Highland,http://data.ordnancesurvey.co.uk/id/7000000000029638,http://data.ordnancesurvey.co.uk/ontology/admingeo/UnitaryAuthority,Scotland,http://data.ordnancesurvey.co.uk/id/7000000000041429,Scotland,http://data.ordnancesurvey.co.uk/id/country/scotland,,,
IV212BT,http://data.ordnancesurvey.co.uk/id/postcodeunit/IV212BT,IV21 2BT,,,,other,Postcode,179807.000,877293.000,3500,18000,,,,,,,Gairloch,http://data.ordnancesurvey.co.uk/id/4000000074572367,http://www.ordnancesurvey.co.uk/xml/codelists/localtype.xml#village,,,,Highland,http://data.ordnancesurvey.co.uk/id/7000000000029638,http://data.ordnancesurvey.co.uk/ontology/admingeo/UnitaryAuthority,Scotland,http://data.ordnancesurvey.co.uk/id/7000000000041429,Scotland,http://data.ordnancesurvey.co.uk/id/country/scotland,,,
