﻿osgb4000000074570629,http://data.ordnancesurvey.co.uk/id/4000000074570629,Annat,,,,populatedPlace,Hamlet,189067.490,854263.180,5000,25000,188609.817,854020.438,189866.595,854704.123,IV22,http://data.ordnancesurvey.co.uk/id/postcodedistrict/IV22,,,,,,,Highland,http://data.ordnancesurvey.co.uk/id/7000000000029638,http://data.ordnancesurvey.co.uk/ontology/admingeo/UnitaryAuthority,Scotland,http://data.ordnancesurvey.co.uk/id/7000000000041429,Scotland,http://data.ordnancesurvey.co.uk/id/country/scotland,,"http://dbpedia.org/resource/Annat,_Highland",
osgb4000000074549431,http://data.ordnancesurvey.co.uk/id/4000000074549431,Kirkton,,,,populatedPlace,Suburban Area,191406.095,841191.036,2000,25000,191117.830,841063.308,191617.830,841563.308,IV54,http://data.ordnancesurvey.co.uk/id/postcodedistrict/IV54,,,,,,,Highland,http://data.ordnancesurvey.co.uk/id/7000000000029638,http://data.ordnancesurvey.co.uk/ontology/admingeo/UnitaryAuthority,Scotland,http://data.ordnancesurvey.co.uk/id/7000000000041429,Scotland,http://data.ordnancesurvey.co.uk/id/country/scotland,,,
osgb4000000074573386,http://data.ordnancesurvey.co.uk/id/4000000074573386,Kishorn,,,,populatedPlace,Hamlet,183076.480,840306.890,5000,25000,182968.159,839946.507,183722.219,840851.378,IV54,http://data.ordnancesurvey.co.uk/id/postcodedistrict/IV54,,,,,,,Highland,http://data.ordnancesurvey.co.uk/id/7000000000029638,http://data.ordnancesurvey.co.uk/ontology/admingeo/UnitaryAuthority,Scotland,http://data.ordnancesurvey.co.uk/id/7000000000041429,Scotland,http://data.ordnancesurvey.co.uk/id/country/scotland,,,http://sws.geonames.org/2645179
osgb4000000074572706,http://data.ordnancesurvey.co.uk/id/4000000074572706,Achintee,,,,populatedPlace,Hamlet,194172.460,841692.880,5000,25000,193932.291,841400.710,194432.291,841900.710,IV54,http://data.ordnancesurvey.co.uk/id/postcodedistrict/IV54,,,,,,,Highland,http://data.ordnancesurvey.co.uk/id/7000000000029638,http://data.ordnancesurvey.co.uk/ontology/admingeo/UnitaryAuthority,Scotland,http://data.ordnancesurvey.co.uk/id/7000000000041429,Scotland,http://data.ordnancesurvey.co.uk/id/country/scotland,,,
osgb4000000074573384,http://data.ordnancesurvey.co.uk/id/4000000074573384,Coulags,,,,populatedPlace,Other Settlement,196192.590,845152.880,15000,25000,195978.320,844909.615,196478.320,845409.615,IV54,http://data.ordnancesurvey.co.uk/id/postcodedistrict/IV54,,,,,,,Highland,http://data.ordnancesurvey.co.uk/id/7000000000029638,http://data.ordnancesurvey.co.uk/ontology/admingeo/UnitaryAuthority,Scotland,http://data.ordnancesurvey.co.uk/id/7000000000041429,Scotland,http://data.ordnancesurvey.co.uk/id/country/scotland,,http://dbpedia.org/resource/Coulags,
osgb4000000074570991,http://data.ordnancesurvey.co.uk/id/4000000074570991,Inveralligin,,,,populatedPlace,Village,184300.000,857496.000,11000,250000,184074.465,857207.616,185744.378,857815.892,IV22,http://data.ordnancesurvey.co.uk/id/postcodedistrict/IV22,,,,,,,Highland,http://data.ordnancesurvey.co.uk/id/7000000000029638,http://data.ordnancesurvey.co.uk/ontology/admingeo/UnitaryAuthority,Scotland,http://data.ordnancesurvey.co.uk/id/7000000000041429,Scotland,http://data.ordnancesurvey.co.uk/id/country/scotland,,http://dbpedia.org/resource/Inveralligin,http://sws.geonames.org/2646144
osgb4000000074572707,http://data.ordnancesurvey.co.uk/id/4000000074572707,Blackwood,,,,populatedPlace,Hamlet,195815.000,843907.000,5000,25000,195187.710,843347.354,195876.420,843990.819,IV54,http://data.ordnancesurvey.co.uk/id/postcodedistrict/IV54,,,,,,,Highland,http://data.ordnancesurvey.co.uk/id/7000000000029638,http://data.ordnancesurvey.co.uk/ontology/admingeo/UnitaryAuthority,Scotland,http://data.ordnancesurvey.co.uk/id/7000000000041429,Scotland,http://data.ordnancesurvey.co.uk/id/country/scotland,,,
osgb4000000074570990,http://data.ordnancesurvey.co.uk/id/4000000074570990,Shieldaig,eng,Sildeag,gla,populatedPlace,Village,181426.530,853794.110,15000,250000,181114.422,852250.905,181999.191,854623.686,IV54,http://data.ordnancesurvey.co.uk/id/postcodedistrict/IV54,,,,,,,Highland,http://data.ordnancesurvey.co.uk/id/7000000000029638,http://data.ordnancesurvey.co.uk/ontology/admingeo/UnitaryAuthority,Scotland,http://data.ordnancesurvey.co.uk/id/7000000000041429,Scotland,http://data.ordnancesurvey.co.uk/id/country/scotland,,http://dbpedia.org/resource/Shieldaig,http://sws.geonames.org/2637994
osgb4000000074573050,http://data.ordnancesurvey.co.uk/id/4000000074573050,Balnacra,,,,populatedPlace,Hamlet,197809.340,846041.870,5000,25000,197449.900,845760.353,198168.778,846323.392,IV54,http://data.ordnancesurvey.co.uk/id/postcodedistrict/IV54,,,,,,,Highland,http://data.ordnancesurvey.co.uk/id/7000000000029638,http://data.ordnancesurvey.co.uk/ontology/admingeo/UnitaryAuthority,Scotland,http://data.ordnancesurvey.co.uk/id/7000000000041429,Scotland,http://data.ordnancesurvey.co.uk/id/country/scotland,,http://dbpedia.org/resource/Balnacra,
osgb4000000074570989,http://data.ordnancesurvey.co.uk/id/4000000074570989,Torridon,,,,populatedPlace,Village,190237.770,855819.170,11000,250000,189373.937,854940.145,190687.754,856634.530,IV22,http://data.ordnancesurvey.co.uk/id/postcodedistrict/IV22,,,,,,,Highland,http://data.ordnancesurvey.co.uk/id/7000000000029638,http://data.ordnancesurvey.co.uk/ontology/admingeo/UnitaryAuthority,Scotland,http://data.ordnancesurvey.co.uk/id/7000000000041429,Scotland,http://data.ordnancesurvey.co.uk/id/country/scotland,,http://dbpedia.org/resource/Torridon,http://sws.geonames.org/6639625
osgb4000000074543000,http://data.ordnancesurvey.co.uk/id/4000000074543000,Srath Carran,,,,populatedPlace,Other Settlement,194187.000,842153.000,15000,25000,193412.326,842035.279,194534.190,842990.756,IV54,http://data.ordnancesurvey.co.uk/id/postcodedistrict/IV54,,,,,,,Highland,http://data.ordnancesurvey.co.uk/id/7000000000029638,http://data.ordnancesurvey.co.uk/ontology/admingeo/UnitaryAuthority,Scotland,http://data.ordnancesurvey.co.uk/id/7000000000041429,Scotland,http://data.ordnancesurvey.co.uk/id/country/scotland,,"http://dbpedia.org/resource/Strathcarron,_Highland",http://sws.geonames.org/2636704
IV222HB,http://data.ordnancesurvey.co.uk/id/postcodeunit/IV222HB,IV22 2HB,,,,other,Postcode,184548.000,857524.000,3500,18000,,,,,,,Inveralligin,http://data.ordnancesurvey.co.uk/id/4000000074570991,http://www.ordnancesurvey.co.uk/xml/codelists/localtype.xml#village,,,,Highland,http://data.ordnancesurvey.co.uk/id/7000000000029638,http://data.ordnancesurvey.co.uk/ontology/admingeo/UnitaryAuthority,Scotland,http://data.ordnancesurvey.co.uk/id/7000000000041429,Scotland,http://data.ordnancesurvey.co.uk/id/country/scotland,,,
IV548YN,http://data.ordnancesurvey.co.uk/id/postcodeunit/IV548YN,IV54 8YN,,,,other,Postcode,195609.000,843623.000,3500,18000,,,,,,,Blackwood,http://data.ordnancesurvey.co.uk/id/4000000074572707,http://www.ordnancesurvey.co.uk/xml/codelists/localtype.xml#hamlet,,,,Highland,http://data.ordnancesurvey.co.uk/id/7000000000029638,http://data.ordnancesurvey.co.uk/ontology/admingeo/UnitaryAuthority,Scotland,http://data.ordnancesurvey.co.uk/id/7000000000041429,Scotland,http://data.ordnancesurvey.co.uk/id/country/scotland,,,
IV222EW,http://data.ordnancesurvey.co.uk/id/postcodeunit/IV222EW,IV22 2EW,,,,other,Postcode,190264.000,855837.000,3500,18000,,,,,,,Torridon,http://data.ordnancesurvey.co.uk/id/4000000074570989,http://www.ordnancesurvey.co.uk/xml/codelists/localtype.xml#village,,,,Highland,http://data.ordnancesurvey.co.uk/id/7000000000029638,http://data.ordnancesurvey.co.uk/ontology/admingeo/UnitaryAuthority,Scotland,http://data.ordnancesurvey.co.uk/id/7000000000041429,Scotland,http://data.ordnancesurvey.co.uk/id/country/scotland,,,
IV548XA,http://data.ordnancesurvey.co.uk/id/postcodeunit/IV548XA,IV54 8XA,,,,other,Postcode,183841.000,840064.000,3500,18000,,,,,,,,,,,,,Highland,http://data.ordnancesurvey.co.uk/id/7000000000029638,http://data.ordnancesurvey.co.uk/ontology/admingeo/UnitaryAuthority,Scotland,http://data.ordnancesurvey.co.uk/id/7000000000041429,Scotland,http://data.ordnancesurvey.co.uk/id/country/scotland,,,
IV222EU,http://data.ordnancesurvey.co.uk/id/postcodeunit/IV222EU,IV22 2EU,,,,other,Postcode,189617.000,854562.000,3500,18000,,,,,,,Annat,http://data.ordnancesurvey.co.uk/id/4000000074570629,http://www.ordnancesurvey.co.uk/xml/codelists/localtype.xml#hamlet,,,,Highland,http://data.ordnancesurvey.co.uk/id/7000000000029638,http://data.ordnancesurvey.co.uk/ontology/admingeo/UnitaryAuthority,Scotland,http://data.ordnancesurvey.co.uk/id/7000000000041429,Scotland,http://data.ordnancesurvey.co.uk/id/country/scotland,,,
IV222EX,http://data.ordnancesurvey.co.uk/id/postcodeunit/IV222EX,IV22 2EX,,,,other,Postcode,188379.000,854330.000,3500,18000,,,,,,,,,,,,,Highland,http://data.ordnancesurvey.co.uk/id/7000000000029638,http://data.ordnancesurvey.co.uk/ontology/admingeo/UnitaryAuthority,Scotland,http://data.ordnancesurvey.co.uk/id/7000000000041429,Scotland,http://data.ordnancesurvey.co.uk/id/country/scotland,,,
IV548XD,http://data.ordnancesurvey.co.uk/id/postcodeunit/IV548XD,IV54 8XD,,,,other,Postcode,183199.000,840646.000,3500,18000,,,,,,,Kishorn,http://data.ordnancesurvey.co.uk/id/4000000074573386,http://www.ordnancesurvey.co.uk/xml/codelists/localtype.xml#hamlet,,,,Highland,http://data.ordnancesurvey.co.uk/id/7000000000029638,http://data.ordnancesurvey.co.uk/ontology/admingeo/UnitaryAuthority,Scotland,http://data.ordnancesurvey.co.uk/id/7000000000041429,Scotland,http://data.ordnancesurvey.co.uk/id/country/scotland,,,
IV548XS,http://data.ordnancesurvey.co.uk/id/postcodeunit/IV548XS,IV54 8XS,,,,other,Postcode,181285.000,852747.000,3500,18000,,,,,,,Shieldaig / Sildeag,http://data.ordnancesurvey.co.uk/id/4000000074570990,http://www.ordnancesurvey.co.uk/xml/codelists/localtype.xml#village,,,,Highland,http://data.ordnancesurvey.co.uk/id/7000000000029638,http://data.ordnancesurvey.co.uk/ontology/admingeo/UnitaryAuthority,Scotland,http://data.ordnancesurvey.co.uk/id/7000000000041429,Scotland,http://data.ordnancesurvey.co.uk/id/country/scotland,,,
IV548XY,http://data.ordnancesurvey.co.uk/id/postcodeunit/IV548XY,IV54 8XY,,,,other,Postcode,181922.000,854096.000,3500,18000,,,,,,,Shieldaig / Sildeag,http://data.ordnancesurvey.co.uk/id/4000000074570990,http://www.ordnancesurvey.co.uk/xml/codelists/localtype.xml#village,,,,Highland,http://data.ordnancesurvey.co.uk/id/7000000000029638,http://data.ordnancesurvey.co.uk/ontology/admingeo/UnitaryAuthority,Scotland,http://data.ordnancesurvey.co.uk/id/7000000000041429,Scotland,http://data.ordnancesurvey.co.uk/id/country/scotland,,,
IV548XJ,http://data.ordnancesurvey.co.uk/id/postcodeunit/IV548XJ,IV54 8XJ,,,,other,Postcode,181648.000,852612.000,3500,18000,,,,,,,Shieldaig / Sildeag,http://data.ordnancesurvey.co.uk/id/4000000074570990,http://www.ordnancesurvey.co.uk/xml/codelists/localtype.xml#village,,,,Highland,http://data.ordnancesurvey.co.uk/id/7000000000029638,http://data.ordnancesurvey.co.uk/ontology/admingeo/UnitaryAuthority,Scotland,http://data.ordnancesurvey.co.uk/id/7000000000041429,Scotland,http://data.ordnancesurvey.co.uk/id/country/scotland,,,
IV548UG,http://data.ordnancesurvey.co.uk/id/postcodeunit/IV548UG,IV54 8UG,,,,other,Postcode,191025.000,840463.000,3500,18000,,,,,,,Lochcarron,http://data.ordnancesurvey.co.uk/id/4000000074573049,http://www.ordnancesurvey.co.uk/xml/codelists/localtype.xml#village,,,,Highland,http://data.ordnancesurvey.co.uk/id/7000000000029638,http://data.ordnancesurvey.co.uk/ontology/admingeo/UnitaryAuthority,Scotland,http://data.ordnancesurvey.co.uk/id/7000000000041429,Scotland,http://data.ordnancesurvey.co.uk/id/country/scotland,,,
IV222EY,http://data.ordnancesurvey.co.uk/id/postcodeunit/IV222EY,IV22 2EY,,,,other,Postcode,188862.000,854224.000,3500,18000,,,,,,,Annat,http://data.ordnancesurvey.co.uk/id/4000000074570629,http://www.ordnancesurvey.co.uk/xml/codelists/localtype.xml#hamlet,,,,Highland,http://data.ordnancesurvey.co.uk/id/7000000000029638,http://data.ordnancesurvey.co.uk/ontology/admingeo/UnitaryAuthority,Scotland,http://data.ordnancesurvey.co.uk/id/7000000000041429,Scotland,http://data.ordnancesurvey.co.uk/id/country/scotland,,,
IV548XF,http://data.ordnancesurvey.co.uk/id/postcodeunit/IV548XF,IV54 8XF,,,,other,Postcode,182341.000,840705.000,3500,18000,,,,,,,,,,,,,Highland,http://data.ordnancesurvey.co.uk/id/7000000000029638,http://data.ordnancesurvey.co.uk/ontology/admingeo/UnitaryAuthority,Scotland,http://data.ordnancesurvey.co.uk/id/7000000000041429,Scotland,http://data.ordnancesurvey.co.uk/id/country/scotland,,,
IV548UF,http://data.ordnancesurvey.co.uk/id/postcodeunit/IV548UF,IV54 8UF,,,,other,Postcode,191074.000,840453.000,3500,18000,,,,,,,Lochcarron,http://data.ordnancesurvey.co.uk/id/4000000074573049,http://www.ordnancesurvey.co.uk/xml/codelists/localtype.xml#village,,,,Highland,http://data.ordnancesurvey.co.uk/id/7000000000029638,http://data.ordnancesurvey.co.uk/ontology/admingeo/UnitaryAuthority,Scotland,http://data.ordnancesurvey.co.uk/id/7000000000041429,Scotland,http://data.ordnancesurvey.co.uk/id/country/scotland,,,
IV548UY,http://data.ordnancesurvey.co.uk/id/postcodeunit/IV548UY,IV54 8UY,,,,other,Postcode,184305.000,844118.000,3500,18000,,,,,,,,,,,,,Highland,http://data.ordnancesurvey.co.uk/id/7000000000029638,http://data.ordnancesurvey.co.uk/ontology/admingeo/UnitaryAuthority,Scotland,http://data.ordnancesurvey.co.uk/id/7000000000041429,Scotland,http://data.ordnancesurvey.co.uk/id/country/scotland,,,
IV548XE,http://data.ordnancesurvey.co.uk/id/postcodeunit/IV548XE,IV54 8XE,,,,other,Postcode,184180.000,842855.000,3500,18000,,,,,,,,,,,,,Highland,http://data.ordnancesurvey.co.uk/id/7000000000029638,http://data.ordnancesurvey.co.uk/ontology/admingeo/UnitaryAuthority,Scotland,http://data.ordnancesurvey.co.uk/id/7000000000041429,Scotland,http://data.ordnancesurvey.co.uk/id/country/scotland,,,
IV548YS,http://data.ordnancesurvey.co.uk/id/postcodeunit/IV548YS,IV54 8YS,,,,other,Postcode,191507.000,841386.000,3500,18000,,,,,,,Lochcarron,http://data.ordnancesurvey.co.uk/id/4000000074573049,http://www.ordnancesurvey.co.uk/xml/codelists/localtype.xml#village,,,,Highland,http://data.ordnancesurvey.co.uk/id/7000000000029638,http://data.ordnancesurvey.co.uk/ontology/admingeo/UnitaryAuthority,Scotland,http://data.ordnancesurvey.co.uk/id/7000000000041429,Scotland,http://data.ordnancesurvey.co.uk/id/country/scotland,,,
IV548XN,http://data.ordnancesurvey.co.uk/id/postcodeunit/IV548XN,IV54 8XN,,,,other,Postcode,181517.000,853974.000,3500,18000,,,,,,,Shieldaig / Sildeag,http://data.ordnancesurvey.co.uk/id/4000000074570990,http://www.ordnancesurvey.co.uk/xml/codelists/localtype.xml#village,,,,Highland,http://data.ordnancesurvey.co.uk/id/7000000000029638,http://data.ordnancesurvey.co.uk/ontology/admingeo/UnitaryAuthority,Scotland,http://data.ordnancesurvey.co.uk/id/7000000000041429,Scotland,http://data.ordnancesurvey.co.uk/id/country/scotland,,,
IV548XP,http://data.ordnancesurvey.co.uk/id/postcodeunit/IV548XP,IV54 8XP,,,,other,Postcode,184866.000,854492.000,3500,18000,,,,,,,,,,,,,Highland,http://data.ordnancesurvey.co.uk/id/7000000000029638,http://data.ordnancesurvey.co.uk/ontology/admingeo/UnitaryAuthority,Scotland,http://data.ordnancesurvey.co.uk/id/7000000000041429,Scotland,http://data.ordnancesurvey.co.uk/id/country/scotland,,,
IV548YW,http://data.ordnancesurvey.co.uk/id/postcodeunit/IV548YW,IV54 8YW,,,,other,Postcode,192040.000,841917.000,3500,18000,,,,,,,,,,,,,Highland,http://data.ordnancesurvey.co.uk/id/7000000000029638,http://data.ordnancesurvey.co.uk/ontology/admingeo/UnitaryAuthority,Scotland,http://data.ordnancesurvey.co.uk/id/7000000000041429,Scotland,http://data.ordnancesurvey.co.uk/id/country/scotland,,,
IV548YR,http://data.ordnancesurvey.co.uk/id/postcodeunit/IV548YR,IV54 8YR,,,,other,Postcode,194215.000,842217.000,3500,18000,,,,,,,Srath Carran,http://data.ordnancesurvey.co.uk/id/4000000074543000,http://www.ordnancesurvey.co.uk/xml/codelists/localtype.xml#otherSettlement,,,,Highland,http://data.ordnancesurvey.co.uk/id/7000000000029638,http://data.ordnancesurvey.co.uk/ontology/admingeo/UnitaryAuthority,Scotland,http://data.ordnancesurvey.co.uk/id/7000000000041429,Scotland,http://data.ordnancesurvey.co.uk/id/country/scotland,,,
IV548AB,http://data.ordnancesurvey.co.uk/id/postcodeunit/IV548AB,IV54 8AB,,,,other,Postcode,183465.000,840422.000,3500,18000,,,,,,,,,,,,,Highland,http://data.ordnancesurvey.co.uk/id/7000000000029638,http://data.ordnancesurvey.co.uk/ontology/admingeo/UnitaryAuthority,Scotland,http://data.ordnancesurvey.co.uk/id/7000000000041429,Scotland,http://data.ordnancesurvey.co.uk/id/country/scotland,,,
IV222AG,http://data.ordnancesurvey.co.uk/id/postcodeunit/IV222AG,IV22 2AG,,,,other,Postcode,188668.000,854360.000,3500,18000,,,,,,,Annat,http://data.ordnancesurvey.co.uk/id/4000000074570629,http://www.ordnancesurvey.co.uk/xml/codelists/localtype.xml#hamlet,,,,Highland,http://data.ordnancesurvey.co.uk/id/7000000000029638,http://data.ordnancesurvey.co.uk/ontology/admingeo/UnitaryAuthority,Scotland,http://data.ordnancesurvey.co.uk/id/7000000000041429,Scotland,http://data.ordnancesurvey.co.uk/id/country/scotland,,,
IV548UQ,http://data.ordnancesurvey.co.uk/id/postcodeunit/IV548UQ,IV54 8UQ,,,,other,Postcode,190889.000,840349.000,3500,18000,,,,,,,Lochcarron,http://data.ordnancesurvey.co.uk/id/4000000074573049,http://www.ordnancesurvey.co.uk/xml/codelists/localtype.xml#village,,,,Highland,http://data.ordnancesurvey.co.uk/id/7000000000029638,http://data.ordnancesurvey.co.uk/ontology/admingeo/UnitaryAuthority,Scotland,http://data.ordnancesurvey.co.uk/id/7000000000041429,Scotland,http://data.ordnancesurvey.co.uk/id/country/scotland,,,
IV548XW,http://data.ordnancesurvey.co.uk/id/postcodeunit/IV548XW,IV54 8XW,,,,other,Postcode,181605.000,854309.000,3500,18000,,,,,,,Shieldaig / Sildeag,http://data.ordnancesurvey.co.uk/id/4000000074570990,http://www.ordnancesurvey.co.uk/xml/codelists/localtype.xml#village,,,,Highland,http://data.ordnancesurvey.co.uk/id/7000000000029638,http://data.ordnancesurvey.co.uk/ontology/admingeo/UnitaryAuthority,Scotland,http://data.ordnancesurvey.co.uk/id/7000000000041429,Scotland,http://data.ordnancesurvey.co.uk/id/country/scotland,,,
IV222ET,http://data.ordnancesurvey.co.uk/id/postcodeunit/IV222ET,IV22 2ET,,,,other,Postcode,193058.000,856470.000,3500,18000,,,,,,,,,,,,,Highland,http://data.ordnancesurvey.co.uk/id/7000000000029638,http://data.ordnancesurvey.co.uk/ontology/admingeo/UnitaryAuthority,Scotland,http://data.ordnancesurvey.co.uk/id/7000000000041429,Scotland,http://data.ordnancesurvey.co.uk/id/country/scotland,,,
IV548YX,http://data.ordnancesurvey.co.uk/id/postcodeunit/IV548YX,IV54 8YX,,,,other,Postcode,193278.000,840696.000,3500,18000,,,,,,,,,,,,,Highland,http://data.ordnancesurvey.co.uk/id/7000000000029638,http://data.ordnancesurvey.co.uk/ontology/admingeo/UnitaryAuthority,Scotland,http://data.ordnancesurvey.co.uk/id/7000000000041429,Scotland,http://data.ordnancesurvey.co.uk/id/country/scotland,,,
IV222HA,http://data.ordnancesurvey.co.uk/id/postcodeunit/IV222HA,IV22 2HA,,,,other,Postcode,186766.000,857302.000,3500,18000,,,,,,,,,,,,,Highland,http://data.ordnancesurvey.co.uk/id/7000000000029638,http://data.ordnancesurvey.co.uk/ontology/admingeo/UnitaryAuthority,Scotland,http://data.ordnancesurvey.co.uk/id/7000000000041429,Scotland,http://data.ordnancesurvey.co.uk/id/country/scotland,,,
IV548XG,http://data.ordnancesurvey.co.uk/id/postcodeunit/IV548XG,IV54 8XG,,,,other,Postcode,185944.000,840028.000,3500,18000,,,,,,,,,,,,,Highland,http://data.ordnancesurvey.co.uk/id/7000000000029638,http://data.ordnancesurvey.co.uk/ontology/admingeo/UnitaryAuthority,Scotland,http://data.ordnancesurvey.co.uk/id/7000000000041429,Scotland,http://data.ordnancesurvey.co.uk/id/country/scotland,,,
IV222EZ,http://data.ordnancesurvey.co.uk/id/postcodeunit/IV222EZ,IV22 2EZ,,,,other,Postcode,189880.000,856185.000,3500,18000,,,,,,,Torridon,http://data.ordnancesurvey.co.uk/id/4000000074570989,http://www.ordnancesurvey.co.uk/xml/codelists/localtype.xml#village,,,,Highland,http://data.ordnancesurvey.co.uk/id/7000000000029638,http://data.ordnancesurvey.co.uk/ontology/admingeo/UnitaryAuthority,Scotland,http://data.ordnancesurvey.co.uk/id/7000000000041429,Scotland,http://data.ordnancesurvey.co.uk/id/country/scotland,,,
IV548UD,http://data.ordnancesurvey.co.uk/id/postcodeunit/IV548UD,IV54 8UD,,,,other,Postcode,191053.000,840526.000,3500,18000,,,,,,,Lochcarron,http://data.ordnancesurvey.co.uk/id/4000000074573049,http://www.ordnancesurvey.co.uk/xml/codelists/localtype.xml#village,,,,Highland,http://data.ordnancesurvey.co.uk/id/7000000000029638,http://data.ordnancesurvey.co.uk/ontology/admingeo/UnitaryAuthority,Scotland,http://data.ordnancesurvey.co.uk/id/7000000000041429,Scotland,http://data.ordnancesurvey.co.uk/id/country/scotland,,,
IV548XQ,http://data.ordnancesurvey.co.uk/id/postcodeunit/IV548XQ,IV54 8XQ,,,,other,Postcode,191102.000,840610.000,3500,18000,,,,,,,Lochcarron,http://data.ordnancesurvey.co.uk/id/4000000074573049,http://www.ordnancesurvey.co.uk/xml/codelists/localtype.xml#village,,,,Highland,http://data.ordnancesurvey.co.uk/id/7000000000029638,http://data.ordnancesurvey.co.uk/ontology/admingeo/UnitaryAuthority,Scotland,http://data.ordnancesurvey.co.uk/id/7000000000041429,Scotland,http://data.ordnancesurvey.co.uk/id/country/scotland,,,
osgb4000000003445815,http://data.ordnancesurvey.co.uk/id/4000000003445815,Railway Terrace,,,,transportNetwork,Named Road,194329.107,842339.617,3000,20000,194139.643,842119.876,194498.298,842637.674,IV54,http://data.ordnancesurvey.co.uk/id/postcodedistrict/IV54,Srath Carran,http://data.ordnancesurvey.co.uk/id/4000000074543000,http://www.ordnancesurvey.co.uk/xml/codelists/localtype.xml#otherSettlement,,,,Highland,http://data.ordnancesurvey.co.uk/id/7000000000029638,http://data.ordnancesurvey.co.uk/ontology/admingeo/UnitaryAuthority,Scotland,http://data.ordnancesurvey.co.uk/id/7000000000041429,Scotland,http://data.ordnancesurvey.co.uk/id/country/scotland,,,
osgb4000000003445814,http://data.ordnancesurvey.co.uk/id/4000000003445814,Kirkton Road,,,,transportNetwork,Named Road,191077.000,840479.000,2000,20000,190935.346,840403.000,191189.000,840597.000,IV54,http://data.ordnancesurvey.co.uk/id/postcodedistrict/IV54,Lochcarron,http://data.ordnancesurvey.co.uk/id/4000000074573049,http://www.ordnancesurvey.co.uk/xml/codelists/localtype.xml#village,,,,Highland,http://data.ordnancesurvey.co.uk/id/7000000000029638,http://data.ordnancesurvey.co.uk/ontology/admingeo/UnitaryAuthority,Scotland,http://data.ordnancesurvey.co.uk/id/7000000000041429,Scotland,http://data.ordnancesurvey.co.uk/id/country/scotland,,,
osgb4000000003445813,http://data.ordnancesurvey.co.uk/id/4000000003445813,Kirkton Gardens,,,,transportNetwork,Named Road,190914.936,840360.155,2000,20000,190834.000,840256.000,190987.048,840514.061,IV54,http://data.ordnancesurvey.co.uk/id/postcodedistrict/IV54,Lochcarron,http://data.ordnancesurvey.co.uk/id/4000000074573049,http://www.ordnancesurvey.co.uk/xml/codelists/localtype.xml#village,,,,Highland,http://data.ordnancesurvey.co.uk/id/7000000000029638,http://data.ordnancesurvey.co.uk/ontology/admingeo/UnitaryAuthority,Scotland,http://data.ordnancesurvey.co.uk/id/7000000000041429,Scotland,http://data.ordnancesurvey.co.uk/id/country/scotland,,,
osgb4000000003445924,http://data.ordnancesurvey.co.uk/id/4000000003445924,Kirkton Drive,,,,transportNetwork,Named Road,191067.000,840540.000,1000,20000,191022.422,840523.000,191114.000,840540.000,IV54,http://data.ordnancesurvey.co.uk/id/postcodedistrict/IV54,Lochcarron,http://data.ordnancesurvey.co.uk/id/4000000074573049,http://www.ordnancesurvey.co.uk/xml/codelists/localtype.xml#village,,,,Highland,http://data.ordnancesurvey.co.uk/id/7000000000029638,http://data.ordnancesurvey.co.uk/ontology/admingeo/UnitaryAuthority,Scotland,http://data.ordnancesurvey.co.uk/id/7000000000041429,Scotland,http://data.ordnancesurvey.co.uk/id/country/scotland,,,
osgb4000000003445923,http://data.ordnancesurvey.co.uk/id/4000000003445923,Kirkton Way,,,,transportNetwork,Named Road,190995.194,840438.827,1000,20000,190995.000,840405.000,191027.176,840479.433,IV54,http://data.ordnancesurvey.co.uk/id/postcodedistrict/IV54,Lochcarron,http://data.ordnancesurvey.co.uk/id/4000000074573049,http://www.ordnancesurvey.co.uk/xml/codelists/localtype.xml#village,,,,Highland,http://data.ordnancesurvey.co.uk/id/7000000000029638,http://data.ordnancesurvey.co.uk/ontology/admingeo/UnitaryAuthority,Scotland,http://data.ordnancesurvey.co.uk/id/7000000000041429,Scotland,http://data.ordnancesurvey.co.uk/id/country/scotland,,,
osgb4000000003532577,http://data.ordnancesurvey.co.uk/id/4000000003532577,A890,,,,transportNetwork,Numbered Road,197839.000,846000.000,207000,1000000,184191.000,827333.000,215997.700,858431.100,IV54,http://data.ordnancesurvey.co.uk/id/postcodedistrict/IV54,Balnacra,http://data.ordnancesurvey.co.uk/id/4000000074573050,http://www.ordnancesurvey.co.uk/xml/codelists/localtype.xml#hamlet,,,,Highland,http://data.ordnancesurvey.co.uk/id/7000000000029638,http://data.ordnancesurvey.co.uk/ontology/admingeo/UnitaryAuthority,Scotland,http://data.ordnancesurvey.co.uk/id/7000000000041429,Scotland,http://data.ordnancesurvey.co.uk/id/country/scotland,,,
osgb4000000003452417,http://data.ordnancesurvey.co.uk/id/4000000003452417,Temperance Brae,,,,transportNetwork,Named Road,181461.000,853780.000,1000,20000,181426.529,853739.888,181466.417,853794.110,IV54,http://data.ordnancesurvey.co.uk/id/postcodedistrict/IV54,Shieldaig / Sildeag,http://data.ordnancesurvey.co.uk/id/4000000074570990,http://www.ordnancesurvey.co.uk/xml/codelists/localtype.xml#village,,,,Highland,http://data.ordnancesurvey.co.uk/id/7000000000029638,http://data.ordnancesurvey.co.uk/ontology/admingeo/UnitaryAuthority,Scotland,http://data.ordnancesurvey.co.uk/id/7000000000041429,Scotland,http://data.ordnancesurvey.co.uk/id/country/scotland,,,
osgb4000000003445925,http://data.ordnancesurvey.co.uk/id/4000000003445925,Sage Terrace,,,,transportNetwork,Named Road,191087.000,840601.000,1000,20000,191070.000,840540.000,191121.066,840662.511,IV54,http://data.ordnancesurvey.co.uk/id/postcodedistrict/IV54,Lochcarron,http://data.ordnancesurvey.co.uk/id/4000000074573049,http://www.ordnancesurvey.co.uk/xml/codelists/localtype.xml#village,,,,Highland,http://data.ordnancesurvey.co.uk/id/7000000000029638,http://data.ordnancesurvey.co.uk/ontology/admingeo/UnitaryAuthority,Scotland,http://data.ordnancesurvey.co.uk/id/7000000000041429,Scotland,http://data.ordnancesurvey.co.uk/id/country/scotland,,,
osgb4000000003445788,http://data.ordnancesurvey.co.uk/id/4000000003445788,Mary Street,,,,transportNetwork,Named Road,181620.000,854272.000,3000,20000,181485.000,854073.000,181627.000,854513.000,IV54,http://data.ordnancesurvey.co.uk/id/postcodedistrict/IV54,Shieldaig / Sildeag,http://data.ordnancesurvey.co.uk/id/4000000074570990,http://www.ordnancesurvey.co.uk/xml/codelists/localtype.xml#village,,,,Highland,http://data.ordnancesurvey.co.uk/id/7000000000029638,http://data.ordnancesurvey.co.uk/ontology/admingeo/UnitaryAuthority,Scotland,http://data.ordnancesurvey.co.uk/id/7000000000041429,Scotland,http://data.ordnancesurvey.co.uk/id/country/scotland,,,
osgb4000000003452418,http://data.ordnancesurvey.co.uk/id/4000000003452418,Baile Shuas,,,,transportNetwork,Named Road,181884.929,854095.310,1000,20000,181843.965,854067.924,181923.906,854134.010,IV54,http://data.ordnancesurvey.co.uk/id/postcodedistrict/IV54,Shieldaig / Sildeag,http://data.ordnancesurvey.co.uk/id/4000000074570990,http://www.ordnancesurvey.co.uk/xml/codelists/localtype.xml#village,,,,Highland,http://data.ordnancesurvey.co.uk/id/7000000000029638,http://data.ordnancesurvey.co.uk/ontology/admingeo/UnitaryAuthority,Scotland,http://data.ordnancesurvey.co.uk/id/7000000000041429,Scotland,http://data.ordnancesurvey.co.uk/id/country/scotland,,,
osgb4000000003446361,http://data.ordnancesurvey.co.uk/id/4000000003446361,Darroch Park,,,,transportNetwork,Named Road,190273.323,855850.322,1000,20000,190237.763,855819.169,190319.590,855862.813,IV22,http://data.ordnancesurvey.co.uk/id/postcodedistrict/IV22,Torridon,http://data.ordnancesurvey.co.uk/id/4000000074570989,http://www.ordnancesurvey.co.uk/xml/codelists/localtype.xml#village,,,,Highland,http://data.ordnancesurvey.co.uk/id/7000000000029638,http://data.ordnancesurvey.co.uk/ontology/admingeo/UnitaryAuthority,Scotland,http://data.ordnancesurvey.co.uk/id/7000000000041429,Scotland,http://data.ordnancesurvey.co.uk/id/country/scotland,,,
osgb4000000003446177,http://data.ordnancesurvey.co.uk/id/4000000003446177,A896,,,,transportNetwork,Numbered Road,190131.000,854718.000,146000,1000000,181605.000,839487.000,202732.000,861978.000,IV22,http://data.ordnancesurvey.co.uk/id/postcodedistrict/IV22,,,,,,,Highland,http://data.ordnancesurvey.co.uk/id/7000000000029638,http://data.ordnancesurvey.co.uk/ontology/admingeo/UnitaryAuthority,Scotland,http://data.ordnancesurvey.co.uk/id/7000000000041429,Scotland,http://data.ordnancesurvey.co.uk/id/country/scotland,,,
osgb4000000003445922,http://data.ordnancesurvey.co.uk/id/4000000003445922,Kirkton Avenue,,,,transportNetwork,Named Road,190968.000,840354.000,1000,20000,190962.949,840290.712,190983.289,840404.000,IV54,http://data.ordnancesurvey.co.uk/id/postcodedistrict/IV54,Lochcarron,http://data.ordnancesurvey.co.uk/id/4000000074573049,http://www.ordnancesurvey.co.uk/xml/codelists/localtype.xml#village,,,,Highland,http://data.ordnancesurvey.co.uk/id/7000000000029638,http://data.ordnancesurvey.co.uk/ontology/admingeo/UnitaryAuthority,Scotland,http://data.ordnancesurvey.co.uk/id/7000000000041429,Scotland,http://data.ordnancesurvey.co.uk/id/country/scotland,,,
IV548YT,http://data.ordnancesurvey.co.uk/id/postcodeunit/IV548YT,IV54 8YT,,,,other,Postcode,191055.000,840285.000,3500,18000,,,,,,,Lochcarron,http://data.ordnancesurvey.co.uk/id/4000000074573049,http://www.ordnancesurvey.co.uk/xml/codelists/localtype.xml#village,,,,Highland,http://data.ordnancesurvey.co.uk/id/7000000000029638,http://data.ordnancesurvey.co.uk/ontology/admingeo/UnitaryAuthority,Scotland,http://data.ordnancesurvey.co.uk/id/7000000000041429,Scotland,http://data.ordnancesurvey.co.uk/id/country/scotland,,,
IV548UE,http://data.ordnancesurvey.co.uk/id/postcodeunit/IV548UE,IV54 8UE,,,,other,Postcode,190967.000,840313.000,3500,18000,,,,,,,Lochcarron,http://data.ordnancesurvey.co.uk/id/4000000074573049,http://www.ordnancesurvey.co.uk/xml/codelists/localtype.xml#village,,,,Highland,http://data.ordnancesurvey.co.uk/id/7000000000029638,http://data.ordnancesurvey.co.uk/ontology/admingeo/UnitaryAuthority,Scotland,http://data.ordnancesurvey.co.uk/id/7000000000041429,Scotland,http://data.ordnancesurvey.co.uk/id/country/scotland,,,
IV222HD,http://data.ordnancesurvey.co.uk/id/postcodeunit/IV222HD,IV22 2HD,,,,other,Postcode,183058.000,857739.000,3500,18000,,,,,,,Wester Alligin,http://data.ordnancesurvey.co.uk/id/4000000074814929,http://www.ordnancesurvey.co.uk/xml/codelists/localtype.xml#hamlet,,,,Highland,http://data.ordnancesurvey.co.uk/id/7000000000029638,http://data.ordnancesurvey.co.uk/ontology/admingeo/UnitaryAuthority,Scotland,http://data.ordnancesurvey.co.uk/id/7000000000041429,Scotland,http://data.ordnancesurvey.co.uk/id/country/scotland,,,
