﻿osgb4000000074557508,http://data.ordnancesurvey.co.uk/id/4000000074557508,Gorstan,,,,populatedPlace,Hamlet,238977.490,862281.350,5000,25000,238269.532,862081.841,239184.461,862899.277,IV23,http://data.ordnancesurvey.co.uk/id/postcodedistrict/IV23,,,,,,,Highland,http://data.ordnancesurvey.co.uk/id/7000000000029638,http://data.ordnancesurvey.co.uk/ontology/admingeo/UnitaryAuthority,Scotland,http://data.ordnancesurvey.co.uk/id/7000000000041429,Scotland,http://data.ordnancesurvey.co.uk/id/country/scotland,,http://dbpedia.org/resource/Gorstan,http://sws.geonames.org/2648289
osgb4000000074557509,http://data.ordnancesurvey.co.uk/id/4000000074557509,Lochluichart,,,,populatedPlace,Other Settlement,232939.000,863166.000,15000,25000,231625.010,862512.188,233569.195,863703.607,IV23,http://data.ordnancesurvey.co.uk/id/postcodedistrict/IV23,,,,,,,Highland,http://data.ordnancesurvey.co.uk/id/7000000000029638,http://data.ordnancesurvey.co.uk/ontology/admingeo/UnitaryAuthority,Scotland,http://data.ordnancesurvey.co.uk/id/7000000000041429,Scotland,http://data.ordnancesurvey.co.uk/id/country/scotland,,,
osgb4000000074557507,http://data.ordnancesurvey.co.uk/id/4000000074557507,Little Garve,eng,Gairbh Beag,gla,populatedPlace,Hamlet,239267.000,862762.000,5000,25000,239013.541,862563.816,239626.842,863063.816,IV23,http://data.ordnancesurvey.co.uk/id/postcodedistrict/IV23,,,,,,,Highland,http://data.ordnancesurvey.co.uk/id/7000000000029638,http://data.ordnancesurvey.co.uk/ontology/admingeo/UnitaryAuthority,Scotland,http://data.ordnancesurvey.co.uk/id/7000000000041429,Scotland,http://data.ordnancesurvey.co.uk/id/country/scotland,,,
osgb4000000074557506,http://data.ordnancesurvey.co.uk/id/4000000074557506,Achanalt,,,,populatedPlace,Hamlet,225226.000,861576.000,5000,25000,224395.015,861306.387,226109.254,861806.387,IV23,http://data.ordnancesurvey.co.uk/id/postcodedistrict/IV23,,,,,,,Highland,http://data.ordnancesurvey.co.uk/id/7000000000029638,http://data.ordnancesurvey.co.uk/ontology/admingeo/UnitaryAuthority,Scotland,http://data.ordnancesurvey.co.uk/id/7000000000041429,Scotland,http://data.ordnancesurvey.co.uk/id/country/scotland,,,http://sws.geonames.org/2657754
osgb4000000074557138,http://data.ordnancesurvey.co.uk/id/4000000074557138,Grudie,,,,populatedPlace,Hamlet,230821.000,862072.000,5000,25000,230308.884,861610.516,231180.997,862546.158,IV23,http://data.ordnancesurvey.co.uk/id/postcodedistrict/IV23,,,,,,,Highland,http://data.ordnancesurvey.co.uk/id/7000000000029638,http://data.ordnancesurvey.co.uk/ontology/admingeo/UnitaryAuthority,Scotland,http://data.ordnancesurvey.co.uk/id/7000000000041429,Scotland,http://data.ordnancesurvey.co.uk/id/country/scotland,,http://dbpedia.org/resource/Grudie,
osgb4000000074337298,http://data.ordnancesurvey.co.uk/id/4000000074337298,Garve,eng,Gairbh,gla,populatedPlace,Village,239525.000,861312.000,7000,250000,239159.322,861004.059,239762.572,862044.672,IV23,http://data.ordnancesurvey.co.uk/id/postcodedistrict/IV23,,,,,,,Highland,http://data.ordnancesurvey.co.uk/id/7000000000029638,http://data.ordnancesurvey.co.uk/ontology/admingeo/UnitaryAuthority,Scotland,http://data.ordnancesurvey.co.uk/id/7000000000041429,Scotland,http://data.ordnancesurvey.co.uk/id/country/scotland,,http://dbpedia.org/resource/Garve,http://sws.geonames.org/2648797
IV232PY,http://data.ordnancesurvey.co.uk/id/postcodeunit/IV232PY,IV23 2PY,,,,other,Postcode,235917.000,863589.000,3500,18000,,,,,,,,,,,,,Highland,http://data.ordnancesurvey.co.uk/id/7000000000029638,http://data.ordnancesurvey.co.uk/ontology/admingeo/UnitaryAuthority,Scotland,http://data.ordnancesurvey.co.uk/id/7000000000041429,Scotland,http://data.ordnancesurvey.co.uk/id/country/scotland,,,
IV232PZ,http://data.ordnancesurvey.co.uk/id/postcodeunit/IV232PZ,IV23 2PZ,,,,other,Postcode,232877.000,863027.000,3500,18000,,,,,,,Lochluichart,http://data.ordnancesurvey.co.uk/id/4000000074557509,http://www.ordnancesurvey.co.uk/xml/codelists/localtype.xml#otherSettlement,,,,Highland,http://data.ordnancesurvey.co.uk/id/7000000000029638,http://data.ordnancesurvey.co.uk/ontology/admingeo/UnitaryAuthority,Scotland,http://data.ordnancesurvey.co.uk/id/7000000000041429,Scotland,http://data.ordnancesurvey.co.uk/id/country/scotland,,,
IV232QD,http://data.ordnancesurvey.co.uk/id/postcodeunit/IV232QD,IV23 2QD,,,,other,Postcode,224521.000,861552.000,3500,18000,,,,,,,Achanalt,http://data.ordnancesurvey.co.uk/id/4000000074557506,http://www.ordnancesurvey.co.uk/xml/codelists/localtype.xml#hamlet,,,,Highland,http://data.ordnancesurvey.co.uk/id/7000000000029638,http://data.ordnancesurvey.co.uk/ontology/admingeo/UnitaryAuthority,Scotland,http://data.ordnancesurvey.co.uk/id/7000000000041429,Scotland,http://data.ordnancesurvey.co.uk/id/country/scotland,,,
IV232PJ,http://data.ordnancesurvey.co.uk/id/postcodeunit/IV232PJ,IV23 2PJ,,,,other,Postcode,220878.000,877698.000,3500,18000,,,,,,,,,,,,,Highland,http://data.ordnancesurvey.co.uk/id/7000000000029638,http://data.ordnancesurvey.co.uk/ontology/admingeo/UnitaryAuthority,Scotland,http://data.ordnancesurvey.co.uk/id/7000000000041429,Scotland,http://data.ordnancesurvey.co.uk/id/country/scotland,,,
IV232QH,http://data.ordnancesurvey.co.uk/id/postcodeunit/IV232QH,IV23 2QH,,,,other,Postcode,235058.000,874245.000,3500,18000,,,,,,,,,,,,,Highland,http://data.ordnancesurvey.co.uk/id/7000000000029638,http://data.ordnancesurvey.co.uk/ontology/admingeo/UnitaryAuthority,Scotland,http://data.ordnancesurvey.co.uk/id/7000000000041429,Scotland,http://data.ordnancesurvey.co.uk/id/country/scotland,,,
IV232QB,http://data.ordnancesurvey.co.uk/id/postcodeunit/IV232QB,IV23 2QB,,,,other,Postcode,230856.000,862137.000,3500,18000,,,,,,,Grudie,http://data.ordnancesurvey.co.uk/id/4000000074557138,http://www.ordnancesurvey.co.uk/xml/codelists/localtype.xml#hamlet,,,,Highland,http://data.ordnancesurvey.co.uk/id/7000000000029638,http://data.ordnancesurvey.co.uk/ontology/admingeo/UnitaryAuthority,Scotland,http://data.ordnancesurvey.co.uk/id/7000000000041429,Scotland,http://data.ordnancesurvey.co.uk/id/country/scotland,,,
IV232QA,http://data.ordnancesurvey.co.uk/id/postcodeunit/IV232QA,IV23 2QA,,,,other,Postcode,232920.000,863125.000,3500,18000,,,,,,,Lochluichart,http://data.ordnancesurvey.co.uk/id/4000000074557509,http://www.ordnancesurvey.co.uk/xml/codelists/localtype.xml#otherSettlement,,,,Highland,http://data.ordnancesurvey.co.uk/id/7000000000029638,http://data.ordnancesurvey.co.uk/ontology/admingeo/UnitaryAuthority,Scotland,http://data.ordnancesurvey.co.uk/id/7000000000041429,Scotland,http://data.ordnancesurvey.co.uk/id/country/scotland,,,
IV232PU,http://data.ordnancesurvey.co.uk/id/postcodeunit/IV232PU,IV23 2PU,,,,other,Postcode,239818.000,862387.000,3500,18000,,,,,,,Srath Gairbh / Strath Garve,http://data.ordnancesurvey.co.uk/id/4000000074338006,http://www.ordnancesurvey.co.uk/xml/codelists/localtype.xml#hamlet,,,,Highland,http://data.ordnancesurvey.co.uk/id/7000000000029638,http://data.ordnancesurvey.co.uk/ontology/admingeo/UnitaryAuthority,Scotland,http://data.ordnancesurvey.co.uk/id/7000000000041429,Scotland,http://data.ordnancesurvey.co.uk/id/country/scotland,,,
IV232PP,http://data.ordnancesurvey.co.uk/id/postcodeunit/IV232PP,IV23 2PP,,,,other,Postcode,239545.000,861559.000,3500,18000,,,,,,,Garve / Gairbh,http://data.ordnancesurvey.co.uk/id/4000000074337298,http://www.ordnancesurvey.co.uk/xml/codelists/localtype.xml#village,,,,Highland,http://data.ordnancesurvey.co.uk/id/7000000000029638,http://data.ordnancesurvey.co.uk/ontology/admingeo/UnitaryAuthority,Scotland,http://data.ordnancesurvey.co.uk/id/7000000000041429,Scotland,http://data.ordnancesurvey.co.uk/id/country/scotland,,,
IV232QE,http://data.ordnancesurvey.co.uk/id/postcodeunit/IV232QE,IV23 2QE,,,,other,Postcode,221935.000,865917.000,3500,18000,,,,,,,,,,,,,Highland,http://data.ordnancesurvey.co.uk/id/7000000000029638,http://data.ordnancesurvey.co.uk/ontology/admingeo/UnitaryAuthority,Scotland,http://data.ordnancesurvey.co.uk/id/7000000000041429,Scotland,http://data.ordnancesurvey.co.uk/id/country/scotland,,,
IV232PQ,http://data.ordnancesurvey.co.uk/id/postcodeunit/IV232PQ,IV23 2PQ,,,,other,Postcode,235136.000,870439.000,3500,18000,,,,,,,,,,,,,Highland,http://data.ordnancesurvey.co.uk/id/7000000000029638,http://data.ordnancesurvey.co.uk/ontology/admingeo/UnitaryAuthority,Scotland,http://data.ordnancesurvey.co.uk/id/7000000000041429,Scotland,http://data.ordnancesurvey.co.uk/id/country/scotland,,,
IV232PR,http://data.ordnancesurvey.co.uk/id/postcodeunit/IV232PR,IV23 2PR,,,,other,Postcode,239497.000,861620.000,3500,18000,,,,,,,Garve / Gairbh,http://data.ordnancesurvey.co.uk/id/4000000074337298,http://www.ordnancesurvey.co.uk/xml/codelists/localtype.xml#village,,,,Highland,http://data.ordnancesurvey.co.uk/id/7000000000029638,http://data.ordnancesurvey.co.uk/ontology/admingeo/UnitaryAuthority,Scotland,http://data.ordnancesurvey.co.uk/id/7000000000041429,Scotland,http://data.ordnancesurvey.co.uk/id/country/scotland,,,
IV232PX,http://data.ordnancesurvey.co.uk/id/postcodeunit/IV232PX,IV23 2PX,,,,other,Postcode,238642.000,862619.000,3500,18000,,,,,,,Gorstan,http://data.ordnancesurvey.co.uk/id/4000000074557508,http://www.ordnancesurvey.co.uk/xml/codelists/localtype.xml#hamlet,,,,Highland,http://data.ordnancesurvey.co.uk/id/7000000000029638,http://data.ordnancesurvey.co.uk/ontology/admingeo/UnitaryAuthority,Scotland,http://data.ordnancesurvey.co.uk/id/7000000000041429,Scotland,http://data.ordnancesurvey.co.uk/id/country/scotland,,,
IV232PT,http://data.ordnancesurvey.co.uk/id/postcodeunit/IV232PT,IV23 2PT,,,,other,Postcode,239743.000,860805.000,3500,18000,,,,,,,,,,,,,Highland,http://data.ordnancesurvey.co.uk/id/7000000000029638,http://data.ordnancesurvey.co.uk/ontology/admingeo/UnitaryAuthority,Scotland,http://data.ordnancesurvey.co.uk/id/7000000000041429,Scotland,http://data.ordnancesurvey.co.uk/id/country/scotland,,,
IV232PS,http://data.ordnancesurvey.co.uk/id/postcodeunit/IV232PS,IV23 2PS,,,,other,Postcode,239521.000,861154.000,3500,18000,,,,,,,Garve / Gairbh,http://data.ordnancesurvey.co.uk/id/4000000074337298,http://www.ordnancesurvey.co.uk/xml/codelists/localtype.xml#village,,,,Highland,http://data.ordnancesurvey.co.uk/id/7000000000029638,http://data.ordnancesurvey.co.uk/ontology/admingeo/UnitaryAuthority,Scotland,http://data.ordnancesurvey.co.uk/id/7000000000041429,Scotland,http://data.ordnancesurvey.co.uk/id/country/scotland,,,
32ccf60e-5d25-4540-8e28-48e1815022f4,http://data.ordnancesurvey.co.uk/id/32ccf60e-5d25-4540-8e28-48e1815022f4,Matheson Road,,,,transportNetwork,Section Of Named Road,239624.805,861353.349,2000,25000,239491.000,861309.190,239748.105,861450.000,IV23,http://data.ordnancesurvey.co.uk/id/postcodedistrict/IV23,Garve / Gairbh,http://data.ordnancesurvey.co.uk/id/4000000074337298,http://www.ordnancesurvey.co.uk/xml/codelists/localtype.xml#village,,,,Highland,http://data.ordnancesurvey.co.uk/id/7000000000029638,http://data.ordnancesurvey.co.uk/ontology/admingeo/UnitaryAuthority,Scotland,http://data.ordnancesurvey.co.uk/id/7000000000041429,Scotland,http://data.ordnancesurvey.co.uk/id/country/scotland,osgb4000000003554616,,
osgb4000000003534160,http://data.ordnancesurvey.co.uk/id/4000000003534160,A835,,,,transportNetwork,Numbered Road,230000.000,873192.000,392000,1000000,210750.375,852228.198,260218.098,912479.000,IV23,http://data.ordnancesurvey.co.uk/id/postcodedistrict/IV23,,,,,,,Highland,http://data.ordnancesurvey.co.uk/id/7000000000029638,http://data.ordnancesurvey.co.uk/ontology/admingeo/UnitaryAuthority,Scotland,http://data.ordnancesurvey.co.uk/id/7000000000041429,Scotland,http://data.ordnancesurvey.co.uk/id/country/scotland,,,
6e112669-9467-436b-92d2-c530e2f01f5e,http://data.ordnancesurvey.co.uk/id/6e112669-9467-436b-92d2-c530e2f01f5e,Station Road,,,,transportNetwork,Section Of Named Road,239469.000,861322.000,4000,25000,239447.188,861028.520,239580.514,861600.764,IV23,http://data.ordnancesurvey.co.uk/id/postcodedistrict/IV23,Garve / Gairbh,http://data.ordnancesurvey.co.uk/id/4000000074337298,http://www.ordnancesurvey.co.uk/xml/codelists/localtype.xml#village,,,,Highland,http://data.ordnancesurvey.co.uk/id/7000000000029638,http://data.ordnancesurvey.co.uk/ontology/admingeo/UnitaryAuthority,Scotland,http://data.ordnancesurvey.co.uk/id/7000000000041429,Scotland,http://data.ordnancesurvey.co.uk/id/country/scotland,osgb4000000003530846,,
osgb4000000003532578,http://data.ordnancesurvey.co.uk/id/4000000003532578,A832,,,,transportNetwork,Numbered Road,233170.000,863488.000,640000,1000000,180337.749,849469.318,278781.000,893430.247,IV23,http://data.ordnancesurvey.co.uk/id/postcodedistrict/IV23,Lochluichart,http://data.ordnancesurvey.co.uk/id/4000000074557509,http://www.ordnancesurvey.co.uk/xml/codelists/localtype.xml#otherSettlement,,,,Highland,http://data.ordnancesurvey.co.uk/id/7000000000029638,http://data.ordnancesurvey.co.uk/ontology/admingeo/UnitaryAuthority,Scotland,http://data.ordnancesurvey.co.uk/id/7000000000041429,Scotland,http://data.ordnancesurvey.co.uk/id/country/scotland,,,
osgb4000000003534573,http://data.ordnancesurvey.co.uk/id/4000000003534573,Stirling Drive,,,,transportNetwork,Named Road,239531.213,861552.660,1000,20000,239447.188,861450.000,239568.394,861613.158,IV23,http://data.ordnancesurvey.co.uk/id/postcodedistrict/IV23,Garve / Gairbh,http://data.ordnancesurvey.co.uk/id/4000000074337298,http://www.ordnancesurvey.co.uk/xml/codelists/localtype.xml#village,,,,Highland,http://data.ordnancesurvey.co.uk/id/7000000000029638,http://data.ordnancesurvey.co.uk/ontology/admingeo/UnitaryAuthority,Scotland,http://data.ordnancesurvey.co.uk/id/7000000000041429,Scotland,http://data.ordnancesurvey.co.uk/id/country/scotland,,,
osgb4000000003554616,http://data.ordnancesurvey.co.uk/id/4000000003554616,Matheson Road,,,,transportNetwork,Named Road,239921.594,861463.853,5000,20000,239491.000,861309.190,240320.875,861652.167,IV23,http://data.ordnancesurvey.co.uk/id/postcodedistrict/IV23,,,,,,,Highland,http://data.ordnancesurvey.co.uk/id/7000000000029638,http://data.ordnancesurvey.co.uk/ontology/admingeo/UnitaryAuthority,Scotland,http://data.ordnancesurvey.co.uk/id/7000000000041429,Scotland,http://data.ordnancesurvey.co.uk/id/country/scotland,,,
osgb4000000003530846,http://data.ordnancesurvey.co.uk/id/4000000003530846,Station Road,,,,transportNetwork,Named Road,239484.000,861190.000,5000,20000,239447.188,860825.201,239685.318,861600.764,IV23,http://data.ordnancesurvey.co.uk/id/postcodedistrict/IV23,Garve / Gairbh,http://data.ordnancesurvey.co.uk/id/4000000074337298,http://www.ordnancesurvey.co.uk/xml/codelists/localtype.xml#village,,,,Highland,http://data.ordnancesurvey.co.uk/id/7000000000029638,http://data.ordnancesurvey.co.uk/ontology/admingeo/UnitaryAuthority,Scotland,http://data.ordnancesurvey.co.uk/id/7000000000041429,Scotland,http://data.ordnancesurvey.co.uk/id/country/scotland,,,
IV232QF,http://data.ordnancesurvey.co.uk/id/postcodeunit/IV232QF,IV23 2QF,,,,other,Postcode,239583.000,861350.000,3500,18000,,,,,,,Garve / Gairbh,http://data.ordnancesurvey.co.uk/id/4000000074337298,http://www.ordnancesurvey.co.uk/xml/codelists/localtype.xml#village,,,,Highland,http://data.ordnancesurvey.co.uk/id/7000000000029638,http://data.ordnancesurvey.co.uk/ontology/admingeo/UnitaryAuthority,Scotland,http://data.ordnancesurvey.co.uk/id/7000000000041429,Scotland,http://data.ordnancesurvey.co.uk/id/country/scotland,,,
