﻿osgb4000000074556396,http://data.ordnancesurvey.co.uk/id/4000000074556396,Kilmachalmack,,,,populatedPlace,Other Settlement,250583.000,897938.000,15000,25000,250062.987,897895.199,251158.318,898633.678,IV24,http://data.ordnancesurvey.co.uk/id/postcodedistrict/IV24,,,,,,,Highland,http://data.ordnancesurvey.co.uk/id/7000000000029638,http://data.ordnancesurvey.co.uk/ontology/admingeo/UnitaryAuthority,Scotland,http://data.ordnancesurvey.co.uk/id/7000000000041429,Scotland,http://data.ordnancesurvey.co.uk/id/country/scotland,,,
osgb4000000074542597,http://data.ordnancesurvey.co.uk/id/4000000074542597,Braelangwell,,,,populatedPlace,Other Settlement,251598.650,892768.540,15000,25000,251355.642,892532.643,251855.642,893032.643,IV24,http://data.ordnancesurvey.co.uk/id/postcodedistrict/IV24,,,,,,,Highland,http://data.ordnancesurvey.co.uk/id/7000000000029638,http://data.ordnancesurvey.co.uk/ontology/admingeo/UnitaryAuthority,Scotland,http://data.ordnancesurvey.co.uk/id/7000000000041429,Scotland,http://data.ordnancesurvey.co.uk/id/country/scotland,,,
osgb4000000074556395,http://data.ordnancesurvey.co.uk/id/4000000074556395,Linsidemore,,,,populatedPlace,Other Settlement,254202.350,899160.210,15000,25000,253807.514,898791.372,255109.525,899291.372,IV27,http://data.ordnancesurvey.co.uk/id/postcodedistrict/IV27,,,,,,,Highland,http://data.ordnancesurvey.co.uk/id/7000000000029638,http://data.ordnancesurvey.co.uk/ontology/admingeo/UnitaryAuthority,Scotland,http://data.ordnancesurvey.co.uk/id/7000000000041429,Scotland,http://data.ordnancesurvey.co.uk/id/country/scotland,,http://dbpedia.org/resource/Linsidemore,
osgb4000000074556762,http://data.ordnancesurvey.co.uk/id/4000000074556762,Achnahanat,,,,populatedPlace,Other Settlement,251758.200,898128.770,15000,25000,251097.577,897993.730,252016.176,898493.730,IV24,http://data.ordnancesurvey.co.uk/id/postcodedistrict/IV24,,,,,,,Highland,http://data.ordnancesurvey.co.uk/id/7000000000029638,http://data.ordnancesurvey.co.uk/ontology/admingeo/UnitaryAuthority,Scotland,http://data.ordnancesurvey.co.uk/id/7000000000041429,Scotland,http://data.ordnancesurvey.co.uk/id/country/scotland,,http://dbpedia.org/resource/Achnahanat,http://sws.geonames.org/2657720
osgb4000000074813553,http://data.ordnancesurvey.co.uk/id/4000000074813553,Achinduich,,,,populatedPlace,Hamlet,258058.589,899925.422,5000,25000,257836.112,899698.762,258336.112,900198.762,IV27,http://data.ordnancesurvey.co.uk/id/postcodedistrict/IV27,,,,,,,Highland,http://data.ordnancesurvey.co.uk/id/7000000000029638,http://data.ordnancesurvey.co.uk/ontology/admingeo/UnitaryAuthority,Scotland,http://data.ordnancesurvey.co.uk/id/7000000000041429,Scotland,http://data.ordnancesurvey.co.uk/id/country/scotland,,,
osgb4000000074557872,http://data.ordnancesurvey.co.uk/id/4000000074557872,Amatnatua,,,,populatedPlace,Hamlet,248694.660,891485.860,5000,25000,247509.425,890356.157,248906.955,891643.089,IV24,http://data.ordnancesurvey.co.uk/id/postcodedistrict/IV24,,,,,,,Highland,http://data.ordnancesurvey.co.uk/id/7000000000029638,http://data.ordnancesurvey.co.uk/ontology/admingeo/UnitaryAuthority,Scotland,http://data.ordnancesurvey.co.uk/id/7000000000041429,Scotland,http://data.ordnancesurvey.co.uk/id/country/scotland,,http://dbpedia.org/resource/Amatnatua,
osgb4000000074556025,http://data.ordnancesurvey.co.uk/id/4000000074556025,Upper Gledfield,,,,populatedPlace,Other Settlement,257701.490,890455.850,15000,25000,256899.173,890308.150,258477.682,890808.150,IV24,http://data.ordnancesurvey.co.uk/id/postcodedistrict/IV24,,,,,,,Highland,http://data.ordnancesurvey.co.uk/id/7000000000029638,http://data.ordnancesurvey.co.uk/ontology/admingeo/UnitaryAuthority,Scotland,http://data.ordnancesurvey.co.uk/id/7000000000041429,Scotland,http://data.ordnancesurvey.co.uk/id/country/scotland,,,
osgb4000000074552592,http://data.ordnancesurvey.co.uk/id/4000000074552592,Balinoe,,,,populatedPlace,Other Settlement,258113.400,893545.140,15000,25000,257733.169,893126.974,258421.063,893811.298,IV24,http://data.ordnancesurvey.co.uk/id/postcodedistrict/IV24,,,,,,,Highland,http://data.ordnancesurvey.co.uk/id/7000000000029638,http://data.ordnancesurvey.co.uk/ontology/admingeo/UnitaryAuthority,Scotland,http://data.ordnancesurvey.co.uk/id/7000000000041429,Scotland,http://data.ordnancesurvey.co.uk/id/country/scotland,,,
osgb4000000074557873,http://data.ordnancesurvey.co.uk/id/4000000074557873,Croick,,,,populatedPlace,Other Settlement,245512.000,891459.000,15000,25000,245302.528,891200.179,246116.917,891700.179,IV24,http://data.ordnancesurvey.co.uk/id/postcodedistrict/IV24,,,,,,,Highland,http://data.ordnancesurvey.co.uk/id/7000000000029638,http://data.ordnancesurvey.co.uk/ontology/admingeo/UnitaryAuthority,Scotland,http://data.ordnancesurvey.co.uk/id/7000000000041429,Scotland,http://data.ordnancesurvey.co.uk/id/country/scotland,,,http://sws.geonames.org/2651942
osgb4000000074556763,http://data.ordnancesurvey.co.uk/id/4000000074556763,Auchintoul,,,,populatedPlace,Hamlet,251341.680,899929.490,5000,25000,250585.146,899703.790,251831.866,900203.790,IV27,http://data.ordnancesurvey.co.uk/id/postcodedistrict/IV27,,,,,,,Highland,http://data.ordnancesurvey.co.uk/id/7000000000029638,http://data.ordnancesurvey.co.uk/ontology/admingeo/UnitaryAuthority,Scotland,http://data.ordnancesurvey.co.uk/id/7000000000041429,Scotland,http://data.ordnancesurvey.co.uk/id/country/scotland,,,
osgb4000000074337351,http://data.ordnancesurvey.co.uk/id/4000000074337351,Soyal,,,,populatedPlace,Hamlet,257266.280,891093.940,5000,25000,256788.574,890921.459,257572.803,891421.459,IV24,http://data.ordnancesurvey.co.uk/id/postcodedistrict/IV24,,,,,,,Highland,http://data.ordnancesurvey.co.uk/id/7000000000029638,http://data.ordnancesurvey.co.uk/ontology/admingeo/UnitaryAuthority,Scotland,http://data.ordnancesurvey.co.uk/id/7000000000041429,Scotland,http://data.ordnancesurvey.co.uk/id/country/scotland,,,
osgb4000000074556024,http://data.ordnancesurvey.co.uk/id/4000000074556024,Ardgayhill,,,,populatedPlace,Other Settlement,259439.607,890312.124,15000,25000,259225.517,890092.643,259725.517,890592.643,IV24,http://data.ordnancesurvey.co.uk/id/postcodedistrict/IV24,,,,,,,Highland,http://data.ordnancesurvey.co.uk/id/7000000000029638,http://data.ordnancesurvey.co.uk/ontology/admingeo/UnitaryAuthority,Scotland,http://data.ordnancesurvey.co.uk/id/7000000000041429,Scotland,http://data.ordnancesurvey.co.uk/id/country/scotland,,,
osgb4000000074556391,http://data.ordnancesurvey.co.uk/id/4000000074556391,Dounie,,,,populatedPlace,Other Settlement,256561.000,890713.000,15000,25000,255851.061,890264.064,256733.282,890957.805,IV24,http://data.ordnancesurvey.co.uk/id/postcodedistrict/IV24,,,,,,,Highland,http://data.ordnancesurvey.co.uk/id/7000000000029638,http://data.ordnancesurvey.co.uk/ontology/admingeo/UnitaryAuthority,Scotland,http://data.ordnancesurvey.co.uk/id/7000000000041429,Scotland,http://data.ordnancesurvey.co.uk/id/country/scotland,,http://dbpedia.org/resource/Dounie,
osgb4000000074552593,http://data.ordnancesurvey.co.uk/id/4000000074552593,Culrain,,,,populatedPlace,Hamlet,257361.000,894672.000,5000,25000,256889.122,894325.961,257718.592,894969.427,IV24,http://data.ordnancesurvey.co.uk/id/postcodedistrict/IV24,,,,,,,Highland,http://data.ordnancesurvey.co.uk/id/7000000000029638,http://data.ordnancesurvey.co.uk/ontology/admingeo/UnitaryAuthority,Scotland,http://data.ordnancesurvey.co.uk/id/7000000000041429,Scotland,http://data.ordnancesurvey.co.uk/id/country/scotland,,,http://sws.geonames.org/2651729
osgb4000000074552207,http://data.ordnancesurvey.co.uk/id/4000000074552207,Cornhill,,,,populatedPlace,Other Settlement,258247.030,891204.430,15000,25000,257761.681,890946.952,258317.703,891446.952,IV24,http://data.ordnancesurvey.co.uk/id/postcodedistrict/IV24,,,,,,,Highland,http://data.ordnancesurvey.co.uk/id/7000000000029638,http://data.ordnancesurvey.co.uk/ontology/admingeo/UnitaryAuthority,Scotland,http://data.ordnancesurvey.co.uk/id/7000000000041429,Scotland,http://data.ordnancesurvey.co.uk/id/country/scotland,,,
osgb4000000074556702,http://data.ordnancesurvey.co.uk/id/4000000074556702,Tullich,,,,populatedPlace,Other Settlement,252322.600,899743.460,15000,25000,251927.071,899303.746,252782.480,900045.104,IV27,http://data.ordnancesurvey.co.uk/id/postcodedistrict/IV27,,,,,,,Highland,http://data.ordnancesurvey.co.uk/id/7000000000029638,http://data.ordnancesurvey.co.uk/ontology/admingeo/UnitaryAuthority,Scotland,http://data.ordnancesurvey.co.uk/id/7000000000041429,Scotland,http://data.ordnancesurvey.co.uk/id/country/scotland,,,
osgb4000000074556394,http://data.ordnancesurvey.co.uk/id/4000000074556394,Inveran,,,,populatedPlace,Hamlet,257470.000,897575.000,5000,25000,256904.202,897152.541,257698.482,897652.541,IV27,http://data.ordnancesurvey.co.uk/id/postcodedistrict/IV27,,,,,,,Highland,http://data.ordnancesurvey.co.uk/id/7000000000029638,http://data.ordnancesurvey.co.uk/ontology/admingeo/UnitaryAuthority,Scotland,http://data.ordnancesurvey.co.uk/id/7000000000041429,Scotland,http://data.ordnancesurvey.co.uk/id/country/scotland,,http://dbpedia.org/resource/Inveran,
osgb4000000074337039,http://data.ordnancesurvey.co.uk/id/4000000074337039,Rhelonie,,,,populatedPlace,Other Settlement,255609.270,897431.170,15000,25000,255379.805,897224.715,255879.805,897724.715,IV27,http://data.ordnancesurvey.co.uk/id/postcodedistrict/IV27,,,,,,,Highland,http://data.ordnancesurvey.co.uk/id/7000000000029638,http://data.ordnancesurvey.co.uk/ontology/admingeo/UnitaryAuthority,Scotland,http://data.ordnancesurvey.co.uk/id/7000000000041429,Scotland,http://data.ordnancesurvey.co.uk/id/country/scotland,,http://dbpedia.org/resource/Rhelonie,
osgb4000000074556393,http://data.ordnancesurvey.co.uk/id/4000000074556393,Invershin,,,,populatedPlace,Other Settlement,258053.540,894891.370,15000,25000,257592.912,894552.176,258246.432,897115.992,IV27,http://data.ordnancesurvey.co.uk/id/postcodedistrict/IV27,,,,,,,Highland,http://data.ordnancesurvey.co.uk/id/7000000000029638,http://data.ordnancesurvey.co.uk/ontology/admingeo/UnitaryAuthority,Scotland,http://data.ordnancesurvey.co.uk/id/7000000000041429,Scotland,http://data.ordnancesurvey.co.uk/id/country/scotland,,http://dbpedia.org/resource/Invershin,http://sws.geonames.org/2646079
osgb4000000074556023,http://data.ordnancesurvey.co.uk/id/4000000074556023,Ardgay,,,,populatedPlace,Village,259955.080,890508.880,5000,250000,259705.176,890042.877,260247.220,890872.350,IV24,http://data.ordnancesurvey.co.uk/id/postcodedistrict/IV24,,,,,,,Highland,http://data.ordnancesurvey.co.uk/id/7000000000029638,http://data.ordnancesurvey.co.uk/ontology/admingeo/UnitaryAuthority,Scotland,http://data.ordnancesurvey.co.uk/id/7000000000041429,Scotland,http://data.ordnancesurvey.co.uk/id/country/scotland,,http://dbpedia.org/resource/Ardgay,http://sws.geonames.org/8260058
osgb4000000074556392,http://data.ordnancesurvey.co.uk/id/4000000074556392,Wester Gruinards,,,,populatedPlace,Hamlet,252000.890,892300.890,5000,25000,251248.717,892048.683,252560.795,892596.636,IV24,http://data.ordnancesurvey.co.uk/id/postcodedistrict/IV24,,,,,,,Highland,http://data.ordnancesurvey.co.uk/id/7000000000029638,http://data.ordnancesurvey.co.uk/ontology/admingeo/UnitaryAuthority,Scotland,http://data.ordnancesurvey.co.uk/id/7000000000041429,Scotland,http://data.ordnancesurvey.co.uk/id/country/scotland,,,
IV243BQ,http://data.ordnancesurvey.co.uk/id/postcodeunit/IV243BQ,IV24 3BQ,,,,other,Postcode,259846.000,890488.000,3500,18000,,,,,,,Ardgay,http://data.ordnancesurvey.co.uk/id/4000000074556023,http://www.ordnancesurvey.co.uk/xml/codelists/localtype.xml#village,,,,Highland,http://data.ordnancesurvey.co.uk/id/7000000000029638,http://data.ordnancesurvey.co.uk/ontology/admingeo/UnitaryAuthority,Scotland,http://data.ordnancesurvey.co.uk/id/7000000000041429,Scotland,http://data.ordnancesurvey.co.uk/id/country/scotland,,,
IV243BL,http://data.ordnancesurvey.co.uk/id/postcodeunit/IV243BL,IV24 3BL,,,,other,Postcode,259926.000,890739.000,3500,18000,,,,,,,Ardgay,http://data.ordnancesurvey.co.uk/id/4000000074556023,http://www.ordnancesurvey.co.uk/xml/codelists/localtype.xml#village,,,,Highland,http://data.ordnancesurvey.co.uk/id/7000000000029638,http://data.ordnancesurvey.co.uk/ontology/admingeo/UnitaryAuthority,Scotland,http://data.ordnancesurvey.co.uk/id/7000000000041429,Scotland,http://data.ordnancesurvey.co.uk/id/country/scotland,,,
IV274ET,http://data.ordnancesurvey.co.uk/id/postcodeunit/IV274ET,IV27 4ET,,,,other,Postcode,257897.000,895577.000,3500,18000,,,,,,,Invershin,http://data.ordnancesurvey.co.uk/id/4000000074556393,http://www.ordnancesurvey.co.uk/xml/codelists/localtype.xml#otherSettlement,,,,Highland,http://data.ordnancesurvey.co.uk/id/7000000000029638,http://data.ordnancesurvey.co.uk/ontology/admingeo/UnitaryAuthority,Scotland,http://data.ordnancesurvey.co.uk/id/7000000000041429,Scotland,http://data.ordnancesurvey.co.uk/id/country/scotland,,,
IV243BN,http://data.ordnancesurvey.co.uk/id/postcodeunit/IV243BN,IV24 3BN,,,,other,Postcode,259242.000,890955.000,3500,18000,,,,,,,,,,,,,Highland,http://data.ordnancesurvey.co.uk/id/7000000000029638,http://data.ordnancesurvey.co.uk/ontology/admingeo/UnitaryAuthority,Scotland,http://data.ordnancesurvey.co.uk/id/7000000000041429,Scotland,http://data.ordnancesurvey.co.uk/id/country/scotland,,,
IV243DN,http://data.ordnancesurvey.co.uk/id/postcodeunit/IV243DN,IV24 3DN,,,,other,Postcode,258915.000,892546.000,3500,18000,,,,,,,,,,,,,Highland,http://data.ordnancesurvey.co.uk/id/7000000000029638,http://data.ordnancesurvey.co.uk/ontology/admingeo/UnitaryAuthority,Scotland,http://data.ordnancesurvey.co.uk/id/7000000000041429,Scotland,http://data.ordnancesurvey.co.uk/id/country/scotland,,,
IV243DW,http://data.ordnancesurvey.co.uk/id/postcodeunit/IV243DW,IV24 3DW,,,,other,Postcode,256979.000,894397.000,3500,18000,,,,,,,Culrain,http://data.ordnancesurvey.co.uk/id/4000000074552593,http://www.ordnancesurvey.co.uk/xml/codelists/localtype.xml#hamlet,,,,Highland,http://data.ordnancesurvey.co.uk/id/7000000000029638,http://data.ordnancesurvey.co.uk/ontology/admingeo/UnitaryAuthority,Scotland,http://data.ordnancesurvey.co.uk/id/7000000000041429,Scotland,http://data.ordnancesurvey.co.uk/id/country/scotland,,,
IV243BW,http://data.ordnancesurvey.co.uk/id/postcodeunit/IV243BW,IV24 3BW,,,,other,Postcode,254853.000,890804.000,3500,18000,,,,,,,,,,,,,Highland,http://data.ordnancesurvey.co.uk/id/7000000000029638,http://data.ordnancesurvey.co.uk/ontology/admingeo/UnitaryAuthority,Scotland,http://data.ordnancesurvey.co.uk/id/7000000000041429,Scotland,http://data.ordnancesurvey.co.uk/id/country/scotland,,,
IV243BT,http://data.ordnancesurvey.co.uk/id/postcodeunit/IV243BT,IV24 3BT,,,,other,Postcode,259974.000,890690.000,3500,18000,,,,,,,Ardgay,http://data.ordnancesurvey.co.uk/id/4000000074556023,http://www.ordnancesurvey.co.uk/xml/codelists/localtype.xml#village,,,,Highland,http://data.ordnancesurvey.co.uk/id/7000000000029638,http://data.ordnancesurvey.co.uk/ontology/admingeo/UnitaryAuthority,Scotland,http://data.ordnancesurvey.co.uk/id/7000000000041429,Scotland,http://data.ordnancesurvey.co.uk/id/country/scotland,,,
IV274EU,http://data.ordnancesurvey.co.uk/id/postcodeunit/IV274EU,IV27 4EU,,,,other,Postcode,251527.000,899968.000,3500,18000,,,,,,,Auchintoul,http://data.ordnancesurvey.co.uk/id/4000000074556763,http://www.ordnancesurvey.co.uk/xml/codelists/localtype.xml#hamlet,,,,Highland,http://data.ordnancesurvey.co.uk/id/7000000000029638,http://data.ordnancesurvey.co.uk/ontology/admingeo/UnitaryAuthority,Scotland,http://data.ordnancesurvey.co.uk/id/7000000000041429,Scotland,http://data.ordnancesurvey.co.uk/id/country/scotland,,,
IV243AW,http://data.ordnancesurvey.co.uk/id/postcodeunit/IV243AW,IV24 3AW,,,,other,Postcode,259610.000,893712.000,3500,18000,,,,,,,,,,,,,Highland,http://data.ordnancesurvey.co.uk/id/7000000000029638,http://data.ordnancesurvey.co.uk/ontology/admingeo/UnitaryAuthority,Scotland,http://data.ordnancesurvey.co.uk/id/7000000000041429,Scotland,http://data.ordnancesurvey.co.uk/id/country/scotland,,,
IV243DH,http://data.ordnancesurvey.co.uk/id/postcodeunit/IV243DH,IV24 3DH,,,,other,Postcode,259797.000,890277.000,3500,18000,,,,,,,Ardgay,http://data.ordnancesurvey.co.uk/id/4000000074556023,http://www.ordnancesurvey.co.uk/xml/codelists/localtype.xml#village,,,,Highland,http://data.ordnancesurvey.co.uk/id/7000000000029638,http://data.ordnancesurvey.co.uk/ontology/admingeo/UnitaryAuthority,Scotland,http://data.ordnancesurvey.co.uk/id/7000000000041429,Scotland,http://data.ordnancesurvey.co.uk/id/country/scotland,,,
IV243BH,http://data.ordnancesurvey.co.uk/id/postcodeunit/IV243BH,IV24 3BH,,,,other,Postcode,259846.000,890585.000,3500,18000,,,,,,,Ardgay,http://data.ordnancesurvey.co.uk/id/4000000074556023,http://www.ordnancesurvey.co.uk/xml/codelists/localtype.xml#village,,,,Highland,http://data.ordnancesurvey.co.uk/id/7000000000029638,http://data.ordnancesurvey.co.uk/ontology/admingeo/UnitaryAuthority,Scotland,http://data.ordnancesurvey.co.uk/id/7000000000041429,Scotland,http://data.ordnancesurvey.co.uk/id/country/scotland,,,
IV243DR,http://data.ordnancesurvey.co.uk/id/postcodeunit/IV243DR,IV24 3DR,,,,other,Postcode,259980.000,890244.000,3500,18000,,,,,,,Ardgay,http://data.ordnancesurvey.co.uk/id/4000000074556023,http://www.ordnancesurvey.co.uk/xml/codelists/localtype.xml#village,,,,Highland,http://data.ordnancesurvey.co.uk/id/7000000000029638,http://data.ordnancesurvey.co.uk/ontology/admingeo/UnitaryAuthority,Scotland,http://data.ordnancesurvey.co.uk/id/7000000000041429,Scotland,http://data.ordnancesurvey.co.uk/id/country/scotland,,,
IV243BG,http://data.ordnancesurvey.co.uk/id/postcodeunit/IV243BG,IV24 3BG,,,,other,Postcode,259481.000,890774.000,3500,18000,,,,,,,,,,,,,Highland,http://data.ordnancesurvey.co.uk/id/7000000000029638,http://data.ordnancesurvey.co.uk/ontology/admingeo/UnitaryAuthority,Scotland,http://data.ordnancesurvey.co.uk/id/7000000000041429,Scotland,http://data.ordnancesurvey.co.uk/id/country/scotland,,,
IV243BP,http://data.ordnancesurvey.co.uk/id/postcodeunit/IV243BP,IV24 3BP,,,,other,Postcode,254888.000,891457.000,3500,18000,,,,,,,,,,,,,Highland,http://data.ordnancesurvey.co.uk/id/7000000000029638,http://data.ordnancesurvey.co.uk/ontology/admingeo/UnitaryAuthority,Scotland,http://data.ordnancesurvey.co.uk/id/7000000000041429,Scotland,http://data.ordnancesurvey.co.uk/id/country/scotland,,,
IV274EY,http://data.ordnancesurvey.co.uk/id/postcodeunit/IV274EY,IV27 4EY,,,,other,Postcode,257261.000,897322.000,3500,18000,,,,,,,Inveran,http://data.ordnancesurvey.co.uk/id/4000000074556394,http://www.ordnancesurvey.co.uk/xml/codelists/localtype.xml#hamlet,,,,Highland,http://data.ordnancesurvey.co.uk/id/7000000000029638,http://data.ordnancesurvey.co.uk/ontology/admingeo/UnitaryAuthority,Scotland,http://data.ordnancesurvey.co.uk/id/7000000000041429,Scotland,http://data.ordnancesurvey.co.uk/id/country/scotland,,,
IV243BS,http://data.ordnancesurvey.co.uk/id/postcodeunit/IV243BS,IV24 3BS,,,,other,Postcode,243902.000,889729.000,3500,18000,,,,,,,,,,,,,Highland,http://data.ordnancesurvey.co.uk/id/7000000000029638,http://data.ordnancesurvey.co.uk/ontology/admingeo/UnitaryAuthority,Scotland,http://data.ordnancesurvey.co.uk/id/7000000000041429,Scotland,http://data.ordnancesurvey.co.uk/id/country/scotland,,,
IV243AL,http://data.ordnancesurvey.co.uk/id/postcodeunit/IV243AL,IV24 3AL,,,,other,Postcode,259931.000,890470.000,3500,18000,,,,,,,Ardgay,http://data.ordnancesurvey.co.uk/id/4000000074556023,http://www.ordnancesurvey.co.uk/xml/codelists/localtype.xml#village,,,,Highland,http://data.ordnancesurvey.co.uk/id/7000000000029638,http://data.ordnancesurvey.co.uk/ontology/admingeo/UnitaryAuthority,Scotland,http://data.ordnancesurvey.co.uk/id/7000000000041429,Scotland,http://data.ordnancesurvey.co.uk/id/country/scotland,,,
92b1620e-7f90-4331-a5d6-8298579087db,http://data.ordnancesurvey.co.uk/id/92b1620e-7f90-4331-a5d6-8298579087db,Church Street,,,,transportNetwork,Section Of Named Road,259932.440,890589.008,2000,25000,259827.913,890494.284,259972.206,890769.153,IV24,http://data.ordnancesurvey.co.uk/id/postcodedistrict/IV24,Ardgay,http://data.ordnancesurvey.co.uk/id/4000000074556023,http://www.ordnancesurvey.co.uk/xml/codelists/localtype.xml#village,,,,Highland,http://data.ordnancesurvey.co.uk/id/7000000000029638,http://data.ordnancesurvey.co.uk/ontology/admingeo/UnitaryAuthority,Scotland,http://data.ordnancesurvey.co.uk/id/7000000000041429,Scotland,http://data.ordnancesurvey.co.uk/id/country/scotland,osgb4000000003530975,,
osgb5000005216836906,http://data.ordnancesurvey.co.uk/id/5000005216836906,The Square,,,,transportNetwork,Named Road,259961.489,890447.582,1000,20000,259933.390,890439.327,259970.664,890475.204,IV24,http://data.ordnancesurvey.co.uk/id/postcodedistrict/IV24,Ardgay,http://data.ordnancesurvey.co.uk/id/4000000074556023,http://www.ordnancesurvey.co.uk/xml/codelists/localtype.xml#village,,,,Highland,http://data.ordnancesurvey.co.uk/id/7000000000029638,http://data.ordnancesurvey.co.uk/ontology/admingeo/UnitaryAuthority,Scotland,http://data.ordnancesurvey.co.uk/id/7000000000041429,Scotland,http://data.ordnancesurvey.co.uk/id/country/scotland,,,
osgb4000000003531771,http://data.ordnancesurvey.co.uk/id/4000000003531771,Ardgayhill,,,,transportNetwork,Named Road,259840.098,890356.069,2000,20000,259748.174,890317.567,259981.292,890412.517,IV24,http://data.ordnancesurvey.co.uk/id/postcodedistrict/IV24,Ardgay,http://data.ordnancesurvey.co.uk/id/4000000074556023,http://www.ordnancesurvey.co.uk/xml/codelists/localtype.xml#village,,,,Highland,http://data.ordnancesurvey.co.uk/id/7000000000029638,http://data.ordnancesurvey.co.uk/ontology/admingeo/UnitaryAuthority,Scotland,http://data.ordnancesurvey.co.uk/id/7000000000041429,Scotland,http://data.ordnancesurvey.co.uk/id/country/scotland,,,
osgb4000000003556691,http://data.ordnancesurvey.co.uk/id/4000000003556691,Cadh' An Tartair,,,,transportNetwork,Named Road,257126.781,891074.918,20000,25000,255192.000,890912.893,259040.490,891210.807,IV24,http://data.ordnancesurvey.co.uk/id/postcodedistrict/IV24,Soyal,http://data.ordnancesurvey.co.uk/id/4000000074337351,http://www.ordnancesurvey.co.uk/xml/codelists/localtype.xml#hamlet,,,,Highland,http://data.ordnancesurvey.co.uk/id/7000000000029638,http://data.ordnancesurvey.co.uk/ontology/admingeo/UnitaryAuthority,Scotland,http://data.ordnancesurvey.co.uk/id/7000000000041429,Scotland,http://data.ordnancesurvey.co.uk/id/country/scotland,,,
osgb4000000003532245,http://data.ordnancesurvey.co.uk/id/4000000003532245,Oykel Place,,,,transportNetwork,Named Road,259863.779,890594.370,1000,20000,259835.034,890577.987,259937.504,890600.030,IV24,http://data.ordnancesurvey.co.uk/id/postcodedistrict/IV24,Ardgay,http://data.ordnancesurvey.co.uk/id/4000000074556023,http://www.ordnancesurvey.co.uk/xml/codelists/localtype.xml#village,,,,Highland,http://data.ordnancesurvey.co.uk/id/7000000000029638,http://data.ordnancesurvey.co.uk/ontology/admingeo/UnitaryAuthority,Scotland,http://data.ordnancesurvey.co.uk/id/7000000000041429,Scotland,http://data.ordnancesurvey.co.uk/id/country/scotland,,,
f7e1ec08-db6f-42eb-a749-1287bd333ac6,http://data.ordnancesurvey.co.uk/id/f7e1ec08-db6f-42eb-a749-1287bd333ac6,Cadh' An Tartair,,,,transportNetwork,Section Of Named Road,258057.990,891195.533,4000,25000,257771.000,891189.108,258317.703,891210.807,IV24,http://data.ordnancesurvey.co.uk/id/postcodedistrict/IV24,Cornhill,http://data.ordnancesurvey.co.uk/id/4000000074552207,http://www.ordnancesurvey.co.uk/xml/codelists/localtype.xml#otherSettlement,,,,Highland,http://data.ordnancesurvey.co.uk/id/7000000000029638,http://data.ordnancesurvey.co.uk/ontology/admingeo/UnitaryAuthority,Scotland,http://data.ordnancesurvey.co.uk/id/7000000000041429,Scotland,http://data.ordnancesurvey.co.uk/id/country/scotland,osgb4000000003556691,,
osgb4000000003531772,http://data.ordnancesurvey.co.uk/id/4000000003531772,Carron Place,,,,transportNetwork,Named Road,259896.546,890493.688,1000,20000,259831.013,890429.049,259955.078,890540.455,IV24,http://data.ordnancesurvey.co.uk/id/postcodedistrict/IV24,Ardgay,http://data.ordnancesurvey.co.uk/id/4000000074556023,http://www.ordnancesurvey.co.uk/xml/codelists/localtype.xml#village,,,,Highland,http://data.ordnancesurvey.co.uk/id/7000000000029638,http://data.ordnancesurvey.co.uk/ontology/admingeo/UnitaryAuthority,Scotland,http://data.ordnancesurvey.co.uk/id/7000000000041429,Scotland,http://data.ordnancesurvey.co.uk/id/country/scotland,,,
osgb4000000003532509,http://data.ordnancesurvey.co.uk/id/4000000003532509,Struie Place,,,,transportNetwork,Named Road,259964.462,890722.159,1000,20000,259936.908,890712.329,259965.504,890740.180,IV24,http://data.ordnancesurvey.co.uk/id/postcodedistrict/IV24,Ardgay,http://data.ordnancesurvey.co.uk/id/4000000074556023,http://www.ordnancesurvey.co.uk/xml/codelists/localtype.xml#village,,,,Highland,http://data.ordnancesurvey.co.uk/id/7000000000029638,http://data.ordnancesurvey.co.uk/ontology/admingeo/UnitaryAuthority,Scotland,http://data.ordnancesurvey.co.uk/id/7000000000041429,Scotland,http://data.ordnancesurvey.co.uk/id/country/scotland,,,
1199d13d-d188-4fdd-b126-12963d3a83d4,http://data.ordnancesurvey.co.uk/id/1199d13d-d188-4fdd-b126-12963d3a83d4,Cadh' An Tartair,,,,transportNetwork,Section Of Named Road,257173.237,891078.816,5000,25000,256804.677,891074.918,257540.994,891176.239,IV24,http://data.ordnancesurvey.co.uk/id/postcodedistrict/IV24,Soyal,http://data.ordnancesurvey.co.uk/id/4000000074337351,http://www.ordnancesurvey.co.uk/xml/codelists/localtype.xml#hamlet,,,,Highland,http://data.ordnancesurvey.co.uk/id/7000000000029638,http://data.ordnancesurvey.co.uk/ontology/admingeo/UnitaryAuthority,Scotland,http://data.ordnancesurvey.co.uk/id/7000000000041429,Scotland,http://data.ordnancesurvey.co.uk/id/country/scotland,osgb4000000003556691,,
IV243DP,http://data.ordnancesurvey.co.uk/id/postcodeunit/IV243DP,IV24 3DP,,,,other,Postcode,250327.000,898334.000,3500,18000,,,,,,,Kilmachalmack,http://data.ordnancesurvey.co.uk/id/4000000074556396,http://www.ordnancesurvey.co.uk/xml/codelists/localtype.xml#otherSettlement,,,,Highland,http://data.ordnancesurvey.co.uk/id/7000000000029638,http://data.ordnancesurvey.co.uk/ontology/admingeo/UnitaryAuthority,Scotland,http://data.ordnancesurvey.co.uk/id/7000000000041429,Scotland,http://data.ordnancesurvey.co.uk/id/country/scotland,,,
IV243BJ,http://data.ordnancesurvey.co.uk/id/postcodeunit/IV243BJ,IV24 3BJ,,,,other,Postcode,259896.000,890623.000,3500,18000,,,,,,,Ardgay,http://data.ordnancesurvey.co.uk/id/4000000074556023,http://www.ordnancesurvey.co.uk/xml/codelists/localtype.xml#village,,,,Highland,http://data.ordnancesurvey.co.uk/id/7000000000029638,http://data.ordnancesurvey.co.uk/ontology/admingeo/UnitaryAuthority,Scotland,http://data.ordnancesurvey.co.uk/id/7000000000041429,Scotland,http://data.ordnancesurvey.co.uk/id/country/scotland,,,
osgb4000000003530975,http://data.ordnancesurvey.co.uk/id/4000000003530975,Church Street,,,,transportNetwork,Named Road,259558.000,890904.000,6000,20000,259040.490,890494.284,259972.206,890971.000,IV24,http://data.ordnancesurvey.co.uk/id/postcodedistrict/IV24,,,,,,,Highland,http://data.ordnancesurvey.co.uk/id/7000000000029638,http://data.ordnancesurvey.co.uk/ontology/admingeo/UnitaryAuthority,Scotland,http://data.ordnancesurvey.co.uk/id/7000000000041429,Scotland,http://data.ordnancesurvey.co.uk/id/country/scotland,,,
