﻿osgb4000000074554512,http://data.ordnancesurvey.co.uk/id/4000000074554512,Lynchat,,,,populatedPlace,Hamlet,278421.000,801810.000,5000,25000,278010.873,801622.146,278510.873,802122.146,PH21,http://data.ordnancesurvey.co.uk/id/postcodedistrict/PH21,,,,,,,Highland,http://data.ordnancesurvey.co.uk/id/7000000000029638,http://data.ordnancesurvey.co.uk/ontology/admingeo/UnitaryAuthority,Scotland,http://data.ordnancesurvey.co.uk/id/7000000000041429,Scotland,http://data.ordnancesurvey.co.uk/id/country/scotland,,http://dbpedia.org/resource/Lynchat,
osgb4000000074555245,http://data.ordnancesurvey.co.uk/id/4000000074555245,Kingussie,,,,populatedPlace,Town,275770.000,800674.000,20000,2000000,274121.061,800155.327,277132.289,801803.255,PH21,http://data.ordnancesurvey.co.uk/id/postcodedistrict/PH21,,,,,,,Highland,http://data.ordnancesurvey.co.uk/id/7000000000029638,http://data.ordnancesurvey.co.uk/ontology/admingeo/UnitaryAuthority,Scotland,http://data.ordnancesurvey.co.uk/id/7000000000041429,Scotland,http://data.ordnancesurvey.co.uk/id/country/scotland,,http://dbpedia.org/resource/Kingussie,http://sws.geonames.org/2645409
PH211LU,http://data.ordnancesurvey.co.uk/id/postcodeunit/PH211LU,PH21 1LU,,,,other,Postcode,279108.000,802675.000,3500,18000,,,,,,,,,,,,,Highland,http://data.ordnancesurvey.co.uk/id/7000000000029638,http://data.ordnancesurvey.co.uk/ontology/admingeo/UnitaryAuthority,Scotland,http://data.ordnancesurvey.co.uk/id/7000000000041429,Scotland,http://data.ordnancesurvey.co.uk/id/country/scotland,,,
PH211LG,http://data.ordnancesurvey.co.uk/id/postcodeunit/PH211LG,PH21 1LG,,,,other,Postcode,275755.000,800688.000,3500,18000,,,,,,,Kingussie,http://data.ordnancesurvey.co.uk/id/4000000074555245,http://www.ordnancesurvey.co.uk/xml/codelists/localtype.xml#town,,,,Highland,http://data.ordnancesurvey.co.uk/id/7000000000029638,http://data.ordnancesurvey.co.uk/ontology/admingeo/UnitaryAuthority,Scotland,http://data.ordnancesurvey.co.uk/id/7000000000041429,Scotland,http://data.ordnancesurvey.co.uk/id/country/scotland,,,
PH211HN,http://data.ordnancesurvey.co.uk/id/postcodeunit/PH211HN,PH21 1HN,,,,other,Postcode,275868.000,800540.000,3500,18000,,,,,,,Kingussie,http://data.ordnancesurvey.co.uk/id/4000000074555245,http://www.ordnancesurvey.co.uk/xml/codelists/localtype.xml#town,,,,Highland,http://data.ordnancesurvey.co.uk/id/7000000000029638,http://data.ordnancesurvey.co.uk/ontology/admingeo/UnitaryAuthority,Scotland,http://data.ordnancesurvey.co.uk/id/7000000000041429,Scotland,http://data.ordnancesurvey.co.uk/id/country/scotland,,,
PH211EP,http://data.ordnancesurvey.co.uk/id/postcodeunit/PH211EP,PH21 1EP,,,,other,Postcode,275613.000,800304.000,3500,18000,,,,,,,Kingussie,http://data.ordnancesurvey.co.uk/id/4000000074555245,http://www.ordnancesurvey.co.uk/xml/codelists/localtype.xml#town,,,,Highland,http://data.ordnancesurvey.co.uk/id/7000000000029638,http://data.ordnancesurvey.co.uk/ontology/admingeo/UnitaryAuthority,Scotland,http://data.ordnancesurvey.co.uk/id/7000000000041429,Scotland,http://data.ordnancesurvey.co.uk/id/country/scotland,,,
PH211LB,http://data.ordnancesurvey.co.uk/id/postcodeunit/PH211LB,PH21 1LB,,,,other,Postcode,275609.000,801153.000,3500,18000,,,,,,,Kingussie,http://data.ordnancesurvey.co.uk/id/4000000074555245,http://www.ordnancesurvey.co.uk/xml/codelists/localtype.xml#town,,,,Highland,http://data.ordnancesurvey.co.uk/id/7000000000029638,http://data.ordnancesurvey.co.uk/ontology/admingeo/UnitaryAuthority,Scotland,http://data.ordnancesurvey.co.uk/id/7000000000041429,Scotland,http://data.ordnancesurvey.co.uk/id/country/scotland,,,
PH211LS,http://data.ordnancesurvey.co.uk/id/postcodeunit/PH211LS,PH21 1LS,,,,other,Postcode,277052.000,801197.000,3500,18000,,,,,,,Kingussie,http://data.ordnancesurvey.co.uk/id/4000000074555245,http://www.ordnancesurvey.co.uk/xml/codelists/localtype.xml#town,,,,Highland,http://data.ordnancesurvey.co.uk/id/7000000000029638,http://data.ordnancesurvey.co.uk/ontology/admingeo/UnitaryAuthority,Scotland,http://data.ordnancesurvey.co.uk/id/7000000000041429,Scotland,http://data.ordnancesurvey.co.uk/id/country/scotland,,,
PH211JE,http://data.ordnancesurvey.co.uk/id/postcodeunit/PH211JE,PH21 1JE,,,,other,Postcode,276399.000,801007.000,3500,18000,,,,,,,Kingussie,http://data.ordnancesurvey.co.uk/id/4000000074555245,http://www.ordnancesurvey.co.uk/xml/codelists/localtype.xml#town,,,,Highland,http://data.ordnancesurvey.co.uk/id/7000000000029638,http://data.ordnancesurvey.co.uk/ontology/admingeo/UnitaryAuthority,Scotland,http://data.ordnancesurvey.co.uk/id/7000000000041429,Scotland,http://data.ordnancesurvey.co.uk/id/country/scotland,,,
PH211HL,http://data.ordnancesurvey.co.uk/id/postcodeunit/PH211HL,PH21 1HL,,,,other,Postcode,275778.000,800550.000,3500,18000,,,,,,,Kingussie,http://data.ordnancesurvey.co.uk/id/4000000074555245,http://www.ordnancesurvey.co.uk/xml/codelists/localtype.xml#town,,,,Highland,http://data.ordnancesurvey.co.uk/id/7000000000029638,http://data.ordnancesurvey.co.uk/ontology/admingeo/UnitaryAuthority,Scotland,http://data.ordnancesurvey.co.uk/id/7000000000041429,Scotland,http://data.ordnancesurvey.co.uk/id/country/scotland,,,
PH211JP,http://data.ordnancesurvey.co.uk/id/postcodeunit/PH211JP,PH21 1JP,,,,other,Postcode,276028.000,801063.000,3500,18000,,,,,,,Kingussie,http://data.ordnancesurvey.co.uk/id/4000000074555245,http://www.ordnancesurvey.co.uk/xml/codelists/localtype.xml#town,,,,Highland,http://data.ordnancesurvey.co.uk/id/7000000000029638,http://data.ordnancesurvey.co.uk/ontology/admingeo/UnitaryAuthority,Scotland,http://data.ordnancesurvey.co.uk/id/7000000000041429,Scotland,http://data.ordnancesurvey.co.uk/id/country/scotland,,,
PH211HB,http://data.ordnancesurvey.co.uk/id/postcodeunit/PH211HB,PH21 1HB,,,,other,Postcode,274649.000,800538.000,3500,18000,,,,,,,Kingussie,http://data.ordnancesurvey.co.uk/id/4000000074555245,http://www.ordnancesurvey.co.uk/xml/codelists/localtype.xml#town,,,,Highland,http://data.ordnancesurvey.co.uk/id/7000000000029638,http://data.ordnancesurvey.co.uk/ontology/admingeo/UnitaryAuthority,Scotland,http://data.ordnancesurvey.co.uk/id/7000000000041429,Scotland,http://data.ordnancesurvey.co.uk/id/country/scotland,,,
PH211PE,http://data.ordnancesurvey.co.uk/id/postcodeunit/PH211PE,PH21 1PE,,,,other,Postcode,276267.000,800790.000,3500,18000,,,,,,,Kingussie,http://data.ordnancesurvey.co.uk/id/4000000074555245,http://www.ordnancesurvey.co.uk/xml/codelists/localtype.xml#town,,,,Highland,http://data.ordnancesurvey.co.uk/id/7000000000029638,http://data.ordnancesurvey.co.uk/ontology/admingeo/UnitaryAuthority,Scotland,http://data.ordnancesurvey.co.uk/id/7000000000041429,Scotland,http://data.ordnancesurvey.co.uk/id/country/scotland,,,
PH211JX,http://data.ordnancesurvey.co.uk/id/postcodeunit/PH211JX,PH21 1JX,,,,other,Postcode,275733.000,800850.000,3500,18000,,,,,,,Kingussie,http://data.ordnancesurvey.co.uk/id/4000000074555245,http://www.ordnancesurvey.co.uk/xml/codelists/localtype.xml#town,,,,Highland,http://data.ordnancesurvey.co.uk/id/7000000000029638,http://data.ordnancesurvey.co.uk/ontology/admingeo/UnitaryAuthority,Scotland,http://data.ordnancesurvey.co.uk/id/7000000000041429,Scotland,http://data.ordnancesurvey.co.uk/id/country/scotland,,,
PH211ET,http://data.ordnancesurvey.co.uk/id/postcodeunit/PH211ET,PH21 1ET,,,,other,Postcode,275620.000,800772.000,3500,18000,,,,,,,Kingussie,http://data.ordnancesurvey.co.uk/id/4000000074555245,http://www.ordnancesurvey.co.uk/xml/codelists/localtype.xml#town,,,,Highland,http://data.ordnancesurvey.co.uk/id/7000000000029638,http://data.ordnancesurvey.co.uk/ontology/admingeo/UnitaryAuthority,Scotland,http://data.ordnancesurvey.co.uk/id/7000000000041429,Scotland,http://data.ordnancesurvey.co.uk/id/country/scotland,,,
PH211ER,http://data.ordnancesurvey.co.uk/id/postcodeunit/PH211ER,PH21 1ER,,,,other,Postcode,275489.000,800395.000,3500,18000,,,,,,,Kingussie,http://data.ordnancesurvey.co.uk/id/4000000074555245,http://www.ordnancesurvey.co.uk/xml/codelists/localtype.xml#town,,,,Highland,http://data.ordnancesurvey.co.uk/id/7000000000029638,http://data.ordnancesurvey.co.uk/ontology/admingeo/UnitaryAuthority,Scotland,http://data.ordnancesurvey.co.uk/id/7000000000041429,Scotland,http://data.ordnancesurvey.co.uk/id/country/scotland,,,
PH211EY,http://data.ordnancesurvey.co.uk/id/postcodeunit/PH211EY,PH21 1EY,,,,other,Postcode,275476.000,800882.000,3500,18000,,,,,,,Kingussie,http://data.ordnancesurvey.co.uk/id/4000000074555245,http://www.ordnancesurvey.co.uk/xml/codelists/localtype.xml#town,,,,Highland,http://data.ordnancesurvey.co.uk/id/7000000000029638,http://data.ordnancesurvey.co.uk/ontology/admingeo/UnitaryAuthority,Scotland,http://data.ordnancesurvey.co.uk/id/7000000000041429,Scotland,http://data.ordnancesurvey.co.uk/id/country/scotland,,,
PH211JL,http://data.ordnancesurvey.co.uk/id/postcodeunit/PH211JL,PH21 1JL,,,,other,Postcode,276028.000,800884.000,3500,18000,,,,,,,Kingussie,http://data.ordnancesurvey.co.uk/id/4000000074555245,http://www.ordnancesurvey.co.uk/xml/codelists/localtype.xml#town,,,,Highland,http://data.ordnancesurvey.co.uk/id/7000000000029638,http://data.ordnancesurvey.co.uk/ontology/admingeo/UnitaryAuthority,Scotland,http://data.ordnancesurvey.co.uk/id/7000000000041429,Scotland,http://data.ordnancesurvey.co.uk/id/country/scotland,,,
PH211PG,http://data.ordnancesurvey.co.uk/id/postcodeunit/PH211PG,PH21 1PG,,,,other,Postcode,276285.000,801126.000,3500,18000,,,,,,,Kingussie,http://data.ordnancesurvey.co.uk/id/4000000074555245,http://www.ordnancesurvey.co.uk/xml/codelists/localtype.xml#town,,,,Highland,http://data.ordnancesurvey.co.uk/id/7000000000029638,http://data.ordnancesurvey.co.uk/ontology/admingeo/UnitaryAuthority,Scotland,http://data.ordnancesurvey.co.uk/id/7000000000041429,Scotland,http://data.ordnancesurvey.co.uk/id/country/scotland,,,
PH211PB,http://data.ordnancesurvey.co.uk/id/postcodeunit/PH211PB,PH21 1PB,,,,other,Postcode,276237.000,801037.000,3500,18000,,,,,,,Kingussie,http://data.ordnancesurvey.co.uk/id/4000000074555245,http://www.ordnancesurvey.co.uk/xml/codelists/localtype.xml#town,,,,Highland,http://data.ordnancesurvey.co.uk/id/7000000000029638,http://data.ordnancesurvey.co.uk/ontology/admingeo/UnitaryAuthority,Scotland,http://data.ordnancesurvey.co.uk/id/7000000000041429,Scotland,http://data.ordnancesurvey.co.uk/id/country/scotland,,,
PH211HA,http://data.ordnancesurvey.co.uk/id/postcodeunit/PH211HA,PH21 1HA,,,,other,Postcode,275263.000,800604.000,3500,18000,,,,,,,Kingussie,http://data.ordnancesurvey.co.uk/id/4000000074555245,http://www.ordnancesurvey.co.uk/xml/codelists/localtype.xml#town,,,,Highland,http://data.ordnancesurvey.co.uk/id/7000000000029638,http://data.ordnancesurvey.co.uk/ontology/admingeo/UnitaryAuthority,Scotland,http://data.ordnancesurvey.co.uk/id/7000000000041429,Scotland,http://data.ordnancesurvey.co.uk/id/country/scotland,,,
PH211HQ,http://data.ordnancesurvey.co.uk/id/postcodeunit/PH211HQ,PH21 1HQ,,,,other,Postcode,276192.000,800876.000,3500,18000,,,,,,,Kingussie,http://data.ordnancesurvey.co.uk/id/4000000074555245,http://www.ordnancesurvey.co.uk/xml/codelists/localtype.xml#town,,,,Highland,http://data.ordnancesurvey.co.uk/id/7000000000029638,http://data.ordnancesurvey.co.uk/ontology/admingeo/UnitaryAuthority,Scotland,http://data.ordnancesurvey.co.uk/id/7000000000041429,Scotland,http://data.ordnancesurvey.co.uk/id/country/scotland,,,
PH211HS,http://data.ordnancesurvey.co.uk/id/postcodeunit/PH211HS,PH21 1HS,,,,other,Postcode,275703.000,800676.000,3500,18000,,,,,,,Kingussie,http://data.ordnancesurvey.co.uk/id/4000000074555245,http://www.ordnancesurvey.co.uk/xml/codelists/localtype.xml#town,,,,Highland,http://data.ordnancesurvey.co.uk/id/7000000000029638,http://data.ordnancesurvey.co.uk/ontology/admingeo/UnitaryAuthority,Scotland,http://data.ordnancesurvey.co.uk/id/7000000000041429,Scotland,http://data.ordnancesurvey.co.uk/id/country/scotland,,,
PH211HY,http://data.ordnancesurvey.co.uk/id/postcodeunit/PH211HY,PH21 1HY,,,,other,Postcode,276033.000,800762.000,3500,18000,,,,,,,Kingussie,http://data.ordnancesurvey.co.uk/id/4000000074555245,http://www.ordnancesurvey.co.uk/xml/codelists/localtype.xml#town,,,,Highland,http://data.ordnancesurvey.co.uk/id/7000000000029638,http://data.ordnancesurvey.co.uk/ontology/admingeo/UnitaryAuthority,Scotland,http://data.ordnancesurvey.co.uk/id/7000000000041429,Scotland,http://data.ordnancesurvey.co.uk/id/country/scotland,,,
PH211LL,http://data.ordnancesurvey.co.uk/id/postcodeunit/PH211LL,PH21 1LL,,,,other,Postcode,276135.000,801133.000,3500,18000,,,,,,,Kingussie,http://data.ordnancesurvey.co.uk/id/4000000074555245,http://www.ordnancesurvey.co.uk/xml/codelists/localtype.xml#town,,,,Highland,http://data.ordnancesurvey.co.uk/id/7000000000029638,http://data.ordnancesurvey.co.uk/ontology/admingeo/UnitaryAuthority,Scotland,http://data.ordnancesurvey.co.uk/id/7000000000041429,Scotland,http://data.ordnancesurvey.co.uk/id/country/scotland,,,
PH211EZ,http://data.ordnancesurvey.co.uk/id/postcodeunit/PH211EZ,PH21 1EZ,,,,other,Postcode,275523.000,800812.000,3500,18000,,,,,,,Kingussie,http://data.ordnancesurvey.co.uk/id/4000000074555245,http://www.ordnancesurvey.co.uk/xml/codelists/localtype.xml#town,,,,Highland,http://data.ordnancesurvey.co.uk/id/7000000000029638,http://data.ordnancesurvey.co.uk/ontology/admingeo/UnitaryAuthority,Scotland,http://data.ordnancesurvey.co.uk/id/7000000000041429,Scotland,http://data.ordnancesurvey.co.uk/id/country/scotland,,,
PH211JU,http://data.ordnancesurvey.co.uk/id/postcodeunit/PH211JU,PH21 1JU,,,,other,Postcode,275781.000,800862.000,3500,18000,,,,,,,Kingussie,http://data.ordnancesurvey.co.uk/id/4000000074555245,http://www.ordnancesurvey.co.uk/xml/codelists/localtype.xml#town,,,,Highland,http://data.ordnancesurvey.co.uk/id/7000000000029638,http://data.ordnancesurvey.co.uk/ontology/admingeo/UnitaryAuthority,Scotland,http://data.ordnancesurvey.co.uk/id/7000000000041429,Scotland,http://data.ordnancesurvey.co.uk/id/country/scotland,,,
PH211JZ,http://data.ordnancesurvey.co.uk/id/postcodeunit/PH211JZ,PH21 1JZ,,,,other,Postcode,275784.000,800990.000,3500,18000,,,,,,,Kingussie,http://data.ordnancesurvey.co.uk/id/4000000074555245,http://www.ordnancesurvey.co.uk/xml/codelists/localtype.xml#town,,,,Highland,http://data.ordnancesurvey.co.uk/id/7000000000029638,http://data.ordnancesurvey.co.uk/ontology/admingeo/UnitaryAuthority,Scotland,http://data.ordnancesurvey.co.uk/id/7000000000041429,Scotland,http://data.ordnancesurvey.co.uk/id/country/scotland,,,
PH211HR,http://data.ordnancesurvey.co.uk/id/postcodeunit/PH211HR,PH21 1HR,,,,other,Postcode,275739.000,800642.000,3500,18000,,,,,,,Kingussie,http://data.ordnancesurvey.co.uk/id/4000000074555245,http://www.ordnancesurvey.co.uk/xml/codelists/localtype.xml#town,,,,Highland,http://data.ordnancesurvey.co.uk/id/7000000000029638,http://data.ordnancesurvey.co.uk/ontology/admingeo/UnitaryAuthority,Scotland,http://data.ordnancesurvey.co.uk/id/7000000000041429,Scotland,http://data.ordnancesurvey.co.uk/id/country/scotland,,,
PH211HE,http://data.ordnancesurvey.co.uk/id/postcodeunit/PH211HE,PH21 1HE,,,,other,Postcode,275464.000,800557.000,3500,18000,,,,,,,Kingussie,http://data.ordnancesurvey.co.uk/id/4000000074555245,http://www.ordnancesurvey.co.uk/xml/codelists/localtype.xml#town,,,,Highland,http://data.ordnancesurvey.co.uk/id/7000000000029638,http://data.ordnancesurvey.co.uk/ontology/admingeo/UnitaryAuthority,Scotland,http://data.ordnancesurvey.co.uk/id/7000000000041429,Scotland,http://data.ordnancesurvey.co.uk/id/country/scotland,,,
PH211EN,http://data.ordnancesurvey.co.uk/id/postcodeunit/PH211EN,PH21 1EN,,,,other,Postcode,275606.000,800496.000,3500,18000,,,,,,,Kingussie,http://data.ordnancesurvey.co.uk/id/4000000074555245,http://www.ordnancesurvey.co.uk/xml/codelists/localtype.xml#town,,,,Highland,http://data.ordnancesurvey.co.uk/id/7000000000029638,http://data.ordnancesurvey.co.uk/ontology/admingeo/UnitaryAuthority,Scotland,http://data.ordnancesurvey.co.uk/id/7000000000041429,Scotland,http://data.ordnancesurvey.co.uk/id/country/scotland,,,
PH211NS,http://data.ordnancesurvey.co.uk/id/postcodeunit/PH211NS,PH21 1NS,,,,other,Postcode,278182.000,800233.000,3500,18000,,,,,,,,,,,,,Highland,http://data.ordnancesurvey.co.uk/id/7000000000029638,http://data.ordnancesurvey.co.uk/ontology/admingeo/UnitaryAuthority,Scotland,http://data.ordnancesurvey.co.uk/id/7000000000041429,Scotland,http://data.ordnancesurvey.co.uk/id/country/scotland,,,
PH211JJ,http://data.ordnancesurvey.co.uk/id/postcodeunit/PH211JJ,PH21 1JJ,,,,other,Postcode,276116.000,800856.000,3500,18000,,,,,,,Kingussie,http://data.ordnancesurvey.co.uk/id/4000000074555245,http://www.ordnancesurvey.co.uk/xml/codelists/localtype.xml#town,,,,Highland,http://data.ordnancesurvey.co.uk/id/7000000000029638,http://data.ordnancesurvey.co.uk/ontology/admingeo/UnitaryAuthority,Scotland,http://data.ordnancesurvey.co.uk/id/7000000000041429,Scotland,http://data.ordnancesurvey.co.uk/id/country/scotland,,,
PH211HD,http://data.ordnancesurvey.co.uk/id/postcodeunit/PH211HD,PH21 1HD,,,,other,Postcode,275013.000,800451.000,3500,18000,,,,,,,Kingussie,http://data.ordnancesurvey.co.uk/id/4000000074555245,http://www.ordnancesurvey.co.uk/xml/codelists/localtype.xml#town,,,,Highland,http://data.ordnancesurvey.co.uk/id/7000000000029638,http://data.ordnancesurvey.co.uk/ontology/admingeo/UnitaryAuthority,Scotland,http://data.ordnancesurvey.co.uk/id/7000000000041429,Scotland,http://data.ordnancesurvey.co.uk/id/country/scotland,,,
PH211JH,http://data.ordnancesurvey.co.uk/id/postcodeunit/PH211JH,PH21 1JH,,,,other,Postcode,275833.000,800569.000,3500,18000,,,,,,,Kingussie,http://data.ordnancesurvey.co.uk/id/4000000074555245,http://www.ordnancesurvey.co.uk/xml/codelists/localtype.xml#town,,,,Highland,http://data.ordnancesurvey.co.uk/id/7000000000029638,http://data.ordnancesurvey.co.uk/ontology/admingeo/UnitaryAuthority,Scotland,http://data.ordnancesurvey.co.uk/id/7000000000041429,Scotland,http://data.ordnancesurvey.co.uk/id/country/scotland,,,
PH211HF,http://data.ordnancesurvey.co.uk/id/postcodeunit/PH211HF,PH21 1HF,,,,other,Postcode,275475.000,800512.000,3500,18000,,,,,,,Kingussie,http://data.ordnancesurvey.co.uk/id/4000000074555245,http://www.ordnancesurvey.co.uk/xml/codelists/localtype.xml#town,,,,Highland,http://data.ordnancesurvey.co.uk/id/7000000000029638,http://data.ordnancesurvey.co.uk/ontology/admingeo/UnitaryAuthority,Scotland,http://data.ordnancesurvey.co.uk/id/7000000000041429,Scotland,http://data.ordnancesurvey.co.uk/id/country/scotland,,,
PH211EH,http://data.ordnancesurvey.co.uk/id/postcodeunit/PH211EH,PH21 1EH,,,,other,Postcode,275748.000,800553.000,3500,18000,,,,,,,Kingussie,http://data.ordnancesurvey.co.uk/id/4000000074555245,http://www.ordnancesurvey.co.uk/xml/codelists/localtype.xml#town,,,,Highland,http://data.ordnancesurvey.co.uk/id/7000000000029638,http://data.ordnancesurvey.co.uk/ontology/admingeo/UnitaryAuthority,Scotland,http://data.ordnancesurvey.co.uk/id/7000000000041429,Scotland,http://data.ordnancesurvey.co.uk/id/country/scotland,,,
PH211LT,http://data.ordnancesurvey.co.uk/id/postcodeunit/PH211LT,PH21 1LT,,,,other,Postcode,278233.000,801805.000,3500,18000,,,,,,,Lynchat,http://data.ordnancesurvey.co.uk/id/4000000074554512,http://www.ordnancesurvey.co.uk/xml/codelists/localtype.xml#hamlet,,,,Highland,http://data.ordnancesurvey.co.uk/id/7000000000029638,http://data.ordnancesurvey.co.uk/ontology/admingeo/UnitaryAuthority,Scotland,http://data.ordnancesurvey.co.uk/id/7000000000041429,Scotland,http://data.ordnancesurvey.co.uk/id/country/scotland,,,
PH211LQ,http://data.ordnancesurvey.co.uk/id/postcodeunit/PH211LQ,PH21 1LQ,,,,other,Postcode,275768.000,800713.000,3500,18000,,,,,,,Kingussie,http://data.ordnancesurvey.co.uk/id/4000000074555245,http://www.ordnancesurvey.co.uk/xml/codelists/localtype.xml#town,,,,Highland,http://data.ordnancesurvey.co.uk/id/7000000000029638,http://data.ordnancesurvey.co.uk/ontology/admingeo/UnitaryAuthority,Scotland,http://data.ordnancesurvey.co.uk/id/7000000000041429,Scotland,http://data.ordnancesurvey.co.uk/id/country/scotland,,,
PH211JF,http://data.ordnancesurvey.co.uk/id/postcodeunit/PH211JF,PH21 1JF,,,,other,Postcode,276190.000,800742.000,3500,18000,,,,,,,Kingussie,http://data.ordnancesurvey.co.uk/id/4000000074555245,http://www.ordnancesurvey.co.uk/xml/codelists/localtype.xml#town,,,,Highland,http://data.ordnancesurvey.co.uk/id/7000000000029638,http://data.ordnancesurvey.co.uk/ontology/admingeo/UnitaryAuthority,Scotland,http://data.ordnancesurvey.co.uk/id/7000000000041429,Scotland,http://data.ordnancesurvey.co.uk/id/country/scotland,,,
PH211LF,http://data.ordnancesurvey.co.uk/id/postcodeunit/PH211LF,PH21 1LF,,,,other,Postcode,275688.000,800738.000,3500,18000,,,,,,,Kingussie,http://data.ordnancesurvey.co.uk/id/4000000074555245,http://www.ordnancesurvey.co.uk/xml/codelists/localtype.xml#town,,,,Highland,http://data.ordnancesurvey.co.uk/id/7000000000029638,http://data.ordnancesurvey.co.uk/ontology/admingeo/UnitaryAuthority,Scotland,http://data.ordnancesurvey.co.uk/id/7000000000041429,Scotland,http://data.ordnancesurvey.co.uk/id/country/scotland,,,
PH211DX,http://data.ordnancesurvey.co.uk/id/postcodeunit/PH211DX,PH21 1DX,,,,other,Postcode,276008.000,800839.000,3500,18000,,,,,,,Kingussie,http://data.ordnancesurvey.co.uk/id/4000000074555245,http://www.ordnancesurvey.co.uk/xml/codelists/localtype.xml#town,,,,Highland,http://data.ordnancesurvey.co.uk/id/7000000000029638,http://data.ordnancesurvey.co.uk/ontology/admingeo/UnitaryAuthority,Scotland,http://data.ordnancesurvey.co.uk/id/7000000000041429,Scotland,http://data.ordnancesurvey.co.uk/id/country/scotland,,,
PH211EX,http://data.ordnancesurvey.co.uk/id/postcodeunit/PH211EX,PH21 1EX,,,,other,Postcode,275486.000,801040.000,3500,18000,,,,,,,Kingussie,http://data.ordnancesurvey.co.uk/id/4000000074555245,http://www.ordnancesurvey.co.uk/xml/codelists/localtype.xml#town,,,,Highland,http://data.ordnancesurvey.co.uk/id/7000000000029638,http://data.ordnancesurvey.co.uk/ontology/admingeo/UnitaryAuthority,Scotland,http://data.ordnancesurvey.co.uk/id/7000000000041429,Scotland,http://data.ordnancesurvey.co.uk/id/country/scotland,,,
PH211LJ,http://data.ordnancesurvey.co.uk/id/postcodeunit/PH211LJ,PH21 1LJ,,,,other,Postcode,275912.000,800946.000,3500,18000,,,,,,,Kingussie,http://data.ordnancesurvey.co.uk/id/4000000074555245,http://www.ordnancesurvey.co.uk/xml/codelists/localtype.xml#town,,,,Highland,http://data.ordnancesurvey.co.uk/id/7000000000029638,http://data.ordnancesurvey.co.uk/ontology/admingeo/UnitaryAuthority,Scotland,http://data.ordnancesurvey.co.uk/id/7000000000041429,Scotland,http://data.ordnancesurvey.co.uk/id/country/scotland,,,
PH211JR,http://data.ordnancesurvey.co.uk/id/postcodeunit/PH211JR,PH21 1JR,,,,other,Postcode,275985.000,801044.000,3500,18000,,,,,,,Kingussie,http://data.ordnancesurvey.co.uk/id/4000000074555245,http://www.ordnancesurvey.co.uk/xml/codelists/localtype.xml#town,,,,Highland,http://data.ordnancesurvey.co.uk/id/7000000000029638,http://data.ordnancesurvey.co.uk/ontology/admingeo/UnitaryAuthority,Scotland,http://data.ordnancesurvey.co.uk/id/7000000000041429,Scotland,http://data.ordnancesurvey.co.uk/id/country/scotland,,,
PH211JD,http://data.ordnancesurvey.co.uk/id/postcodeunit/PH211JD,PH21 1JD,,,,other,Postcode,276190.000,800845.000,3500,18000,,,,,,,Kingussie,http://data.ordnancesurvey.co.uk/id/4000000074555245,http://www.ordnancesurvey.co.uk/xml/codelists/localtype.xml#town,,,,Highland,http://data.ordnancesurvey.co.uk/id/7000000000029638,http://data.ordnancesurvey.co.uk/ontology/admingeo/UnitaryAuthority,Scotland,http://data.ordnancesurvey.co.uk/id/7000000000041429,Scotland,http://data.ordnancesurvey.co.uk/id/country/scotland,,,
PH211JY,http://data.ordnancesurvey.co.uk/id/postcodeunit/PH211JY,PH21 1JY,,,,other,Postcode,275739.000,801025.000,3500,18000,,,,,,,Kingussie,http://data.ordnancesurvey.co.uk/id/4000000074555245,http://www.ordnancesurvey.co.uk/xml/codelists/localtype.xml#town,,,,Highland,http://data.ordnancesurvey.co.uk/id/7000000000029638,http://data.ordnancesurvey.co.uk/ontology/admingeo/UnitaryAuthority,Scotland,http://data.ordnancesurvey.co.uk/id/7000000000041429,Scotland,http://data.ordnancesurvey.co.uk/id/country/scotland,,,
PH211PD,http://data.ordnancesurvey.co.uk/id/postcodeunit/PH211PD,PH21 1PD,,,,other,Postcode,276053.000,800828.000,3500,18000,,,,,,,Kingussie,http://data.ordnancesurvey.co.uk/id/4000000074555245,http://www.ordnancesurvey.co.uk/xml/codelists/localtype.xml#town,,,,Highland,http://data.ordnancesurvey.co.uk/id/7000000000029638,http://data.ordnancesurvey.co.uk/ontology/admingeo/UnitaryAuthority,Scotland,http://data.ordnancesurvey.co.uk/id/7000000000041429,Scotland,http://data.ordnancesurvey.co.uk/id/country/scotland,,,
PH211HU,http://data.ordnancesurvey.co.uk/id/postcodeunit/PH211HU,PH21 1HU,,,,other,Postcode,275711.000,800670.000,3500,18000,,,,,,,Kingussie,http://data.ordnancesurvey.co.uk/id/4000000074555245,http://www.ordnancesurvey.co.uk/xml/codelists/localtype.xml#town,,,,Highland,http://data.ordnancesurvey.co.uk/id/7000000000029638,http://data.ordnancesurvey.co.uk/ontology/admingeo/UnitaryAuthority,Scotland,http://data.ordnancesurvey.co.uk/id/7000000000041429,Scotland,http://data.ordnancesurvey.co.uk/id/country/scotland,,,
PH211EW,http://data.ordnancesurvey.co.uk/id/postcodeunit/PH211EW,PH21 1EW,,,,other,Postcode,275686.000,800380.000,3500,18000,,,,,,,Kingussie,http://data.ordnancesurvey.co.uk/id/4000000074555245,http://www.ordnancesurvey.co.uk/xml/codelists/localtype.xml#town,,,,Highland,http://data.ordnancesurvey.co.uk/id/7000000000029638,http://data.ordnancesurvey.co.uk/ontology/admingeo/UnitaryAuthority,Scotland,http://data.ordnancesurvey.co.uk/id/7000000000041429,Scotland,http://data.ordnancesurvey.co.uk/id/country/scotland,,,
PH211LW,http://data.ordnancesurvey.co.uk/id/postcodeunit/PH211LW,PH21 1LW,,,,other,Postcode,275819.000,800704.000,3500,18000,,,,,,,Kingussie,http://data.ordnancesurvey.co.uk/id/4000000074555245,http://www.ordnancesurvey.co.uk/xml/codelists/localtype.xml#town,,,,Highland,http://data.ordnancesurvey.co.uk/id/7000000000029638,http://data.ordnancesurvey.co.uk/ontology/admingeo/UnitaryAuthority,Scotland,http://data.ordnancesurvey.co.uk/id/7000000000041429,Scotland,http://data.ordnancesurvey.co.uk/id/country/scotland,,,
PH211JQ,http://data.ordnancesurvey.co.uk/id/postcodeunit/PH211JQ,PH21 1JQ,,,,other,Postcode,275919.000,800603.000,3500,18000,,,,,,,Kingussie,http://data.ordnancesurvey.co.uk/id/4000000074555245,http://www.ordnancesurvey.co.uk/xml/codelists/localtype.xml#town,,,,Highland,http://data.ordnancesurvey.co.uk/id/7000000000029638,http://data.ordnancesurvey.co.uk/ontology/admingeo/UnitaryAuthority,Scotland,http://data.ordnancesurvey.co.uk/id/7000000000041429,Scotland,http://data.ordnancesurvey.co.uk/id/country/scotland,,,
PH211LE,http://data.ordnancesurvey.co.uk/id/postcodeunit/PH211LE,PH21 1LE,,,,other,Postcode,275667.000,800992.000,3500,18000,,,,,,,Kingussie,http://data.ordnancesurvey.co.uk/id/4000000074555245,http://www.ordnancesurvey.co.uk/xml/codelists/localtype.xml#town,,,,Highland,http://data.ordnancesurvey.co.uk/id/7000000000029638,http://data.ordnancesurvey.co.uk/ontology/admingeo/UnitaryAuthority,Scotland,http://data.ordnancesurvey.co.uk/id/7000000000041429,Scotland,http://data.ordnancesurvey.co.uk/id/country/scotland,,,
PH211HP,http://data.ordnancesurvey.co.uk/id/postcodeunit/PH211HP,PH21 1HP,,,,other,Postcode,275813.000,800608.000,3500,18000,,,,,,,Kingussie,http://data.ordnancesurvey.co.uk/id/4000000074555245,http://www.ordnancesurvey.co.uk/xml/codelists/localtype.xml#town,,,,Highland,http://data.ordnancesurvey.co.uk/id/7000000000029638,http://data.ordnancesurvey.co.uk/ontology/admingeo/UnitaryAuthority,Scotland,http://data.ordnancesurvey.co.uk/id/7000000000041429,Scotland,http://data.ordnancesurvey.co.uk/id/country/scotland,,,
PH211HG,http://data.ordnancesurvey.co.uk/id/postcodeunit/PH211HG,PH21 1HG,,,,other,Postcode,276354.000,800805.000,3500,18000,,,,,,,Kingussie,http://data.ordnancesurvey.co.uk/id/4000000074555245,http://www.ordnancesurvey.co.uk/xml/codelists/localtype.xml#town,,,,Highland,http://data.ordnancesurvey.co.uk/id/7000000000029638,http://data.ordnancesurvey.co.uk/ontology/admingeo/UnitaryAuthority,Scotland,http://data.ordnancesurvey.co.uk/id/7000000000041429,Scotland,http://data.ordnancesurvey.co.uk/id/country/scotland,,,
PH211NP,http://data.ordnancesurvey.co.uk/id/postcodeunit/PH211NP,PH21 1NP,,,,other,Postcode,274581.000,800394.000,3500,18000,,,,,,,Kingussie,http://data.ordnancesurvey.co.uk/id/4000000074555245,http://www.ordnancesurvey.co.uk/xml/codelists/localtype.xml#town,,,,Highland,http://data.ordnancesurvey.co.uk/id/7000000000029638,http://data.ordnancesurvey.co.uk/ontology/admingeo/UnitaryAuthority,Scotland,http://data.ordnancesurvey.co.uk/id/7000000000041429,Scotland,http://data.ordnancesurvey.co.uk/id/country/scotland,,,
PH211LH,http://data.ordnancesurvey.co.uk/id/postcodeunit/PH211LH,PH21 1LH,,,,other,Postcode,275873.000,800935.000,3500,18000,,,,,,,Kingussie,http://data.ordnancesurvey.co.uk/id/4000000074555245,http://www.ordnancesurvey.co.uk/xml/codelists/localtype.xml#town,,,,Highland,http://data.ordnancesurvey.co.uk/id/7000000000029638,http://data.ordnancesurvey.co.uk/ontology/admingeo/UnitaryAuthority,Scotland,http://data.ordnancesurvey.co.uk/id/7000000000041429,Scotland,http://data.ordnancesurvey.co.uk/id/country/scotland,,,
PH211HW,http://data.ordnancesurvey.co.uk/id/postcodeunit/PH211HW,PH21 1HW,,,,other,Postcode,275774.000,800618.000,3500,18000,,,,,,,Kingussie,http://data.ordnancesurvey.co.uk/id/4000000074555245,http://www.ordnancesurvey.co.uk/xml/codelists/localtype.xml#town,,,,Highland,http://data.ordnancesurvey.co.uk/id/7000000000029638,http://data.ordnancesurvey.co.uk/ontology/admingeo/UnitaryAuthority,Scotland,http://data.ordnancesurvey.co.uk/id/7000000000041429,Scotland,http://data.ordnancesurvey.co.uk/id/country/scotland,,,
PH211JW,http://data.ordnancesurvey.co.uk/id/postcodeunit/PH211JW,PH21 1JW,,,,other,Postcode,276038.000,800996.000,3500,18000,,,,,,,Kingussie,http://data.ordnancesurvey.co.uk/id/4000000074555245,http://www.ordnancesurvey.co.uk/xml/codelists/localtype.xml#town,,,,Highland,http://data.ordnancesurvey.co.uk/id/7000000000029638,http://data.ordnancesurvey.co.uk/ontology/admingeo/UnitaryAuthority,Scotland,http://data.ordnancesurvey.co.uk/id/7000000000041429,Scotland,http://data.ordnancesurvey.co.uk/id/country/scotland,,,
PH211HX,http://data.ordnancesurvey.co.uk/id/postcodeunit/PH211HX,PH21 1HX,,,,other,Postcode,275937.000,800752.000,3500,18000,,,,,,,Kingussie,http://data.ordnancesurvey.co.uk/id/4000000074555245,http://www.ordnancesurvey.co.uk/xml/codelists/localtype.xml#town,,,,Highland,http://data.ordnancesurvey.co.uk/id/7000000000029638,http://data.ordnancesurvey.co.uk/ontology/admingeo/UnitaryAuthority,Scotland,http://data.ordnancesurvey.co.uk/id/7000000000041429,Scotland,http://data.ordnancesurvey.co.uk/id/country/scotland,,,
PH211HJ,http://data.ordnancesurvey.co.uk/id/postcodeunit/PH211HJ,PH21 1HJ,,,,other,Postcode,276181.000,800812.000,3500,18000,,,,,,,Kingussie,http://data.ordnancesurvey.co.uk/id/4000000074555245,http://www.ordnancesurvey.co.uk/xml/codelists/localtype.xml#town,,,,Highland,http://data.ordnancesurvey.co.uk/id/7000000000029638,http://data.ordnancesurvey.co.uk/ontology/admingeo/UnitaryAuthority,Scotland,http://data.ordnancesurvey.co.uk/id/7000000000041429,Scotland,http://data.ordnancesurvey.co.uk/id/country/scotland,,,
PH211JB,http://data.ordnancesurvey.co.uk/id/postcodeunit/PH211JB,PH21 1JB,,,,other,Postcode,276140.000,800803.000,3500,18000,,,,,,,Kingussie,http://data.ordnancesurvey.co.uk/id/4000000074555245,http://www.ordnancesurvey.co.uk/xml/codelists/localtype.xml#town,,,,Highland,http://data.ordnancesurvey.co.uk/id/7000000000029638,http://data.ordnancesurvey.co.uk/ontology/admingeo/UnitaryAuthority,Scotland,http://data.ordnancesurvey.co.uk/id/7000000000041429,Scotland,http://data.ordnancesurvey.co.uk/id/country/scotland,,,
PH211JS,http://data.ordnancesurvey.co.uk/id/postcodeunit/PH211JS,PH21 1JS,,,,other,Postcode,275863.000,800796.000,3500,18000,,,,,,,Kingussie,http://data.ordnancesurvey.co.uk/id/4000000074555245,http://www.ordnancesurvey.co.uk/xml/codelists/localtype.xml#town,,,,Highland,http://data.ordnancesurvey.co.uk/id/7000000000029638,http://data.ordnancesurvey.co.uk/ontology/admingeo/UnitaryAuthority,Scotland,http://data.ordnancesurvey.co.uk/id/7000000000041429,Scotland,http://data.ordnancesurvey.co.uk/id/country/scotland,,,
PH211HH,http://data.ordnancesurvey.co.uk/id/postcodeunit/PH211HH,PH21 1HH,,,,other,Postcode,276255.000,800842.000,3500,18000,,,,,,,Kingussie,http://data.ordnancesurvey.co.uk/id/4000000074555245,http://www.ordnancesurvey.co.uk/xml/codelists/localtype.xml#town,,,,Highland,http://data.ordnancesurvey.co.uk/id/7000000000029638,http://data.ordnancesurvey.co.uk/ontology/admingeo/UnitaryAuthority,Scotland,http://data.ordnancesurvey.co.uk/id/7000000000041429,Scotland,http://data.ordnancesurvey.co.uk/id/country/scotland,,,
PH211PA,http://data.ordnancesurvey.co.uk/id/postcodeunit/PH211PA,PH21 1PA,,,,other,Postcode,276216.000,800961.000,3500,18000,,,,,,,Kingussie,http://data.ordnancesurvey.co.uk/id/4000000074555245,http://www.ordnancesurvey.co.uk/xml/codelists/localtype.xml#town,,,,Highland,http://data.ordnancesurvey.co.uk/id/7000000000029638,http://data.ordnancesurvey.co.uk/ontology/admingeo/UnitaryAuthority,Scotland,http://data.ordnancesurvey.co.uk/id/7000000000041429,Scotland,http://data.ordnancesurvey.co.uk/id/country/scotland,,,
PH211ES,http://data.ordnancesurvey.co.uk/id/postcodeunit/PH211ES,PH21 1ES,,,,other,Postcode,275854.000,800431.000,3500,18000,,,,,,,Kingussie,http://data.ordnancesurvey.co.uk/id/4000000074555245,http://www.ordnancesurvey.co.uk/xml/codelists/localtype.xml#town,,,,Highland,http://data.ordnancesurvey.co.uk/id/7000000000029638,http://data.ordnancesurvey.co.uk/ontology/admingeo/UnitaryAuthority,Scotland,http://data.ordnancesurvey.co.uk/id/7000000000041429,Scotland,http://data.ordnancesurvey.co.uk/id/country/scotland,,,
PH211EU,http://data.ordnancesurvey.co.uk/id/postcodeunit/PH211EU,PH21 1EU,,,,other,Postcode,275575.000,800911.000,3500,18000,,,,,,,Kingussie,http://data.ordnancesurvey.co.uk/id/4000000074555245,http://www.ordnancesurvey.co.uk/xml/codelists/localtype.xml#town,,,,Highland,http://data.ordnancesurvey.co.uk/id/7000000000029638,http://data.ordnancesurvey.co.uk/ontology/admingeo/UnitaryAuthority,Scotland,http://data.ordnancesurvey.co.uk/id/7000000000041429,Scotland,http://data.ordnancesurvey.co.uk/id/country/scotland,,,
PH211LA,http://data.ordnancesurvey.co.uk/id/postcodeunit/PH211LA,PH21 1LA,,,,other,Postcode,275849.000,801107.000,3500,18000,,,,,,,Kingussie,http://data.ordnancesurvey.co.uk/id/4000000074555245,http://www.ordnancesurvey.co.uk/xml/codelists/localtype.xml#town,,,,Highland,http://data.ordnancesurvey.co.uk/id/7000000000029638,http://data.ordnancesurvey.co.uk/ontology/admingeo/UnitaryAuthority,Scotland,http://data.ordnancesurvey.co.uk/id/7000000000041429,Scotland,http://data.ordnancesurvey.co.uk/id/country/scotland,,,
osgb4000000003530884,http://data.ordnancesurvey.co.uk/id/4000000003530884,Ruthven Road,,,,transportNetwork,Named Road,275870.000,800032.000,5000,20000,275699.000,799722.000,276044.000,800423.000,PH21,http://data.ordnancesurvey.co.uk/id/postcodedistrict/PH21,,,,,,,Highland,http://data.ordnancesurvey.co.uk/id/7000000000029638,http://data.ordnancesurvey.co.uk/ontology/admingeo/UnitaryAuthority,Scotland,http://data.ordnancesurvey.co.uk/id/7000000000041429,Scotland,http://data.ordnancesurvey.co.uk/id/country/scotland,,,
osgb4000000003530883,http://data.ordnancesurvey.co.uk/id/4000000003530883,West Terrace,,,,transportNetwork,Named Road,275000.000,800545.000,6000,20000,274532.835,800532.000,275441.000,800705.000,PH21,http://data.ordnancesurvey.co.uk/id/postcodedistrict/PH21,Kingussie,http://data.ordnancesurvey.co.uk/id/4000000074555245,http://www.ordnancesurvey.co.uk/xml/codelists/localtype.xml#town,,,,Highland,http://data.ordnancesurvey.co.uk/id/7000000000029638,http://data.ordnancesurvey.co.uk/ontology/admingeo/UnitaryAuthority,Scotland,http://data.ordnancesurvey.co.uk/id/7000000000041429,Scotland,http://data.ordnancesurvey.co.uk/id/country/scotland,,,
osgb4000000003531311,http://data.ordnancesurvey.co.uk/id/4000000003531311,Middle Terrace,,,,transportNetwork,Named Road,275444.000,800877.000,1000,20000,275392.000,800824.000,275521.000,800956.000,PH21,http://data.ordnancesurvey.co.uk/id/postcodedistrict/PH21,Kingussie,http://data.ordnancesurvey.co.uk/id/4000000074555245,http://www.ordnancesurvey.co.uk/xml/codelists/localtype.xml#town,,,,Highland,http://data.ordnancesurvey.co.uk/id/7000000000029638,http://data.ordnancesurvey.co.uk/ontology/admingeo/UnitaryAuthority,Scotland,http://data.ordnancesurvey.co.uk/id/7000000000041429,Scotland,http://data.ordnancesurvey.co.uk/id/country/scotland,,,
osgb4000000003530887,http://data.ordnancesurvey.co.uk/id/4000000003530887,Ardbroilach Road,,,,transportNetwork,Named Road,275663.000,801127.000,6000,20000,275556.000,800674.000,275770.000,801629.320,PH21,http://data.ordnancesurvey.co.uk/id/postcodedistrict/PH21,Kingussie,http://data.ordnancesurvey.co.uk/id/4000000074555245,http://www.ordnancesurvey.co.uk/xml/codelists/localtype.xml#town,,,,Highland,http://data.ordnancesurvey.co.uk/id/7000000000029638,http://data.ordnancesurvey.co.uk/ontology/admingeo/UnitaryAuthority,Scotland,http://data.ordnancesurvey.co.uk/id/7000000000041429,Scotland,http://data.ordnancesurvey.co.uk/id/country/scotland,,,
9bf0434e-2b3d-4022-9e2c-75374d28a2b2,http://data.ordnancesurvey.co.uk/id/9bf0434e-2b3d-4022-9e2c-75374d28a2b2,Ruthven Road,,,,transportNetwork,Section Of Named Road,275745.000,800316.000,1000,25000,275699.000,800243.203,275777.231,800423.000,PH21,http://data.ordnancesurvey.co.uk/id/postcodedistrict/PH21,Kingussie,http://data.ordnancesurvey.co.uk/id/4000000074555245,http://www.ordnancesurvey.co.uk/xml/codelists/localtype.xml#town,,,,Highland,http://data.ordnancesurvey.co.uk/id/7000000000029638,http://data.ordnancesurvey.co.uk/ontology/admingeo/UnitaryAuthority,Scotland,http://data.ordnancesurvey.co.uk/id/7000000000041429,Scotland,http://data.ordnancesurvey.co.uk/id/country/scotland,osgb4000000003530884,,
osgb4000000003532404,http://data.ordnancesurvey.co.uk/id/4000000003532404,Glebe Court,,,,transportNetwork,Named Road,276300.000,800835.000,1000,20000,276288.000,800813.000,276318.000,800868.000,PH21,http://data.ordnancesurvey.co.uk/id/postcodedistrict/PH21,Kingussie,http://data.ordnancesurvey.co.uk/id/4000000074555245,http://www.ordnancesurvey.co.uk/xml/codelists/localtype.xml#town,,,,Highland,http://data.ordnancesurvey.co.uk/id/7000000000029638,http://data.ordnancesurvey.co.uk/ontology/admingeo/UnitaryAuthority,Scotland,http://data.ordnancesurvey.co.uk/id/7000000000041429,Scotland,http://data.ordnancesurvey.co.uk/id/country/scotland,,,
osgb4000000003532552,http://data.ordnancesurvey.co.uk/id/4000000003532552,James Court,,,,transportNetwork,Named Road,276073.000,800851.000,1000,20000,276045.000,800829.000,276082.000,800854.000,PH21,http://data.ordnancesurvey.co.uk/id/postcodedistrict/PH21,Kingussie,http://data.ordnancesurvey.co.uk/id/4000000074555245,http://www.ordnancesurvey.co.uk/xml/codelists/localtype.xml#town,,,,Highland,http://data.ordnancesurvey.co.uk/id/7000000000029638,http://data.ordnancesurvey.co.uk/ontology/admingeo/UnitaryAuthority,Scotland,http://data.ordnancesurvey.co.uk/id/7000000000041429,Scotland,http://data.ordnancesurvey.co.uk/id/country/scotland,,,
osgb5000005194943350,http://data.ordnancesurvey.co.uk/id/5000005194943350,Croila View,,,,transportNetwork,Named Road,276290.706,801106.517,1000,20000,276256.416,801080.878,276319.866,801150.527,PH21,http://data.ordnancesurvey.co.uk/id/postcodedistrict/PH21,Kingussie,http://data.ordnancesurvey.co.uk/id/4000000074555245,http://www.ordnancesurvey.co.uk/xml/codelists/localtype.xml#town,,,,Highland,http://data.ordnancesurvey.co.uk/id/7000000000029638,http://data.ordnancesurvey.co.uk/ontology/admingeo/UnitaryAuthority,Scotland,http://data.ordnancesurvey.co.uk/id/7000000000041429,Scotland,http://data.ordnancesurvey.co.uk/id/country/scotland,,,
osgb4000000003531918,http://data.ordnancesurvey.co.uk/id/4000000003531918,Ruthven Court,,,,transportNetwork,Named Road,276195.375,800802.750,1000,20000,276171.594,800792.858,276214.592,800830.250,PH21,http://data.ordnancesurvey.co.uk/id/postcodedistrict/PH21,Kingussie,http://data.ordnancesurvey.co.uk/id/4000000074555245,http://www.ordnancesurvey.co.uk/xml/codelists/localtype.xml#town,,,,Highland,http://data.ordnancesurvey.co.uk/id/7000000000029638,http://data.ordnancesurvey.co.uk/ontology/admingeo/UnitaryAuthority,Scotland,http://data.ordnancesurvey.co.uk/id/7000000000041429,Scotland,http://data.ordnancesurvey.co.uk/id/country/scotland,,,
240cd8c6-b6e8-4d94-abe3-78fdee03a75d,http://data.ordnancesurvey.co.uk/id/240cd8c6-b6e8-4d94-abe3-78fdee03a75d,A9,,,,transportNetwork,Section Of Numbered Road,276630.000,801051.000,2000,25000,276586.476,800925.542,276717.330,801284.642,PH21,http://data.ordnancesurvey.co.uk/id/postcodedistrict/PH21,Kingussie,http://data.ordnancesurvey.co.uk/id/4000000074555245,http://www.ordnancesurvey.co.uk/xml/codelists/localtype.xml#town,,,,Highland,http://data.ordnancesurvey.co.uk/id/7000000000029638,http://data.ordnancesurvey.co.uk/ontology/admingeo/UnitaryAuthority,Scotland,http://data.ordnancesurvey.co.uk/id/7000000000041429,Scotland,http://data.ordnancesurvey.co.uk/id/country/scotland,osgb4000000003379711,,
osgb4000000003531322,http://data.ordnancesurvey.co.uk/id/4000000003531322,Acres Road,,,,transportNetwork,Named Road,275761.000,801088.000,1000,20000,275701.000,801060.000,275856.500,801131.500,PH21,http://data.ordnancesurvey.co.uk/id/postcodedistrict/PH21,Kingussie,http://data.ordnancesurvey.co.uk/id/4000000074555245,http://www.ordnancesurvey.co.uk/xml/codelists/localtype.xml#town,,,,Highland,http://data.ordnancesurvey.co.uk/id/7000000000029638,http://data.ordnancesurvey.co.uk/ontology/admingeo/UnitaryAuthority,Scotland,http://data.ordnancesurvey.co.uk/id/7000000000041429,Scotland,http://data.ordnancesurvey.co.uk/id/country/scotland,,,
osgb4000000003532405,http://data.ordnancesurvey.co.uk/id/4000000003532405,Kerrow Drive,,,,transportNetwork,Named Road,275991.006,801196.967,1000,20000,275920.806,801184.817,276075.000,801226.937,PH21,http://data.ordnancesurvey.co.uk/id/postcodedistrict/PH21,Kingussie,http://data.ordnancesurvey.co.uk/id/4000000074555245,http://www.ordnancesurvey.co.uk/xml/codelists/localtype.xml#town,,,,Highland,http://data.ordnancesurvey.co.uk/id/7000000000029638,http://data.ordnancesurvey.co.uk/ontology/admingeo/UnitaryAuthority,Scotland,http://data.ordnancesurvey.co.uk/id/7000000000041429,Scotland,http://data.ordnancesurvey.co.uk/id/country/scotland,,,
osgb4000000003531916,http://data.ordnancesurvey.co.uk/id/4000000003531916,The Glebe,,,,transportNetwork,Named Road,276255.000,800812.000,1000,20000,276238.000,800786.000,276300.000,800835.000,PH21,http://data.ordnancesurvey.co.uk/id/postcodedistrict/PH21,Kingussie,http://data.ordnancesurvey.co.uk/id/4000000074555245,http://www.ordnancesurvey.co.uk/xml/codelists/localtype.xml#town,,,,Highland,http://data.ordnancesurvey.co.uk/id/7000000000029638,http://data.ordnancesurvey.co.uk/ontology/admingeo/UnitaryAuthority,Scotland,http://data.ordnancesurvey.co.uk/id/7000000000041429,Scotland,http://data.ordnancesurvey.co.uk/id/country/scotland,,,
osgb4000000003530885,http://data.ordnancesurvey.co.uk/id/4000000003530885,High Street,,,,transportNetwork,Named Road,275960.000,800748.000,4000,20000,275656.000,800631.000,276288.000,800868.000,PH21,http://data.ordnancesurvey.co.uk/id/postcodedistrict/PH21,Kingussie,http://data.ordnancesurvey.co.uk/id/4000000074555245,http://www.ordnancesurvey.co.uk/xml/codelists/localtype.xml#town,,,,Highland,http://data.ordnancesurvey.co.uk/id/7000000000029638,http://data.ordnancesurvey.co.uk/ontology/admingeo/UnitaryAuthority,Scotland,http://data.ordnancesurvey.co.uk/id/7000000000041429,Scotland,http://data.ordnancesurvey.co.uk/id/country/scotland,,,
osgb4000000003531323,http://data.ordnancesurvey.co.uk/id/4000000003531323,Dunbarry Terrace,,,,transportNetwork,Named Road,276107.000,801141.000,1000,20000,276075.000,801037.000,276176.155,801242.022,PH21,http://data.ordnancesurvey.co.uk/id/postcodedistrict/PH21,Kingussie,http://data.ordnancesurvey.co.uk/id/4000000074555245,http://www.ordnancesurvey.co.uk/xml/codelists/localtype.xml#town,,,,Highland,http://data.ordnancesurvey.co.uk/id/7000000000029638,http://data.ordnancesurvey.co.uk/ontology/admingeo/UnitaryAuthority,Scotland,http://data.ordnancesurvey.co.uk/id/7000000000041429,Scotland,http://data.ordnancesurvey.co.uk/id/country/scotland,,,
osgb4000000003531005,http://data.ordnancesurvey.co.uk/id/4000000003531005,East Terrace,,,,transportNetwork,Named Road,275844.000,800806.000,2000,20000,275716.000,800758.000,276000.000,800880.000,PH21,http://data.ordnancesurvey.co.uk/id/postcodedistrict/PH21,Kingussie,http://data.ordnancesurvey.co.uk/id/4000000074555245,http://www.ordnancesurvey.co.uk/xml/codelists/localtype.xml#town,,,,Highland,http://data.ordnancesurvey.co.uk/id/7000000000029638,http://data.ordnancesurvey.co.uk/ontology/admingeo/UnitaryAuthority,Scotland,http://data.ordnancesurvey.co.uk/id/7000000000041429,Scotland,http://data.ordnancesurvey.co.uk/id/country/scotland,,,
osgb4000000003531321,http://data.ordnancesurvey.co.uk/id/4000000003531321,The Crescent,,,,transportNetwork,Named Road,275803.000,801000.000,1000,20000,275713.000,800925.000,275810.000,801088.000,PH21,http://data.ordnancesurvey.co.uk/id/postcodedistrict/PH21,Kingussie,http://data.ordnancesurvey.co.uk/id/4000000074555245,http://www.ordnancesurvey.co.uk/xml/codelists/localtype.xml#town,,,,Highland,http://data.ordnancesurvey.co.uk/id/7000000000029638,http://data.ordnancesurvey.co.uk/ontology/admingeo/UnitaryAuthority,Scotland,http://data.ordnancesurvey.co.uk/id/7000000000041429,Scotland,http://data.ordnancesurvey.co.uk/id/country/scotland,,,
osgb4000000003531320,http://data.ordnancesurvey.co.uk/id/4000000003531320,Campbell Crescent,,,,transportNetwork,Named Road,276004.000,801038.000,1000,20000,275933.000,800943.125,276080.445,801137.375,PH21,http://data.ordnancesurvey.co.uk/id/postcodedistrict/PH21,Kingussie,http://data.ordnancesurvey.co.uk/id/4000000074555245,http://www.ordnancesurvey.co.uk/xml/codelists/localtype.xml#town,,,,Highland,http://data.ordnancesurvey.co.uk/id/7000000000029638,http://data.ordnancesurvey.co.uk/ontology/admingeo/UnitaryAuthority,Scotland,http://data.ordnancesurvey.co.uk/id/7000000000041429,Scotland,http://data.ordnancesurvey.co.uk/id/country/scotland,,,
osgb4000000003531006,http://data.ordnancesurvey.co.uk/id/4000000003531006,Newtonmore Road,,,,transportNetwork,Named Road,275437.000,800527.000,3000,20000,275182.000,800444.000,275656.000,800631.000,PH21,http://data.ordnancesurvey.co.uk/id/postcodedistrict/PH21,Kingussie,http://data.ordnancesurvey.co.uk/id/4000000074555245,http://www.ordnancesurvey.co.uk/xml/codelists/localtype.xml#town,,,,Highland,http://data.ordnancesurvey.co.uk/id/7000000000029638,http://data.ordnancesurvey.co.uk/ontology/admingeo/UnitaryAuthority,Scotland,http://data.ordnancesurvey.co.uk/id/7000000000041429,Scotland,http://data.ordnancesurvey.co.uk/id/country/scotland,,,
541e62c9-b3e8-43e6-ba94-01f0c4ab946f,http://data.ordnancesurvey.co.uk/id/541e62c9-b3e8-43e6-ba94-01f0c4ab946f,B970,,,,transportNetwork,Section Of Numbered Road,275697.285,800427.287,2000,25000,275615.000,800243.203,275777.231,800615.000,PH21,http://data.ordnancesurvey.co.uk/id/postcodedistrict/PH21,Kingussie,http://data.ordnancesurvey.co.uk/id/4000000074555245,http://www.ordnancesurvey.co.uk/xml/codelists/localtype.xml#town,,,,Highland,http://data.ordnancesurvey.co.uk/id/7000000000029638,http://data.ordnancesurvey.co.uk/ontology/admingeo/UnitaryAuthority,Scotland,http://data.ordnancesurvey.co.uk/id/7000000000041429,Scotland,http://data.ordnancesurvey.co.uk/id/country/scotland,osgb4000000003534163,,
osgb4000000003531310,http://data.ordnancesurvey.co.uk/id/4000000003531310,Market Lane,,,,transportNetwork,Named Road,275639.000,800343.000,1000,20000,275542.267,800327.000,275725.000,800360.000,PH21,http://data.ordnancesurvey.co.uk/id/postcodedistrict/PH21,Kingussie,http://data.ordnancesurvey.co.uk/id/4000000074555245,http://www.ordnancesurvey.co.uk/xml/codelists/localtype.xml#town,,,,Highland,http://data.ordnancesurvey.co.uk/id/7000000000029638,http://data.ordnancesurvey.co.uk/ontology/admingeo/UnitaryAuthority,Scotland,http://data.ordnancesurvey.co.uk/id/7000000000041429,Scotland,http://data.ordnancesurvey.co.uk/id/country/scotland,,,
osgb4000000003531915,http://data.ordnancesurvey.co.uk/id/4000000003531915,Mill Road,,,,transportNetwork,Named Road,275686.000,800754.000,1000,20000,275658.000,800720.000,275753.000,800817.000,PH21,http://data.ordnancesurvey.co.uk/id/postcodedistrict/PH21,Kingussie,http://data.ordnancesurvey.co.uk/id/4000000074555245,http://www.ordnancesurvey.co.uk/xml/codelists/localtype.xml#town,,,,Highland,http://data.ordnancesurvey.co.uk/id/7000000000029638,http://data.ordnancesurvey.co.uk/ontology/admingeo/UnitaryAuthority,Scotland,http://data.ordnancesurvey.co.uk/id/7000000000041429,Scotland,http://data.ordnancesurvey.co.uk/id/country/scotland,,,
osgb4000000003531313,http://data.ordnancesurvey.co.uk/id/4000000003531313,Gynack Street,,,,transportNetwork,Named Road,275693.000,800564.000,1000,20000,275681.000,800510.000,275705.000,800640.000,PH21,http://data.ordnancesurvey.co.uk/id/postcodedistrict/PH21,Kingussie,http://data.ordnancesurvey.co.uk/id/4000000074555245,http://www.ordnancesurvey.co.uk/xml/codelists/localtype.xml#town,,,,Highland,http://data.ordnancesurvey.co.uk/id/7000000000029638,http://data.ordnancesurvey.co.uk/ontology/admingeo/UnitaryAuthority,Scotland,http://data.ordnancesurvey.co.uk/id/7000000000041429,Scotland,http://data.ordnancesurvey.co.uk/id/country/scotland,,,
osgb4000000003531319,http://data.ordnancesurvey.co.uk/id/4000000003531319,Hillside Avenue,,,,transportNetwork,Named Road,276236.000,800944.000,1000,20000,276136.000,800916.923,276321.437,801037.000,PH21,http://data.ordnancesurvey.co.uk/id/postcodedistrict/PH21,Kingussie,http://data.ordnancesurvey.co.uk/id/4000000074555245,http://www.ordnancesurvey.co.uk/xml/codelists/localtype.xml#town,,,,Highland,http://data.ordnancesurvey.co.uk/id/7000000000029638,http://data.ordnancesurvey.co.uk/ontology/admingeo/UnitaryAuthority,Scotland,http://data.ordnancesurvey.co.uk/id/7000000000041429,Scotland,http://data.ordnancesurvey.co.uk/id/country/scotland,,,
osgb4000000003531007,http://data.ordnancesurvey.co.uk/id/4000000003531007,Station Road,,,,transportNetwork,Named Road,275649.574,800533.866,1000,20000,275615.000,800423.000,275699.000,800615.000,PH21,http://data.ordnancesurvey.co.uk/id/postcodedistrict/PH21,Kingussie,http://data.ordnancesurvey.co.uk/id/4000000074555245,http://www.ordnancesurvey.co.uk/xml/codelists/localtype.xml#town,,,,Highland,http://data.ordnancesurvey.co.uk/id/7000000000029638,http://data.ordnancesurvey.co.uk/ontology/admingeo/UnitaryAuthority,Scotland,http://data.ordnancesurvey.co.uk/id/7000000000041429,Scotland,http://data.ordnancesurvey.co.uk/id/country/scotland,,,
6665c602-67af-4404-bd5c-996e6972db42,http://data.ordnancesurvey.co.uk/id/6665c602-67af-4404-bd5c-996e6972db42,A86,,,,transportNetwork,Section Of Numbered Road,275583.000,800601.000,17000,25000,274160.094,800196.731,276801.000,801268.000,PH21,http://data.ordnancesurvey.co.uk/id/postcodedistrict/PH21,Kingussie,http://data.ordnancesurvey.co.uk/id/4000000074555245,http://www.ordnancesurvey.co.uk/xml/codelists/localtype.xml#town,,,,Highland,http://data.ordnancesurvey.co.uk/id/7000000000029638,http://data.ordnancesurvey.co.uk/ontology/admingeo/UnitaryAuthority,Scotland,http://data.ordnancesurvey.co.uk/id/7000000000041429,Scotland,http://data.ordnancesurvey.co.uk/id/country/scotland,osgb4000000004307774,,
osgb4000000003531314,http://data.ordnancesurvey.co.uk/id/4000000003531314,Old Distillery Road,,,,transportNetwork,Named Road,275491.000,800810.000,1000,20000,275417.000,800749.000,275555.000,800865.000,PH21,http://data.ordnancesurvey.co.uk/id/postcodedistrict/PH21,Kingussie,http://data.ordnancesurvey.co.uk/id/4000000074555245,http://www.ordnancesurvey.co.uk/xml/codelists/localtype.xml#town,,,,Highland,http://data.ordnancesurvey.co.uk/id/7000000000029638,http://data.ordnancesurvey.co.uk/ontology/admingeo/UnitaryAuthority,Scotland,http://data.ordnancesurvey.co.uk/id/7000000000041429,Scotland,http://data.ordnancesurvey.co.uk/id/country/scotland,,,
osgb4000000003531312,http://data.ordnancesurvey.co.uk/id/4000000003531312,Spey Street,,,,transportNetwork,Named Road,275816.000,800553.000,2000,20000,275674.000,800479.000,276006.000,800647.000,PH21,http://data.ordnancesurvey.co.uk/id/postcodedistrict/PH21,Kingussie,http://data.ordnancesurvey.co.uk/id/4000000074555245,http://www.ordnancesurvey.co.uk/xml/codelists/localtype.xml#town,,,,Highland,http://data.ordnancesurvey.co.uk/id/7000000000029638,http://data.ordnancesurvey.co.uk/ontology/admingeo/UnitaryAuthority,Scotland,http://data.ordnancesurvey.co.uk/id/7000000000041429,Scotland,http://data.ordnancesurvey.co.uk/id/country/scotland,,,
osgb4000000003531318,http://data.ordnancesurvey.co.uk/id/4000000003531318,Dunbarry Road,,,,transportNetwork,Named Road,276101.319,800934.658,2000,20000,276081.000,800802.000,276191.008,801037.000,PH21,http://data.ordnancesurvey.co.uk/id/postcodedistrict/PH21,Kingussie,http://data.ordnancesurvey.co.uk/id/4000000074555245,http://www.ordnancesurvey.co.uk/xml/codelists/localtype.xml#town,,,,Highland,http://data.ordnancesurvey.co.uk/id/7000000000029638,http://data.ordnancesurvey.co.uk/ontology/admingeo/UnitaryAuthority,Scotland,http://data.ordnancesurvey.co.uk/id/7000000000041429,Scotland,http://data.ordnancesurvey.co.uk/id/country/scotland,,,
osgb4000000003546681,http://data.ordnancesurvey.co.uk/id/4000000003546681,Royal Court,,,,transportNetwork,Named Road,275831.722,800728.524,1000,20000,275804.119,800703.074,275844.502,800728.524,PH21,http://data.ordnancesurvey.co.uk/id/postcodedistrict/PH21,Kingussie,http://data.ordnancesurvey.co.uk/id/4000000074555245,http://www.ordnancesurvey.co.uk/xml/codelists/localtype.xml#town,,,,Highland,http://data.ordnancesurvey.co.uk/id/7000000000029638,http://data.ordnancesurvey.co.uk/ontology/admingeo/UnitaryAuthority,Scotland,http://data.ordnancesurvey.co.uk/id/7000000000041429,Scotland,http://data.ordnancesurvey.co.uk/id/country/scotland,,,
osgb4000000003531912,http://data.ordnancesurvey.co.uk/id/4000000003531912,King Street,,,,transportNetwork,Named Road,275788.667,800624.898,1000,20000,275770.000,800553.000,275816.000,800674.000,PH21,http://data.ordnancesurvey.co.uk/id/postcodedistrict/PH21,Kingussie,http://data.ordnancesurvey.co.uk/id/4000000074555245,http://www.ordnancesurvey.co.uk/xml/codelists/localtype.xml#town,,,,Highland,http://data.ordnancesurvey.co.uk/id/7000000000029638,http://data.ordnancesurvey.co.uk/ontology/admingeo/UnitaryAuthority,Scotland,http://data.ordnancesurvey.co.uk/id/7000000000041429,Scotland,http://data.ordnancesurvey.co.uk/id/country/scotland,,,
osgb4000000003531316,http://data.ordnancesurvey.co.uk/id/4000000003531316,Orchard Court,,,,transportNetwork,Named Road,275849.000,800948.000,1000,20000,275801.000,800914.367,275895.000,800966.000,PH21,http://data.ordnancesurvey.co.uk/id/postcodedistrict/PH21,Kingussie,http://data.ordnancesurvey.co.uk/id/4000000074555245,http://www.ordnancesurvey.co.uk/xml/codelists/localtype.xml#town,,,,Highland,http://data.ordnancesurvey.co.uk/id/7000000000029638,http://data.ordnancesurvey.co.uk/ontology/admingeo/UnitaryAuthority,Scotland,http://data.ordnancesurvey.co.uk/id/7000000000041429,Scotland,http://data.ordnancesurvey.co.uk/id/country/scotland,,,
osgb4000000003531917,http://data.ordnancesurvey.co.uk/id/4000000003531917,Columba Terrace,,,,transportNetwork,Named Road,276247.300,800838.199,1000,20000,276243.000,800827.000,276284.057,800851.000,PH21,http://data.ordnancesurvey.co.uk/id/postcodedistrict/PH21,Kingussie,http://data.ordnancesurvey.co.uk/id/4000000074555245,http://www.ordnancesurvey.co.uk/xml/codelists/localtype.xml#town,,,,Highland,http://data.ordnancesurvey.co.uk/id/7000000000029638,http://data.ordnancesurvey.co.uk/ontology/admingeo/UnitaryAuthority,Scotland,http://data.ordnancesurvey.co.uk/id/7000000000041429,Scotland,http://data.ordnancesurvey.co.uk/id/country/scotland,,,
osgb4000000003530886,http://data.ordnancesurvey.co.uk/id/4000000003530886,Gynack Road,,,,transportNetwork,Named Road,275494.401,801057.721,6000,20000,275470.000,800631.000,275656.000,801519.106,PH21,http://data.ordnancesurvey.co.uk/id/postcodedistrict/PH21,Kingussie,http://data.ordnancesurvey.co.uk/id/4000000074555245,http://www.ordnancesurvey.co.uk/xml/codelists/localtype.xml#town,,,,Highland,http://data.ordnancesurvey.co.uk/id/7000000000029638,http://data.ordnancesurvey.co.uk/ontology/admingeo/UnitaryAuthority,Scotland,http://data.ordnancesurvey.co.uk/id/7000000000041429,Scotland,http://data.ordnancesurvey.co.uk/id/country/scotland,,,
osgb4000000003531910,http://data.ordnancesurvey.co.uk/id/4000000003531910,Boa Vista Road,,,,transportNetwork,Named Road,275647.000,800985.000,1000,20000,275587.000,800948.000,275715.000,801012.000,PH21,http://data.ordnancesurvey.co.uk/id/postcodedistrict/PH21,Kingussie,http://data.ordnancesurvey.co.uk/id/4000000074555245,http://www.ordnancesurvey.co.uk/xml/codelists/localtype.xml#town,,,,Highland,http://data.ordnancesurvey.co.uk/id/7000000000029638,http://data.ordnancesurvey.co.uk/ontology/admingeo/UnitaryAuthority,Scotland,http://data.ordnancesurvey.co.uk/id/7000000000041429,Scotland,http://data.ordnancesurvey.co.uk/id/country/scotland,,,
osgb4000000003531914,http://data.ordnancesurvey.co.uk/id/4000000003531914,Cluny Terrace,,,,transportNetwork,Named Road,276053.000,801000.000,1000,20000,275975.750,800943.125,276064.986,801037.000,PH21,http://data.ordnancesurvey.co.uk/id/postcodedistrict/PH21,Kingussie,http://data.ordnancesurvey.co.uk/id/4000000074555245,http://www.ordnancesurvey.co.uk/xml/codelists/localtype.xml#town,,,,Highland,http://data.ordnancesurvey.co.uk/id/7000000000029638,http://data.ordnancesurvey.co.uk/ontology/admingeo/UnitaryAuthority,Scotland,http://data.ordnancesurvey.co.uk/id/7000000000041429,Scotland,http://data.ordnancesurvey.co.uk/id/country/scotland,,,
osgb4000000003557111,http://data.ordnancesurvey.co.uk/id/4000000003557111,Tait's Brae,gla,Ardvonie Road,eng,transportNetwork,Named Road,275446.000,800693.000,2000,20000,275392.000,800531.000,275473.000,800824.000,PH21,http://data.ordnancesurvey.co.uk/id/postcodedistrict/PH21,Kingussie,http://data.ordnancesurvey.co.uk/id/4000000074555245,http://www.ordnancesurvey.co.uk/xml/codelists/localtype.xml#town,,,,Highland,http://data.ordnancesurvey.co.uk/id/7000000000029638,http://data.ordnancesurvey.co.uk/ontology/admingeo/UnitaryAuthority,Scotland,http://data.ordnancesurvey.co.uk/id/7000000000041429,Scotland,http://data.ordnancesurvey.co.uk/id/country/scotland,,,
osgb4000000003531317,http://data.ordnancesurvey.co.uk/id/4000000003531317,Croila Road,,,,transportNetwork,Named Road,276230.000,801022.476,1000,20000,276167.000,801014.000,276295.194,801080.878,PH21,http://data.ordnancesurvey.co.uk/id/postcodedistrict/PH21,Kingussie,http://data.ordnancesurvey.co.uk/id/4000000074555245,http://www.ordnancesurvey.co.uk/xml/codelists/localtype.xml#town,,,,Highland,http://data.ordnancesurvey.co.uk/id/7000000000029638,http://data.ordnancesurvey.co.uk/ontology/admingeo/UnitaryAuthority,Scotland,http://data.ordnancesurvey.co.uk/id/7000000000041429,Scotland,http://data.ordnancesurvey.co.uk/id/country/scotland,,,
osgb4000000003531008,http://data.ordnancesurvey.co.uk/id/4000000003531008,Manse Road,,,,transportNetwork,Named Road,276145.000,800744.000,1000,20000,276107.000,800695.271,276198.293,800802.000,PH21,http://data.ordnancesurvey.co.uk/id/postcodedistrict/PH21,Kingussie,http://data.ordnancesurvey.co.uk/id/4000000074555245,http://www.ordnancesurvey.co.uk/xml/codelists/localtype.xml#town,,,,Highland,http://data.ordnancesurvey.co.uk/id/7000000000029638,http://data.ordnancesurvey.co.uk/ontology/admingeo/UnitaryAuthority,Scotland,http://data.ordnancesurvey.co.uk/id/7000000000041429,Scotland,http://data.ordnancesurvey.co.uk/id/country/scotland,,,
osgb4000000003539460,http://data.ordnancesurvey.co.uk/id/4000000003539460,Dallas Terrace,,,,transportNetwork,Named Road,275946.250,800938.250,1000,20000,275946.250,800938.250,275972.750,800950.000,PH21,http://data.ordnancesurvey.co.uk/id/postcodedistrict/PH21,Kingussie,http://data.ordnancesurvey.co.uk/id/4000000074555245,http://www.ordnancesurvey.co.uk/xml/codelists/localtype.xml#town,,,,Highland,http://data.ordnancesurvey.co.uk/id/7000000000029638,http://data.ordnancesurvey.co.uk/ontology/admingeo/UnitaryAuthority,Scotland,http://data.ordnancesurvey.co.uk/id/7000000000041429,Scotland,http://data.ordnancesurvey.co.uk/id/country/scotland,,,
osgb4000000003531315,http://data.ordnancesurvey.co.uk/id/4000000003531315,Green Lane,,,,transportNetwork,Named Road,275751.000,800833.000,1000,20000,275703.000,800811.000,275845.100,800878.564,PH21,http://data.ordnancesurvey.co.uk/id/postcodedistrict/PH21,Kingussie,http://data.ordnancesurvey.co.uk/id/4000000074555245,http://www.ordnancesurvey.co.uk/xml/codelists/localtype.xml#town,,,,Highland,http://data.ordnancesurvey.co.uk/id/7000000000029638,http://data.ordnancesurvey.co.uk/ontology/admingeo/UnitaryAuthority,Scotland,http://data.ordnancesurvey.co.uk/id/7000000000041429,Scotland,http://data.ordnancesurvey.co.uk/id/country/scotland,,,
PH211EL,http://data.ordnancesurvey.co.uk/id/postcodeunit/PH211EL,PH21 1EL,,,,other,Postcode,275703.000,800590.000,3500,18000,,,,,,,Kingussie,http://data.ordnancesurvey.co.uk/id/4000000074555245,http://www.ordnancesurvey.co.uk/xml/codelists/localtype.xml#town,,,,Highland,http://data.ordnancesurvey.co.uk/id/7000000000029638,http://data.ordnancesurvey.co.uk/ontology/admingeo/UnitaryAuthority,Scotland,http://data.ordnancesurvey.co.uk/id/7000000000041429,Scotland,http://data.ordnancesurvey.co.uk/id/country/scotland,,,
PH211DQ,http://data.ordnancesurvey.co.uk/id/postcodeunit/PH211DQ,PH21 1DQ,,,,other,Postcode,275863.000,800608.000,3500,18000,,,,,,,Kingussie,http://data.ordnancesurvey.co.uk/id/4000000074555245,http://www.ordnancesurvey.co.uk/xml/codelists/localtype.xml#town,,,,Highland,http://data.ordnancesurvey.co.uk/id/7000000000029638,http://data.ordnancesurvey.co.uk/ontology/admingeo/UnitaryAuthority,Scotland,http://data.ordnancesurvey.co.uk/id/7000000000041429,Scotland,http://data.ordnancesurvey.co.uk/id/country/scotland,,,
PH211JN,http://data.ordnancesurvey.co.uk/id/postcodeunit/PH211JN,PH21 1JN,,,,other,Postcode,276121.000,800956.000,3500,18000,,,,,,,Kingussie,http://data.ordnancesurvey.co.uk/id/4000000074555245,http://www.ordnancesurvey.co.uk/xml/codelists/localtype.xml#town,,,,Highland,http://data.ordnancesurvey.co.uk/id/7000000000029638,http://data.ordnancesurvey.co.uk/ontology/admingeo/UnitaryAuthority,Scotland,http://data.ordnancesurvey.co.uk/id/7000000000041429,Scotland,http://data.ordnancesurvey.co.uk/id/country/scotland,,,
PH211QS,http://data.ordnancesurvey.co.uk/id/postcodeunit/PH211QS,PH21 1QS,,,,other,Postcode,275999.000,801179.000,3500,18000,,,,,,,Kingussie,http://data.ordnancesurvey.co.uk/id/4000000074555245,http://www.ordnancesurvey.co.uk/xml/codelists/localtype.xml#town,,,,Highland,http://data.ordnancesurvey.co.uk/id/7000000000029638,http://data.ordnancesurvey.co.uk/ontology/admingeo/UnitaryAuthority,Scotland,http://data.ordnancesurvey.co.uk/id/7000000000041429,Scotland,http://data.ordnancesurvey.co.uk/id/country/scotland,,,
PH211JG,http://data.ordnancesurvey.co.uk/id/postcodeunit/PH211JG,PH21 1JG,,,,other,Postcode,275967.000,800706.000,3500,18000,,,,,,,Kingussie,http://data.ordnancesurvey.co.uk/id/4000000074555245,http://www.ordnancesurvey.co.uk/xml/codelists/localtype.xml#town,,,,Highland,http://data.ordnancesurvey.co.uk/id/7000000000029638,http://data.ordnancesurvey.co.uk/ontology/admingeo/UnitaryAuthority,Scotland,http://data.ordnancesurvey.co.uk/id/7000000000041429,Scotland,http://data.ordnancesurvey.co.uk/id/country/scotland,,,
PH211LD,http://data.ordnancesurvey.co.uk/id/postcodeunit/PH211LD,PH21 1LD,,,,other,Postcode,275636.000,801202.000,3500,18000,,,,,,,Kingussie,http://data.ordnancesurvey.co.uk/id/4000000074555245,http://www.ordnancesurvey.co.uk/xml/codelists/localtype.xml#town,,,,Highland,http://data.ordnancesurvey.co.uk/id/7000000000029638,http://data.ordnancesurvey.co.uk/ontology/admingeo/UnitaryAuthority,Scotland,http://data.ordnancesurvey.co.uk/id/7000000000041429,Scotland,http://data.ordnancesurvey.co.uk/id/country/scotland,,,
PH211HZ,http://data.ordnancesurvey.co.uk/id/postcodeunit/PH211HZ,PH21 1HZ,,,,other,Postcode,275886.000,800708.000,3500,18000,,,,,,,Kingussie,http://data.ordnancesurvey.co.uk/id/4000000074555245,http://www.ordnancesurvey.co.uk/xml/codelists/localtype.xml#town,,,,Highland,http://data.ordnancesurvey.co.uk/id/7000000000029638,http://data.ordnancesurvey.co.uk/ontology/admingeo/UnitaryAuthority,Scotland,http://data.ordnancesurvey.co.uk/id/7000000000041429,Scotland,http://data.ordnancesurvey.co.uk/id/country/scotland,,,
PH211LR,http://data.ordnancesurvey.co.uk/id/postcodeunit/PH211LR,PH21 1LR,,,,other,Postcode,275556.000,801559.000,3500,18000,,,,,,,Kingussie,http://data.ordnancesurvey.co.uk/id/4000000074555245,http://www.ordnancesurvey.co.uk/xml/codelists/localtype.xml#town,,,,Highland,http://data.ordnancesurvey.co.uk/id/7000000000029638,http://data.ordnancesurvey.co.uk/ontology/admingeo/UnitaryAuthority,Scotland,http://data.ordnancesurvey.co.uk/id/7000000000041429,Scotland,http://data.ordnancesurvey.co.uk/id/country/scotland,,,
osgb4000000003531913,http://data.ordnancesurvey.co.uk/id/4000000003531913,Garraline Terrace,,,,transportNetwork,Named Road,276021.000,800889.000,1000,20000,275975.750,800880.000,276096.500,800943.125,PH21,http://data.ordnancesurvey.co.uk/id/postcodedistrict/PH21,Kingussie,http://data.ordnancesurvey.co.uk/id/4000000074555245,http://www.ordnancesurvey.co.uk/xml/codelists/localtype.xml#town,,,,Highland,http://data.ordnancesurvey.co.uk/id/7000000000029638,http://data.ordnancesurvey.co.uk/ontology/admingeo/UnitaryAuthority,Scotland,http://data.ordnancesurvey.co.uk/id/7000000000041429,Scotland,http://data.ordnancesurvey.co.uk/id/country/scotland,,,
b04f8395-ad6c-4d75-9d6a-4a8be7ce6e81,http://data.ordnancesurvey.co.uk/id/b04f8395-ad6c-4d75-9d6a-4a8be7ce6e81,B9152,,,,transportNetwork,Section Of Numbered Road,276937.000,801175.000,2000,25000,276795.000,801138.000,277128.180,801181.000,PH21,http://data.ordnancesurvey.co.uk/id/postcodedistrict/PH21,Kingussie,http://data.ordnancesurvey.co.uk/id/4000000074555245,http://www.ordnancesurvey.co.uk/xml/codelists/localtype.xml#town,,,,Highland,http://data.ordnancesurvey.co.uk/id/7000000000029638,http://data.ordnancesurvey.co.uk/ontology/admingeo/UnitaryAuthority,Scotland,http://data.ordnancesurvey.co.uk/id/7000000000041429,Scotland,http://data.ordnancesurvey.co.uk/id/country/scotland,osgb4000000003534164,,
osgb4000000003531911,http://data.ordnancesurvey.co.uk/id/4000000003531911,Duke Street,,,,transportNetwork,Named Road,276000.000,800644.000,1000,20000,275960.000,800628.000,276006.000,800748.000,PH21,http://data.ordnancesurvey.co.uk/id/postcodedistrict/PH21,Kingussie,http://data.ordnancesurvey.co.uk/id/4000000074555245,http://www.ordnancesurvey.co.uk/xml/codelists/localtype.xml#town,,,,Highland,http://data.ordnancesurvey.co.uk/id/7000000000029638,http://data.ordnancesurvey.co.uk/ontology/admingeo/UnitaryAuthority,Scotland,http://data.ordnancesurvey.co.uk/id/7000000000041429,Scotland,http://data.ordnancesurvey.co.uk/id/country/scotland,,,
