﻿osgb4000000074813697,http://data.ordnancesurvey.co.uk/id/4000000074813697,Farr,,,,populatedPlace,Village,268621.284,833814.549,26000,250000,267535.491,831267.651,269169.300,835229.007,IV2,http://data.ordnancesurvey.co.uk/id/postcodedistrict/IV2,,,,,,,Highland,http://data.ordnancesurvey.co.uk/id/7000000000029638,http://data.ordnancesurvey.co.uk/ontology/admingeo/UnitaryAuthority,Scotland,http://data.ordnancesurvey.co.uk/id/7000000000041429,Scotland,http://data.ordnancesurvey.co.uk/id/country/scotland,,,
osgb4000000074555617,http://data.ordnancesurvey.co.uk/id/4000000074555617,Tomatin,,,,populatedPlace,Village,279562.000,829754.000,17000,250000,278890.087,828155.922,280483.676,830733.944,IV13,http://data.ordnancesurvey.co.uk/id/postcodedistrict/IV13,,,,,,,Highland,http://data.ordnancesurvey.co.uk/id/7000000000029638,http://data.ordnancesurvey.co.uk/ontology/admingeo/UnitaryAuthority,Scotland,http://data.ordnancesurvey.co.uk/id/7000000000041429,Scotland,http://data.ordnancesurvey.co.uk/id/country/scotland,,,http://sws.geonames.org/2635710
osgb4000000074557117,http://data.ordnancesurvey.co.uk/id/4000000074557117,Bridgend,,,,populatedPlace,Hamlet,272335.000,838770.000,5000,25000,272135.014,838432.604,272635.014,838932.604,IV2,http://data.ordnancesurvey.co.uk/id/postcodedistrict/IV2,,,,,,,Highland,http://data.ordnancesurvey.co.uk/id/7000000000029638,http://data.ordnancesurvey.co.uk/ontology/admingeo/UnitaryAuthority,Scotland,http://data.ordnancesurvey.co.uk/id/7000000000041429,Scotland,http://data.ordnancesurvey.co.uk/id/country/scotland,,,
osgb4000000074336374,http://data.ordnancesurvey.co.uk/id/4000000074336374,Auchnahillin,,,,populatedPlace,Hamlet,274067.950,838496.740,5000,25000,273867.590,838169.016,274367.590,838852.700,IV2,http://data.ordnancesurvey.co.uk/id/postcodedistrict/IV2,,,,,,,Highland,http://data.ordnancesurvey.co.uk/id/7000000000029638,http://data.ordnancesurvey.co.uk/ontology/admingeo/UnitaryAuthority,Scotland,http://data.ordnancesurvey.co.uk/id/7000000000041429,Scotland,http://data.ordnancesurvey.co.uk/id/country/scotland,,,
osgb4000000074556006,http://data.ordnancesurvey.co.uk/id/4000000074556006,Moy,,,,populatedPlace,Village,276598.000,834484.000,18000,250000,276203.829,833332.320,278898.126,835554.924,IV13,http://data.ordnancesurvey.co.uk/id/postcodedistrict/IV13,,,,,,,Highland,http://data.ordnancesurvey.co.uk/id/7000000000029638,http://data.ordnancesurvey.co.uk/ontology/admingeo/UnitaryAuthority,Scotland,http://data.ordnancesurvey.co.uk/id/7000000000041429,Scotland,http://data.ordnancesurvey.co.uk/id/country/scotland,,"http://dbpedia.org/resource/Moy,_Highland",
osgb4000000074542520,http://data.ordnancesurvey.co.uk/id/4000000074542520,East Croachy,,,,populatedPlace,Hamlet,265138.090,827775.340,5000,25000,264346.698,826974.600,265206.328,827884.500,IV2,http://data.ordnancesurvey.co.uk/id/postcodedistrict/IV2,,,,,,,Highland,http://data.ordnancesurvey.co.uk/id/7000000000029638,http://data.ordnancesurvey.co.uk/ontology/admingeo/UnitaryAuthority,Scotland,http://data.ordnancesurvey.co.uk/id/7000000000041429,Scotland,http://data.ordnancesurvey.co.uk/id/country/scotland,,http://dbpedia.org/resource/East_Croachy,http://sws.geonames.org/2650474
osgb4000000074558997,http://data.ordnancesurvey.co.uk/id/4000000074558997,Kirkton,,,,populatedPlace,Hamlet,260238.550,838620.220,5000,25000,259981.031,838370.287,260481.031,838870.287,IV3,http://data.ordnancesurvey.co.uk/id/postcodedistrict/IV3,,,,,,,Highland,http://data.ordnancesurvey.co.uk/id/7000000000029638,http://data.ordnancesurvey.co.uk/ontology/admingeo/UnitaryAuthority,Scotland,http://data.ordnancesurvey.co.uk/id/7000000000041429,Scotland,http://data.ordnancesurvey.co.uk/id/country/scotland,,,
osgb4000000074337164,http://data.ordnancesurvey.co.uk/id/4000000074337164,Dunlichity,,,,populatedPlace,Hamlet,266024.000,832964.000,5000,25000,265801.143,832686.654,266766.343,833186.654,IV2,http://data.ordnancesurvey.co.uk/id/postcodedistrict/IV2,,,,,,,Highland,http://data.ordnancesurvey.co.uk/id/7000000000029638,http://data.ordnancesurvey.co.uk/ontology/admingeo/UnitaryAuthority,Scotland,http://data.ordnancesurvey.co.uk/id/7000000000041429,Scotland,http://data.ordnancesurvey.co.uk/id/country/scotland,,,
osgb4000000074557118,http://data.ordnancesurvey.co.uk/id/4000000074557118,Daviot,,,,populatedPlace,Other Settlement,272293.150,839344.250,15000,25000,272016.682,838924.060,272983.688,840785.387,IV2,http://data.ordnancesurvey.co.uk/id/postcodedistrict/IV2,,,,,,,Highland,http://data.ordnancesurvey.co.uk/id/7000000000029638,http://data.ordnancesurvey.co.uk/ontology/admingeo/UnitaryAuthority,Scotland,http://data.ordnancesurvey.co.uk/id/7000000000041429,Scotland,http://data.ordnancesurvey.co.uk/id/country/scotland,,"http://dbpedia.org/resource/Daviot,_Highland",http://sws.geonames.org/6620262
IV26XH,http://data.ordnancesurvey.co.uk/id/postcodeunit/IV26XH,IV2 6XH,,,,other,Postcode,269344.000,835433.000,3500,18000,,,,,,,,,,,,,Highland,http://data.ordnancesurvey.co.uk/id/7000000000029638,http://data.ordnancesurvey.co.uk/ontology/admingeo/UnitaryAuthority,Scotland,http://data.ordnancesurvey.co.uk/id/7000000000041429,Scotland,http://data.ordnancesurvey.co.uk/id/country/scotland,,,
IV38JY,http://data.ordnancesurvey.co.uk/id/postcodeunit/IV38JY,IV3 8JY,,,,other,Postcode,260257.000,838616.000,3500,18000,,,,,,,Kirkton,http://data.ordnancesurvey.co.uk/id/4000000074558997,http://www.ordnancesurvey.co.uk/xml/codelists/localtype.xml#hamlet,,,,Highland,http://data.ordnancesurvey.co.uk/id/7000000000029638,http://data.ordnancesurvey.co.uk/ontology/admingeo/UnitaryAuthority,Scotland,http://data.ordnancesurvey.co.uk/id/7000000000041429,Scotland,http://data.ordnancesurvey.co.uk/id/country/scotland,,,
IV26WG,http://data.ordnancesurvey.co.uk/id/postcodeunit/IV26WG,IV2 6WG,,,,other,Postcode,270100.000,837401.000,3500,18000,,,,,,,,,,,,,Highland,http://data.ordnancesurvey.co.uk/id/7000000000029638,http://data.ordnancesurvey.co.uk/ontology/admingeo/UnitaryAuthority,Scotland,http://data.ordnancesurvey.co.uk/id/7000000000041429,Scotland,http://data.ordnancesurvey.co.uk/id/country/scotland,,,
IV26XJ,http://data.ordnancesurvey.co.uk/id/postcodeunit/IV26XJ,IV2 6XJ,,,,other,Postcode,268576.000,833712.000,3500,18000,,,,,,,Farr,http://data.ordnancesurvey.co.uk/id/4000000074813697,http://www.ordnancesurvey.co.uk/xml/codelists/localtype.xml#village,,,,Highland,http://data.ordnancesurvey.co.uk/id/7000000000029638,http://data.ordnancesurvey.co.uk/ontology/admingeo/UnitaryAuthority,Scotland,http://data.ordnancesurvey.co.uk/id/7000000000041429,Scotland,http://data.ordnancesurvey.co.uk/id/country/scotland,,,
IV137YR,http://data.ordnancesurvey.co.uk/id/postcodeunit/IV137YR,IV13 7YR,,,,other,Postcode,279766.000,829313.000,3500,18000,,,,,,,Tomatin,http://data.ordnancesurvey.co.uk/id/4000000074555617,http://www.ordnancesurvey.co.uk/xml/codelists/localtype.xml#village,,,,Highland,http://data.ordnancesurvey.co.uk/id/7000000000029638,http://data.ordnancesurvey.co.uk/ontology/admingeo/UnitaryAuthority,Scotland,http://data.ordnancesurvey.co.uk/id/7000000000041429,Scotland,http://data.ordnancesurvey.co.uk/id/country/scotland,,,
IV137YB,http://data.ordnancesurvey.co.uk/id/postcodeunit/IV137YB,IV13 7YB,,,,other,Postcode,274209.000,821336.000,3500,18000,,,,,,,,,,,,,Highland,http://data.ordnancesurvey.co.uk/id/7000000000029638,http://data.ordnancesurvey.co.uk/ontology/admingeo/UnitaryAuthority,Scotland,http://data.ordnancesurvey.co.uk/id/7000000000041429,Scotland,http://data.ordnancesurvey.co.uk/id/country/scotland,,,
IV26XD,http://data.ordnancesurvey.co.uk/id/postcodeunit/IV26XD,IV2 6XD,,,,other,Postcode,266337.000,828126.000,3500,18000,,,,,,,,,,,,,Highland,http://data.ordnancesurvey.co.uk/id/7000000000029638,http://data.ordnancesurvey.co.uk/ontology/admingeo/UnitaryAuthority,Scotland,http://data.ordnancesurvey.co.uk/id/7000000000041429,Scotland,http://data.ordnancesurvey.co.uk/id/country/scotland,,,
IV26UA,http://data.ordnancesurvey.co.uk/id/postcodeunit/IV26UA,IV2 6UA,,,,other,Postcode,263181.000,828815.000,3500,18000,,,,,,,,,,,,,Highland,http://data.ordnancesurvey.co.uk/id/7000000000029638,http://data.ordnancesurvey.co.uk/ontology/admingeo/UnitaryAuthority,Scotland,http://data.ordnancesurvey.co.uk/id/7000000000041429,Scotland,http://data.ordnancesurvey.co.uk/id/country/scotland,,,
IV137YP,http://data.ordnancesurvey.co.uk/id/postcodeunit/IV137YP,IV13 7YP,,,,other,Postcode,279568.000,829797.000,3500,18000,,,,,,,Tomatin,http://data.ordnancesurvey.co.uk/id/4000000074555617,http://www.ordnancesurvey.co.uk/xml/codelists/localtype.xml#village,,,,Highland,http://data.ordnancesurvey.co.uk/id/7000000000029638,http://data.ordnancesurvey.co.uk/ontology/admingeo/UnitaryAuthority,Scotland,http://data.ordnancesurvey.co.uk/id/7000000000041429,Scotland,http://data.ordnancesurvey.co.uk/id/country/scotland,,,
IV26XA,http://data.ordnancesurvey.co.uk/id/postcodeunit/IV26XA,IV2 6XA,,,,other,Postcode,268974.000,834802.000,3500,18000,,,,,,,Farr,http://data.ordnancesurvey.co.uk/id/4000000074813697,http://www.ordnancesurvey.co.uk/xml/codelists/localtype.xml#village,,,,Highland,http://data.ordnancesurvey.co.uk/id/7000000000029638,http://data.ordnancesurvey.co.uk/ontology/admingeo/UnitaryAuthority,Scotland,http://data.ordnancesurvey.co.uk/id/7000000000041429,Scotland,http://data.ordnancesurvey.co.uk/id/country/scotland,,,
IV26DL,http://data.ordnancesurvey.co.uk/id/postcodeunit/IV26DL,IV2 6DL,,,,other,Postcode,262997.000,839849.000,3500,18000,,,,,,,Scaniport,http://data.ordnancesurvey.co.uk/id/4000000074557119,http://www.ordnancesurvey.co.uk/xml/codelists/localtype.xml#hamlet,,,,Highland,http://data.ordnancesurvey.co.uk/id/7000000000029638,http://data.ordnancesurvey.co.uk/ontology/admingeo/UnitaryAuthority,Scotland,http://data.ordnancesurvey.co.uk/id/7000000000041429,Scotland,http://data.ordnancesurvey.co.uk/id/country/scotland,,,
IV26AN,http://data.ordnancesurvey.co.uk/id/postcodeunit/IV26AN,IV2 6AN,,,,other,Postcode,265992.000,832869.000,3500,18000,,,,,,,Dunlichity,http://data.ordnancesurvey.co.uk/id/4000000074337164,http://www.ordnancesurvey.co.uk/xml/codelists/localtype.xml#hamlet,,,,Highland,http://data.ordnancesurvey.co.uk/id/7000000000029638,http://data.ordnancesurvey.co.uk/ontology/admingeo/UnitaryAuthority,Scotland,http://data.ordnancesurvey.co.uk/id/7000000000041429,Scotland,http://data.ordnancesurvey.co.uk/id/country/scotland,,,
IV137YG,http://data.ordnancesurvey.co.uk/id/postcodeunit/IV137YG,IV13 7YG,,,,other,Postcode,276824.000,835433.000,3500,18000,,,,,,,Moy,http://data.ordnancesurvey.co.uk/id/4000000074556006,http://www.ordnancesurvey.co.uk/xml/codelists/localtype.xml#village,,,,Highland,http://data.ordnancesurvey.co.uk/id/7000000000029638,http://data.ordnancesurvey.co.uk/ontology/admingeo/UnitaryAuthority,Scotland,http://data.ordnancesurvey.co.uk/id/7000000000041429,Scotland,http://data.ordnancesurvey.co.uk/id/country/scotland,,,
IV25XL,http://data.ordnancesurvey.co.uk/id/postcodeunit/IV25XL,IV2 5XL,,,,other,Postcode,272328.000,839526.000,3500,18000,,,,,,,Daviot,http://data.ordnancesurvey.co.uk/id/4000000074557118,http://www.ordnancesurvey.co.uk/xml/codelists/localtype.xml#otherSettlement,,,,Highland,http://data.ordnancesurvey.co.uk/id/7000000000029638,http://data.ordnancesurvey.co.uk/ontology/admingeo/UnitaryAuthority,Scotland,http://data.ordnancesurvey.co.uk/id/7000000000041429,Scotland,http://data.ordnancesurvey.co.uk/id/country/scotland,,,
IV137AB,http://data.ordnancesurvey.co.uk/id/postcodeunit/IV137AB,IV13 7AB,,,,other,Postcode,279438.000,828336.000,3500,18000,,,,,,,,,,,,,Highland,http://data.ordnancesurvey.co.uk/id/7000000000029638,http://data.ordnancesurvey.co.uk/ontology/admingeo/UnitaryAuthority,Scotland,http://data.ordnancesurvey.co.uk/id/7000000000041429,Scotland,http://data.ordnancesurvey.co.uk/id/country/scotland,,,
IV26XF,http://data.ordnancesurvey.co.uk/id/postcodeunit/IV26XF,IV2 6XF,,,,other,Postcode,267684.000,833479.000,3500,18000,,,,,,,,,,,,,Highland,http://data.ordnancesurvey.co.uk/id/7000000000029638,http://data.ordnancesurvey.co.uk/ontology/admingeo/UnitaryAuthority,Scotland,http://data.ordnancesurvey.co.uk/id/7000000000041429,Scotland,http://data.ordnancesurvey.co.uk/id/country/scotland,,,
IV26AP,http://data.ordnancesurvey.co.uk/id/postcodeunit/IV26AP,IV2 6AP,,,,other,Postcode,263367.000,837439.000,3500,18000,,,,,,,,,,,,,Highland,http://data.ordnancesurvey.co.uk/id/7000000000029638,http://data.ordnancesurvey.co.uk/ontology/admingeo/UnitaryAuthority,Scotland,http://data.ordnancesurvey.co.uk/id/7000000000041429,Scotland,http://data.ordnancesurvey.co.uk/id/country/scotland,,,
IV137YE,http://data.ordnancesurvey.co.uk/id/postcodeunit/IV137YE,IV13 7YE,,,,other,Postcode,276874.000,834146.000,3500,18000,,,,,,,Moy,http://data.ordnancesurvey.co.uk/id/4000000074556006,http://www.ordnancesurvey.co.uk/xml/codelists/localtype.xml#village,,,,Highland,http://data.ordnancesurvey.co.uk/id/7000000000029638,http://data.ordnancesurvey.co.uk/ontology/admingeo/UnitaryAuthority,Scotland,http://data.ordnancesurvey.co.uk/id/7000000000041429,Scotland,http://data.ordnancesurvey.co.uk/id/country/scotland,,,
IV38JW,http://data.ordnancesurvey.co.uk/id/postcodeunit/IV38JW,IV3 8JW,,,,other,Postcode,260458.000,839204.000,3500,18000,,,,,,,,,,,,,Highland,http://data.ordnancesurvey.co.uk/id/7000000000029638,http://data.ordnancesurvey.co.uk/ontology/admingeo/UnitaryAuthority,Scotland,http://data.ordnancesurvey.co.uk/id/7000000000041429,Scotland,http://data.ordnancesurvey.co.uk/id/country/scotland,,,
IV26AW,http://data.ordnancesurvey.co.uk/id/postcodeunit/IV26AW,IV2 6AW,,,,other,Postcode,262706.000,832863.000,3500,18000,,,,,,,,,,,,,Highland,http://data.ordnancesurvey.co.uk/id/7000000000029638,http://data.ordnancesurvey.co.uk/ontology/admingeo/UnitaryAuthority,Scotland,http://data.ordnancesurvey.co.uk/id/7000000000041429,Scotland,http://data.ordnancesurvey.co.uk/id/country/scotland,,,
IV26UD,http://data.ordnancesurvey.co.uk/id/postcodeunit/IV26UD,IV2 6UD,,,,other,Postcode,260429.000,823435.000,3500,18000,,,,,,,,,,,,,Highland,http://data.ordnancesurvey.co.uk/id/7000000000029638,http://data.ordnancesurvey.co.uk/ontology/admingeo/UnitaryAuthority,Scotland,http://data.ordnancesurvey.co.uk/id/7000000000041429,Scotland,http://data.ordnancesurvey.co.uk/id/country/scotland,,,
IV26DP,http://data.ordnancesurvey.co.uk/id/postcodeunit/IV26DP,IV2 6DP,,,,other,Postcode,260645.000,836367.000,3500,18000,,,,,,,,,,,,,Highland,http://data.ordnancesurvey.co.uk/id/7000000000029638,http://data.ordnancesurvey.co.uk/ontology/admingeo/UnitaryAuthority,Scotland,http://data.ordnancesurvey.co.uk/id/7000000000041429,Scotland,http://data.ordnancesurvey.co.uk/id/country/scotland,,,
IV26UY,http://data.ordnancesurvey.co.uk/id/postcodeunit/IV26UY,IV2 6UY,,,,other,Postcode,263112.000,831068.000,3500,18000,,,,,,,,,,,,,Highland,http://data.ordnancesurvey.co.uk/id/7000000000029638,http://data.ordnancesurvey.co.uk/ontology/admingeo/UnitaryAuthority,Scotland,http://data.ordnancesurvey.co.uk/id/7000000000041429,Scotland,http://data.ordnancesurvey.co.uk/id/country/scotland,,,
IV137XZ,http://data.ordnancesurvey.co.uk/id/postcodeunit/IV137XZ,IV13 7XZ,,,,other,Postcode,279825.000,825865.000,3500,18000,,,,,,,,,,,,,Highland,http://data.ordnancesurvey.co.uk/id/7000000000029638,http://data.ordnancesurvey.co.uk/ontology/admingeo/UnitaryAuthority,Scotland,http://data.ordnancesurvey.co.uk/id/7000000000041429,Scotland,http://data.ordnancesurvey.co.uk/id/country/scotland,,,
IV25XQ,http://data.ordnancesurvey.co.uk/id/postcodeunit/IV25XQ,IV2 5XQ,,,,other,Postcode,273502.000,839107.000,3500,18000,,,,,,,,,,,,,Highland,http://data.ordnancesurvey.co.uk/id/7000000000029638,http://data.ordnancesurvey.co.uk/ontology/admingeo/UnitaryAuthority,Scotland,http://data.ordnancesurvey.co.uk/id/7000000000041429,Scotland,http://data.ordnancesurvey.co.uk/id/country/scotland,,,
IV26DN,http://data.ordnancesurvey.co.uk/id/postcodeunit/IV26DN,IV2 6DN,,,,other,Postcode,261943.000,837771.000,3500,18000,,,,,,,,,,,,,Highland,http://data.ordnancesurvey.co.uk/id/7000000000029638,http://data.ordnancesurvey.co.uk/ontology/admingeo/UnitaryAuthority,Scotland,http://data.ordnancesurvey.co.uk/id/7000000000041429,Scotland,http://data.ordnancesurvey.co.uk/id/country/scotland,,,
IV26XG,http://data.ordnancesurvey.co.uk/id/postcodeunit/IV26XG,IV2 6XG,,,,other,Postcode,268796.000,836078.000,3500,18000,,,,,,,,,,,,,Highland,http://data.ordnancesurvey.co.uk/id/7000000000029638,http://data.ordnancesurvey.co.uk/ontology/admingeo/UnitaryAuthority,Scotland,http://data.ordnancesurvey.co.uk/id/7000000000041429,Scotland,http://data.ordnancesurvey.co.uk/id/country/scotland,,,
IV137ZA,http://data.ordnancesurvey.co.uk/id/postcodeunit/IV137ZA,IV13 7ZA,,,,other,Postcode,270109.000,829916.000,3500,18000,,,,,,,,,,,,,Highland,http://data.ordnancesurvey.co.uk/id/7000000000029638,http://data.ordnancesurvey.co.uk/ontology/admingeo/UnitaryAuthority,Scotland,http://data.ordnancesurvey.co.uk/id/7000000000041429,Scotland,http://data.ordnancesurvey.co.uk/id/country/scotland,,,
IV26AL,http://data.ordnancesurvey.co.uk/id/postcodeunit/IV26AL,IV2 6AL,,,,other,Postcode,265452.000,834230.000,3500,18000,,,,,,,,,,,,,Highland,http://data.ordnancesurvey.co.uk/id/7000000000029638,http://data.ordnancesurvey.co.uk/ontology/admingeo/UnitaryAuthority,Scotland,http://data.ordnancesurvey.co.uk/id/7000000000041429,Scotland,http://data.ordnancesurvey.co.uk/id/country/scotland,,,
IV137YQ,http://data.ordnancesurvey.co.uk/id/postcodeunit/IV137YQ,IV13 7YQ,,,,other,Postcode,276741.000,835240.000,3500,18000,,,,,,,Moy,http://data.ordnancesurvey.co.uk/id/4000000074556006,http://www.ordnancesurvey.co.uk/xml/codelists/localtype.xml#village,,,,Highland,http://data.ordnancesurvey.co.uk/id/7000000000029638,http://data.ordnancesurvey.co.uk/ontology/admingeo/UnitaryAuthority,Scotland,http://data.ordnancesurvey.co.uk/id/7000000000041429,Scotland,http://data.ordnancesurvey.co.uk/id/country/scotland,,,
IV137YF,http://data.ordnancesurvey.co.uk/id/postcodeunit/IV137YF,IV13 7YF,,,,other,Postcode,276516.000,834359.000,3500,18000,,,,,,,Moy,http://data.ordnancesurvey.co.uk/id/4000000074556006,http://www.ordnancesurvey.co.uk/xml/codelists/localtype.xml#village,,,,Highland,http://data.ordnancesurvey.co.uk/id/7000000000029638,http://data.ordnancesurvey.co.uk/ontology/admingeo/UnitaryAuthority,Scotland,http://data.ordnancesurvey.co.uk/id/7000000000041429,Scotland,http://data.ordnancesurvey.co.uk/id/country/scotland,,,
IV26XN,http://data.ordnancesurvey.co.uk/id/postcodeunit/IV26XN,IV2 6XN,,,,other,Postcode,271065.000,837956.000,3500,18000,,,,,,,,,,,,,Highland,http://data.ordnancesurvey.co.uk/id/7000000000029638,http://data.ordnancesurvey.co.uk/ontology/admingeo/UnitaryAuthority,Scotland,http://data.ordnancesurvey.co.uk/id/7000000000041429,Scotland,http://data.ordnancesurvey.co.uk/id/country/scotland,,,
IV26EL,http://data.ordnancesurvey.co.uk/id/postcodeunit/IV26EL,IV2 6EL,,,,other,Postcode,260287.000,837598.000,3500,18000,,,,,,,,,,,,,Highland,http://data.ordnancesurvey.co.uk/id/7000000000029638,http://data.ordnancesurvey.co.uk/ontology/admingeo/UnitaryAuthority,Scotland,http://data.ordnancesurvey.co.uk/id/7000000000041429,Scotland,http://data.ordnancesurvey.co.uk/id/country/scotland,,,
IV26XE,http://data.ordnancesurvey.co.uk/id/postcodeunit/IV26XE,IV2 6XE,,,,other,Postcode,266503.000,830331.000,3500,18000,,,,,,,,,,,,,Highland,http://data.ordnancesurvey.co.uk/id/7000000000029638,http://data.ordnancesurvey.co.uk/ontology/admingeo/UnitaryAuthority,Scotland,http://data.ordnancesurvey.co.uk/id/7000000000041429,Scotland,http://data.ordnancesurvey.co.uk/id/country/scotland,,,
IV137YT,http://data.ordnancesurvey.co.uk/id/postcodeunit/IV137YT,IV13 7YT,,,,other,Postcode,279105.000,829619.000,3500,18000,,,,,,,Tomatin,http://data.ordnancesurvey.co.uk/id/4000000074555617,http://www.ordnancesurvey.co.uk/xml/codelists/localtype.xml#village,,,,Highland,http://data.ordnancesurvey.co.uk/id/7000000000029638,http://data.ordnancesurvey.co.uk/ontology/admingeo/UnitaryAuthority,Scotland,http://data.ordnancesurvey.co.uk/id/7000000000041429,Scotland,http://data.ordnancesurvey.co.uk/id/country/scotland,,,
IV26UB,http://data.ordnancesurvey.co.uk/id/postcodeunit/IV26UB,IV2 6UB,,,,other,Postcode,264989.000,827561.000,3500,18000,,,,,,,East Croachy,http://data.ordnancesurvey.co.uk/id/4000000074542520,http://www.ordnancesurvey.co.uk/xml/codelists/localtype.xml#hamlet,,,,Highland,http://data.ordnancesurvey.co.uk/id/7000000000029638,http://data.ordnancesurvey.co.uk/ontology/admingeo/UnitaryAuthority,Scotland,http://data.ordnancesurvey.co.uk/id/7000000000041429,Scotland,http://data.ordnancesurvey.co.uk/id/country/scotland,,,
IV26AX,http://data.ordnancesurvey.co.uk/id/postcodeunit/IV26AX,IV2 6AX,,,,other,Postcode,269044.000,835154.000,3500,18000,,,,,,,Farr,http://data.ordnancesurvey.co.uk/id/4000000074813697,http://www.ordnancesurvey.co.uk/xml/codelists/localtype.xml#village,,,,Highland,http://data.ordnancesurvey.co.uk/id/7000000000029638,http://data.ordnancesurvey.co.uk/ontology/admingeo/UnitaryAuthority,Scotland,http://data.ordnancesurvey.co.uk/id/7000000000041429,Scotland,http://data.ordnancesurvey.co.uk/id/country/scotland,,,
IV26YJ,http://data.ordnancesurvey.co.uk/id/postcodeunit/IV26YJ,IV2 6YJ,,,,other,Postcode,268885.000,834851.000,3500,18000,,,,,,,Farr,http://data.ordnancesurvey.co.uk/id/4000000074813697,http://www.ordnancesurvey.co.uk/xml/codelists/localtype.xml#village,,,,Highland,http://data.ordnancesurvey.co.uk/id/7000000000029638,http://data.ordnancesurvey.co.uk/ontology/admingeo/UnitaryAuthority,Scotland,http://data.ordnancesurvey.co.uk/id/7000000000041429,Scotland,http://data.ordnancesurvey.co.uk/id/country/scotland,,,
IV26TW,http://data.ordnancesurvey.co.uk/id/postcodeunit/IV26TW,IV2 6TW,,,,other,Postcode,260249.000,835081.000,3500,18000,,,,,,,,,,,,,Highland,http://data.ordnancesurvey.co.uk/id/7000000000029638,http://data.ordnancesurvey.co.uk/ontology/admingeo/UnitaryAuthority,Scotland,http://data.ordnancesurvey.co.uk/id/7000000000041429,Scotland,http://data.ordnancesurvey.co.uk/id/country/scotland,,,
IV38GY,http://data.ordnancesurvey.co.uk/id/postcodeunit/IV38GY,IV3 8GY,,,,other,Postcode,260458.000,839204.000,3500,18000,,,,,,,,,,,,,Highland,http://data.ordnancesurvey.co.uk/id/7000000000029638,http://data.ordnancesurvey.co.uk/ontology/admingeo/UnitaryAuthority,Scotland,http://data.ordnancesurvey.co.uk/id/7000000000041429,Scotland,http://data.ordnancesurvey.co.uk/id/country/scotland,,,
IV26UE,http://data.ordnancesurvey.co.uk/id/postcodeunit/IV26UE,IV2 6UE,,,,other,Postcode,264067.000,826361.000,3500,18000,,,,,,,,,,,,,Highland,http://data.ordnancesurvey.co.uk/id/7000000000029638,http://data.ordnancesurvey.co.uk/ontology/admingeo/UnitaryAuthority,Scotland,http://data.ordnancesurvey.co.uk/id/7000000000041429,Scotland,http://data.ordnancesurvey.co.uk/id/country/scotland,,,
IV137YA,http://data.ordnancesurvey.co.uk/id/postcodeunit/IV137YA,IV13 7YA,,,,other,Postcode,278367.000,825598.000,3500,18000,,,,,,,,,,,,,Highland,http://data.ordnancesurvey.co.uk/id/7000000000029638,http://data.ordnancesurvey.co.uk/ontology/admingeo/UnitaryAuthority,Scotland,http://data.ordnancesurvey.co.uk/id/7000000000041429,Scotland,http://data.ordnancesurvey.co.uk/id/country/scotland,,,
osgb4000000003554413,http://data.ordnancesurvey.co.uk/id/4000000003554413,Cathys View,,,,transportNetwork,Named Road,268895.699,834815.045,1000,20000,268895.699,834815.045,268934.099,834850.930,IV2,http://data.ordnancesurvey.co.uk/id/postcodedistrict/IV2,Farr,http://data.ordnancesurvey.co.uk/id/4000000074813697,http://www.ordnancesurvey.co.uk/xml/codelists/localtype.xml#village,,,,Highland,http://data.ordnancesurvey.co.uk/id/7000000000029638,http://data.ordnancesurvey.co.uk/ontology/admingeo/UnitaryAuthority,Scotland,http://data.ordnancesurvey.co.uk/id/7000000000041429,Scotland,http://data.ordnancesurvey.co.uk/id/country/scotland,,,
osgb5000005116591072,http://data.ordnancesurvey.co.uk/id/5000005116591072,Croft Croy,,,,transportNetwork,Named Road,268340.000,833297.000,1000,20000,268318.964,833269.813,268421.288,833298.363,IV2,http://data.ordnancesurvey.co.uk/id/postcodedistrict/IV2,Farr,http://data.ordnancesurvey.co.uk/id/4000000074813697,http://www.ordnancesurvey.co.uk/xml/codelists/localtype.xml#village,,,,Highland,http://data.ordnancesurvey.co.uk/id/7000000000029638,http://data.ordnancesurvey.co.uk/ontology/admingeo/UnitaryAuthority,Scotland,http://data.ordnancesurvey.co.uk/id/7000000000041429,Scotland,http://data.ordnancesurvey.co.uk/id/country/scotland,,,
osgb4000000003543983,http://data.ordnancesurvey.co.uk/id/4000000003543983,Mill Croft,,,,transportNetwork,Named Road,260144.620,835155.576,1000,20000,260089.768,835130.201,260162.370,835191.451,IV2,http://data.ordnancesurvey.co.uk/id/postcodedistrict/IV2,Dores,http://data.ordnancesurvey.co.uk/id/4000000074556748,http://www.ordnancesurvey.co.uk/xml/codelists/localtype.xml#village,,,,Highland,http://data.ordnancesurvey.co.uk/id/7000000000029638,http://data.ordnancesurvey.co.uk/ontology/admingeo/UnitaryAuthority,Scotland,http://data.ordnancesurvey.co.uk/id/7000000000041429,Scotland,http://data.ordnancesurvey.co.uk/id/country/scotland,,,
osgb5000005116967985,http://data.ordnancesurvey.co.uk/id/5000005116967985,Loch Ness View,,,,transportNetwork,Named Road,260181.040,835097.214,1000,20000,260131.745,835055.458,260232.412,835130.451,IV2,http://data.ordnancesurvey.co.uk/id/postcodedistrict/IV2,Dores,http://data.ordnancesurvey.co.uk/id/4000000074556748,http://www.ordnancesurvey.co.uk/xml/codelists/localtype.xml#village,,,,Highland,http://data.ordnancesurvey.co.uk/id/7000000000029638,http://data.ordnancesurvey.co.uk/ontology/admingeo/UnitaryAuthority,Scotland,http://data.ordnancesurvey.co.uk/id/7000000000041429,Scotland,http://data.ordnancesurvey.co.uk/id/country/scotland,,,
osgb4000000003534168,http://data.ordnancesurvey.co.uk/id/4000000003534168,B9154,,,,transportNetwork,Numbered Road,275502.000,835811.000,42000,250000,271922.387,832652.000,278390.000,839171.000,IV13,http://data.ordnancesurvey.co.uk/id/postcodedistrict/IV13,,,,,,,Highland,http://data.ordnancesurvey.co.uk/id/7000000000029638,http://data.ordnancesurvey.co.uk/ontology/admingeo/UnitaryAuthority,Scotland,http://data.ordnancesurvey.co.uk/id/7000000000041429,Scotland,http://data.ordnancesurvey.co.uk/id/country/scotland,,,
osgb4000000003534170,http://data.ordnancesurvey.co.uk/id/4000000003534170,B861,,,,transportNetwork,Numbered Road,267190.000,839609.000,67000,250000,266339.000,834858.000,268988.000,845222.000,IV2,http://data.ordnancesurvey.co.uk/id/postcodedistrict/IV2,,,,,,,Highland,http://data.ordnancesurvey.co.uk/id/7000000000029638,http://data.ordnancesurvey.co.uk/ontology/admingeo/UnitaryAuthority,Scotland,http://data.ordnancesurvey.co.uk/id/7000000000041429,Scotland,http://data.ordnancesurvey.co.uk/id/country/scotland,,,
7c1d4d81-c295-4aed-8c64-0dd2471b403f,http://data.ordnancesurvey.co.uk/id/7c1d4d81-c295-4aed-8c64-0dd2471b403f,Loch Ness View,,,,transportNetwork,Section Of Named Road,260173.087,835106.697,1000,25000,260131.745,835060.373,260194.979,835130.451,IV2,http://data.ordnancesurvey.co.uk/id/postcodedistrict/IV2,Dores,http://data.ordnancesurvey.co.uk/id/4000000074556748,http://www.ordnancesurvey.co.uk/xml/codelists/localtype.xml#village,,,,Highland,http://data.ordnancesurvey.co.uk/id/7000000000029638,http://data.ordnancesurvey.co.uk/ontology/admingeo/UnitaryAuthority,Scotland,http://data.ordnancesurvey.co.uk/id/7000000000041429,Scotland,http://data.ordnancesurvey.co.uk/id/country/scotland,osgb5000005116967985,,
osgb4000000003534879,http://data.ordnancesurvey.co.uk/id/4000000003534879,Forestry Road,,,,transportNetwork,Named Road,276216.501,837359.607,12000,20000,275698.201,836474.663,276765.826,838351.011,IV13,http://data.ordnancesurvey.co.uk/id/postcodedistrict/IV13,,,,,,,Highland,http://data.ordnancesurvey.co.uk/id/7000000000029638,http://data.ordnancesurvey.co.uk/ontology/admingeo/UnitaryAuthority,Scotland,http://data.ordnancesurvey.co.uk/id/7000000000041429,Scotland,http://data.ordnancesurvey.co.uk/id/country/scotland,,,
IV26XB,http://data.ordnancesurvey.co.uk/id/postcodeunit/IV26XB,IV2 6XB,,,,other,Postcode,267929.000,831828.000,3500,18000,,,,,,,Farr,http://data.ordnancesurvey.co.uk/id/4000000074813697,http://www.ordnancesurvey.co.uk/xml/codelists/localtype.xml#village,,,,Highland,http://data.ordnancesurvey.co.uk/id/7000000000029638,http://data.ordnancesurvey.co.uk/ontology/admingeo/UnitaryAuthority,Scotland,http://data.ordnancesurvey.co.uk/id/7000000000041429,Scotland,http://data.ordnancesurvey.co.uk/id/country/scotland,,,
IV26TQ,http://data.ordnancesurvey.co.uk/id/postcodeunit/IV26TQ,IV2 6TQ,,,,other,Postcode,260132.000,835174.000,3500,18000,,,,,,,Dores,http://data.ordnancesurvey.co.uk/id/4000000074556748,http://www.ordnancesurvey.co.uk/xml/codelists/localtype.xml#village,,,,Highland,http://data.ordnancesurvey.co.uk/id/7000000000029638,http://data.ordnancesurvey.co.uk/ontology/admingeo/UnitaryAuthority,Scotland,http://data.ordnancesurvey.co.uk/id/7000000000041429,Scotland,http://data.ordnancesurvey.co.uk/id/country/scotland,,,
osgb4000000003539606,http://data.ordnancesurvey.co.uk/id/4000000003539606,Inverarnie Park,,,,transportNetwork,Named Road,269084.000,835087.000,1000,20000,269027.000,835046.000,269131.000,835180.000,IV2,http://data.ordnancesurvey.co.uk/id/postcodedistrict/IV2,Farr,http://data.ordnancesurvey.co.uk/id/4000000074813697,http://www.ordnancesurvey.co.uk/xml/codelists/localtype.xml#village,,,,Highland,http://data.ordnancesurvey.co.uk/id/7000000000029638,http://data.ordnancesurvey.co.uk/ontology/admingeo/UnitaryAuthority,Scotland,http://data.ordnancesurvey.co.uk/id/7000000000041429,Scotland,http://data.ordnancesurvey.co.uk/id/country/scotland,,,
osgb4000000003532601,http://data.ordnancesurvey.co.uk/id/4000000003532601,B851,,,,transportNetwork,Numbered Road,268745.000,834507.000,137000,250000,257990.010,824266.136,275209.000,845395.000,IV2,http://data.ordnancesurvey.co.uk/id/postcodedistrict/IV2,Farr,http://data.ordnancesurvey.co.uk/id/4000000074813697,http://www.ordnancesurvey.co.uk/xml/codelists/localtype.xml#village,,,,Highland,http://data.ordnancesurvey.co.uk/id/7000000000029638,http://data.ordnancesurvey.co.uk/ontology/admingeo/UnitaryAuthority,Scotland,http://data.ordnancesurvey.co.uk/id/7000000000041429,Scotland,http://data.ordnancesurvey.co.uk/id/country/scotland,,,
