﻿osgb4000000074559739,http://data.ordnancesurvey.co.uk/id/4000000074559739,Shandwick,,,,populatedPlace,Village,285826.250,875069.000,4000,250000,285488.126,874473.434,285988.126,875124.857,IV20,http://data.ordnancesurvey.co.uk/id/postcodedistrict/IV20,,,,,,,Highland,http://data.ordnancesurvey.co.uk/id/7000000000029638,http://data.ordnancesurvey.co.uk/ontology/admingeo/UnitaryAuthority,Scotland,http://data.ordnancesurvey.co.uk/id/7000000000041429,Scotland,http://data.ordnancesurvey.co.uk/id/country/scotland,,http://dbpedia.org/resource/Shandwick,http://sws.geonames.org/2638142
osgb4000000074560102,http://data.ordnancesurvey.co.uk/id/4000000074560102,Arabella,,,,populatedPlace,Village,280161.000,875448.000,11000,250000,279661.066,874787.184,281214.435,876511.470,IV19,http://data.ordnancesurvey.co.uk/id/postcodedistrict/IV19,,,,,,,Highland,http://data.ordnancesurvey.co.uk/id/7000000000029638,http://data.ordnancesurvey.co.uk/ontology/admingeo/UnitaryAuthority,Scotland,http://data.ordnancesurvey.co.uk/id/7000000000041429,Scotland,http://data.ordnancesurvey.co.uk/id/country/scotland,,"http://dbpedia.org/resource/Arabella,_Highland",
osgb4000000074560099,http://data.ordnancesurvey.co.uk/id/4000000074560099,Balmuchy,,,,populatedPlace,Hamlet,286507.100,878625.940,5000,25000,286207.297,878116.701,286707.297,878820.490,IV20,http://data.ordnancesurvey.co.uk/id/postcodedistrict/IV20,,,,,,,Highland,http://data.ordnancesurvey.co.uk/id/7000000000029638,http://data.ordnancesurvey.co.uk/ontology/admingeo/UnitaryAuthority,Scotland,http://data.ordnancesurvey.co.uk/id/7000000000041429,Scotland,http://data.ordnancesurvey.co.uk/id/country/scotland,,,
osgb4000000074336180,http://data.ordnancesurvey.co.uk/id/4000000074336180,Fearn,,,,populatedPlace,Hamlet,284057.271,877373.673,5000,25000,283607.333,877044.348,284994.812,877888.896,IV20,http://data.ordnancesurvey.co.uk/id/postcodedistrict/IV20,,,,,,,Highland,http://data.ordnancesurvey.co.uk/id/7000000000029638,http://data.ordnancesurvey.co.uk/ontology/admingeo/UnitaryAuthority,Scotland,http://data.ordnancesurvey.co.uk/id/7000000000041429,Scotland,http://data.ordnancesurvey.co.uk/id/country/scotland,,,
osgb4000000074543442,http://data.ordnancesurvey.co.uk/id/4000000074543442,Loans of Tullich,,,,populatedPlace,Other Settlement,285118.600,876411.830,15000,25000,284833.547,875967.306,285843.996,877176.630,IV20,http://data.ordnancesurvey.co.uk/id/postcodedistrict/IV20,,,,,,,Highland,http://data.ordnancesurvey.co.uk/id/7000000000029638,http://data.ordnancesurvey.co.uk/ontology/admingeo/UnitaryAuthority,Scotland,http://data.ordnancesurvey.co.uk/id/7000000000041429,Scotland,http://data.ordnancesurvey.co.uk/id/country/scotland,,,
osgb4000000074560097,http://data.ordnancesurvey.co.uk/id/4000000074560097,Clashnamuiach,,,,populatedPlace,Hamlet,286813.850,877799.150,5000,25000,286488.820,877514.797,286988.820,878014.797,IV20,http://data.ordnancesurvey.co.uk/id/postcodedistrict/IV20,,,,,,,Highland,http://data.ordnancesurvey.co.uk/id/7000000000029638,http://data.ordnancesurvey.co.uk/ontology/admingeo/UnitaryAuthority,Scotland,http://data.ordnancesurvey.co.uk/id/7000000000041429,Scotland,http://data.ordnancesurvey.co.uk/id/country/scotland,,,
osgb4000000074335947,http://data.ordnancesurvey.co.uk/id/4000000074335947,Rhynie,,,,populatedPlace,Hamlet,284882.899,879221.549,5000,25000,284598.632,878919.815,285098.632,879419.815,IV20,http://data.ordnancesurvey.co.uk/id/postcodedistrict/IV20,,,,,,,Highland,http://data.ordnancesurvey.co.uk/id/7000000000029638,http://data.ordnancesurvey.co.uk/ontology/admingeo/UnitaryAuthority,Scotland,http://data.ordnancesurvey.co.uk/id/7000000000041429,Scotland,http://data.ordnancesurvey.co.uk/id/country/scotland,,,
osgb4000000074559738,http://data.ordnancesurvey.co.uk/id/4000000074559738,Hilton of Cadboll,,,,populatedPlace,Village,287153.300,876341.680,6000,250000,286705.827,875933.726,287457.027,876846.215,IV20,http://data.ordnancesurvey.co.uk/id/postcodedistrict/IV20,,,,,,,Highland,http://data.ordnancesurvey.co.uk/id/7000000000029638,http://data.ordnancesurvey.co.uk/ontology/admingeo/UnitaryAuthority,Scotland,http://data.ordnancesurvey.co.uk/id/7000000000041429,Scotland,http://data.ordnancesurvey.co.uk/id/country/scotland,,,http://sws.geonames.org/2646870
osgb4000000074560098,http://data.ordnancesurvey.co.uk/id/4000000074560098,Hill of Fearn,,,,populatedPlace,Village,282756.250,878391.000,10000,250000,282033.854,877592.301,283602.304,878979.774,IV20,http://data.ordnancesurvey.co.uk/id/postcodedistrict/IV20,,,,,,,Highland,http://data.ordnancesurvey.co.uk/id/7000000000029638,http://data.ordnancesurvey.co.uk/ontology/admingeo/UnitaryAuthority,Scotland,http://data.ordnancesurvey.co.uk/id/7000000000041429,Scotland,http://data.ordnancesurvey.co.uk/id/country/scotland,,http://dbpedia.org/resource/Hill_of_Fearn,http://sws.geonames.org/2649602
osgb4000000074560101,http://data.ordnancesurvey.co.uk/id/4000000074560101,Loandhu,,,,populatedPlace,Hamlet,281595.820,878939.930,5000,25000,281214.435,878507.229,281722.174,879075.297,IV20,http://data.ordnancesurvey.co.uk/id/postcodedistrict/IV20,,,,,,,Highland,http://data.ordnancesurvey.co.uk/id/7000000000029638,http://data.ordnancesurvey.co.uk/ontology/admingeo/UnitaryAuthority,Scotland,http://data.ordnancesurvey.co.uk/id/7000000000041429,Scotland,http://data.ordnancesurvey.co.uk/id/country/scotland,,,
osgb4000000074559740,http://data.ordnancesurvey.co.uk/id/4000000074559740,Balintore,,,,populatedPlace,Village,286486.720,875710.730,12000,250000,285061.622,875103.044,286839.653,876062.089,IV20,http://data.ordnancesurvey.co.uk/id/postcodedistrict/IV20,,,,,,,Highland,http://data.ordnancesurvey.co.uk/id/7000000000029638,http://data.ordnancesurvey.co.uk/ontology/admingeo/UnitaryAuthority,Scotland,http://data.ordnancesurvey.co.uk/id/7000000000041429,Scotland,http://data.ordnancesurvey.co.uk/id/country/scotland,,"http://dbpedia.org/resource/Balintore,_Easter_Ross",http://sws.geonames.org/2656575
osgb4000000074555622,http://data.ordnancesurvey.co.uk/id/4000000074555622,Nigg,,,,populatedPlace,Hamlet,280461.770,871598.940,5000,25000,280269.345,871258.164,280787.135,871876.497,IV19,http://data.ordnancesurvey.co.uk/id/postcodedistrict/IV19,,,,,,,Highland,http://data.ordnancesurvey.co.uk/id/7000000000029638,http://data.ordnancesurvey.co.uk/ontology/admingeo/UnitaryAuthority,Scotland,http://data.ordnancesurvey.co.uk/id/7000000000041429,Scotland,http://data.ordnancesurvey.co.uk/id/country/scotland,,"http://dbpedia.org/resource/Nigg,_Highland",http://sws.geonames.org/2641496
osgb4000000074555624,http://data.ordnancesurvey.co.uk/id/4000000074555624,Pitcalnie,,,,populatedPlace,Village,280601.940,872102.200,7000,250000,280289.447,871997.143,281395.414,873062.888,IV19,http://data.ordnancesurvey.co.uk/id/postcodedistrict/IV19,,,,,,,Highland,http://data.ordnancesurvey.co.uk/id/7000000000029638,http://data.ordnancesurvey.co.uk/ontology/admingeo/UnitaryAuthority,Scotland,http://data.ordnancesurvey.co.uk/id/7000000000041429,Scotland,http://data.ordnancesurvey.co.uk/id/country/scotland,,http://dbpedia.org/resource/Pitcalnie,
osgb4000000074559383,http://data.ordnancesurvey.co.uk/id/4000000074559383,Cadboll,,,,populatedPlace,Other Settlement,287822.500,877728.040,15000,25000,287572.608,877460.437,288072.608,877960.437,IV20,http://data.ordnancesurvey.co.uk/id/postcodedistrict/IV20,,,,,,,Highland,http://data.ordnancesurvey.co.uk/id/7000000000029638,http://data.ordnancesurvey.co.uk/ontology/admingeo/UnitaryAuthority,Scotland,http://data.ordnancesurvey.co.uk/id/7000000000041429,Scotland,http://data.ordnancesurvey.co.uk/id/country/scotland,,,
osgb4000000074543371,http://data.ordnancesurvey.co.uk/id/4000000074543371,Carse of Bayfield,,,,populatedPlace,Hamlet,281149.420,873794.380,5000,25000,280934.271,873314.246,281434.271,874002.959,IV19,http://data.ordnancesurvey.co.uk/id/postcodedistrict/IV19,,,,,,,Highland,http://data.ordnancesurvey.co.uk/id/7000000000029638,http://data.ordnancesurvey.co.uk/ontology/admingeo/UnitaryAuthority,Scotland,http://data.ordnancesurvey.co.uk/id/7000000000041429,Scotland,http://data.ordnancesurvey.co.uk/id/country/scotland,,,
IV191QW,http://data.ordnancesurvey.co.uk/id/postcodeunit/IV191QW,IV19 1QW,,,,other,Postcode,281203.000,873481.000,3500,18000,,,,,,,Carse of Bayfield,http://data.ordnancesurvey.co.uk/id/4000000074543371,http://www.ordnancesurvey.co.uk/xml/codelists/localtype.xml#hamlet,,,,Highland,http://data.ordnancesurvey.co.uk/id/7000000000029638,http://data.ordnancesurvey.co.uk/ontology/admingeo/UnitaryAuthority,Scotland,http://data.ordnancesurvey.co.uk/id/7000000000041429,Scotland,http://data.ordnancesurvey.co.uk/id/country/scotland,,,
IV201XN,http://data.ordnancesurvey.co.uk/id/postcodeunit/IV201XN,IV20 1XN,,,,other,Postcode,285345.000,875491.000,3500,18000,,,,,,,Balintore,http://data.ordnancesurvey.co.uk/id/4000000074559740,http://www.ordnancesurvey.co.uk/xml/codelists/localtype.xml#village,,,,Highland,http://data.ordnancesurvey.co.uk/id/7000000000029638,http://data.ordnancesurvey.co.uk/ontology/admingeo/UnitaryAuthority,Scotland,http://data.ordnancesurvey.co.uk/id/7000000000041429,Scotland,http://data.ordnancesurvey.co.uk/id/country/scotland,,,
IV201TR,http://data.ordnancesurvey.co.uk/id/postcodeunit/IV201TR,IV20 1TR,,,,other,Postcode,285488.000,879657.000,3500,18000,,,,,,,,,,,,,Highland,http://data.ordnancesurvey.co.uk/id/7000000000029638,http://data.ordnancesurvey.co.uk/ontology/admingeo/UnitaryAuthority,Scotland,http://data.ordnancesurvey.co.uk/id/7000000000041429,Scotland,http://data.ordnancesurvey.co.uk/id/country/scotland,,,
IV191QS,http://data.ordnancesurvey.co.uk/id/postcodeunit/IV191QS,IV19 1QS,,,,other,Postcode,281816.000,869246.000,3500,18000,,,,,,,,,,,,,Highland,http://data.ordnancesurvey.co.uk/id/7000000000029638,http://data.ordnancesurvey.co.uk/ontology/admingeo/UnitaryAuthority,Scotland,http://data.ordnancesurvey.co.uk/id/7000000000041429,Scotland,http://data.ordnancesurvey.co.uk/id/country/scotland,,,
IV201XY,http://data.ordnancesurvey.co.uk/id/postcodeunit/IV201XY,IV20 1XY,,,,other,Postcode,286130.000,875722.000,3500,18000,,,,,,,Balintore,http://data.ordnancesurvey.co.uk/id/4000000074559740,http://www.ordnancesurvey.co.uk/xml/codelists/localtype.xml#village,,,,Highland,http://data.ordnancesurvey.co.uk/id/7000000000029638,http://data.ordnancesurvey.co.uk/ontology/admingeo/UnitaryAuthority,Scotland,http://data.ordnancesurvey.co.uk/id/7000000000041429,Scotland,http://data.ordnancesurvey.co.uk/id/country/scotland,,,
IV201QA,http://data.ordnancesurvey.co.uk/id/postcodeunit/IV201QA,IV20 1QA,,,,other,Postcode,283102.000,878077.000,3500,18000,,,,,,,Hill of Fearn,http://data.ordnancesurvey.co.uk/id/4000000074560098,http://www.ordnancesurvey.co.uk/xml/codelists/localtype.xml#village,,,,Highland,http://data.ordnancesurvey.co.uk/id/7000000000029638,http://data.ordnancesurvey.co.uk/ontology/admingeo/UnitaryAuthority,Scotland,http://data.ordnancesurvey.co.uk/id/7000000000041429,Scotland,http://data.ordnancesurvey.co.uk/id/country/scotland,,,
IV201XJ,http://data.ordnancesurvey.co.uk/id/postcodeunit/IV201XJ,IV20 1XJ,,,,other,Postcode,282503.000,873813.000,3500,18000,,,,,,,,,,,,,Highland,http://data.ordnancesurvey.co.uk/id/7000000000029638,http://data.ordnancesurvey.co.uk/ontology/admingeo/UnitaryAuthority,Scotland,http://data.ordnancesurvey.co.uk/id/7000000000041429,Scotland,http://data.ordnancesurvey.co.uk/id/country/scotland,,,
IV201UL,http://data.ordnancesurvey.co.uk/id/postcodeunit/IV201UL,IV20 1UL,,,,other,Postcode,286230.000,875685.000,3500,18000,,,,,,,Balintore,http://data.ordnancesurvey.co.uk/id/4000000074559740,http://www.ordnancesurvey.co.uk/xml/codelists/localtype.xml#village,,,,Highland,http://data.ordnancesurvey.co.uk/id/7000000000029638,http://data.ordnancesurvey.co.uk/ontology/admingeo/UnitaryAuthority,Scotland,http://data.ordnancesurvey.co.uk/id/7000000000041429,Scotland,http://data.ordnancesurvey.co.uk/id/country/scotland,,,
IV201XZ,http://data.ordnancesurvey.co.uk/id/postcodeunit/IV201XZ,IV20 1XZ,,,,other,Postcode,285835.000,875175.000,3500,18000,,,,,,,Balintore,http://data.ordnancesurvey.co.uk/id/4000000074559740,http://www.ordnancesurvey.co.uk/xml/codelists/localtype.xml#village,,,,Highland,http://data.ordnancesurvey.co.uk/id/7000000000029638,http://data.ordnancesurvey.co.uk/ontology/admingeo/UnitaryAuthority,Scotland,http://data.ordnancesurvey.co.uk/id/7000000000041429,Scotland,http://data.ordnancesurvey.co.uk/id/country/scotland,,,
IV201TL,http://data.ordnancesurvey.co.uk/id/postcodeunit/IV201TL,IV20 1TL,,,,other,Postcode,283857.000,877354.000,3500,18000,,,,,,,Fearn,http://data.ordnancesurvey.co.uk/id/4000000074336180,http://www.ordnancesurvey.co.uk/xml/codelists/localtype.xml#hamlet,,,,Highland,http://data.ordnancesurvey.co.uk/id/7000000000029638,http://data.ordnancesurvey.co.uk/ontology/admingeo/UnitaryAuthority,Scotland,http://data.ordnancesurvey.co.uk/id/7000000000041429,Scotland,http://data.ordnancesurvey.co.uk/id/country/scotland,,,
IV201UW,http://data.ordnancesurvey.co.uk/id/postcodeunit/IV201UW,IV20 1UW,,,,other,Postcode,286102.000,875449.000,3500,18000,,,,,,,Balintore,http://data.ordnancesurvey.co.uk/id/4000000074559740,http://www.ordnancesurvey.co.uk/xml/codelists/localtype.xml#village,,,,Highland,http://data.ordnancesurvey.co.uk/id/7000000000029638,http://data.ordnancesurvey.co.uk/ontology/admingeo/UnitaryAuthority,Scotland,http://data.ordnancesurvey.co.uk/id/7000000000041429,Scotland,http://data.ordnancesurvey.co.uk/id/country/scotland,,,
IV201WN,http://data.ordnancesurvey.co.uk/id/postcodeunit/IV201WN,IV20 1WN,,,,other,Postcode,286014.000,878518.000,3500,18000,,,,,,,,,,,,,Highland,http://data.ordnancesurvey.co.uk/id/7000000000029638,http://data.ordnancesurvey.co.uk/ontology/admingeo/UnitaryAuthority,Scotland,http://data.ordnancesurvey.co.uk/id/7000000000041429,Scotland,http://data.ordnancesurvey.co.uk/id/country/scotland,,,
IV201UH,http://data.ordnancesurvey.co.uk/id/postcodeunit/IV201UH,IV20 1UH,,,,other,Postcode,286330.000,875630.000,3500,18000,,,,,,,Balintore,http://data.ordnancesurvey.co.uk/id/4000000074559740,http://www.ordnancesurvey.co.uk/xml/codelists/localtype.xml#village,,,,Highland,http://data.ordnancesurvey.co.uk/id/7000000000029638,http://data.ordnancesurvey.co.uk/ontology/admingeo/UnitaryAuthority,Scotland,http://data.ordnancesurvey.co.uk/id/7000000000041429,Scotland,http://data.ordnancesurvey.co.uk/id/country/scotland,,,
IV362TG,http://data.ordnancesurvey.co.uk/id/postcodeunit/IV362TG,IV36 2TG,,,,other,Postcode,299807.000,860351.000,3500,18000,,,,,,,Kintessack,http://data.ordnancesurvey.co.uk/id/4000000074561167,http://www.ordnancesurvey.co.uk/xml/codelists/localtype.xml#village,,,,Moray,http://data.ordnancesurvey.co.uk/id/7000000000029959,http://data.ordnancesurvey.co.uk/ontology/admingeo/UnitaryAuthority,Scotland,http://data.ordnancesurvey.co.uk/id/7000000000041429,Scotland,http://data.ordnancesurvey.co.uk/id/country/scotland,,,
IV201UG,http://data.ordnancesurvey.co.uk/id/postcodeunit/IV201UG,IV20 1UG,,,,other,Postcode,286377.000,875663.000,3500,18000,,,,,,,Balintore,http://data.ordnancesurvey.co.uk/id/4000000074559740,http://www.ordnancesurvey.co.uk/xml/codelists/localtype.xml#village,,,,Highland,http://data.ordnancesurvey.co.uk/id/7000000000029638,http://data.ordnancesurvey.co.uk/ontology/admingeo/UnitaryAuthority,Scotland,http://data.ordnancesurvey.co.uk/id/7000000000041429,Scotland,http://data.ordnancesurvey.co.uk/id/country/scotland,,,
IV201TY,http://data.ordnancesurvey.co.uk/id/postcodeunit/IV201TY,IV20 1TY,,,,other,Postcode,286157.000,875426.000,3500,18000,,,,,,,Balintore,http://data.ordnancesurvey.co.uk/id/4000000074559740,http://www.ordnancesurvey.co.uk/xml/codelists/localtype.xml#village,,,,Highland,http://data.ordnancesurvey.co.uk/id/7000000000029638,http://data.ordnancesurvey.co.uk/ontology/admingeo/UnitaryAuthority,Scotland,http://data.ordnancesurvey.co.uk/id/7000000000041429,Scotland,http://data.ordnancesurvey.co.uk/id/country/scotland,,,
IV201TT,http://data.ordnancesurvey.co.uk/id/postcodeunit/IV201TT,IV20 1TT,,,,other,Postcode,283434.000,877786.000,3500,18000,,,,,,,Hill of Fearn,http://data.ordnancesurvey.co.uk/id/4000000074560098,http://www.ordnancesurvey.co.uk/xml/codelists/localtype.xml#village,,,,Highland,http://data.ordnancesurvey.co.uk/id/7000000000029638,http://data.ordnancesurvey.co.uk/ontology/admingeo/UnitaryAuthority,Scotland,http://data.ordnancesurvey.co.uk/id/7000000000041429,Scotland,http://data.ordnancesurvey.co.uk/id/country/scotland,,,
IV191PQ,http://data.ordnancesurvey.co.uk/id/postcodeunit/IV191PQ,IV19 1PQ,,,,other,Postcode,280558.000,872089.000,3500,18000,,,,,,,Pitcalnie,http://data.ordnancesurvey.co.uk/id/4000000074555624,http://www.ordnancesurvey.co.uk/xml/codelists/localtype.xml#village,,,,Highland,http://data.ordnancesurvey.co.uk/id/7000000000029638,http://data.ordnancesurvey.co.uk/ontology/admingeo/UnitaryAuthority,Scotland,http://data.ordnancesurvey.co.uk/id/7000000000041429,Scotland,http://data.ordnancesurvey.co.uk/id/country/scotland,,,
IV201TE,http://data.ordnancesurvey.co.uk/id/postcodeunit/IV201TE,IV20 1TE,,,,other,Postcode,283024.000,878140.000,3500,18000,,,,,,,Hill of Fearn,http://data.ordnancesurvey.co.uk/id/4000000074560098,http://www.ordnancesurvey.co.uk/xml/codelists/localtype.xml#village,,,,Highland,http://data.ordnancesurvey.co.uk/id/7000000000029638,http://data.ordnancesurvey.co.uk/ontology/admingeo/UnitaryAuthority,Scotland,http://data.ordnancesurvey.co.uk/id/7000000000041429,Scotland,http://data.ordnancesurvey.co.uk/id/country/scotland,,,
IV201UE,http://data.ordnancesurvey.co.uk/id/postcodeunit/IV201UE,IV20 1UE,,,,other,Postcode,286404.000,875639.000,3500,18000,,,,,,,Balintore,http://data.ordnancesurvey.co.uk/id/4000000074559740,http://www.ordnancesurvey.co.uk/xml/codelists/localtype.xml#village,,,,Highland,http://data.ordnancesurvey.co.uk/id/7000000000029638,http://data.ordnancesurvey.co.uk/ontology/admingeo/UnitaryAuthority,Scotland,http://data.ordnancesurvey.co.uk/id/7000000000041429,Scotland,http://data.ordnancesurvey.co.uk/id/country/scotland,,,
IV191QT,http://data.ordnancesurvey.co.uk/id/postcodeunit/IV191QT,IV19 1QT,,,,other,Postcode,280207.000,870234.000,3500,18000,,,,,,,,,,,,,Highland,http://data.ordnancesurvey.co.uk/id/7000000000029638,http://data.ordnancesurvey.co.uk/ontology/admingeo/UnitaryAuthority,Scotland,http://data.ordnancesurvey.co.uk/id/7000000000041429,Scotland,http://data.ordnancesurvey.co.uk/id/country/scotland,,,
IV201TP,http://data.ordnancesurvey.co.uk/id/postcodeunit/IV201TP,IV20 1TP,,,,other,Postcode,285736.000,879118.000,3500,18000,,,,,,,,,,,,,Highland,http://data.ordnancesurvey.co.uk/id/7000000000029638,http://data.ordnancesurvey.co.uk/ontology/admingeo/UnitaryAuthority,Scotland,http://data.ordnancesurvey.co.uk/id/7000000000041429,Scotland,http://data.ordnancesurvey.co.uk/id/country/scotland,,,
IV201UF,http://data.ordnancesurvey.co.uk/id/postcodeunit/IV201UF,IV20 1UF,,,,other,Postcode,286396.000,875615.000,3500,18000,,,,,,,Balintore,http://data.ordnancesurvey.co.uk/id/4000000074559740,http://www.ordnancesurvey.co.uk/xml/codelists/localtype.xml#village,,,,Highland,http://data.ordnancesurvey.co.uk/id/7000000000029638,http://data.ordnancesurvey.co.uk/ontology/admingeo/UnitaryAuthority,Scotland,http://data.ordnancesurvey.co.uk/id/7000000000041429,Scotland,http://data.ordnancesurvey.co.uk/id/country/scotland,,,
IV201XD,http://data.ordnancesurvey.co.uk/id/postcodeunit/IV201XD,IV20 1XD,,,,other,Postcode,287244.000,876452.000,3500,18000,,,,,,,Hilton of Cadboll,http://data.ordnancesurvey.co.uk/id/4000000074559738,http://www.ordnancesurvey.co.uk/xml/codelists/localtype.xml#village,,,,Highland,http://data.ordnancesurvey.co.uk/id/7000000000029638,http://data.ordnancesurvey.co.uk/ontology/admingeo/UnitaryAuthority,Scotland,http://data.ordnancesurvey.co.uk/id/7000000000041429,Scotland,http://data.ordnancesurvey.co.uk/id/country/scotland,,,
IV201SP,http://data.ordnancesurvey.co.uk/id/postcodeunit/IV201SP,IV20 1SP,,,,other,Postcode,286639.000,875869.000,3500,18000,,,,,,,Balintore,http://data.ordnancesurvey.co.uk/id/4000000074559740,http://www.ordnancesurvey.co.uk/xml/codelists/localtype.xml#village,,,,Highland,http://data.ordnancesurvey.co.uk/id/7000000000029638,http://data.ordnancesurvey.co.uk/ontology/admingeo/UnitaryAuthority,Scotland,http://data.ordnancesurvey.co.uk/id/7000000000041429,Scotland,http://data.ordnancesurvey.co.uk/id/country/scotland,,,
IV201QZ,http://data.ordnancesurvey.co.uk/id/postcodeunit/IV201QZ,IV20 1QZ,,,,other,Postcode,283148.000,878074.000,3500,18000,,,,,,,Hill of Fearn,http://data.ordnancesurvey.co.uk/id/4000000074560098,http://www.ordnancesurvey.co.uk/xml/codelists/localtype.xml#village,,,,Highland,http://data.ordnancesurvey.co.uk/id/7000000000029638,http://data.ordnancesurvey.co.uk/ontology/admingeo/UnitaryAuthority,Scotland,http://data.ordnancesurvey.co.uk/id/7000000000041429,Scotland,http://data.ordnancesurvey.co.uk/id/country/scotland,,,
IV201UZ,http://data.ordnancesurvey.co.uk/id/postcodeunit/IV201UZ,IV20 1UZ,,,,other,Postcode,287037.000,876202.000,3500,18000,,,,,,,Hilton of Cadboll,http://data.ordnancesurvey.co.uk/id/4000000074559738,http://www.ordnancesurvey.co.uk/xml/codelists/localtype.xml#village,,,,Highland,http://data.ordnancesurvey.co.uk/id/7000000000029638,http://data.ordnancesurvey.co.uk/ontology/admingeo/UnitaryAuthority,Scotland,http://data.ordnancesurvey.co.uk/id/7000000000041429,Scotland,http://data.ordnancesurvey.co.uk/id/country/scotland,,,
IV201XT,http://data.ordnancesurvey.co.uk/id/postcodeunit/IV201XT,IV20 1XT,,,,other,Postcode,285954.000,875433.000,3500,18000,,,,,,,Balintore,http://data.ordnancesurvey.co.uk/id/4000000074559740,http://www.ordnancesurvey.co.uk/xml/codelists/localtype.xml#village,,,,Highland,http://data.ordnancesurvey.co.uk/id/7000000000029638,http://data.ordnancesurvey.co.uk/ontology/admingeo/UnitaryAuthority,Scotland,http://data.ordnancesurvey.co.uk/id/7000000000041429,Scotland,http://data.ordnancesurvey.co.uk/id/country/scotland,,,
IV201ST,http://data.ordnancesurvey.co.uk/id/postcodeunit/IV201ST,IV20 1ST,,,,other,Postcode,283196.000,877765.000,3500,18000,,,,,,,Hill of Fearn,http://data.ordnancesurvey.co.uk/id/4000000074560098,http://www.ordnancesurvey.co.uk/xml/codelists/localtype.xml#village,,,,Highland,http://data.ordnancesurvey.co.uk/id/7000000000029638,http://data.ordnancesurvey.co.uk/ontology/admingeo/UnitaryAuthority,Scotland,http://data.ordnancesurvey.co.uk/id/7000000000041429,Scotland,http://data.ordnancesurvey.co.uk/id/country/scotland,,,
IV201TQ,http://data.ordnancesurvey.co.uk/id/postcodeunit/IV201TQ,IV20 1TQ,,,,other,Postcode,283183.000,877907.000,3500,18000,,,,,,,Hill of Fearn,http://data.ordnancesurvey.co.uk/id/4000000074560098,http://www.ordnancesurvey.co.uk/xml/codelists/localtype.xml#village,,,,Highland,http://data.ordnancesurvey.co.uk/id/7000000000029638,http://data.ordnancesurvey.co.uk/ontology/admingeo/UnitaryAuthority,Scotland,http://data.ordnancesurvey.co.uk/id/7000000000041429,Scotland,http://data.ordnancesurvey.co.uk/id/country/scotland,,,
IV201XH,http://data.ordnancesurvey.co.uk/id/postcodeunit/IV201XH,IV20 1XH,,,,other,Postcode,283807.000,874063.000,3500,18000,,,,,,,,,,,,,Highland,http://data.ordnancesurvey.co.uk/id/7000000000029638,http://data.ordnancesurvey.co.uk/ontology/admingeo/UnitaryAuthority,Scotland,http://data.ordnancesurvey.co.uk/id/7000000000041429,Scotland,http://data.ordnancesurvey.co.uk/id/country/scotland,,,
IV201XL,http://data.ordnancesurvey.co.uk/id/postcodeunit/IV201XL,IV20 1XL,,,,other,Postcode,282954.000,873896.000,3500,18000,,,,,,,,,,,,,Highland,http://data.ordnancesurvey.co.uk/id/7000000000029638,http://data.ordnancesurvey.co.uk/ontology/admingeo/UnitaryAuthority,Scotland,http://data.ordnancesurvey.co.uk/id/7000000000041429,Scotland,http://data.ordnancesurvey.co.uk/id/country/scotland,,,
IV201UN,http://data.ordnancesurvey.co.uk/id/postcodeunit/IV201UN,IV20 1UN,,,,other,Postcode,286262.000,875577.000,3500,18000,,,,,,,Balintore,http://data.ordnancesurvey.co.uk/id/4000000074559740,http://www.ordnancesurvey.co.uk/xml/codelists/localtype.xml#village,,,,Highland,http://data.ordnancesurvey.co.uk/id/7000000000029638,http://data.ordnancesurvey.co.uk/ontology/admingeo/UnitaryAuthority,Scotland,http://data.ordnancesurvey.co.uk/id/7000000000041429,Scotland,http://data.ordnancesurvey.co.uk/id/country/scotland,,,
IV201XB,http://data.ordnancesurvey.co.uk/id/postcodeunit/IV201XB,IV20 1XB,,,,other,Postcode,287212.000,876461.000,3500,18000,,,,,,,Hilton of Cadboll,http://data.ordnancesurvey.co.uk/id/4000000074559738,http://www.ordnancesurvey.co.uk/xml/codelists/localtype.xml#village,,,,Highland,http://data.ordnancesurvey.co.uk/id/7000000000029638,http://data.ordnancesurvey.co.uk/ontology/admingeo/UnitaryAuthority,Scotland,http://data.ordnancesurvey.co.uk/id/7000000000041429,Scotland,http://data.ordnancesurvey.co.uk/id/country/scotland,,,
IV201US,http://data.ordnancesurvey.co.uk/id/postcodeunit/IV201US,IV20 1US,,,,other,Postcode,283314.000,877884.000,3500,18000,,,,,,,Hill of Fearn,http://data.ordnancesurvey.co.uk/id/4000000074560098,http://www.ordnancesurvey.co.uk/xml/codelists/localtype.xml#village,,,,Highland,http://data.ordnancesurvey.co.uk/id/7000000000029638,http://data.ordnancesurvey.co.uk/ontology/admingeo/UnitaryAuthority,Scotland,http://data.ordnancesurvey.co.uk/id/7000000000041429,Scotland,http://data.ordnancesurvey.co.uk/id/country/scotland,,,
IV201XX,http://data.ordnancesurvey.co.uk/id/postcodeunit/IV201XX,IV20 1XX,,,,other,Postcode,286202.000,875736.000,3500,18000,,,,,,,Balintore,http://data.ordnancesurvey.co.uk/id/4000000074559740,http://www.ordnancesurvey.co.uk/xml/codelists/localtype.xml#village,,,,Highland,http://data.ordnancesurvey.co.uk/id/7000000000029638,http://data.ordnancesurvey.co.uk/ontology/admingeo/UnitaryAuthority,Scotland,http://data.ordnancesurvey.co.uk/id/7000000000041429,Scotland,http://data.ordnancesurvey.co.uk/id/country/scotland,,,
IV201TZ,http://data.ordnancesurvey.co.uk/id/postcodeunit/IV201TZ,IV20 1TZ,,,,other,Postcode,286264.000,875484.000,3500,18000,,,,,,,Balintore,http://data.ordnancesurvey.co.uk/id/4000000074559740,http://www.ordnancesurvey.co.uk/xml/codelists/localtype.xml#village,,,,Highland,http://data.ordnancesurvey.co.uk/id/7000000000029638,http://data.ordnancesurvey.co.uk/ontology/admingeo/UnitaryAuthority,Scotland,http://data.ordnancesurvey.co.uk/id/7000000000041429,Scotland,http://data.ordnancesurvey.co.uk/id/country/scotland,,,
IV201SR,http://data.ordnancesurvey.co.uk/id/postcodeunit/IV201SR,IV20 1SR,,,,other,Postcode,283293.000,877995.000,3500,18000,,,,,,,Hill of Fearn,http://data.ordnancesurvey.co.uk/id/4000000074560098,http://www.ordnancesurvey.co.uk/xml/codelists/localtype.xml#village,,,,Highland,http://data.ordnancesurvey.co.uk/id/7000000000029638,http://data.ordnancesurvey.co.uk/ontology/admingeo/UnitaryAuthority,Scotland,http://data.ordnancesurvey.co.uk/id/7000000000041429,Scotland,http://data.ordnancesurvey.co.uk/id/country/scotland,,,
IV201TW,http://data.ordnancesurvey.co.uk/id/postcodeunit/IV201TW,IV20 1TW,,,,other,Postcode,289221.000,879966.000,3500,18000,,,,,,,,,,,,,Highland,http://data.ordnancesurvey.co.uk/id/7000000000029638,http://data.ordnancesurvey.co.uk/ontology/admingeo/UnitaryAuthority,Scotland,http://data.ordnancesurvey.co.uk/id/7000000000041429,Scotland,http://data.ordnancesurvey.co.uk/id/country/scotland,,,
IV201XU,http://data.ordnancesurvey.co.uk/id/postcodeunit/IV201XU,IV20 1XU,,,,other,Postcode,286024.000,875555.000,3500,18000,,,,,,,Balintore,http://data.ordnancesurvey.co.uk/id/4000000074559740,http://www.ordnancesurvey.co.uk/xml/codelists/localtype.xml#village,,,,Highland,http://data.ordnancesurvey.co.uk/id/7000000000029638,http://data.ordnancesurvey.co.uk/ontology/admingeo/UnitaryAuthority,Scotland,http://data.ordnancesurvey.co.uk/id/7000000000041429,Scotland,http://data.ordnancesurvey.co.uk/id/country/scotland,,,
IV191QN,http://data.ordnancesurvey.co.uk/id/postcodeunit/IV191QN,IV19 1QN,,,,other,Postcode,282600.000,875089.000,3500,18000,,,,,,,,,,,,,Highland,http://data.ordnancesurvey.co.uk/id/7000000000029638,http://data.ordnancesurvey.co.uk/ontology/admingeo/UnitaryAuthority,Scotland,http://data.ordnancesurvey.co.uk/id/7000000000041429,Scotland,http://data.ordnancesurvey.co.uk/id/country/scotland,,,
IV201RR,http://data.ordnancesurvey.co.uk/id/postcodeunit/IV201RR,IV20 1RR,,,,other,Postcode,281549.000,877203.000,3500,18000,,,,,,,,,,,,,Highland,http://data.ordnancesurvey.co.uk/id/7000000000029638,http://data.ordnancesurvey.co.uk/ontology/admingeo/UnitaryAuthority,Scotland,http://data.ordnancesurvey.co.uk/id/7000000000041429,Scotland,http://data.ordnancesurvey.co.uk/id/country/scotland,,,
IV201XF,http://data.ordnancesurvey.co.uk/id/postcodeunit/IV201XF,IV20 1XF,,,,other,Postcode,287296.000,876740.000,3500,18000,,,,,,,Hilton of Cadboll,http://data.ordnancesurvey.co.uk/id/4000000074559738,http://www.ordnancesurvey.co.uk/xml/codelists/localtype.xml#village,,,,Highland,http://data.ordnancesurvey.co.uk/id/7000000000029638,http://data.ordnancesurvey.co.uk/ontology/admingeo/UnitaryAuthority,Scotland,http://data.ordnancesurvey.co.uk/id/7000000000041429,Scotland,http://data.ordnancesurvey.co.uk/id/country/scotland,,,
IV201TD,http://data.ordnancesurvey.co.uk/id/postcodeunit/IV201TD,IV20 1TD,,,,other,Postcode,283163.000,877996.000,3500,18000,,,,,,,Hill of Fearn,http://data.ordnancesurvey.co.uk/id/4000000074560098,http://www.ordnancesurvey.co.uk/xml/codelists/localtype.xml#village,,,,Highland,http://data.ordnancesurvey.co.uk/id/7000000000029638,http://data.ordnancesurvey.co.uk/ontology/admingeo/UnitaryAuthority,Scotland,http://data.ordnancesurvey.co.uk/id/7000000000041429,Scotland,http://data.ordnancesurvey.co.uk/id/country/scotland,,,
IV201XE,http://data.ordnancesurvey.co.uk/id/postcodeunit/IV201XE,IV20 1XE,,,,other,Postcode,287313.000,876687.000,3500,18000,,,,,,,Hilton of Cadboll,http://data.ordnancesurvey.co.uk/id/4000000074559738,http://www.ordnancesurvey.co.uk/xml/codelists/localtype.xml#village,,,,Highland,http://data.ordnancesurvey.co.uk/id/7000000000029638,http://data.ordnancesurvey.co.uk/ontology/admingeo/UnitaryAuthority,Scotland,http://data.ordnancesurvey.co.uk/id/7000000000041429,Scotland,http://data.ordnancesurvey.co.uk/id/country/scotland,,,
IV201SS,http://data.ordnancesurvey.co.uk/id/postcodeunit/IV201SS,IV20 1SS,,,,other,Postcode,283140.000,877795.000,3500,18000,,,,,,,Hill of Fearn,http://data.ordnancesurvey.co.uk/id/4000000074560098,http://www.ordnancesurvey.co.uk/xml/codelists/localtype.xml#village,,,,Highland,http://data.ordnancesurvey.co.uk/id/7000000000029638,http://data.ordnancesurvey.co.uk/ontology/admingeo/UnitaryAuthority,Scotland,http://data.ordnancesurvey.co.uk/id/7000000000041429,Scotland,http://data.ordnancesurvey.co.uk/id/country/scotland,,,
IV201TB,http://data.ordnancesurvey.co.uk/id/postcodeunit/IV201TB,IV20 1TB,,,,other,Postcode,283241.000,877999.000,3500,18000,,,,,,,Hill of Fearn,http://data.ordnancesurvey.co.uk/id/4000000074560098,http://www.ordnancesurvey.co.uk/xml/codelists/localtype.xml#village,,,,Highland,http://data.ordnancesurvey.co.uk/id/7000000000029638,http://data.ordnancesurvey.co.uk/ontology/admingeo/UnitaryAuthority,Scotland,http://data.ordnancesurvey.co.uk/id/7000000000041429,Scotland,http://data.ordnancesurvey.co.uk/id/country/scotland,,,
IV191QP,http://data.ordnancesurvey.co.uk/id/postcodeunit/IV191QP,IV19 1QP,,,,other,Postcode,280845.000,872438.000,3500,18000,,,,,,,Pitcalnie,http://data.ordnancesurvey.co.uk/id/4000000074555624,http://www.ordnancesurvey.co.uk/xml/codelists/localtype.xml#village,,,,Highland,http://data.ordnancesurvey.co.uk/id/7000000000029638,http://data.ordnancesurvey.co.uk/ontology/admingeo/UnitaryAuthority,Scotland,http://data.ordnancesurvey.co.uk/id/7000000000041429,Scotland,http://data.ordnancesurvey.co.uk/id/country/scotland,,,
IV191QR,http://data.ordnancesurvey.co.uk/id/postcodeunit/IV191QR,IV19 1QR,,,,other,Postcode,280433.000,871585.000,3500,18000,,,,,,,Nigg,http://data.ordnancesurvey.co.uk/id/4000000074555622,http://www.ordnancesurvey.co.uk/xml/codelists/localtype.xml#hamlet,,,,Highland,http://data.ordnancesurvey.co.uk/id/7000000000029638,http://data.ordnancesurvey.co.uk/ontology/admingeo/UnitaryAuthority,Scotland,http://data.ordnancesurvey.co.uk/id/7000000000041429,Scotland,http://data.ordnancesurvey.co.uk/id/country/scotland,,,
IV201UB,http://data.ordnancesurvey.co.uk/id/postcodeunit/IV201UB,IV20 1UB,,,,other,Postcode,286732.000,875857.000,3500,18000,,,,,,,Balintore,http://data.ordnancesurvey.co.uk/id/4000000074559740,http://www.ordnancesurvey.co.uk/xml/codelists/localtype.xml#village,,,,Highland,http://data.ordnancesurvey.co.uk/id/7000000000029638,http://data.ordnancesurvey.co.uk/ontology/admingeo/UnitaryAuthority,Scotland,http://data.ordnancesurvey.co.uk/id/7000000000041429,Scotland,http://data.ordnancesurvey.co.uk/id/country/scotland,,,
IV201UU,http://data.ordnancesurvey.co.uk/id/postcodeunit/IV201UU,IV20 1UU,,,,other,Postcode,285860.000,875019.000,3500,18000,,,,,,,Shandwick,http://data.ordnancesurvey.co.uk/id/4000000074559739,http://www.ordnancesurvey.co.uk/xml/codelists/localtype.xml#village,,,,Highland,http://data.ordnancesurvey.co.uk/id/7000000000029638,http://data.ordnancesurvey.co.uk/ontology/admingeo/UnitaryAuthority,Scotland,http://data.ordnancesurvey.co.uk/id/7000000000041429,Scotland,http://data.ordnancesurvey.co.uk/id/country/scotland,,,
IV191QH,http://data.ordnancesurvey.co.uk/id/postcodeunit/IV191QH,IV19 1QH,,,,other,Postcode,280350.000,876228.000,3500,18000,,,,,,,Arabella,http://data.ordnancesurvey.co.uk/id/4000000074560102,http://www.ordnancesurvey.co.uk/xml/codelists/localtype.xml#village,,,,Highland,http://data.ordnancesurvey.co.uk/id/7000000000029638,http://data.ordnancesurvey.co.uk/ontology/admingeo/UnitaryAuthority,Scotland,http://data.ordnancesurvey.co.uk/id/7000000000041429,Scotland,http://data.ordnancesurvey.co.uk/id/country/scotland,,,
IV201XW,http://data.ordnancesurvey.co.uk/id/postcodeunit/IV201XW,IV20 1XW,,,,other,Postcode,285405.000,876579.000,3500,18000,,,,,,,Loans of Tullich,http://data.ordnancesurvey.co.uk/id/4000000074543442,http://www.ordnancesurvey.co.uk/xml/codelists/localtype.xml#otherSettlement,,,,Highland,http://data.ordnancesurvey.co.uk/id/7000000000029638,http://data.ordnancesurvey.co.uk/ontology/admingeo/UnitaryAuthority,Scotland,http://data.ordnancesurvey.co.uk/id/7000000000041429,Scotland,http://data.ordnancesurvey.co.uk/id/country/scotland,,,
IV201WP,http://data.ordnancesurvey.co.uk/id/postcodeunit/IV201WP,IV20 1WP,,,,other,Postcode,286990.000,877557.000,3500,18000,,,,,,,,,,,,,Highland,http://data.ordnancesurvey.co.uk/id/7000000000029638,http://data.ordnancesurvey.co.uk/ontology/admingeo/UnitaryAuthority,Scotland,http://data.ordnancesurvey.co.uk/id/7000000000041429,Scotland,http://data.ordnancesurvey.co.uk/id/country/scotland,,,
IV201TU,http://data.ordnancesurvey.co.uk/id/postcodeunit/IV201TU,IV20 1TU,,,,other,Postcode,283431.000,877721.000,3500,18000,,,,,,,Hill of Fearn,http://data.ordnancesurvey.co.uk/id/4000000074560098,http://www.ordnancesurvey.co.uk/xml/codelists/localtype.xml#village,,,,Highland,http://data.ordnancesurvey.co.uk/id/7000000000029638,http://data.ordnancesurvey.co.uk/ontology/admingeo/UnitaryAuthority,Scotland,http://data.ordnancesurvey.co.uk/id/7000000000041429,Scotland,http://data.ordnancesurvey.co.uk/id/country/scotland,,,
IV201RP,http://data.ordnancesurvey.co.uk/id/postcodeunit/IV201RP,IV20 1RP,,,,other,Postcode,282668.000,878463.000,3500,18000,,,,,,,Hill of Fearn,http://data.ordnancesurvey.co.uk/id/4000000074560098,http://www.ordnancesurvey.co.uk/xml/codelists/localtype.xml#village,,,,Highland,http://data.ordnancesurvey.co.uk/id/7000000000029638,http://data.ordnancesurvey.co.uk/ontology/admingeo/UnitaryAuthority,Scotland,http://data.ordnancesurvey.co.uk/id/7000000000041429,Scotland,http://data.ordnancesurvey.co.uk/id/country/scotland,,,
IV201UT,http://data.ordnancesurvey.co.uk/id/postcodeunit/IV201UT,IV20 1UT,,,,other,Postcode,285824.000,874916.000,3500,18000,,,,,,,Shandwick,http://data.ordnancesurvey.co.uk/id/4000000074559739,http://www.ordnancesurvey.co.uk/xml/codelists/localtype.xml#village,,,,Highland,http://data.ordnancesurvey.co.uk/id/7000000000029638,http://data.ordnancesurvey.co.uk/ontology/admingeo/UnitaryAuthority,Scotland,http://data.ordnancesurvey.co.uk/id/7000000000041429,Scotland,http://data.ordnancesurvey.co.uk/id/country/scotland,,,
IV201SZ,http://data.ordnancesurvey.co.uk/id/postcodeunit/IV201SZ,IV20 1SZ,,,,other,Postcode,283347.000,877835.000,3500,18000,,,,,,,Hill of Fearn,http://data.ordnancesurvey.co.uk/id/4000000074560098,http://www.ordnancesurvey.co.uk/xml/codelists/localtype.xml#village,,,,Highland,http://data.ordnancesurvey.co.uk/id/7000000000029638,http://data.ordnancesurvey.co.uk/ontology/admingeo/UnitaryAuthority,Scotland,http://data.ordnancesurvey.co.uk/id/7000000000041429,Scotland,http://data.ordnancesurvey.co.uk/id/country/scotland,,,
IV201XR,http://data.ordnancesurvey.co.uk/id/postcodeunit/IV201XR,IV20 1XR,,,,other,Postcode,286920.000,876198.000,3500,18000,,,,,,,Hilton of Cadboll,http://data.ordnancesurvey.co.uk/id/4000000074559738,http://www.ordnancesurvey.co.uk/xml/codelists/localtype.xml#village,,,,Highland,http://data.ordnancesurvey.co.uk/id/7000000000029638,http://data.ordnancesurvey.co.uk/ontology/admingeo/UnitaryAuthority,Scotland,http://data.ordnancesurvey.co.uk/id/7000000000041429,Scotland,http://data.ordnancesurvey.co.uk/id/country/scotland,,,
IV201UQ,http://data.ordnancesurvey.co.uk/id/postcodeunit/IV201UQ,IV20 1UQ,,,,other,Postcode,286249.000,875612.000,3500,18000,,,,,,,Balintore,http://data.ordnancesurvey.co.uk/id/4000000074559740,http://www.ordnancesurvey.co.uk/xml/codelists/localtype.xml#village,,,,Highland,http://data.ordnancesurvey.co.uk/id/7000000000029638,http://data.ordnancesurvey.co.uk/ontology/admingeo/UnitaryAuthority,Scotland,http://data.ordnancesurvey.co.uk/id/7000000000041429,Scotland,http://data.ordnancesurvey.co.uk/id/country/scotland,,,
IV201XQ,http://data.ordnancesurvey.co.uk/id/postcodeunit/IV201XQ,IV20 1XQ,,,,other,Postcode,285763.000,874597.000,3500,18000,,,,,,,Shandwick,http://data.ordnancesurvey.co.uk/id/4000000074559739,http://www.ordnancesurvey.co.uk/xml/codelists/localtype.xml#village,,,,Highland,http://data.ordnancesurvey.co.uk/id/7000000000029638,http://data.ordnancesurvey.co.uk/ontology/admingeo/UnitaryAuthority,Scotland,http://data.ordnancesurvey.co.uk/id/7000000000041429,Scotland,http://data.ordnancesurvey.co.uk/id/country/scotland,,,
IV201XS,http://data.ordnancesurvey.co.uk/id/postcodeunit/IV201XS,IV20 1XS,,,,other,Postcode,286813.000,876166.000,3500,18000,,,,,,,Hilton of Cadboll,http://data.ordnancesurvey.co.uk/id/4000000074559738,http://www.ordnancesurvey.co.uk/xml/codelists/localtype.xml#village,,,,Highland,http://data.ordnancesurvey.co.uk/id/7000000000029638,http://data.ordnancesurvey.co.uk/ontology/admingeo/UnitaryAuthority,Scotland,http://data.ordnancesurvey.co.uk/id/7000000000041429,Scotland,http://data.ordnancesurvey.co.uk/id/country/scotland,,,
IV201TN,http://data.ordnancesurvey.co.uk/id/postcodeunit/IV201TN,IV20 1TN,,,,other,Postcode,287297.000,879722.000,3500,18000,,,,,,,,,,,,,Highland,http://data.ordnancesurvey.co.uk/id/7000000000029638,http://data.ordnancesurvey.co.uk/ontology/admingeo/UnitaryAuthority,Scotland,http://data.ordnancesurvey.co.uk/id/7000000000041429,Scotland,http://data.ordnancesurvey.co.uk/id/country/scotland,,,
IV201XA,http://data.ordnancesurvey.co.uk/id/postcodeunit/IV201XA,IV20 1XA,,,,other,Postcode,287135.000,876378.000,3500,18000,,,,,,,Hilton of Cadboll,http://data.ordnancesurvey.co.uk/id/4000000074559738,http://www.ordnancesurvey.co.uk/xml/codelists/localtype.xml#village,,,,Highland,http://data.ordnancesurvey.co.uk/id/7000000000029638,http://data.ordnancesurvey.co.uk/ontology/admingeo/UnitaryAuthority,Scotland,http://data.ordnancesurvey.co.uk/id/7000000000041429,Scotland,http://data.ordnancesurvey.co.uk/id/country/scotland,,,
IV201RS,http://data.ordnancesurvey.co.uk/id/postcodeunit/IV201RS,IV20 1RS,,,,other,Postcode,282051.000,879532.000,3500,18000,,,,,,,,,,,,,Highland,http://data.ordnancesurvey.co.uk/id/7000000000029638,http://data.ordnancesurvey.co.uk/ontology/admingeo/UnitaryAuthority,Scotland,http://data.ordnancesurvey.co.uk/id/7000000000041429,Scotland,http://data.ordnancesurvey.co.uk/id/country/scotland,,,
IV201SX,http://data.ordnancesurvey.co.uk/id/postcodeunit/IV201SX,IV20 1SX,,,,other,Postcode,283202.000,877817.000,3500,18000,,,,,,,Hill of Fearn,http://data.ordnancesurvey.co.uk/id/4000000074560098,http://www.ordnancesurvey.co.uk/xml/codelists/localtype.xml#village,,,,Highland,http://data.ordnancesurvey.co.uk/id/7000000000029638,http://data.ordnancesurvey.co.uk/ontology/admingeo/UnitaryAuthority,Scotland,http://data.ordnancesurvey.co.uk/id/7000000000041429,Scotland,http://data.ordnancesurvey.co.uk/id/country/scotland,,,
IV201XP,http://data.ordnancesurvey.co.uk/id/postcodeunit/IV201XP,IV20 1XP,,,,other,Postcode,287099.000,877542.000,3500,18000,,,,,,,,,,,,,Highland,http://data.ordnancesurvey.co.uk/id/7000000000029638,http://data.ordnancesurvey.co.uk/ontology/admingeo/UnitaryAuthority,Scotland,http://data.ordnancesurvey.co.uk/id/7000000000041429,Scotland,http://data.ordnancesurvey.co.uk/id/country/scotland,,,
IV201SU,http://data.ordnancesurvey.co.uk/id/postcodeunit/IV201SU,IV20 1SU,,,,other,Postcode,283259.000,877815.000,3500,18000,,,,,,,Hill of Fearn,http://data.ordnancesurvey.co.uk/id/4000000074560098,http://www.ordnancesurvey.co.uk/xml/codelists/localtype.xml#village,,,,Highland,http://data.ordnancesurvey.co.uk/id/7000000000029638,http://data.ordnancesurvey.co.uk/ontology/admingeo/UnitaryAuthority,Scotland,http://data.ordnancesurvey.co.uk/id/7000000000041429,Scotland,http://data.ordnancesurvey.co.uk/id/country/scotland,,,
IV201UX,http://data.ordnancesurvey.co.uk/id/postcodeunit/IV201UX,IV20 1UX,,,,other,Postcode,285810.000,874986.000,3500,18000,,,,,,,Shandwick,http://data.ordnancesurvey.co.uk/id/4000000074559739,http://www.ordnancesurvey.co.uk/xml/codelists/localtype.xml#village,,,,Highland,http://data.ordnancesurvey.co.uk/id/7000000000029638,http://data.ordnancesurvey.co.uk/ontology/admingeo/UnitaryAuthority,Scotland,http://data.ordnancesurvey.co.uk/id/7000000000041429,Scotland,http://data.ordnancesurvey.co.uk/id/country/scotland,,,
IV191PG,http://data.ordnancesurvey.co.uk/id/postcodeunit/IV191PG,IV19 1PG,,,,other,Postcode,280638.000,872477.000,3500,18000,,,,,,,Pitcalnie,http://data.ordnancesurvey.co.uk/id/4000000074555624,http://www.ordnancesurvey.co.uk/xml/codelists/localtype.xml#village,,,,Highland,http://data.ordnancesurvey.co.uk/id/7000000000029638,http://data.ordnancesurvey.co.uk/ontology/admingeo/UnitaryAuthority,Scotland,http://data.ordnancesurvey.co.uk/id/7000000000041429,Scotland,http://data.ordnancesurvey.co.uk/id/country/scotland,,,
IV201UD,http://data.ordnancesurvey.co.uk/id/postcodeunit/IV201UD,IV20 1UD,,,,other,Postcode,286393.000,875723.000,3500,18000,,,,,,,Balintore,http://data.ordnancesurvey.co.uk/id/4000000074559740,http://www.ordnancesurvey.co.uk/xml/codelists/localtype.xml#village,,,,Highland,http://data.ordnancesurvey.co.uk/id/7000000000029638,http://data.ordnancesurvey.co.uk/ontology/admingeo/UnitaryAuthority,Scotland,http://data.ordnancesurvey.co.uk/id/7000000000041429,Scotland,http://data.ordnancesurvey.co.uk/id/country/scotland,,,
IV201UP,http://data.ordnancesurvey.co.uk/id/postcodeunit/IV201UP,IV20 1UP,,,,other,Postcode,286091.000,875521.000,3500,18000,,,,,,,Balintore,http://data.ordnancesurvey.co.uk/id/4000000074559740,http://www.ordnancesurvey.co.uk/xml/codelists/localtype.xml#village,,,,Highland,http://data.ordnancesurvey.co.uk/id/7000000000029638,http://data.ordnancesurvey.co.uk/ontology/admingeo/UnitaryAuthority,Scotland,http://data.ordnancesurvey.co.uk/id/7000000000041429,Scotland,http://data.ordnancesurvey.co.uk/id/country/scotland,,,
IV201SW,http://data.ordnancesurvey.co.uk/id/postcodeunit/IV201SW,IV20 1SW,,,,other,Postcode,286697.000,875987.000,3500,18000,,,,,,,Balintore,http://data.ordnancesurvey.co.uk/id/4000000074559740,http://www.ordnancesurvey.co.uk/xml/codelists/localtype.xml#village,,,,Highland,http://data.ordnancesurvey.co.uk/id/7000000000029638,http://data.ordnancesurvey.co.uk/ontology/admingeo/UnitaryAuthority,Scotland,http://data.ordnancesurvey.co.uk/id/7000000000041429,Scotland,http://data.ordnancesurvey.co.uk/id/country/scotland,,,
IV201UA,http://data.ordnancesurvey.co.uk/id/postcodeunit/IV201UA,IV20 1UA,,,,other,Postcode,286653.000,875838.000,3500,18000,,,,,,,Balintore,http://data.ordnancesurvey.co.uk/id/4000000074559740,http://www.ordnancesurvey.co.uk/xml/codelists/localtype.xml#village,,,,Highland,http://data.ordnancesurvey.co.uk/id/7000000000029638,http://data.ordnancesurvey.co.uk/ontology/admingeo/UnitaryAuthority,Scotland,http://data.ordnancesurvey.co.uk/id/7000000000041429,Scotland,http://data.ordnancesurvey.co.uk/id/country/scotland,,,
IV201SY,http://data.ordnancesurvey.co.uk/id/postcodeunit/IV201SY,IV20 1SY,,,,other,Postcode,283187.000,877850.000,3500,18000,,,,,,,Hill of Fearn,http://data.ordnancesurvey.co.uk/id/4000000074560098,http://www.ordnancesurvey.co.uk/xml/codelists/localtype.xml#village,,,,Highland,http://data.ordnancesurvey.co.uk/id/7000000000029638,http://data.ordnancesurvey.co.uk/ontology/admingeo/UnitaryAuthority,Scotland,http://data.ordnancesurvey.co.uk/id/7000000000041429,Scotland,http://data.ordnancesurvey.co.uk/id/country/scotland,,,
IV191NA,http://data.ordnancesurvey.co.uk/id/postcodeunit/IV191NA,IV19 1NA,,,,other,Postcode,280932.000,879832.000,3500,18000,,,,,,,,,,,,,Highland,http://data.ordnancesurvey.co.uk/id/7000000000029638,http://data.ordnancesurvey.co.uk/ontology/admingeo/UnitaryAuthority,Scotland,http://data.ordnancesurvey.co.uk/id/7000000000041429,Scotland,http://data.ordnancesurvey.co.uk/id/country/scotland,,,
IV191QL,http://data.ordnancesurvey.co.uk/id/postcodeunit/IV191QL,IV19 1QL,,,,other,Postcode,280923.000,875672.000,3500,18000,,,,,,,Arabella,http://data.ordnancesurvey.co.uk/id/4000000074560102,http://www.ordnancesurvey.co.uk/xml/codelists/localtype.xml#village,,,,Highland,http://data.ordnancesurvey.co.uk/id/7000000000029638,http://data.ordnancesurvey.co.uk/ontology/admingeo/UnitaryAuthority,Scotland,http://data.ordnancesurvey.co.uk/id/7000000000041429,Scotland,http://data.ordnancesurvey.co.uk/id/country/scotland,,,
IV201UJ,http://data.ordnancesurvey.co.uk/id/postcodeunit/IV201UJ,IV20 1UJ,,,,other,Postcode,286305.000,875601.000,3500,18000,,,,,,,Balintore,http://data.ordnancesurvey.co.uk/id/4000000074559740,http://www.ordnancesurvey.co.uk/xml/codelists/localtype.xml#village,,,,Highland,http://data.ordnancesurvey.co.uk/id/7000000000029638,http://data.ordnancesurvey.co.uk/ontology/admingeo/UnitaryAuthority,Scotland,http://data.ordnancesurvey.co.uk/id/7000000000041429,Scotland,http://data.ordnancesurvey.co.uk/id/country/scotland,,,
IV201UY,http://data.ordnancesurvey.co.uk/id/postcodeunit/IV201UY,IV20 1UY,,,,other,Postcode,286903.000,876049.000,3500,18000,,,,,,,Hilton of Cadboll,http://data.ordnancesurvey.co.uk/id/4000000074559738,http://www.ordnancesurvey.co.uk/xml/codelists/localtype.xml#village,,,,Highland,http://data.ordnancesurvey.co.uk/id/7000000000029638,http://data.ordnancesurvey.co.uk/ontology/admingeo/UnitaryAuthority,Scotland,http://data.ordnancesurvey.co.uk/id/7000000000041429,Scotland,http://data.ordnancesurvey.co.uk/id/country/scotland,,,
IV191QG,http://data.ordnancesurvey.co.uk/id/postcodeunit/IV191QG,IV19 1QG,,,,other,Postcode,280755.000,876004.000,3500,18000,,,,,,,Arabella,http://data.ordnancesurvey.co.uk/id/4000000074560102,http://www.ordnancesurvey.co.uk/xml/codelists/localtype.xml#village,,,,Highland,http://data.ordnancesurvey.co.uk/id/7000000000029638,http://data.ordnancesurvey.co.uk/ontology/admingeo/UnitaryAuthority,Scotland,http://data.ordnancesurvey.co.uk/id/7000000000041429,Scotland,http://data.ordnancesurvey.co.uk/id/country/scotland,,,
IV201TX,http://data.ordnancesurvey.co.uk/id/postcodeunit/IV201TX,IV20 1TX,,,,other,Postcode,286228.000,875423.000,3500,18000,,,,,,,Balintore,http://data.ordnancesurvey.co.uk/id/4000000074559740,http://www.ordnancesurvey.co.uk/xml/codelists/localtype.xml#village,,,,Highland,http://data.ordnancesurvey.co.uk/id/7000000000029638,http://data.ordnancesurvey.co.uk/ontology/admingeo/UnitaryAuthority,Scotland,http://data.ordnancesurvey.co.uk/id/7000000000041429,Scotland,http://data.ordnancesurvey.co.uk/id/country/scotland,,,
osgb4000000003531234,http://data.ordnancesurvey.co.uk/id/4000000003531234,Rhynie Road,,,,transportNetwork,Named Road,283234.000,877933.000,3000,20000,283196.000,877715.154,283243.000,878140.000,IV20,http://data.ordnancesurvey.co.uk/id/postcodedistrict/IV20,Hill of Fearn,http://data.ordnancesurvey.co.uk/id/4000000074560098,http://www.ordnancesurvey.co.uk/xml/codelists/localtype.xml#village,,,,Highland,http://data.ordnancesurvey.co.uk/id/7000000000029638,http://data.ordnancesurvey.co.uk/ontology/admingeo/UnitaryAuthority,Scotland,http://data.ordnancesurvey.co.uk/id/7000000000041429,Scotland,http://data.ordnancesurvey.co.uk/id/country/scotland,,,
be8a9d84-7563-4ecd-bb4e-51faf2b448f0,http://data.ordnancesurvey.co.uk/id/be8a9d84-7563-4ecd-bb4e-51faf2b448f0,Shore Street,,,,transportNetwork,Section Of Named Road,285866.825,875143.536,1000,25000,285855.042,875126.762,285876.021,875157.609,IV20,http://data.ordnancesurvey.co.uk/id/postcodedistrict/IV20,Balintore,http://data.ordnancesurvey.co.uk/id/4000000074559740,http://www.ordnancesurvey.co.uk/xml/codelists/localtype.xml#village,,,,Highland,http://data.ordnancesurvey.co.uk/id/7000000000029638,http://data.ordnancesurvey.co.uk/ontology/admingeo/UnitaryAuthority,Scotland,http://data.ordnancesurvey.co.uk/id/7000000000041429,Scotland,http://data.ordnancesurvey.co.uk/id/country/scotland,osgb4000000003531879,,
osgb4000000003532512,http://data.ordnancesurvey.co.uk/id/4000000003532512,Gordon Place,,,,transportNetwork,Named Road,283185.000,877994.000,1000,20000,283158.000,877979.000,283213.000,878007.000,IV20,http://data.ordnancesurvey.co.uk/id/postcodedistrict/IV20,Hill of Fearn,http://data.ordnancesurvey.co.uk/id/4000000074560098,http://www.ordnancesurvey.co.uk/xml/codelists/localtype.xml#village,,,,Highland,http://data.ordnancesurvey.co.uk/id/7000000000029638,http://data.ordnancesurvey.co.uk/ontology/admingeo/UnitaryAuthority,Scotland,http://data.ordnancesurvey.co.uk/id/7000000000041429,Scotland,http://data.ordnancesurvey.co.uk/id/country/scotland,,,
30afc829-7936-4069-bf0d-4b71bbacbcd2,http://data.ordnancesurvey.co.uk/id/30afc829-7936-4069-bf0d-4b71bbacbcd2,Station Road,,,,transportNetwork,Section Of Named Road,283429.000,877647.000,2000,25000,283259.648,877605.534,283588.811,877651.647,IV20,http://data.ordnancesurvey.co.uk/id/postcodedistrict/IV20,Hill of Fearn,http://data.ordnancesurvey.co.uk/id/4000000074560098,http://www.ordnancesurvey.co.uk/xml/codelists/localtype.xml#village,,,,Highland,http://data.ordnancesurvey.co.uk/id/7000000000029638,http://data.ordnancesurvey.co.uk/ontology/admingeo/UnitaryAuthority,Scotland,http://data.ordnancesurvey.co.uk/id/7000000000041429,Scotland,http://data.ordnancesurvey.co.uk/id/country/scotland,osgb4000000003530977,,
osgb4000000003539119,http://data.ordnancesurvey.co.uk/id/4000000003539119,Moray View,,,,transportNetwork,Named Road,286677.596,875990.318,1000,20000,286643.400,875924.504,286752.689,875994.758,IV20,http://data.ordnancesurvey.co.uk/id/postcodedistrict/IV20,Balintore,http://data.ordnancesurvey.co.uk/id/4000000074559740,http://www.ordnancesurvey.co.uk/xml/codelists/localtype.xml#village,,,,Highland,http://data.ordnancesurvey.co.uk/id/7000000000029638,http://data.ordnancesurvey.co.uk/ontology/admingeo/UnitaryAuthority,Scotland,http://data.ordnancesurvey.co.uk/id/7000000000041429,Scotland,http://data.ordnancesurvey.co.uk/id/country/scotland,,,
osgb4000000003532380,http://data.ordnancesurvey.co.uk/id/4000000003532380,Rannoch Place,,,,transportNetwork,Named Road,286028.888,875544.681,1000,20000,285977.858,875509.106,286076.853,875585.840,IV20,http://data.ordnancesurvey.co.uk/id/postcodedistrict/IV20,Balintore,http://data.ordnancesurvey.co.uk/id/4000000074559740,http://www.ordnancesurvey.co.uk/xml/codelists/localtype.xml#village,,,,Highland,http://data.ordnancesurvey.co.uk/id/7000000000029638,http://data.ordnancesurvey.co.uk/ontology/admingeo/UnitaryAuthority,Scotland,http://data.ordnancesurvey.co.uk/id/7000000000041429,Scotland,http://data.ordnancesurvey.co.uk/id/country/scotland,,,
osgb4000000003532381,http://data.ordnancesurvey.co.uk/id/4000000003532381,Shore Street,,,,transportNetwork,Named Road,286428.424,875629.665,1000,20000,286353.081,875576.527,286429.982,875643.717,IV20,http://data.ordnancesurvey.co.uk/id/postcodedistrict/IV20,Balintore,http://data.ordnancesurvey.co.uk/id/4000000074559740,http://www.ordnancesurvey.co.uk/xml/codelists/localtype.xml#village,,,,Highland,http://data.ordnancesurvey.co.uk/id/7000000000029638,http://data.ordnancesurvey.co.uk/ontology/admingeo/UnitaryAuthority,Scotland,http://data.ordnancesurvey.co.uk/id/7000000000041429,Scotland,http://data.ordnancesurvey.co.uk/id/country/scotland,,,
osgb4000000003531882,http://data.ordnancesurvey.co.uk/id/4000000003531882,Bank Street,,,,transportNetwork,Named Road,286255.271,875606.007,1000,20000,286192.515,875537.312,286311.557,875668.223,IV20,http://data.ordnancesurvey.co.uk/id/postcodedistrict/IV20,Balintore,http://data.ordnancesurvey.co.uk/id/4000000074559740,http://www.ordnancesurvey.co.uk/xml/codelists/localtype.xml#village,,,,Highland,http://data.ordnancesurvey.co.uk/id/7000000000029638,http://data.ordnancesurvey.co.uk/ontology/admingeo/UnitaryAuthority,Scotland,http://data.ordnancesurvey.co.uk/id/7000000000041429,Scotland,http://data.ordnancesurvey.co.uk/id/country/scotland,,,
osgb5000005194585272,http://data.ordnancesurvey.co.uk/id/5000005194585272,Fraser Street,,,,transportNetwork,Named Road,283238.000,877903.000,1000,20000,283231.000,877855.000,283243.000,877941.000,IV20,http://data.ordnancesurvey.co.uk/id/postcodedistrict/IV20,Hill of Fearn,http://data.ordnancesurvey.co.uk/id/4000000074560098,http://www.ordnancesurvey.co.uk/xml/codelists/localtype.xml#village,,,,Highland,http://data.ordnancesurvey.co.uk/id/7000000000029638,http://data.ordnancesurvey.co.uk/ontology/admingeo/UnitaryAuthority,Scotland,http://data.ordnancesurvey.co.uk/id/7000000000041429,Scotland,http://data.ordnancesurvey.co.uk/id/country/scotland,,,
osgb4000000003532243,http://data.ordnancesurvey.co.uk/id/4000000003532243,Cameron Place,,,,transportNetwork,Named Road,280542.029,872090.376,1000,20000,280516.582,872049.935,280542.290,872111.804,IV19,http://data.ordnancesurvey.co.uk/id/postcodedistrict/IV19,Pitcalnie,http://data.ordnancesurvey.co.uk/id/4000000074555624,http://www.ordnancesurvey.co.uk/xml/codelists/localtype.xml#village,,,,Highland,http://data.ordnancesurvey.co.uk/id/7000000000029638,http://data.ordnancesurvey.co.uk/ontology/admingeo/UnitaryAuthority,Scotland,http://data.ordnancesurvey.co.uk/id/7000000000041429,Scotland,http://data.ordnancesurvey.co.uk/id/country/scotland,,,
osgb4000000003531776,http://data.ordnancesurvey.co.uk/id/4000000003531776,Muldearg Road,,,,transportNetwork,Named Road,283312.000,877851.000,1000,20000,283242.995,877836.173,283404.000,877856.000,IV20,http://data.ordnancesurvey.co.uk/id/postcodedistrict/IV20,Hill of Fearn,http://data.ordnancesurvey.co.uk/id/4000000074560098,http://www.ordnancesurvey.co.uk/xml/codelists/localtype.xml#village,,,,Highland,http://data.ordnancesurvey.co.uk/id/7000000000029638,http://data.ordnancesurvey.co.uk/ontology/admingeo/UnitaryAuthority,Scotland,http://data.ordnancesurvey.co.uk/id/7000000000041429,Scotland,http://data.ordnancesurvey.co.uk/id/country/scotland,,,
osgb4000000003531887,http://data.ordnancesurvey.co.uk/id/4000000003531887,Lady Street,,,,transportNetwork,Named Road,287317.319,876675.779,1000,20000,287276.661,876595.657,287358.091,876760.674,IV20,http://data.ordnancesurvey.co.uk/id/postcodedistrict/IV20,Hilton of Cadboll,http://data.ordnancesurvey.co.uk/id/4000000074559738,http://www.ordnancesurvey.co.uk/xml/codelists/localtype.xml#village,,,,Highland,http://data.ordnancesurvey.co.uk/id/7000000000029638,http://data.ordnancesurvey.co.uk/ontology/admingeo/UnitaryAuthority,Scotland,http://data.ordnancesurvey.co.uk/id/7000000000041429,Scotland,http://data.ordnancesurvey.co.uk/id/country/scotland,,,
osgb4000000003532511,http://data.ordnancesurvey.co.uk/id/4000000003532511,Smith Place,,,,transportNetwork,Named Road,283293.000,877753.000,1000,20000,283288.071,877741.801,283309.553,877786.106,IV20,http://data.ordnancesurvey.co.uk/id/postcodedistrict/IV20,Hill of Fearn,http://data.ordnancesurvey.co.uk/id/4000000074560098,http://www.ordnancesurvey.co.uk/xml/codelists/localtype.xml#village,,,,Highland,http://data.ordnancesurvey.co.uk/id/7000000000029638,http://data.ordnancesurvey.co.uk/ontology/admingeo/UnitaryAuthority,Scotland,http://data.ordnancesurvey.co.uk/id/7000000000041429,Scotland,http://data.ordnancesurvey.co.uk/id/country/scotland,,,
18fee0ce-4f0d-48d7-b691-416b43c980a0,http://data.ordnancesurvey.co.uk/id/18fee0ce-4f0d-48d7-b691-416b43c980a0,East Street,,,,transportNetwork,Section Of Named Road,286830.381,875958.921,1000,25000,286825.136,875954.695,286863.959,875987.781,IV20,http://data.ordnancesurvey.co.uk/id/postcodedistrict/IV20,Hilton of Cadboll,http://data.ordnancesurvey.co.uk/id/4000000074559738,http://www.ordnancesurvey.co.uk/xml/codelists/localtype.xml#village,,,,Highland,http://data.ordnancesurvey.co.uk/id/7000000000029638,http://data.ordnancesurvey.co.uk/ontology/admingeo/UnitaryAuthority,Scotland,http://data.ordnancesurvey.co.uk/id/7000000000041429,Scotland,http://data.ordnancesurvey.co.uk/id/country/scotland,osgb4000000003531283,,
osgb4000000003532546,http://data.ordnancesurvey.co.uk/id/4000000003532546,Harbour View,,,,transportNetwork,Named Road,286122.800,875408.604,1000,20000,286100.375,875394.436,286141.661,875435.701,IV20,http://data.ordnancesurvey.co.uk/id/postcodedistrict/IV20,Balintore,http://data.ordnancesurvey.co.uk/id/4000000074559740,http://www.ordnancesurvey.co.uk/xml/codelists/localtype.xml#village,,,,Highland,http://data.ordnancesurvey.co.uk/id/7000000000029638,http://data.ordnancesurvey.co.uk/ontology/admingeo/UnitaryAuthority,Scotland,http://data.ordnancesurvey.co.uk/id/7000000000041429,Scotland,http://data.ordnancesurvey.co.uk/id/country/scotland,,,
osgb4000000003531284,http://data.ordnancesurvey.co.uk/id/4000000003531284,King Street,,,,transportNetwork,Named Road,287000.613,876131.946,2000,20000,286863.959,875987.781,287165.952,876325.397,IV20,http://data.ordnancesurvey.co.uk/id/postcodedistrict/IV20,Hilton of Cadboll,http://data.ordnancesurvey.co.uk/id/4000000074559738,http://www.ordnancesurvey.co.uk/xml/codelists/localtype.xml#village,,,,Highland,http://data.ordnancesurvey.co.uk/id/7000000000029638,http://data.ordnancesurvey.co.uk/ontology/admingeo/UnitaryAuthority,Scotland,http://data.ordnancesurvey.co.uk/id/7000000000041429,Scotland,http://data.ordnancesurvey.co.uk/id/country/scotland,,,
osgb4000000003537888,http://data.ordnancesurvey.co.uk/id/4000000003537888,Monks Walk,,,,transportNetwork,Named Road,283291.939,877943.328,1000,20000,283268.795,877848.000,283319.650,878061.825,IV20,http://data.ordnancesurvey.co.uk/id/postcodedistrict/IV20,Hill of Fearn,http://data.ordnancesurvey.co.uk/id/4000000074560098,http://www.ordnancesurvey.co.uk/xml/codelists/localtype.xml#village,,,,Highland,http://data.ordnancesurvey.co.uk/id/7000000000029638,http://data.ordnancesurvey.co.uk/ontology/admingeo/UnitaryAuthority,Scotland,http://data.ordnancesurvey.co.uk/id/7000000000041429,Scotland,http://data.ordnancesurvey.co.uk/id/country/scotland,,,
osgb4000000003531880,http://data.ordnancesurvey.co.uk/id/4000000003531880,Lochslin Place,,,,transportNetwork,Named Road,286033.300,875480.349,1000,20000,285997.199,875379.246,286129.924,875575.995,IV20,http://data.ordnancesurvey.co.uk/id/postcodedistrict/IV20,Balintore,http://data.ordnancesurvey.co.uk/id/4000000074559740,http://www.ordnancesurvey.co.uk/xml/codelists/localtype.xml#village,,,,Highland,http://data.ordnancesurvey.co.uk/id/7000000000029638,http://data.ordnancesurvey.co.uk/ontology/admingeo/UnitaryAuthority,Scotland,http://data.ordnancesurvey.co.uk/id/7000000000041429,Scotland,http://data.ordnancesurvey.co.uk/id/country/scotland,,,
osgb4000000003532385,http://data.ordnancesurvey.co.uk/id/4000000003532385,Port Street,,,,transportNetwork,Named Road,286341.656,875594.192,1000,20000,286298.620,875542.021,286362.554,875653.271,IV20,http://data.ordnancesurvey.co.uk/id/postcodedistrict/IV20,Balintore,http://data.ordnancesurvey.co.uk/id/4000000074559740,http://www.ordnancesurvey.co.uk/xml/codelists/localtype.xml#village,,,,Highland,http://data.ordnancesurvey.co.uk/id/7000000000029638,http://data.ordnancesurvey.co.uk/ontology/admingeo/UnitaryAuthority,Scotland,http://data.ordnancesurvey.co.uk/id/7000000000041429,Scotland,http://data.ordnancesurvey.co.uk/id/country/scotland,,,
osgb4000000003532256,http://data.ordnancesurvey.co.uk/id/4000000003532256,Muldearg Place,,,,transportNetwork,Named Road,283452.471,877778.994,1000,20000,283404.000,877703.099,283483.113,877856.000,IV20,http://data.ordnancesurvey.co.uk/id/postcodedistrict/IV20,Hill of Fearn,http://data.ordnancesurvey.co.uk/id/4000000074560098,http://www.ordnancesurvey.co.uk/xml/codelists/localtype.xml#village,,,,Highland,http://data.ordnancesurvey.co.uk/id/7000000000029638,http://data.ordnancesurvey.co.uk/ontology/admingeo/UnitaryAuthority,Scotland,http://data.ordnancesurvey.co.uk/id/7000000000041429,Scotland,http://data.ordnancesurvey.co.uk/id/country/scotland,,,
osgb4000000003532257,http://data.ordnancesurvey.co.uk/id/4000000003532257,Finlayson Street,,,,transportNetwork,Named Road,283177.000,877896.000,1000,20000,283133.206,877874.840,283231.000,877941.000,IV20,http://data.ordnancesurvey.co.uk/id/postcodedistrict/IV20,Hill of Fearn,http://data.ordnancesurvey.co.uk/id/4000000074560098,http://www.ordnancesurvey.co.uk/xml/codelists/localtype.xml#village,,,,Highland,http://data.ordnancesurvey.co.uk/id/7000000000029638,http://data.ordnancesurvey.co.uk/ontology/admingeo/UnitaryAuthority,Scotland,http://data.ordnancesurvey.co.uk/id/7000000000041429,Scotland,http://data.ordnancesurvey.co.uk/id/country/scotland,,,
osgb4000000003532547,http://data.ordnancesurvey.co.uk/id/4000000003532547,Burnside,,,,transportNetwork,Named Road,287297.049,876719.945,1000,20000,287279.193,876699.811,287336.395,876729.344,IV20,http://data.ordnancesurvey.co.uk/id/postcodedistrict/IV20,Hilton of Cadboll,http://data.ordnancesurvey.co.uk/id/4000000074559738,http://www.ordnancesurvey.co.uk/xml/codelists/localtype.xml#village,,,,Highland,http://data.ordnancesurvey.co.uk/id/7000000000029638,http://data.ordnancesurvey.co.uk/ontology/admingeo/UnitaryAuthority,Scotland,http://data.ordnancesurvey.co.uk/id/7000000000041429,Scotland,http://data.ordnancesurvey.co.uk/id/country/scotland,,,
osgb4000000003531885,http://data.ordnancesurvey.co.uk/id/4000000003531885,Gowan Bank Place,,,,transportNetwork,Named Road,286838.299,876139.042,1000,20000,286784.515,876081.953,286855.320,876219.783,IV20,http://data.ordnancesurvey.co.uk/id/postcodedistrict/IV20,Hilton of Cadboll,http://data.ordnancesurvey.co.uk/id/4000000074559738,http://www.ordnancesurvey.co.uk/xml/codelists/localtype.xml#village,,,,Highland,http://data.ordnancesurvey.co.uk/id/7000000000029638,http://data.ordnancesurvey.co.uk/ontology/admingeo/UnitaryAuthority,Scotland,http://data.ordnancesurvey.co.uk/id/7000000000041429,Scotland,http://data.ordnancesurvey.co.uk/id/country/scotland,,,
osgb4000000003532384,http://data.ordnancesurvey.co.uk/id/4000000003532384,John Street,,,,transportNetwork,Named Road,286363.077,875672.559,1000,20000,286311.557,875619.659,286393.367,875700.648,IV20,http://data.ordnancesurvey.co.uk/id/postcodedistrict/IV20,Balintore,http://data.ordnancesurvey.co.uk/id/4000000074559740,http://www.ordnancesurvey.co.uk/xml/codelists/localtype.xml#village,,,,Highland,http://data.ordnancesurvey.co.uk/id/7000000000029638,http://data.ordnancesurvey.co.uk/ontology/admingeo/UnitaryAuthority,Scotland,http://data.ordnancesurvey.co.uk/id/7000000000041429,Scotland,http://data.ordnancesurvey.co.uk/id/country/scotland,,,
osgb4000000003531883,http://data.ordnancesurvey.co.uk/id/4000000003531883,Main Street,,,,transportNetwork,Named Road,286393.367,875619.659,1000,20000,286282.075,875541.864,286486.722,875710.725,IV20,http://data.ordnancesurvey.co.uk/id/postcodedistrict/IV20,Balintore,http://data.ordnancesurvey.co.uk/id/4000000074559740,http://www.ordnancesurvey.co.uk/xml/codelists/localtype.xml#village,,,,Highland,http://data.ordnancesurvey.co.uk/id/7000000000029638,http://data.ordnancesurvey.co.uk/ontology/admingeo/UnitaryAuthority,Scotland,http://data.ordnancesurvey.co.uk/id/7000000000041429,Scotland,http://data.ordnancesurvey.co.uk/id/country/scotland,,,
osgb4000000003532255,http://data.ordnancesurvey.co.uk/id/4000000003532255,Sutherland Street,,,,transportNetwork,Named Road,283148.622,877822.184,1000,20000,283148.622,877822.184,283243.000,877855.000,IV20,http://data.ordnancesurvey.co.uk/id/postcodedistrict/IV20,Hill of Fearn,http://data.ordnancesurvey.co.uk/id/4000000074560098,http://www.ordnancesurvey.co.uk/xml/codelists/localtype.xml#village,,,,Highland,http://data.ordnancesurvey.co.uk/id/7000000000029638,http://data.ordnancesurvey.co.uk/ontology/admingeo/UnitaryAuthority,Scotland,http://data.ordnancesurvey.co.uk/id/7000000000041429,Scotland,http://data.ordnancesurvey.co.uk/id/country/scotland,,,
osgb4000000003531282,http://data.ordnancesurvey.co.uk/id/4000000003531282,Abbotshaven,,,,transportNetwork,Named Road,286142.522,875718.948,2000,20000,286080.516,875575.995,286326.509,875753.406,IV20,http://data.ordnancesurvey.co.uk/id/postcodedistrict/IV20,Balintore,http://data.ordnancesurvey.co.uk/id/4000000074559740,http://www.ordnancesurvey.co.uk/xml/codelists/localtype.xml#village,,,,Highland,http://data.ordnancesurvey.co.uk/id/7000000000029638,http://data.ordnancesurvey.co.uk/ontology/admingeo/UnitaryAuthority,Scotland,http://data.ordnancesurvey.co.uk/id/7000000000041429,Scotland,http://data.ordnancesurvey.co.uk/id/country/scotland,,,
968e536f-c0f7-4cad-82fe-db72e89af66e,http://data.ordnancesurvey.co.uk/id/968e536f-c0f7-4cad-82fe-db72e89af66e,Park Street,,,,transportNetwork,Section Of Named Road,285828.638,875098.424,1000,25000,285826.250,875069.000,285834.518,875124.400,IV20,http://data.ordnancesurvey.co.uk/id/postcodedistrict/IV20,Shandwick,http://data.ordnancesurvey.co.uk/id/4000000074559739,http://www.ordnancesurvey.co.uk/xml/codelists/localtype.xml#village,,,,Highland,http://data.ordnancesurvey.co.uk/id/7000000000029638,http://data.ordnancesurvey.co.uk/ontology/admingeo/UnitaryAuthority,Scotland,http://data.ordnancesurvey.co.uk/id/7000000000041429,Scotland,http://data.ordnancesurvey.co.uk/id/country/scotland,osgb4000000003531878,,
osgb4000000003532379,http://data.ordnancesurvey.co.uk/id/4000000003532379,Parkland Place,,,,transportNetwork,Named Road,285935.031,875429.071,1000,20000,285930.200,875389.462,286003.272,875462.022,IV20,http://data.ordnancesurvey.co.uk/id/postcodedistrict/IV20,Balintore,http://data.ordnancesurvey.co.uk/id/4000000074559740,http://www.ordnancesurvey.co.uk/xml/codelists/localtype.xml#village,,,,Highland,http://data.ordnancesurvey.co.uk/id/7000000000029638,http://data.ordnancesurvey.co.uk/ontology/admingeo/UnitaryAuthority,Scotland,http://data.ordnancesurvey.co.uk/id/7000000000041429,Scotland,http://data.ordnancesurvey.co.uk/id/country/scotland,,,
osgb4000000003532617,http://data.ordnancesurvey.co.uk/id/4000000003532617,B9166,,,,transportNetwork,Numbered Road,285163.798,876384.777,16000,250000,284054.143,875710.725,286486.722,877372.377,IV20,http://data.ordnancesurvey.co.uk/id/postcodedistrict/IV20,Loans of Tullich,http://data.ordnancesurvey.co.uk/id/4000000074543442,http://www.ordnancesurvey.co.uk/xml/codelists/localtype.xml#otherSettlement,,,,Highland,http://data.ordnancesurvey.co.uk/id/7000000000029638,http://data.ordnancesurvey.co.uk/ontology/admingeo/UnitaryAuthority,Scotland,http://data.ordnancesurvey.co.uk/id/7000000000041429,Scotland,http://data.ordnancesurvey.co.uk/id/country/scotland,,,
osgb4000000003531283,http://data.ordnancesurvey.co.uk/id/4000000003531283,East Street,,,,transportNetwork,Named Road,286679.448,875835.908,2000,20000,286486.722,875710.725,286863.959,875987.781,IV20,http://data.ordnancesurvey.co.uk/id/postcodedistrict/IV20,Balintore,http://data.ordnancesurvey.co.uk/id/4000000074559740,http://www.ordnancesurvey.co.uk/xml/codelists/localtype.xml#village,,,,Highland,http://data.ordnancesurvey.co.uk/id/7000000000029638,http://data.ordnancesurvey.co.uk/ontology/admingeo/UnitaryAuthority,Scotland,http://data.ordnancesurvey.co.uk/id/7000000000041429,Scotland,http://data.ordnancesurvey.co.uk/id/country/scotland,,,
osgb4000000003532545,http://data.ordnancesurvey.co.uk/id/4000000003532545,Rovers Crescent,,,,transportNetwork,Named Road,286230.000,875658.626,1000,20000,286211.344,875623.057,286269.378,875675.966,IV20,http://data.ordnancesurvey.co.uk/id/postcodedistrict/IV20,Balintore,http://data.ordnancesurvey.co.uk/id/4000000074559740,http://www.ordnancesurvey.co.uk/xml/codelists/localtype.xml#village,,,,Highland,http://data.ordnancesurvey.co.uk/id/7000000000029638,http://data.ordnancesurvey.co.uk/ontology/admingeo/UnitaryAuthority,Scotland,http://data.ordnancesurvey.co.uk/id/7000000000041429,Scotland,http://data.ordnancesurvey.co.uk/id/country/scotland,,,
osgb4000000003531279,http://data.ordnancesurvey.co.uk/id/4000000003531279,New Street,,,,transportNetwork,Named Road,285821.766,874963.123,1000,20000,285804.190,874852.976,285835.698,875069.000,IV20,http://data.ordnancesurvey.co.uk/id/postcodedistrict/IV20,Shandwick,http://data.ordnancesurvey.co.uk/id/4000000074559739,http://www.ordnancesurvey.co.uk/xml/codelists/localtype.xml#village,,,,Highland,http://data.ordnancesurvey.co.uk/id/7000000000029638,http://data.ordnancesurvey.co.uk/ontology/admingeo/UnitaryAuthority,Scotland,http://data.ordnancesurvey.co.uk/id/7000000000041429,Scotland,http://data.ordnancesurvey.co.uk/id/country/scotland,,,
osgb4000000003531878,http://data.ordnancesurvey.co.uk/id/4000000003531878,Park Street,,,,transportNetwork,Named Road,285911.175,875205.419,2000,20000,285826.250,875069.000,285968.766,875330.993,IV20,http://data.ordnancesurvey.co.uk/id/postcodedistrict/IV20,Balintore,http://data.ordnancesurvey.co.uk/id/4000000074559740,http://www.ordnancesurvey.co.uk/xml/codelists/localtype.xml#village,,,,Highland,http://data.ordnancesurvey.co.uk/id/7000000000029638,http://data.ordnancesurvey.co.uk/ontology/admingeo/UnitaryAuthority,Scotland,http://data.ordnancesurvey.co.uk/id/7000000000041429,Scotland,http://data.ordnancesurvey.co.uk/id/country/scotland,,,
osgb4000000003531285,http://data.ordnancesurvey.co.uk/id/4000000003531285,Shore Street,,,,transportNetwork,Named Road,287249.164,876448.792,2000,20000,287165.952,876325.397,287300.420,876617.627,IV20,http://data.ordnancesurvey.co.uk/id/postcodedistrict/IV20,Hilton of Cadboll,http://data.ordnancesurvey.co.uk/id/4000000074559738,http://www.ordnancesurvey.co.uk/xml/codelists/localtype.xml#village,,,,Highland,http://data.ordnancesurvey.co.uk/id/7000000000029638,http://data.ordnancesurvey.co.uk/ontology/admingeo/UnitaryAuthority,Scotland,http://data.ordnancesurvey.co.uk/id/7000000000041429,Scotland,http://data.ordnancesurvey.co.uk/id/country/scotland,,,
osgb4000000003531280,http://data.ordnancesurvey.co.uk/id/4000000003531280,Hill Street,,,,transportNetwork,Named Road,286269.599,875773.135,3000,20000,286072.974,875710.725,286486.722,875852.297,IV20,http://data.ordnancesurvey.co.uk/id/postcodedistrict/IV20,Balintore,http://data.ordnancesurvey.co.uk/id/4000000074559740,http://www.ordnancesurvey.co.uk/xml/codelists/localtype.xml#village,,,,Highland,http://data.ordnancesurvey.co.uk/id/7000000000029638,http://data.ordnancesurvey.co.uk/ontology/admingeo/UnitaryAuthority,Scotland,http://data.ordnancesurvey.co.uk/id/7000000000041429,Scotland,http://data.ordnancesurvey.co.uk/id/country/scotland,,,
osgb4000000003557368,http://data.ordnancesurvey.co.uk/id/4000000003557368,Alexander Park,,,,transportNetwork,Named Road,280761.110,875968.595,1000,20000,280663.793,875938.168,280837.000,875987.410,IV19,http://data.ordnancesurvey.co.uk/id/postcodedistrict/IV19,Arabella,http://data.ordnancesurvey.co.uk/id/4000000074560102,http://www.ordnancesurvey.co.uk/xml/codelists/localtype.xml#village,,,,Highland,http://data.ordnancesurvey.co.uk/id/7000000000029638,http://data.ordnancesurvey.co.uk/ontology/admingeo/UnitaryAuthority,Scotland,http://data.ordnancesurvey.co.uk/id/7000000000041429,Scotland,http://data.ordnancesurvey.co.uk/id/country/scotland,,,
osgb4000000003530977,http://data.ordnancesurvey.co.uk/id/4000000003530977,Station Road,,,,transportNetwork,Named Road,283463.000,877642.000,3000,20000,283259.648,877507.427,283776.917,877651.647,IV20,http://data.ordnancesurvey.co.uk/id/postcodedistrict/IV20,Hill of Fearn,http://data.ordnancesurvey.co.uk/id/4000000074560098,http://www.ordnancesurvey.co.uk/xml/codelists/localtype.xml#village,,,,Highland,http://data.ordnancesurvey.co.uk/id/7000000000029638,http://data.ordnancesurvey.co.uk/ontology/admingeo/UnitaryAuthority,Scotland,http://data.ordnancesurvey.co.uk/id/7000000000041429,Scotland,http://data.ordnancesurvey.co.uk/id/country/scotland,,,
osgb4000000003532254,http://data.ordnancesurvey.co.uk/id/4000000003532254,School Street,,,,transportNetwork,Named Road,283172.000,877797.000,1000,20000,283158.171,877790.874,283242.773,877823.738,IV20,http://data.ordnancesurvey.co.uk/id/postcodedistrict/IV20,Hill of Fearn,http://data.ordnancesurvey.co.uk/id/4000000074560098,http://www.ordnancesurvey.co.uk/xml/codelists/localtype.xml#village,,,,Highland,http://data.ordnancesurvey.co.uk/id/7000000000029638,http://data.ordnancesurvey.co.uk/ontology/admingeo/UnitaryAuthority,Scotland,http://data.ordnancesurvey.co.uk/id/7000000000041429,Scotland,http://data.ordnancesurvey.co.uk/id/country/scotland,,,
osgb4000000003531233,http://data.ordnancesurvey.co.uk/id/4000000003531233,Main Road,,,,transportNetwork,Named Road,283124.152,877908.556,3000,20000,282956.000,877651.647,283259.648,878161.000,IV20,http://data.ordnancesurvey.co.uk/id/postcodedistrict/IV20,Hill of Fearn,http://data.ordnancesurvey.co.uk/id/4000000074560098,http://www.ordnancesurvey.co.uk/xml/codelists/localtype.xml#village,,,,Highland,http://data.ordnancesurvey.co.uk/id/7000000000029638,http://data.ordnancesurvey.co.uk/ontology/admingeo/UnitaryAuthority,Scotland,http://data.ordnancesurvey.co.uk/id/7000000000041429,Scotland,http://data.ordnancesurvey.co.uk/id/country/scotland,,,
osgb4000000003532386,http://data.ordnancesurvey.co.uk/id/4000000003532386,Brae Foot,,,,transportNetwork,Named Road,287173.053,876391.725,1000,20000,287152.681,876341.684,287230.797,876419.588,IV20,http://data.ordnancesurvey.co.uk/id/postcodedistrict/IV20,Hilton of Cadboll,http://data.ordnancesurvey.co.uk/id/4000000074559738,http://www.ordnancesurvey.co.uk/xml/codelists/localtype.xml#village,,,,Highland,http://data.ordnancesurvey.co.uk/id/7000000000029638,http://data.ordnancesurvey.co.uk/ontology/admingeo/UnitaryAuthority,Scotland,http://data.ordnancesurvey.co.uk/id/7000000000041429,Scotland,http://data.ordnancesurvey.co.uk/id/country/scotland,,,
osgb4000000003539120,http://data.ordnancesurvey.co.uk/id/4000000003539120,Quarry Road,,,,transportNetwork,Named Road,286671.466,875887.778,1000,20000,286664.468,875835.908,286679.448,875924.504,IV20,http://data.ordnancesurvey.co.uk/id/postcodedistrict/IV20,Balintore,http://data.ordnancesurvey.co.uk/id/4000000074559740,http://www.ordnancesurvey.co.uk/xml/codelists/localtype.xml#village,,,,Highland,http://data.ordnancesurvey.co.uk/id/7000000000029638,http://data.ordnancesurvey.co.uk/ontology/admingeo/UnitaryAuthority,Scotland,http://data.ordnancesurvey.co.uk/id/7000000000041429,Scotland,http://data.ordnancesurvey.co.uk/id/country/scotland,,,
osgb4000000003534176,http://data.ordnancesurvey.co.uk/id/4000000003534176,B9165,,,,transportNetwork,Numbered Road,287194.527,879202.921,77000,250000,279781.000,877372.377,291594.000,884773.076,IV20,http://data.ordnancesurvey.co.uk/id/postcodedistrict/IV20,,,,,,,Highland,http://data.ordnancesurvey.co.uk/id/7000000000029638,http://data.ordnancesurvey.co.uk/ontology/admingeo/UnitaryAuthority,Scotland,http://data.ordnancesurvey.co.uk/id/7000000000041429,Scotland,http://data.ordnancesurvey.co.uk/id/country/scotland,,,
8f966197-ab18-4978-9d6c-383b33d866ce,http://data.ordnancesurvey.co.uk/id/8f966197-ab18-4978-9d6c-383b33d866ce,Sand Dune Walk,,,,transportNetwork,Section Of Named Road,286212.390,875445.875,1000,25000,286187.847,875377.913,286235.706,875509.406,IV20,http://data.ordnancesurvey.co.uk/id/postcodedistrict/IV20,Balintore,http://data.ordnancesurvey.co.uk/id/4000000074559740,http://www.ordnancesurvey.co.uk/xml/codelists/localtype.xml#village,,,,Highland,http://data.ordnancesurvey.co.uk/id/7000000000029638,http://data.ordnancesurvey.co.uk/ontology/admingeo/UnitaryAuthority,Scotland,http://data.ordnancesurvey.co.uk/id/7000000000041429,Scotland,http://data.ordnancesurvey.co.uk/id/country/scotland,osgb4000000003531881,,
296c8903-84ad-40e7-8cc1-4cad221da1cc,http://data.ordnancesurvey.co.uk/id/296c8903-84ad-40e7-8cc1-4cad221da1cc,Shore Street,,,,transportNetwork,Section Of Named Road,285884.093,875072.410,1000,25000,285870.099,875008.207,285888.069,875118.441,IV20,http://data.ordnancesurvey.co.uk/id/postcodedistrict/IV20,Shandwick,http://data.ordnancesurvey.co.uk/id/4000000074559739,http://www.ordnancesurvey.co.uk/xml/codelists/localtype.xml#village,,,,Highland,http://data.ordnancesurvey.co.uk/id/7000000000029638,http://data.ordnancesurvey.co.uk/ontology/admingeo/UnitaryAuthority,Scotland,http://data.ordnancesurvey.co.uk/id/7000000000041429,Scotland,http://data.ordnancesurvey.co.uk/id/country/scotland,osgb4000000003531879,,
osgb4000000003531886,http://data.ordnancesurvey.co.uk/id/4000000003531886,Back Street,,,,transportNetwork,Named Road,287233.256,876438.578,2000,20000,287163.816,876336.758,287276.661,876595.657,IV20,http://data.ordnancesurvey.co.uk/id/postcodedistrict/IV20,Hilton of Cadboll,http://data.ordnancesurvey.co.uk/id/4000000074559738,http://www.ordnancesurvey.co.uk/xml/codelists/localtype.xml#village,,,,Highland,http://data.ordnancesurvey.co.uk/id/7000000000029638,http://data.ordnancesurvey.co.uk/ontology/admingeo/UnitaryAuthority,Scotland,http://data.ordnancesurvey.co.uk/id/7000000000041429,Scotland,http://data.ordnancesurvey.co.uk/id/country/scotland,,,
osgb4000000003531881,http://data.ordnancesurvey.co.uk/id/4000000003531881,Sand Dune Walk,,,,transportNetwork,Named Road,286208.414,875434.869,1000,20000,286186.746,875364.833,286235.706,875509.406,IV20,http://data.ordnancesurvey.co.uk/id/postcodedistrict/IV20,Balintore,http://data.ordnancesurvey.co.uk/id/4000000074559740,http://www.ordnancesurvey.co.uk/xml/codelists/localtype.xml#village,,,,Highland,http://data.ordnancesurvey.co.uk/id/7000000000029638,http://data.ordnancesurvey.co.uk/ontology/admingeo/UnitaryAuthority,Scotland,http://data.ordnancesurvey.co.uk/id/7000000000041429,Scotland,http://data.ordnancesurvey.co.uk/id/country/scotland,,,
578afb96-25e5-4e59-88e1-1a52b79b7fc2,http://data.ordnancesurvey.co.uk/id/578afb96-25e5-4e59-88e1-1a52b79b7fc2,East Street,,,,transportNetwork,Section Of Named Road,286679.448,875835.908,2000,25000,286486.722,875710.725,286825.136,875954.695,IV20,http://data.ordnancesurvey.co.uk/id/postcodedistrict/IV20,Balintore,http://data.ordnancesurvey.co.uk/id/4000000074559740,http://www.ordnancesurvey.co.uk/xml/codelists/localtype.xml#village,,,,Highland,http://data.ordnancesurvey.co.uk/id/7000000000029638,http://data.ordnancesurvey.co.uk/ontology/admingeo/UnitaryAuthority,Scotland,http://data.ordnancesurvey.co.uk/id/7000000000041429,Scotland,http://data.ordnancesurvey.co.uk/id/country/scotland,osgb4000000003531283,,
osgb4000000003532544,http://data.ordnancesurvey.co.uk/id/4000000003532544,Balintore Park,,,,transportNetwork,Named Road,285841.816,875196.536,1000,20000,285839.195,875170.578,285864.217,875220.482,IV20,http://data.ordnancesurvey.co.uk/id/postcodedistrict/IV20,Balintore,http://data.ordnancesurvey.co.uk/id/4000000074559740,http://www.ordnancesurvey.co.uk/xml/codelists/localtype.xml#village,,,,Highland,http://data.ordnancesurvey.co.uk/id/7000000000029638,http://data.ordnancesurvey.co.uk/ontology/admingeo/UnitaryAuthority,Scotland,http://data.ordnancesurvey.co.uk/id/7000000000041429,Scotland,http://data.ordnancesurvey.co.uk/id/country/scotland,,,
osgb4000000003547041,http://data.ordnancesurvey.co.uk/id/4000000003547041,Chicago Street,,,,transportNetwork,Named Road,283199.762,877736.007,1000,20000,283183.163,877732.252,283212.129,877740.562,IV20,http://data.ordnancesurvey.co.uk/id/postcodedistrict/IV20,Hill of Fearn,http://data.ordnancesurvey.co.uk/id/4000000074560098,http://www.ordnancesurvey.co.uk/xml/codelists/localtype.xml#village,,,,Highland,http://data.ordnancesurvey.co.uk/id/7000000000029638,http://data.ordnancesurvey.co.uk/ontology/admingeo/UnitaryAuthority,Scotland,http://data.ordnancesurvey.co.uk/id/7000000000041429,Scotland,http://data.ordnancesurvey.co.uk/id/country/scotland,,,
osgb4000000003532513,http://data.ordnancesurvey.co.uk/id/4000000003532513,Gordon Terrace,,,,transportNetwork,Named Road,283175.800,878070.000,1000,20000,283156.000,878059.000,283197.000,878075.000,IV20,http://data.ordnancesurvey.co.uk/id/postcodedistrict/IV20,Hill of Fearn,http://data.ordnancesurvey.co.uk/id/4000000074560098,http://www.ordnancesurvey.co.uk/xml/codelists/localtype.xml#village,,,,Highland,http://data.ordnancesurvey.co.uk/id/7000000000029638,http://data.ordnancesurvey.co.uk/ontology/admingeo/UnitaryAuthority,Scotland,http://data.ordnancesurvey.co.uk/id/7000000000041429,Scotland,http://data.ordnancesurvey.co.uk/id/country/scotland,,,
IV201TG,http://data.ordnancesurvey.co.uk/id/postcodeunit/IV201TG,IV20 1TG,,,,other,Postcode,283119.000,878022.000,3500,18000,,,,,,,Hill of Fearn,http://data.ordnancesurvey.co.uk/id/4000000074560098,http://www.ordnancesurvey.co.uk/xml/codelists/localtype.xml#village,,,,Highland,http://data.ordnancesurvey.co.uk/id/7000000000029638,http://data.ordnancesurvey.co.uk/ontology/admingeo/UnitaryAuthority,Scotland,http://data.ordnancesurvey.co.uk/id/7000000000041429,Scotland,http://data.ordnancesurvey.co.uk/id/country/scotland,,,
IV201UR,http://data.ordnancesurvey.co.uk/id/postcodeunit/IV201UR,IV20 1UR,,,,other,Postcode,285929.000,875267.000,3500,18000,,,,,,,Balintore,http://data.ordnancesurvey.co.uk/id/4000000074559740,http://www.ordnancesurvey.co.uk/xml/codelists/localtype.xml#village,,,,Highland,http://data.ordnancesurvey.co.uk/id/7000000000029638,http://data.ordnancesurvey.co.uk/ontology/admingeo/UnitaryAuthority,Scotland,http://data.ordnancesurvey.co.uk/id/7000000000041429,Scotland,http://data.ordnancesurvey.co.uk/id/country/scotland,,,
IV201TH,http://data.ordnancesurvey.co.uk/id/postcodeunit/IV201TH,IV20 1TH,,,,other,Postcode,283368.000,877769.000,3500,18000,,,,,,,Hill of Fearn,http://data.ordnancesurvey.co.uk/id/4000000074560098,http://www.ordnancesurvey.co.uk/xml/codelists/localtype.xml#village,,,,Highland,http://data.ordnancesurvey.co.uk/id/7000000000029638,http://data.ordnancesurvey.co.uk/ontology/admingeo/UnitaryAuthority,Scotland,http://data.ordnancesurvey.co.uk/id/7000000000041429,Scotland,http://data.ordnancesurvey.co.uk/id/country/scotland,,,
IV201TJ,http://data.ordnancesurvey.co.uk/id/postcodeunit/IV201TJ,IV20 1TJ,,,,other,Postcode,283368.000,877692.000,3500,18000,,,,,,,Hill of Fearn,http://data.ordnancesurvey.co.uk/id/4000000074560098,http://www.ordnancesurvey.co.uk/xml/codelists/localtype.xml#village,,,,Highland,http://data.ordnancesurvey.co.uk/id/7000000000029638,http://data.ordnancesurvey.co.uk/ontology/admingeo/UnitaryAuthority,Scotland,http://data.ordnancesurvey.co.uk/id/7000000000041429,Scotland,http://data.ordnancesurvey.co.uk/id/country/scotland,,,
IV201XG,http://data.ordnancesurvey.co.uk/id/postcodeunit/IV201XG,IV20 1XG,,,,other,Postcode,287252.000,876582.000,3500,18000,,,,,,,Hilton of Cadboll,http://data.ordnancesurvey.co.uk/id/4000000074559738,http://www.ordnancesurvey.co.uk/xml/codelists/localtype.xml#village,,,,Highland,http://data.ordnancesurvey.co.uk/id/7000000000029638,http://data.ordnancesurvey.co.uk/ontology/admingeo/UnitaryAuthority,Scotland,http://data.ordnancesurvey.co.uk/id/7000000000041429,Scotland,http://data.ordnancesurvey.co.uk/id/country/scotland,,,
IV201TA,http://data.ordnancesurvey.co.uk/id/postcodeunit/IV201TA,IV20 1TA,,,,other,Postcode,283230.000,877881.000,3500,18000,,,,,,,Hill of Fearn,http://data.ordnancesurvey.co.uk/id/4000000074560098,http://www.ordnancesurvey.co.uk/xml/codelists/localtype.xml#village,,,,Highland,http://data.ordnancesurvey.co.uk/id/7000000000029638,http://data.ordnancesurvey.co.uk/ontology/admingeo/UnitaryAuthority,Scotland,http://data.ordnancesurvey.co.uk/id/7000000000041429,Scotland,http://data.ordnancesurvey.co.uk/id/country/scotland,,,
osgb4000000003531879,http://data.ordnancesurvey.co.uk/id/4000000003531879,Shore Street,,,,transportNetwork,Named Road,285884.093,875072.410,1000,20000,285855.042,875008.207,285888.069,875157.609,IV20,http://data.ordnancesurvey.co.uk/id/postcodedistrict/IV20,Shandwick,http://data.ordnancesurvey.co.uk/id/4000000074559739,http://www.ordnancesurvey.co.uk/xml/codelists/localtype.xml#village,,,,Highland,http://data.ordnancesurvey.co.uk/id/7000000000029638,http://data.ordnancesurvey.co.uk/ontology/admingeo/UnitaryAuthority,Scotland,http://data.ordnancesurvey.co.uk/id/7000000000041429,Scotland,http://data.ordnancesurvey.co.uk/id/country/scotland,,,
osgb4000000003531281,http://data.ordnancesurvey.co.uk/id/4000000003531281,Ross Crescent,,,,transportNetwork,Named Road,286115.270,875441.648,2000,20000,285968.766,875330.993,286282.075,875541.864,IV20,http://data.ordnancesurvey.co.uk/id/postcodedistrict/IV20,Balintore,http://data.ordnancesurvey.co.uk/id/4000000074559740,http://www.ordnancesurvey.co.uk/xml/codelists/localtype.xml#village,,,,Highland,http://data.ordnancesurvey.co.uk/id/7000000000029638,http://data.ordnancesurvey.co.uk/ontology/admingeo/UnitaryAuthority,Scotland,http://data.ordnancesurvey.co.uk/id/7000000000041429,Scotland,http://data.ordnancesurvey.co.uk/id/country/scotland,,,
osgb4000000003532610,http://data.ordnancesurvey.co.uk/id/4000000003532610,B9175,,,,transportNetwork,Numbered Road,280664.820,872918.825,55000,250000,279336.000,868775.450,281770.863,877206.931,IV19,http://data.ordnancesurvey.co.uk/id/postcodedistrict/IV19,,,,,,,Highland,http://data.ordnancesurvey.co.uk/id/7000000000029638,http://data.ordnancesurvey.co.uk/ontology/admingeo/UnitaryAuthority,Scotland,http://data.ordnancesurvey.co.uk/id/7000000000041429,Scotland,http://data.ordnancesurvey.co.uk/id/country/scotland,,,
406bec99-6b31-4c9c-a73e-ac8ec1062d95,http://data.ordnancesurvey.co.uk/id/406bec99-6b31-4c9c-a73e-ac8ec1062d95,Park Street,,,,transportNetwork,Section Of Named Road,285916.168,875211.437,1000,25000,285834.518,875124.400,285968.766,875330.993,IV20,http://data.ordnancesurvey.co.uk/id/postcodedistrict/IV20,Balintore,http://data.ordnancesurvey.co.uk/id/4000000074559740,http://www.ordnancesurvey.co.uk/xml/codelists/localtype.xml#village,,,,Highland,http://data.ordnancesurvey.co.uk/id/7000000000029638,http://data.ordnancesurvey.co.uk/ontology/admingeo/UnitaryAuthority,Scotland,http://data.ordnancesurvey.co.uk/id/7000000000041429,Scotland,http://data.ordnancesurvey.co.uk/id/country/scotland,osgb4000000003531878,,
osgb4000000003532382,http://data.ordnancesurvey.co.uk/id/4000000003532382,Ross Street,,,,transportNetwork,Named Road,286248.706,875572.969,1000,20000,286237.150,875541.864,286282.075,875583.875,IV20,http://data.ordnancesurvey.co.uk/id/postcodedistrict/IV20,Balintore,http://data.ordnancesurvey.co.uk/id/4000000074559740,http://www.ordnancesurvey.co.uk/xml/codelists/localtype.xml#village,,,,Highland,http://data.ordnancesurvey.co.uk/id/7000000000029638,http://data.ordnancesurvey.co.uk/ontology/admingeo/UnitaryAuthority,Scotland,http://data.ordnancesurvey.co.uk/id/7000000000041429,Scotland,http://data.ordnancesurvey.co.uk/id/country/scotland,,,
8985c492-be59-4d1c-a93f-e1df10b69dd9,http://data.ordnancesurvey.co.uk/id/8985c492-be59-4d1c-a93f-e1df10b69dd9,Station Road,,,,transportNetwork,Section Of Named Road,283776.917,877507.427,1000,25000,283752.261,877507.427,283776.917,877522.669,IV20,http://data.ordnancesurvey.co.uk/id/postcodedistrict/IV20,Fearn,http://data.ordnancesurvey.co.uk/id/4000000074336180,http://www.ordnancesurvey.co.uk/xml/codelists/localtype.xml#hamlet,,,,Highland,http://data.ordnancesurvey.co.uk/id/7000000000029638,http://data.ordnancesurvey.co.uk/ontology/admingeo/UnitaryAuthority,Scotland,http://data.ordnancesurvey.co.uk/id/7000000000041429,Scotland,http://data.ordnancesurvey.co.uk/id/country/scotland,osgb4000000003530977,,
osgb4000000003532383,http://data.ordnancesurvey.co.uk/id/4000000003532383,Hugh Street,,,,transportNetwork,Named Road,286303.335,875583.316,1000,20000,286269.378,875566.082,286315.516,875623.057,IV20,http://data.ordnancesurvey.co.uk/id/postcodedistrict/IV20,Balintore,http://data.ordnancesurvey.co.uk/id/4000000074559740,http://www.ordnancesurvey.co.uk/xml/codelists/localtype.xml#village,,,,Highland,http://data.ordnancesurvey.co.uk/id/7000000000029638,http://data.ordnancesurvey.co.uk/ontology/admingeo/UnitaryAuthority,Scotland,http://data.ordnancesurvey.co.uk/id/7000000000041429,Scotland,http://data.ordnancesurvey.co.uk/id/country/scotland,,,
