﻿osgb4000000074561765,http://data.ordnancesurvey.co.uk/id/4000000074561765,Tomintoul,,,,populatedPlace,Village,317005.560,818549.920,8000,250000,316179.843,818165.252,317290.807,819388.182,AB37,http://data.ordnancesurvey.co.uk/id/postcodedistrict/AB37,,,,,,,Moray,http://data.ordnancesurvey.co.uk/id/7000000000029959,http://data.ordnancesurvey.co.uk/ontology/admingeo/UnitaryAuthority,Scotland,http://data.ordnancesurvey.co.uk/id/7000000000041429,Scotland,http://data.ordnancesurvey.co.uk/id/country/scotland,,http://dbpedia.org/resource/Tomintoul,http://sws.geonames.org/2635706
osgb4000000074561766,http://data.ordnancesurvey.co.uk/id/4000000074561766,Clachaig,,,,populatedPlace,Other Settlement,302941.230,818218.820,15000,25000,302220.320,817983.144,303365.188,818877.738,PH25,http://data.ordnancesurvey.co.uk/id/postcodedistrict/PH25,,,,,,,Highland,http://data.ordnancesurvey.co.uk/id/7000000000029638,http://data.ordnancesurvey.co.uk/ontology/admingeo/UnitaryAuthority,Scotland,http://data.ordnancesurvey.co.uk/id/7000000000041429,Scotland,http://data.ordnancesurvey.co.uk/id/country/scotland,,,
PH253EE,http://data.ordnancesurvey.co.uk/id/postcodeunit/PH253EE,PH25 3EE,,,,other,Postcode,306182.000,817567.000,3500,18000,,,,,,,,,,,,,Highland,http://data.ordnancesurvey.co.uk/id/7000000000029638,http://data.ordnancesurvey.co.uk/ontology/admingeo/UnitaryAuthority,Scotland,http://data.ordnancesurvey.co.uk/id/7000000000041429,Scotland,http://data.ordnancesurvey.co.uk/id/country/scotland,,,
AB379HX,http://data.ordnancesurvey.co.uk/id/postcodeunit/AB379HX,AB37 9HX,,,,other,Postcode,315783.000,813806.000,3500,18000,,,,,,,,,,,,,Moray,http://data.ordnancesurvey.co.uk/id/7000000000029959,http://data.ordnancesurvey.co.uk/ontology/admingeo/UnitaryAuthority,Scotland,http://data.ordnancesurvey.co.uk/id/7000000000041429,Scotland,http://data.ordnancesurvey.co.uk/id/country/scotland,,,
AB379EZ,http://data.ordnancesurvey.co.uk/id/postcodeunit/AB379EZ,AB37 9EZ,,,,other,Postcode,317036.000,818400.000,3500,18000,,,,,,,Tomintoul,http://data.ordnancesurvey.co.uk/id/4000000074561765,http://www.ordnancesurvey.co.uk/xml/codelists/localtype.xml#village,,,,Moray,http://data.ordnancesurvey.co.uk/id/7000000000029959,http://data.ordnancesurvey.co.uk/ontology/admingeo/UnitaryAuthority,Scotland,http://data.ordnancesurvey.co.uk/id/7000000000041429,Scotland,http://data.ordnancesurvey.co.uk/id/country/scotland,,,
AB379HS,http://data.ordnancesurvey.co.uk/id/postcodeunit/AB379HS,AB37 9HS,,,,other,Postcode,316472.000,818298.000,3500,18000,,,,,,,Tomintoul,http://data.ordnancesurvey.co.uk/id/4000000074561765,http://www.ordnancesurvey.co.uk/xml/codelists/localtype.xml#village,,,,Moray,http://data.ordnancesurvey.co.uk/id/7000000000029959,http://data.ordnancesurvey.co.uk/ontology/admingeo/UnitaryAuthority,Scotland,http://data.ordnancesurvey.co.uk/id/7000000000041429,Scotland,http://data.ordnancesurvey.co.uk/id/country/scotland,,,
AB379EE,http://data.ordnancesurvey.co.uk/id/postcodeunit/AB379EE,AB37 9EE,,,,other,Postcode,316904.000,818592.000,3500,18000,,,,,,,Tomintoul,http://data.ordnancesurvey.co.uk/id/4000000074561765,http://www.ordnancesurvey.co.uk/xml/codelists/localtype.xml#village,,,,Moray,http://data.ordnancesurvey.co.uk/id/7000000000029959,http://data.ordnancesurvey.co.uk/ontology/admingeo/UnitaryAuthority,Scotland,http://data.ordnancesurvey.co.uk/id/7000000000041429,Scotland,http://data.ordnancesurvey.co.uk/id/country/scotland,,,
AB379EG,http://data.ordnancesurvey.co.uk/id/postcodeunit/AB379EG,AB37 9EG,,,,other,Postcode,317089.000,818331.000,3500,18000,,,,,,,Tomintoul,http://data.ordnancesurvey.co.uk/id/4000000074561765,http://www.ordnancesurvey.co.uk/xml/codelists/localtype.xml#village,,,,Moray,http://data.ordnancesurvey.co.uk/id/7000000000029959,http://data.ordnancesurvey.co.uk/ontology/admingeo/UnitaryAuthority,Scotland,http://data.ordnancesurvey.co.uk/id/7000000000041429,Scotland,http://data.ordnancesurvey.co.uk/id/country/scotland,,,
AB379EW,http://data.ordnancesurvey.co.uk/id/postcodeunit/AB379EW,AB37 9EW,,,,other,Postcode,316839.000,818602.000,3500,18000,,,,,,,Tomintoul,http://data.ordnancesurvey.co.uk/id/4000000074561765,http://www.ordnancesurvey.co.uk/xml/codelists/localtype.xml#village,,,,Moray,http://data.ordnancesurvey.co.uk/id/7000000000029959,http://data.ordnancesurvey.co.uk/ontology/admingeo/UnitaryAuthority,Scotland,http://data.ordnancesurvey.co.uk/id/7000000000041429,Scotland,http://data.ordnancesurvey.co.uk/id/country/scotland,,,
AB379ET,http://data.ordnancesurvey.co.uk/id/postcodeunit/AB379ET,AB37 9ET,,,,other,Postcode,316840.000,818703.000,3500,18000,,,,,,,Tomintoul,http://data.ordnancesurvey.co.uk/id/4000000074561765,http://www.ordnancesurvey.co.uk/xml/codelists/localtype.xml#village,,,,Moray,http://data.ordnancesurvey.co.uk/id/7000000000029959,http://data.ordnancesurvey.co.uk/ontology/admingeo/UnitaryAuthority,Scotland,http://data.ordnancesurvey.co.uk/id/7000000000041429,Scotland,http://data.ordnancesurvey.co.uk/id/country/scotland,,,
AB379EX,http://data.ordnancesurvey.co.uk/id/postcodeunit/AB379EX,AB37 9EX,,,,other,Postcode,317040.000,818516.000,3500,18000,,,,,,,Tomintoul,http://data.ordnancesurvey.co.uk/id/4000000074561765,http://www.ordnancesurvey.co.uk/xml/codelists/localtype.xml#village,,,,Moray,http://data.ordnancesurvey.co.uk/id/7000000000029959,http://data.ordnancesurvey.co.uk/ontology/admingeo/UnitaryAuthority,Scotland,http://data.ordnancesurvey.co.uk/id/7000000000041429,Scotland,http://data.ordnancesurvey.co.uk/id/country/scotland,,,
AB379EQ,http://data.ordnancesurvey.co.uk/id/postcodeunit/AB379EQ,AB37 9EQ,,,,other,Postcode,317758.000,818927.000,3500,18000,,,,,,,,,,,,,Moray,http://data.ordnancesurvey.co.uk/id/7000000000029959,http://data.ordnancesurvey.co.uk/ontology/admingeo/UnitaryAuthority,Scotland,http://data.ordnancesurvey.co.uk/id/7000000000041429,Scotland,http://data.ordnancesurvey.co.uk/id/country/scotland,,,
AB379HT,http://data.ordnancesurvey.co.uk/id/postcodeunit/AB379HT,AB37 9HT,,,,other,Postcode,316117.000,816902.000,3500,18000,,,,,,,,,,,,,Moray,http://data.ordnancesurvey.co.uk/id/7000000000029959,http://data.ordnancesurvey.co.uk/ontology/admingeo/UnitaryAuthority,Scotland,http://data.ordnancesurvey.co.uk/id/7000000000041429,Scotland,http://data.ordnancesurvey.co.uk/id/country/scotland,,,
PH253EL,http://data.ordnancesurvey.co.uk/id/postcodeunit/PH253EL,PH25 3EL,,,,other,Postcode,301348.000,819994.000,3500,18000,,,,,,,Nethy Bridge,http://data.ordnancesurvey.co.uk/id/4000000074562530,http://www.ordnancesurvey.co.uk/xml/codelists/localtype.xml#village,,,,Highland,http://data.ordnancesurvey.co.uk/id/7000000000029638,http://data.ordnancesurvey.co.uk/ontology/admingeo/UnitaryAuthority,Scotland,http://data.ordnancesurvey.co.uk/id/7000000000041429,Scotland,http://data.ordnancesurvey.co.uk/id/country/scotland,,,
PH253DY,http://data.ordnancesurvey.co.uk/id/postcodeunit/PH253DY,PH25 3DY,,,,other,Postcode,303087.000,818415.000,3500,18000,,,,,,,Clachaig,http://data.ordnancesurvey.co.uk/id/4000000074561766,http://www.ordnancesurvey.co.uk/xml/codelists/localtype.xml#otherSettlement,,,,Highland,http://data.ordnancesurvey.co.uk/id/7000000000029638,http://data.ordnancesurvey.co.uk/ontology/admingeo/UnitaryAuthority,Scotland,http://data.ordnancesurvey.co.uk/id/7000000000041429,Scotland,http://data.ordnancesurvey.co.uk/id/country/scotland,,,
AB379HB,http://data.ordnancesurvey.co.uk/id/postcodeunit/AB379HB,AB37 9HB,,,,other,Postcode,316256.000,818688.000,3500,18000,,,,,,,Tomintoul,http://data.ordnancesurvey.co.uk/id/4000000074561765,http://www.ordnancesurvey.co.uk/xml/codelists/localtype.xml#village,,,,Moray,http://data.ordnancesurvey.co.uk/id/7000000000029959,http://data.ordnancesurvey.co.uk/ontology/admingeo/UnitaryAuthority,Scotland,http://data.ordnancesurvey.co.uk/id/7000000000041429,Scotland,http://data.ordnancesurvey.co.uk/id/country/scotland,,,
AB379HD,http://data.ordnancesurvey.co.uk/id/postcodeunit/AB379HD,AB37 9HD,,,,other,Postcode,315148.000,819950.000,3500,18000,,,,,,,,,,,,,Moray,http://data.ordnancesurvey.co.uk/id/7000000000029959,http://data.ordnancesurvey.co.uk/ontology/admingeo/UnitaryAuthority,Scotland,http://data.ordnancesurvey.co.uk/id/7000000000041429,Scotland,http://data.ordnancesurvey.co.uk/id/country/scotland,,,
PH253DL,http://data.ordnancesurvey.co.uk/id/postcodeunit/PH253DL,PH25 3DL,,,,other,Postcode,301303.000,819601.000,3500,18000,,,,,,,Nethy Bridge,http://data.ordnancesurvey.co.uk/id/4000000074562530,http://www.ordnancesurvey.co.uk/xml/codelists/localtype.xml#village,,,,Highland,http://data.ordnancesurvey.co.uk/id/7000000000029638,http://data.ordnancesurvey.co.uk/ontology/admingeo/UnitaryAuthority,Scotland,http://data.ordnancesurvey.co.uk/id/7000000000041429,Scotland,http://data.ordnancesurvey.co.uk/id/country/scotland,,,
AB379HW,http://data.ordnancesurvey.co.uk/id/postcodeunit/AB379HW,AB37 9HW,,,,other,Postcode,316652.000,818900.000,3500,18000,,,,,,,Tomintoul,http://data.ordnancesurvey.co.uk/id/4000000074561765,http://www.ordnancesurvey.co.uk/xml/codelists/localtype.xml#village,,,,Moray,http://data.ordnancesurvey.co.uk/id/7000000000029959,http://data.ordnancesurvey.co.uk/ontology/admingeo/UnitaryAuthority,Scotland,http://data.ordnancesurvey.co.uk/id/7000000000041429,Scotland,http://data.ordnancesurvey.co.uk/id/country/scotland,,,
AB379EH,http://data.ordnancesurvey.co.uk/id/postcodeunit/AB379EH,AB37 9EH,,,,other,Postcode,317038.000,818613.000,3500,18000,,,,,,,Tomintoul,http://data.ordnancesurvey.co.uk/id/4000000074561765,http://www.ordnancesurvey.co.uk/xml/codelists/localtype.xml#village,,,,Moray,http://data.ordnancesurvey.co.uk/id/7000000000029959,http://data.ordnancesurvey.co.uk/ontology/admingeo/UnitaryAuthority,Scotland,http://data.ordnancesurvey.co.uk/id/7000000000041429,Scotland,http://data.ordnancesurvey.co.uk/id/country/scotland,,,
AB379HH,http://data.ordnancesurvey.co.uk/id/postcodeunit/AB379HH,AB37 9HH,,,,other,Postcode,316667.000,819149.000,3500,18000,,,,,,,Tomintoul,http://data.ordnancesurvey.co.uk/id/4000000074561765,http://www.ordnancesurvey.co.uk/xml/codelists/localtype.xml#village,,,,Moray,http://data.ordnancesurvey.co.uk/id/7000000000029959,http://data.ordnancesurvey.co.uk/ontology/admingeo/UnitaryAuthority,Scotland,http://data.ordnancesurvey.co.uk/id/7000000000041429,Scotland,http://data.ordnancesurvey.co.uk/id/country/scotland,,,
AB379HF,http://data.ordnancesurvey.co.uk/id/postcodeunit/AB379HF,AB37 9HF,,,,other,Postcode,316777.000,818973.000,3500,18000,,,,,,,Tomintoul,http://data.ordnancesurvey.co.uk/id/4000000074561765,http://www.ordnancesurvey.co.uk/xml/codelists/localtype.xml#village,,,,Moray,http://data.ordnancesurvey.co.uk/id/7000000000029959,http://data.ordnancesurvey.co.uk/ontology/admingeo/UnitaryAuthority,Scotland,http://data.ordnancesurvey.co.uk/id/7000000000041429,Scotland,http://data.ordnancesurvey.co.uk/id/country/scotland,,,
AB379HA,http://data.ordnancesurvey.co.uk/id/postcodeunit/AB379HA,AB37 9HA,,,,other,Postcode,316668.000,819019.000,3500,18000,,,,,,,Tomintoul,http://data.ordnancesurvey.co.uk/id/4000000074561765,http://www.ordnancesurvey.co.uk/xml/codelists/localtype.xml#village,,,,Moray,http://data.ordnancesurvey.co.uk/id/7000000000029959,http://data.ordnancesurvey.co.uk/ontology/admingeo/UnitaryAuthority,Scotland,http://data.ordnancesurvey.co.uk/id/7000000000041429,Scotland,http://data.ordnancesurvey.co.uk/id/country/scotland,,,
AB379HJ,http://data.ordnancesurvey.co.uk/id/postcodeunit/AB379HJ,AB37 9HJ,,,,other,Postcode,314917.000,819884.000,3500,18000,,,,,,,,,,,,,Moray,http://data.ordnancesurvey.co.uk/id/7000000000029959,http://data.ordnancesurvey.co.uk/ontology/admingeo/UnitaryAuthority,Scotland,http://data.ordnancesurvey.co.uk/id/7000000000041429,Scotland,http://data.ordnancesurvey.co.uk/id/country/scotland,,,
AB379ER,http://data.ordnancesurvey.co.uk/id/postcodeunit/AB379ER,AB37 9ER,,,,other,Postcode,318576.000,817750.000,3500,18000,,,,,,,,,,,,,Moray,http://data.ordnancesurvey.co.uk/id/7000000000029959,http://data.ordnancesurvey.co.uk/ontology/admingeo/UnitaryAuthority,Scotland,http://data.ordnancesurvey.co.uk/id/7000000000041429,Scotland,http://data.ordnancesurvey.co.uk/id/country/scotland,,,
osgb4000000003810042,http://data.ordnancesurvey.co.uk/id/4000000003810042,Tomnabat Lane,,,,transportNetwork,Named Road,316946.000,818509.000,3000,20000,316812.000,818246.040,317127.694,818699.000,AB37,http://data.ordnancesurvey.co.uk/id/postcodedistrict/AB37,Tomintoul,http://data.ordnancesurvey.co.uk/id/4000000074561765,http://www.ordnancesurvey.co.uk/xml/codelists/localtype.xml#village,,,,Moray,http://data.ordnancesurvey.co.uk/id/7000000000029959,http://data.ordnancesurvey.co.uk/ontology/admingeo/UnitaryAuthority,Scotland,http://data.ordnancesurvey.co.uk/id/7000000000041429,Scotland,http://data.ordnancesurvey.co.uk/id/country/scotland,,,
osgb5000005203436726,http://data.ordnancesurvey.co.uk/id/5000005203436726,Forestry Lane,,,,transportNetwork,Named Road,317078.141,818457.892,1000,20000,317071.950,818453.750,317133.480,818495.541,AB37,http://data.ordnancesurvey.co.uk/id/postcodedistrict/AB37,Tomintoul,http://data.ordnancesurvey.co.uk/id/4000000074561765,http://www.ordnancesurvey.co.uk/xml/codelists/localtype.xml#village,,,,Moray,http://data.ordnancesurvey.co.uk/id/7000000000029959,http://data.ordnancesurvey.co.uk/ontology/admingeo/UnitaryAuthority,Scotland,http://data.ordnancesurvey.co.uk/id/7000000000041429,Scotland,http://data.ordnancesurvey.co.uk/id/country/scotland,,,
osgb5000005203436738,http://data.ordnancesurvey.co.uk/id/5000005203436738,Doodlers Lane,,,,transportNetwork,Named Road,316585.000,819067.000,1000,20000,316567.000,819055.000,316624.936,819094.739,AB37,http://data.ordnancesurvey.co.uk/id/postcodedistrict/AB37,Tomintoul,http://data.ordnancesurvey.co.uk/id/4000000074561765,http://www.ordnancesurvey.co.uk/xml/codelists/localtype.xml#village,,,,Moray,http://data.ordnancesurvey.co.uk/id/7000000000029959,http://data.ordnancesurvey.co.uk/ontology/admingeo/UnitaryAuthority,Scotland,http://data.ordnancesurvey.co.uk/id/7000000000041429,Scotland,http://data.ordnancesurvey.co.uk/id/country/scotland,,,
osgb5000005203436718,http://data.ordnancesurvey.co.uk/id/5000005203436718,Tailors Lane,,,,transportNetwork,Named Road,317067.270,818592.256,1000,20000,317005.560,818549.926,317067.270,818592.256,AB37,http://data.ordnancesurvey.co.uk/id/postcodedistrict/AB37,Tomintoul,http://data.ordnancesurvey.co.uk/id/4000000074561765,http://www.ordnancesurvey.co.uk/xml/codelists/localtype.xml#village,,,,Moray,http://data.ordnancesurvey.co.uk/id/7000000000029959,http://data.ordnancesurvey.co.uk/ontology/admingeo/UnitaryAuthority,Scotland,http://data.ordnancesurvey.co.uk/id/7000000000041429,Scotland,http://data.ordnancesurvey.co.uk/id/country/scotland,,,
osgb4000000003850267,http://data.ordnancesurvey.co.uk/id/4000000003850267,Lettoch Road,,,,transportNetwork,Named Road,301866.993,819650.119,7000,20000,301328.000,819231.465,302463.594,820115.000,PH25,http://data.ordnancesurvey.co.uk/id/postcodedistrict/PH25,,,,,,,Highland,http://data.ordnancesurvey.co.uk/id/7000000000029638,http://data.ordnancesurvey.co.uk/ontology/admingeo/UnitaryAuthority,Scotland,http://data.ordnancesurvey.co.uk/id/7000000000041429,Scotland,http://data.ordnancesurvey.co.uk/id/country/scotland,,,
osgb5000005203436722,http://data.ordnancesurvey.co.uk/id/5000005203436722,Doctors Lane,,,,transportNetwork,Named Road,316680.000,818891.000,1000,20000,316680.000,818891.000,316739.200,818932.400,AB37,http://data.ordnancesurvey.co.uk/id/postcodedistrict/AB37,Tomintoul,http://data.ordnancesurvey.co.uk/id/4000000074561765,http://www.ordnancesurvey.co.uk/xml/codelists/localtype.xml#village,,,,Moray,http://data.ordnancesurvey.co.uk/id/7000000000029959,http://data.ordnancesurvey.co.uk/ontology/admingeo/UnitaryAuthority,Scotland,http://data.ordnancesurvey.co.uk/id/7000000000041429,Scotland,http://data.ordnancesurvey.co.uk/id/country/scotland,,,
osgb5000005203436732,http://data.ordnancesurvey.co.uk/id/5000005203436732,Fordmouth Lane,,,,transportNetwork,Named Road,316660.571,818998.320,1000,20000,316624.771,818972.971,316682.458,819013.432,AB37,http://data.ordnancesurvey.co.uk/id/postcodedistrict/AB37,Tomintoul,http://data.ordnancesurvey.co.uk/id/4000000074561765,http://www.ordnancesurvey.co.uk/xml/codelists/localtype.xml#village,,,,Moray,http://data.ordnancesurvey.co.uk/id/7000000000029959,http://data.ordnancesurvey.co.uk/ontology/admingeo/UnitaryAuthority,Scotland,http://data.ordnancesurvey.co.uk/id/7000000000041429,Scotland,http://data.ordnancesurvey.co.uk/id/country/scotland,,,
osgb4000000003810043,http://data.ordnancesurvey.co.uk/id/4000000003810043,Main Street,,,,transportNetwork,Named Road,316852.200,818770.000,7000,20000,316506.000,818246.349,317215.407,819268.000,AB37,http://data.ordnancesurvey.co.uk/id/postcodedistrict/AB37,Tomintoul,http://data.ordnancesurvey.co.uk/id/4000000074561765,http://www.ordnancesurvey.co.uk/xml/codelists/localtype.xml#village,,,,Moray,http://data.ordnancesurvey.co.uk/id/7000000000029959,http://data.ordnancesurvey.co.uk/ontology/admingeo/UnitaryAuthority,Scotland,http://data.ordnancesurvey.co.uk/id/7000000000041429,Scotland,http://data.ordnancesurvey.co.uk/id/country/scotland,,,
osgb4000000003811077,http://data.ordnancesurvey.co.uk/id/4000000003811077,The Square,,,,transportNetwork,Named Road,316873.000,818742.000,1000,20000,316812.000,818699.000,316960.425,818803.559,AB37,http://data.ordnancesurvey.co.uk/id/postcodedistrict/AB37,Tomintoul,http://data.ordnancesurvey.co.uk/id/4000000074561765,http://www.ordnancesurvey.co.uk/xml/codelists/localtype.xml#village,,,,Moray,http://data.ordnancesurvey.co.uk/id/7000000000029959,http://data.ordnancesurvey.co.uk/ontology/admingeo/UnitaryAuthority,Scotland,http://data.ordnancesurvey.co.uk/id/7000000000041429,Scotland,http://data.ordnancesurvey.co.uk/id/country/scotland,,,
osgb5000005102979020,http://data.ordnancesurvey.co.uk/id/5000005102979020,Lockharts Lane,,,,transportNetwork,Named Road,316511.200,819136.596,1000,20000,316511.200,819136.596,316567.000,819177.000,AB37,http://data.ordnancesurvey.co.uk/id/postcodedistrict/AB37,Tomintoul,http://data.ordnancesurvey.co.uk/id/4000000074561765,http://www.ordnancesurvey.co.uk/xml/codelists/localtype.xml#village,,,,Moray,http://data.ordnancesurvey.co.uk/id/7000000000029959,http://data.ordnancesurvey.co.uk/ontology/admingeo/UnitaryAuthority,Scotland,http://data.ordnancesurvey.co.uk/id/7000000000041429,Scotland,http://data.ordnancesurvey.co.uk/id/country/scotland,,,
osgb5000005102979024,http://data.ordnancesurvey.co.uk/id/5000005102979024,Mackies Lane,,,,transportNetwork,Named Road,316583.000,819188.000,1000,20000,316567.000,819177.000,316627.950,819221.350,AB37,http://data.ordnancesurvey.co.uk/id/postcodedistrict/AB37,Tomintoul,http://data.ordnancesurvey.co.uk/id/4000000074561765,http://www.ordnancesurvey.co.uk/xml/codelists/localtype.xml#village,,,,Moray,http://data.ordnancesurvey.co.uk/id/7000000000029959,http://data.ordnancesurvey.co.uk/ontology/admingeo/UnitaryAuthority,Scotland,http://data.ordnancesurvey.co.uk/id/7000000000041429,Scotland,http://data.ordnancesurvey.co.uk/id/country/scotland,,,
osgb5000005203436720,http://data.ordnancesurvey.co.uk/id/5000005203436720,Gordon Lane,,,,transportNetwork,Named Road,316743.200,819054.800,1000,20000,316682.458,819013.432,316743.200,819054.800,AB37,http://data.ordnancesurvey.co.uk/id/postcodedistrict/AB37,Tomintoul,http://data.ordnancesurvey.co.uk/id/4000000074561765,http://www.ordnancesurvey.co.uk/xml/codelists/localtype.xml#village,,,,Moray,http://data.ordnancesurvey.co.uk/id/7000000000029959,http://data.ordnancesurvey.co.uk/ontology/admingeo/UnitaryAuthority,Scotland,http://data.ordnancesurvey.co.uk/id/7000000000041429,Scotland,http://data.ordnancesurvey.co.uk/id/country/scotland,,,
osgb5000005203436734,http://data.ordnancesurvey.co.uk/id/5000005203436734,Chapel Lane,,,,transportNetwork,Named Road,316980.000,818532.000,1000,20000,316946.000,818509.000,317005.560,818549.926,AB37,http://data.ordnancesurvey.co.uk/id/postcodedistrict/AB37,Tomintoul,http://data.ordnancesurvey.co.uk/id/4000000074561765,http://www.ordnancesurvey.co.uk/xml/codelists/localtype.xml#village,,,,Moray,http://data.ordnancesurvey.co.uk/id/7000000000029959,http://data.ordnancesurvey.co.uk/ontology/admingeo/UnitaryAuthority,Scotland,http://data.ordnancesurvey.co.uk/id/7000000000041429,Scotland,http://data.ordnancesurvey.co.uk/id/country/scotland,,,
osgb5000005102979022,http://data.ordnancesurvey.co.uk/id/5000005102979022,Smiddy Lane,,,,transportNetwork,Named Road,317128.412,818372.730,1000,20000,317128.412,818372.730,317191.150,818414.550,AB37,http://data.ordnancesurvey.co.uk/id/postcodedistrict/AB37,Tomintoul,http://data.ordnancesurvey.co.uk/id/4000000074561765,http://www.ordnancesurvey.co.uk/xml/codelists/localtype.xml#village,,,,Moray,http://data.ordnancesurvey.co.uk/id/7000000000029959,http://data.ordnancesurvey.co.uk/ontology/admingeo/UnitaryAuthority,Scotland,http://data.ordnancesurvey.co.uk/id/7000000000041429,Scotland,http://data.ordnancesurvey.co.uk/id/country/scotland,,,
osgb5000005203436728,http://data.ordnancesurvey.co.uk/id/5000005203436728,Birnies Lane,,,,transportNetwork,Named Road,316921.000,818614.000,1000,20000,316888.000,818591.000,316949.000,818633.000,AB37,http://data.ordnancesurvey.co.uk/id/postcodedistrict/AB37,Tomintoul,http://data.ordnancesurvey.co.uk/id/4000000074561765,http://www.ordnancesurvey.co.uk/xml/codelists/localtype.xml#village,,,,Moray,http://data.ordnancesurvey.co.uk/id/7000000000029959,http://data.ordnancesurvey.co.uk/ontology/admingeo/UnitaryAuthority,Scotland,http://data.ordnancesurvey.co.uk/id/7000000000041429,Scotland,http://data.ordnancesurvey.co.uk/id/country/scotland,,,
osgb4000000003809724,http://data.ordnancesurvey.co.uk/id/4000000003809724,Conglass Lane,,,,transportNetwork,Named Road,316800.064,818974.961,4000,20000,316585.833,818676.000,317009.000,819281.255,AB37,http://data.ordnancesurvey.co.uk/id/postcodedistrict/AB37,Tomintoul,http://data.ordnancesurvey.co.uk/id/4000000074561765,http://www.ordnancesurvey.co.uk/xml/codelists/localtype.xml#village,,,,Moray,http://data.ordnancesurvey.co.uk/id/7000000000029959,http://data.ordnancesurvey.co.uk/ontology/admingeo/UnitaryAuthority,Scotland,http://data.ordnancesurvey.co.uk/id/7000000000041429,Scotland,http://data.ordnancesurvey.co.uk/id/country/scotland,,,
osgb4000000003833721,http://data.ordnancesurvey.co.uk/id/4000000003833721,Cults Drive,,,,transportNetwork,Named Road,316680.000,818891.000,3000,20000,316511.200,818699.000,316812.000,819136.596,AB37,http://data.ordnancesurvey.co.uk/id/postcodedistrict/AB37,Tomintoul,http://data.ordnancesurvey.co.uk/id/4000000074561765,http://www.ordnancesurvey.co.uk/xml/codelists/localtype.xml#village,,,,Moray,http://data.ordnancesurvey.co.uk/id/7000000000029959,http://data.ordnancesurvey.co.uk/ontology/admingeo/UnitaryAuthority,Scotland,http://data.ordnancesurvey.co.uk/id/7000000000041429,Scotland,http://data.ordnancesurvey.co.uk/id/country/scotland,,,
osgb4000000003811076,http://data.ordnancesurvey.co.uk/id/4000000003811076,Lecht Drive,,,,transportNetwork,Named Road,317067.270,818592.256,2000,20000,317009.000,818414.550,317191.150,818676.000,AB37,http://data.ordnancesurvey.co.uk/id/postcodedistrict/AB37,Tomintoul,http://data.ordnancesurvey.co.uk/id/4000000074561765,http://www.ordnancesurvey.co.uk/xml/codelists/localtype.xml#village,,,,Moray,http://data.ordnancesurvey.co.uk/id/7000000000029959,http://data.ordnancesurvey.co.uk/ontology/admingeo/UnitaryAuthority,Scotland,http://data.ordnancesurvey.co.uk/id/7000000000041429,Scotland,http://data.ordnancesurvey.co.uk/id/country/scotland,,,
osgb5000005203436724,http://data.ordnancesurvey.co.uk/id/5000005203436724,Stuart Place,,,,transportNetwork,Named Road,316548.000,819302.000,1000,20000,316506.000,819268.000,316585.833,819306.318,AB37,http://data.ordnancesurvey.co.uk/id/postcodedistrict/AB37,Tomintoul,http://data.ordnancesurvey.co.uk/id/4000000074561765,http://www.ordnancesurvey.co.uk/xml/codelists/localtype.xml#village,,,,Moray,http://data.ordnancesurvey.co.uk/id/7000000000029959,http://data.ordnancesurvey.co.uk/ontology/admingeo/UnitaryAuthority,Scotland,http://data.ordnancesurvey.co.uk/id/7000000000041429,Scotland,http://data.ordnancesurvey.co.uk/id/country/scotland,,,
osgb5000005203436736,http://data.ordnancesurvey.co.uk/id/5000005203436736,Delnabo Road,,,,transportNetwork,Named Road,317104.673,818356.027,1000,20000,317069.150,818332.150,317128.412,818372.730,AB37,http://data.ordnancesurvey.co.uk/id/postcodedistrict/AB37,Tomintoul,http://data.ordnancesurvey.co.uk/id/4000000074561765,http://www.ordnancesurvey.co.uk/xml/codelists/localtype.xml#village,,,,Moray,http://data.ordnancesurvey.co.uk/id/7000000000029959,http://data.ordnancesurvey.co.uk/ontology/admingeo/UnitaryAuthority,Scotland,http://data.ordnancesurvey.co.uk/id/7000000000041429,Scotland,http://data.ordnancesurvey.co.uk/id/country/scotland,,,
osgb5000005203436740,http://data.ordnancesurvey.co.uk/id/5000005203436740,Firemans Lane,,,,transportNetwork,Named Road,317071.950,818453.750,1000,20000,317012.350,818412.950,317071.950,818453.750,AB37,http://data.ordnancesurvey.co.uk/id/postcodedistrict/AB37,Tomintoul,http://data.ordnancesurvey.co.uk/id/4000000074561765,http://www.ordnancesurvey.co.uk/xml/codelists/localtype.xml#village,,,,Moray,http://data.ordnancesurvey.co.uk/id/7000000000029959,http://data.ordnancesurvey.co.uk/ontology/admingeo/UnitaryAuthority,Scotland,http://data.ordnancesurvey.co.uk/id/7000000000041429,Scotland,http://data.ordnancesurvey.co.uk/id/country/scotland,,,
osgb5000005203436730,http://data.ordnancesurvey.co.uk/id/5000005203436730,Rattrays Lane,,,,transportNetwork,Named Road,316764.614,818949.989,1000,20000,316739.200,818932.400,316800.064,818974.961,AB37,http://data.ordnancesurvey.co.uk/id/postcodedistrict/AB37,Tomintoul,http://data.ordnancesurvey.co.uk/id/4000000074561765,http://www.ordnancesurvey.co.uk/xml/codelists/localtype.xml#village,,,,Moray,http://data.ordnancesurvey.co.uk/id/7000000000029959,http://data.ordnancesurvey.co.uk/ontology/admingeo/UnitaryAuthority,Scotland,http://data.ordnancesurvey.co.uk/id/7000000000041429,Scotland,http://data.ordnancesurvey.co.uk/id/country/scotland,,,
AB379HU,http://data.ordnancesurvey.co.uk/id/postcodeunit/AB379HU,AB37 9HU,,,,other,Postcode,316828.000,818959.000,3500,18000,,,,,,,Tomintoul,http://data.ordnancesurvey.co.uk/id/4000000074561765,http://www.ordnancesurvey.co.uk/xml/codelists/localtype.xml#village,,,,Moray,http://data.ordnancesurvey.co.uk/id/7000000000029959,http://data.ordnancesurvey.co.uk/ontology/admingeo/UnitaryAuthority,Scotland,http://data.ordnancesurvey.co.uk/id/7000000000041429,Scotland,http://data.ordnancesurvey.co.uk/id/country/scotland,,,
AB379HE,http://data.ordnancesurvey.co.uk/id/postcodeunit/AB379HE,AB37 9HE,,,,other,Postcode,317085.000,818524.000,3500,18000,,,,,,,Tomintoul,http://data.ordnancesurvey.co.uk/id/4000000074561765,http://www.ordnancesurvey.co.uk/xml/codelists/localtype.xml#village,,,,Moray,http://data.ordnancesurvey.co.uk/id/7000000000029959,http://data.ordnancesurvey.co.uk/ontology/admingeo/UnitaryAuthority,Scotland,http://data.ordnancesurvey.co.uk/id/7000000000041429,Scotland,http://data.ordnancesurvey.co.uk/id/country/scotland,,,
AB379HG,http://data.ordnancesurvey.co.uk/id/postcodeunit/AB379HG,AB37 9HG,,,,other,Postcode,316563.000,819290.000,3500,18000,,,,,,,Tomintoul,http://data.ordnancesurvey.co.uk/id/4000000074561765,http://www.ordnancesurvey.co.uk/xml/codelists/localtype.xml#village,,,,Moray,http://data.ordnancesurvey.co.uk/id/7000000000029959,http://data.ordnancesurvey.co.uk/ontology/admingeo/UnitaryAuthority,Scotland,http://data.ordnancesurvey.co.uk/id/7000000000041429,Scotland,http://data.ordnancesurvey.co.uk/id/country/scotland,,,
