﻿osgb4000000074570639,http://data.ordnancesurvey.co.uk/id/4000000074570639,Tangasdal,,,,populatedPlace,Other Settlement,65083.940,799695.890,15000,25000,64680.002,799224.274,65392.986,800779.638,HS9,http://data.ordnancesurvey.co.uk/id/postcodedistrict/HS9,,,,,,,Na h-Eileanan an Iar,http://data.ordnancesurvey.co.uk/id/7000000000030022,http://data.ordnancesurvey.co.uk/ontology/admingeo/UnitaryAuthority,Scotland,http://data.ordnancesurvey.co.uk/id/7000000000041429,Scotland,http://data.ordnancesurvey.co.uk/id/country/scotland,,,
osgb4000000074335154,http://data.ordnancesurvey.co.uk/id/4000000074335154,Uidh,,,,populatedPlace,Hamlet,64924.520,796196.230,5000,25000,64570.566,795774.575,65838.524,796274.575,HS9,http://data.ordnancesurvey.co.uk/id/postcodedistrict/HS9,,,,,,,Na h-Eileanan an Iar,http://data.ordnancesurvey.co.uk/id/7000000000030022,http://data.ordnancesurvey.co.uk/ontology/admingeo/UnitaryAuthority,Scotland,http://data.ordnancesurvey.co.uk/id/7000000000041429,Scotland,http://data.ordnancesurvey.co.uk/id/country/scotland,,,
osgb4000000074579796,http://data.ordnancesurvey.co.uk/id/4000000074579796,Caolas,gla,Caolis,eng,populatedPlace,Other Settlement,63042.890,797262.190,15000,25000,62819.504,796853.262,63873.330,797553.282,HS9,http://data.ordnancesurvey.co.uk/id/postcodedistrict/HS9,,,,,,,Na h-Eileanan an Iar,http://data.ordnancesurvey.co.uk/id/7000000000030022,http://data.ordnancesurvey.co.uk/ontology/admingeo/UnitaryAuthority,Scotland,http://data.ordnancesurvey.co.uk/id/7000000000041429,Scotland,http://data.ordnancesurvey.co.uk/id/country/scotland,,,
osgb4000000074570638,http://data.ordnancesurvey.co.uk/id/4000000074570638,Nasg,gla,Nask,eng,populatedPlace,Hamlet,65396.650,798494.570,5000,25000,65046.609,798069.004,65546.609,798781.990,HS9,http://data.ordnancesurvey.co.uk/id/postcodedistrict/HS9,,,,,,,Na h-Eileanan an Iar,http://data.ordnancesurvey.co.uk/id/7000000000030022,http://data.ordnancesurvey.co.uk/ontology/admingeo/UnitaryAuthority,Scotland,http://data.ordnancesurvey.co.uk/id/7000000000041429,Scotland,http://data.ordnancesurvey.co.uk/id/country/scotland,,,
osgb4000000074335152,http://data.ordnancesurvey.co.uk/id/4000000074335152,Bàgh a'Chaisteil,gla,Castlebay,eng,populatedPlace,Village,66945.000,798085.000,13000,250000,65646.612,797792.544,67722.809,798761.406,HS9,http://data.ordnancesurvey.co.uk/id/postcodedistrict/HS9,,,,,,,Na h-Eileanan an Iar,http://data.ordnancesurvey.co.uk/id/7000000000030022,http://data.ordnancesurvey.co.uk/ontology/admingeo/UnitaryAuthority,Scotland,http://data.ordnancesurvey.co.uk/id/7000000000041429,Scotland,http://data.ordnancesurvey.co.uk/id/country/scotland,,http://dbpedia.org/resource/Castlebay,http://sws.geonames.org/2653609
osgb4000000074542604,http://data.ordnancesurvey.co.uk/id/4000000074542604,Brèibhig,gla,Brevig,eng,populatedPlace,Village,69205.000,798574.940,10000,250000,68622.609,798381.815,70130.845,799734.498,HS9,http://data.ordnancesurvey.co.uk/id/postcodedistrict/HS9,,,,,,,Na h-Eileanan an Iar,http://data.ordnancesurvey.co.uk/id/7000000000030022,http://data.ordnancesurvey.co.uk/ontology/admingeo/UnitaryAuthority,Scotland,http://data.ordnancesurvey.co.uk/id/7000000000041429,Scotland,http://data.ordnancesurvey.co.uk/id/country/scotland,,http://dbpedia.org/resource/Brevig,
osgb4000000074542669,http://data.ordnancesurvey.co.uk/id/4000000074542669,Vatersay,eng,Bhatarsaigh,gla,populatedPlace,Hamlet,63196.000,794494.000,5000,25000,62987.035,794226.068,63487.035,794726.068,HS9,http://data.ordnancesurvey.co.uk/id/postcodedistrict/HS9,,,,,,,Na h-Eileanan an Iar,http://data.ordnancesurvey.co.uk/id/7000000000030022,http://data.ordnancesurvey.co.uk/ontology/admingeo/UnitaryAuthority,Scotland,http://data.ordnancesurvey.co.uk/id/7000000000041429,Scotland,http://data.ordnancesurvey.co.uk/id/country/scotland,,,
osgb4000000074542681,http://data.ordnancesurvey.co.uk/id/4000000074542681,Ceann Tangabhal,gla,Kentangaval,eng,populatedPlace,Hamlet,65529.000,798817.000,5000,25000,65277.252,798586.406,65777.252,799267.391,HS9,http://data.ordnancesurvey.co.uk/id/postcodedistrict/HS9,,,,,,,Na h-Eileanan an Iar,http://data.ordnancesurvey.co.uk/id/7000000000030022,http://data.ordnancesurvey.co.uk/ontology/admingeo/UnitaryAuthority,Scotland,http://data.ordnancesurvey.co.uk/id/7000000000041429,Scotland,http://data.ordnancesurvey.co.uk/id/country/scotland,,,
HS95XH,http://data.ordnancesurvey.co.uk/id/postcodeunit/HS95XH,HS9 5XH,,,,other,Postcode,65820.000,798142.000,3500,18000,,,,,,,Bàgh a'Chaisteil / Castlebay,http://data.ordnancesurvey.co.uk/id/4000000074335152,http://www.ordnancesurvey.co.uk/xml/codelists/localtype.xml#village,,,,Na h-Eileanan an Iar,http://data.ordnancesurvey.co.uk/id/7000000000030022,http://data.ordnancesurvey.co.uk/ontology/admingeo/UnitaryAuthority,Scotland,http://data.ordnancesurvey.co.uk/id/7000000000041429,Scotland,http://data.ordnancesurvey.co.uk/id/country/scotland,,,
HS95YW,http://data.ordnancesurvey.co.uk/id/postcodeunit/HS95YW,HS9 5YW,,,,other,Postcode,63310.000,794554.000,3500,18000,,,,,,,Vatersay / Bhatarsaigh,http://data.ordnancesurvey.co.uk/id/4000000074542669,http://www.ordnancesurvey.co.uk/xml/codelists/localtype.xml#hamlet,,,,Na h-Eileanan an Iar,http://data.ordnancesurvey.co.uk/id/7000000000030022,http://data.ordnancesurvey.co.uk/ontology/admingeo/UnitaryAuthority,Scotland,http://data.ordnancesurvey.co.uk/id/7000000000041429,Scotland,http://data.ordnancesurvey.co.uk/id/country/scotland,,,
HS95XJ,http://data.ordnancesurvey.co.uk/id/postcodeunit/HS95XJ,HS9 5XJ,,,,other,Postcode,65803.000,798300.000,3500,18000,,,,,,,Bàgh a'Chaisteil / Castlebay,http://data.ordnancesurvey.co.uk/id/4000000074335152,http://www.ordnancesurvey.co.uk/xml/codelists/localtype.xml#village,,,,Na h-Eileanan an Iar,http://data.ordnancesurvey.co.uk/id/7000000000030022,http://data.ordnancesurvey.co.uk/ontology/admingeo/UnitaryAuthority,Scotland,http://data.ordnancesurvey.co.uk/id/7000000000041429,Scotland,http://data.ordnancesurvey.co.uk/id/country/scotland,,,
HS95XL,http://data.ordnancesurvey.co.uk/id/postcodeunit/HS95XL,HS9 5XL,,,,other,Postcode,65660.000,798699.000,3500,18000,,,,,,,Ceann Tangabhal / Kentangaval,http://data.ordnancesurvey.co.uk/id/4000000074542681,http://www.ordnancesurvey.co.uk/xml/codelists/localtype.xml#hamlet,,,,Na h-Eileanan an Iar,http://data.ordnancesurvey.co.uk/id/7000000000030022,http://data.ordnancesurvey.co.uk/ontology/admingeo/UnitaryAuthority,Scotland,http://data.ordnancesurvey.co.uk/id/7000000000041429,Scotland,http://data.ordnancesurvey.co.uk/id/country/scotland,,,
HS95YG,http://data.ordnancesurvey.co.uk/id/postcodeunit/HS95YG,HS9 5YG,,,,other,Postcode,63093.000,794411.000,3500,18000,,,,,,,Vatersay / Bhatarsaigh,http://data.ordnancesurvey.co.uk/id/4000000074542669,http://www.ordnancesurvey.co.uk/xml/codelists/localtype.xml#hamlet,,,,Na h-Eileanan an Iar,http://data.ordnancesurvey.co.uk/id/7000000000030022,http://data.ordnancesurvey.co.uk/ontology/admingeo/UnitaryAuthority,Scotland,http://data.ordnancesurvey.co.uk/id/7000000000041429,Scotland,http://data.ordnancesurvey.co.uk/id/country/scotland,,,
HS95ZE,http://data.ordnancesurvey.co.uk/id/postcodeunit/HS95ZE,HS9 5ZE,,,,other,Postcode,65957.000,798229.000,3500,18000,,,,,,,Bàgh a'Chaisteil / Castlebay,http://data.ordnancesurvey.co.uk/id/4000000074335152,http://www.ordnancesurvey.co.uk/xml/codelists/localtype.xml#village,,,,Na h-Eileanan an Iar,http://data.ordnancesurvey.co.uk/id/7000000000030022,http://data.ordnancesurvey.co.uk/ontology/admingeo/UnitaryAuthority,Scotland,http://data.ordnancesurvey.co.uk/id/7000000000041429,Scotland,http://data.ordnancesurvey.co.uk/id/country/scotland,,,
HS95XQ,http://data.ordnancesurvey.co.uk/id/postcodeunit/HS95XQ,HS9 5XQ,,,,other,Postcode,65991.000,798174.000,3500,18000,,,,,,,Bàgh a'Chaisteil / Castlebay,http://data.ordnancesurvey.co.uk/id/4000000074335152,http://www.ordnancesurvey.co.uk/xml/codelists/localtype.xml#village,,,,Na h-Eileanan an Iar,http://data.ordnancesurvey.co.uk/id/7000000000030022,http://data.ordnancesurvey.co.uk/ontology/admingeo/UnitaryAuthority,Scotland,http://data.ordnancesurvey.co.uk/id/7000000000041429,Scotland,http://data.ordnancesurvey.co.uk/id/country/scotland,,,
HS95XG,http://data.ordnancesurvey.co.uk/id/postcodeunit/HS95XG,HS9 5XG,,,,other,Postcode,66123.000,798332.000,3500,18000,,,,,,,Bàgh a'Chaisteil / Castlebay,http://data.ordnancesurvey.co.uk/id/4000000074335152,http://www.ordnancesurvey.co.uk/xml/codelists/localtype.xml#village,,,,Na h-Eileanan an Iar,http://data.ordnancesurvey.co.uk/id/7000000000030022,http://data.ordnancesurvey.co.uk/ontology/admingeo/UnitaryAuthority,Scotland,http://data.ordnancesurvey.co.uk/id/7000000000041429,Scotland,http://data.ordnancesurvey.co.uk/id/country/scotland,,,
HS95UL,http://data.ordnancesurvey.co.uk/id/postcodeunit/HS95UL,HS9 5UL,,,,other,Postcode,66886.000,797968.000,3500,18000,,,,,,,Bàgh a'Chaisteil / Castlebay,http://data.ordnancesurvey.co.uk/id/4000000074335152,http://www.ordnancesurvey.co.uk/xml/codelists/localtype.xml#village,,,,Na h-Eileanan an Iar,http://data.ordnancesurvey.co.uk/id/7000000000030022,http://data.ordnancesurvey.co.uk/ontology/admingeo/UnitaryAuthority,Scotland,http://data.ordnancesurvey.co.uk/id/7000000000041429,Scotland,http://data.ordnancesurvey.co.uk/id/country/scotland,,,
HS95UZ,http://data.ordnancesurvey.co.uk/id/postcodeunit/HS95UZ,HS9 5UZ,,,,other,Postcode,66509.000,797962.000,3500,18000,,,,,,,,,,,,,Na h-Eileanan an Iar,http://data.ordnancesurvey.co.uk/id/7000000000030022,http://data.ordnancesurvey.co.uk/ontology/admingeo/UnitaryAuthority,Scotland,http://data.ordnancesurvey.co.uk/id/7000000000041429,Scotland,http://data.ordnancesurvey.co.uk/id/country/scotland,,,
HS95UP,http://data.ordnancesurvey.co.uk/id/postcodeunit/HS95UP,HS9 5UP,,,,other,Postcode,69823.000,799444.000,3500,18000,,,,,,,Brèibhig / Brevig,http://data.ordnancesurvey.co.uk/id/4000000074542604,http://www.ordnancesurvey.co.uk/xml/codelists/localtype.xml#village,,,,Na h-Eileanan an Iar,http://data.ordnancesurvey.co.uk/id/7000000000030022,http://data.ordnancesurvey.co.uk/ontology/admingeo/UnitaryAuthority,Scotland,http://data.ordnancesurvey.co.uk/id/7000000000041429,Scotland,http://data.ordnancesurvey.co.uk/id/country/scotland,,,
HS95UH,http://data.ordnancesurvey.co.uk/id/postcodeunit/HS95UH,HS9 5UH,,,,other,Postcode,67682.000,798487.000,3500,18000,,,,,,,Bàgh a'Chaisteil / Castlebay,http://data.ordnancesurvey.co.uk/id/4000000074335152,http://www.ordnancesurvey.co.uk/xml/codelists/localtype.xml#village,,,,Na h-Eileanan an Iar,http://data.ordnancesurvey.co.uk/id/7000000000030022,http://data.ordnancesurvey.co.uk/ontology/admingeo/UnitaryAuthority,Scotland,http://data.ordnancesurvey.co.uk/id/7000000000041429,Scotland,http://data.ordnancesurvey.co.uk/id/country/scotland,,,
HS95XA,http://data.ordnancesurvey.co.uk/id/postcodeunit/HS95XA,HS9 5XA,,,,other,Postcode,63093.000,794411.000,3500,18000,,,,,,,Vatersay / Bhatarsaigh,http://data.ordnancesurvey.co.uk/id/4000000074542669,http://www.ordnancesurvey.co.uk/xml/codelists/localtype.xml#hamlet,,,,Na h-Eileanan an Iar,http://data.ordnancesurvey.co.uk/id/7000000000030022,http://data.ordnancesurvey.co.uk/ontology/admingeo/UnitaryAuthority,Scotland,http://data.ordnancesurvey.co.uk/id/7000000000041429,Scotland,http://data.ordnancesurvey.co.uk/id/country/scotland,,,
HS95UR,http://data.ordnancesurvey.co.uk/id/postcodeunit/HS95UR,HS9 5UR,,,,other,Postcode,70482.000,799822.000,3500,18000,,,,,,,Earsairidh / Earsary,http://data.ordnancesurvey.co.uk/id/4000000074570637,http://www.ordnancesurvey.co.uk/xml/codelists/localtype.xml#hamlet,,,,Na h-Eileanan an Iar,http://data.ordnancesurvey.co.uk/id/7000000000030022,http://data.ordnancesurvey.co.uk/ontology/admingeo/UnitaryAuthority,Scotland,http://data.ordnancesurvey.co.uk/id/7000000000041429,Scotland,http://data.ordnancesurvey.co.uk/id/country/scotland,,,
HS95UB,http://data.ordnancesurvey.co.uk/id/postcodeunit/HS95UB,HS9 5UB,,,,other,Postcode,69893.000,799303.000,3500,18000,,,,,,,Brèibhig / Brevig,http://data.ordnancesurvey.co.uk/id/4000000074542604,http://www.ordnancesurvey.co.uk/xml/codelists/localtype.xml#village,,,,Na h-Eileanan an Iar,http://data.ordnancesurvey.co.uk/id/7000000000030022,http://data.ordnancesurvey.co.uk/ontology/admingeo/UnitaryAuthority,Scotland,http://data.ordnancesurvey.co.uk/id/7000000000041429,Scotland,http://data.ordnancesurvey.co.uk/id/country/scotland,,,
HS95XB,http://data.ordnancesurvey.co.uk/id/postcodeunit/HS95XB,HS9 5XB,,,,other,Postcode,66150.000,798412.000,3500,18000,,,,,,,Bàgh a'Chaisteil / Castlebay,http://data.ordnancesurvey.co.uk/id/4000000074335152,http://www.ordnancesurvey.co.uk/xml/codelists/localtype.xml#village,,,,Na h-Eileanan an Iar,http://data.ordnancesurvey.co.uk/id/7000000000030022,http://data.ordnancesurvey.co.uk/ontology/admingeo/UnitaryAuthority,Scotland,http://data.ordnancesurvey.co.uk/id/7000000000041429,Scotland,http://data.ordnancesurvey.co.uk/id/country/scotland,,,
HS95YU,http://data.ordnancesurvey.co.uk/id/postcodeunit/HS95YU,HS9 5YU,,,,other,Postcode,63222.000,794554.000,3500,18000,,,,,,,Vatersay / Bhatarsaigh,http://data.ordnancesurvey.co.uk/id/4000000074542669,http://www.ordnancesurvey.co.uk/xml/codelists/localtype.xml#hamlet,,,,Na h-Eileanan an Iar,http://data.ordnancesurvey.co.uk/id/7000000000030022,http://data.ordnancesurvey.co.uk/ontology/admingeo/UnitaryAuthority,Scotland,http://data.ordnancesurvey.co.uk/id/7000000000041429,Scotland,http://data.ordnancesurvey.co.uk/id/country/scotland,,,
HS95XP,http://data.ordnancesurvey.co.uk/id/postcodeunit/HS95XP,HS9 5XP,,,,other,Postcode,65854.000,798156.000,3500,18000,,,,,,,Bàgh a'Chaisteil / Castlebay,http://data.ordnancesurvey.co.uk/id/4000000074335152,http://www.ordnancesurvey.co.uk/xml/codelists/localtype.xml#village,,,,Na h-Eileanan an Iar,http://data.ordnancesurvey.co.uk/id/7000000000030022,http://data.ordnancesurvey.co.uk/ontology/admingeo/UnitaryAuthority,Scotland,http://data.ordnancesurvey.co.uk/id/7000000000041429,Scotland,http://data.ordnancesurvey.co.uk/id/country/scotland,,,
HS95UQ,http://data.ordnancesurvey.co.uk/id/postcodeunit/HS95UQ,HS9 5UQ,,,,other,Postcode,66968.000,798302.000,3500,18000,,,,,,,Bàgh a'Chaisteil / Castlebay,http://data.ordnancesurvey.co.uk/id/4000000074335152,http://www.ordnancesurvey.co.uk/xml/codelists/localtype.xml#village,,,,Na h-Eileanan an Iar,http://data.ordnancesurvey.co.uk/id/7000000000030022,http://data.ordnancesurvey.co.uk/ontology/admingeo/UnitaryAuthority,Scotland,http://data.ordnancesurvey.co.uk/id/7000000000041429,Scotland,http://data.ordnancesurvey.co.uk/id/country/scotland,,,
HS95XE,http://data.ordnancesurvey.co.uk/id/postcodeunit/HS95XE,HS9 5XE,,,,other,Postcode,65929.000,798150.000,3500,18000,,,,,,,Bàgh a'Chaisteil / Castlebay,http://data.ordnancesurvey.co.uk/id/4000000074335152,http://www.ordnancesurvey.co.uk/xml/codelists/localtype.xml#village,,,,Na h-Eileanan an Iar,http://data.ordnancesurvey.co.uk/id/7000000000030022,http://data.ordnancesurvey.co.uk/ontology/admingeo/UnitaryAuthority,Scotland,http://data.ordnancesurvey.co.uk/id/7000000000041429,Scotland,http://data.ordnancesurvey.co.uk/id/country/scotland,,,
HS95XN,http://data.ordnancesurvey.co.uk/id/postcodeunit/HS95XN,HS9 5XN,,,,other,Postcode,65375.000,798437.000,3500,18000,,,,,,,Nasg / Nask,http://data.ordnancesurvey.co.uk/id/4000000074570638,http://www.ordnancesurvey.co.uk/xml/codelists/localtype.xml#hamlet,,,,Na h-Eileanan an Iar,http://data.ordnancesurvey.co.uk/id/7000000000030022,http://data.ordnancesurvey.co.uk/ontology/admingeo/UnitaryAuthority,Scotland,http://data.ordnancesurvey.co.uk/id/7000000000041429,Scotland,http://data.ordnancesurvey.co.uk/id/country/scotland,,,
HS95UA,http://data.ordnancesurvey.co.uk/id/postcodeunit/HS95UA,HS9 5UA,,,,other,Postcode,69412.000,798939.000,3500,18000,,,,,,,Brèibhig / Brevig,http://data.ordnancesurvey.co.uk/id/4000000074542604,http://www.ordnancesurvey.co.uk/xml/codelists/localtype.xml#village,,,,Na h-Eileanan an Iar,http://data.ordnancesurvey.co.uk/id/7000000000030022,http://data.ordnancesurvey.co.uk/ontology/admingeo/UnitaryAuthority,Scotland,http://data.ordnancesurvey.co.uk/id/7000000000041429,Scotland,http://data.ordnancesurvey.co.uk/id/country/scotland,,,
HS95UN,http://data.ordnancesurvey.co.uk/id/postcodeunit/HS95UN,HS9 5UN,,,,other,Postcode,69107.000,798862.000,3500,18000,,,,,,,Brèibhig / Brevig,http://data.ordnancesurvey.co.uk/id/4000000074542604,http://www.ordnancesurvey.co.uk/xml/codelists/localtype.xml#village,,,,Na h-Eileanan an Iar,http://data.ordnancesurvey.co.uk/id/7000000000030022,http://data.ordnancesurvey.co.uk/ontology/admingeo/UnitaryAuthority,Scotland,http://data.ordnancesurvey.co.uk/id/7000000000041429,Scotland,http://data.ordnancesurvey.co.uk/id/country/scotland,,,
HS95XD,http://data.ordnancesurvey.co.uk/id/postcodeunit/HS95XD,HS9 5XD,,,,other,Postcode,66531.000,798341.000,3500,18000,,,,,,,Bàgh a'Chaisteil / Castlebay,http://data.ordnancesurvey.co.uk/id/4000000074335152,http://www.ordnancesurvey.co.uk/xml/codelists/localtype.xml#village,,,,Na h-Eileanan an Iar,http://data.ordnancesurvey.co.uk/id/7000000000030022,http://data.ordnancesurvey.co.uk/ontology/admingeo/UnitaryAuthority,Scotland,http://data.ordnancesurvey.co.uk/id/7000000000041429,Scotland,http://data.ordnancesurvey.co.uk/id/country/scotland,,,
HS95UJ,http://data.ordnancesurvey.co.uk/id/postcodeunit/HS95UJ,HS9 5UJ,,,,other,Postcode,66882.000,798120.000,3500,18000,,,,,,,Bàgh a'Chaisteil / Castlebay,http://data.ordnancesurvey.co.uk/id/4000000074335152,http://www.ordnancesurvey.co.uk/xml/codelists/localtype.xml#village,,,,Na h-Eileanan an Iar,http://data.ordnancesurvey.co.uk/id/7000000000030022,http://data.ordnancesurvey.co.uk/ontology/admingeo/UnitaryAuthority,Scotland,http://data.ordnancesurvey.co.uk/id/7000000000041429,Scotland,http://data.ordnancesurvey.co.uk/id/country/scotland,,,
HS95UW,http://data.ordnancesurvey.co.uk/id/postcodeunit/HS95UW,HS9 5UW,,,,other,Postcode,69940.000,799101.000,3500,18000,,,,,,,Brèibhig / Brevig,http://data.ordnancesurvey.co.uk/id/4000000074542604,http://www.ordnancesurvey.co.uk/xml/codelists/localtype.xml#village,,,,Na h-Eileanan an Iar,http://data.ordnancesurvey.co.uk/id/7000000000030022,http://data.ordnancesurvey.co.uk/ontology/admingeo/UnitaryAuthority,Scotland,http://data.ordnancesurvey.co.uk/id/7000000000041429,Scotland,http://data.ordnancesurvey.co.uk/id/country/scotland,,,
HS95YP,http://data.ordnancesurvey.co.uk/id/postcodeunit/HS95YP,HS9 5YP,,,,other,Postcode,63814.000,797169.000,3500,18000,,,,,,,Caolas / Caolis,http://data.ordnancesurvey.co.uk/id/4000000074579796,http://www.ordnancesurvey.co.uk/xml/codelists/localtype.xml#otherSettlement,,,,Na h-Eileanan an Iar,http://data.ordnancesurvey.co.uk/id/7000000000030022,http://data.ordnancesurvey.co.uk/ontology/admingeo/UnitaryAuthority,Scotland,http://data.ordnancesurvey.co.uk/id/7000000000041429,Scotland,http://data.ordnancesurvey.co.uk/id/country/scotland,,,
HS95YN,http://data.ordnancesurvey.co.uk/id/postcodeunit/HS95YN,HS9 5YN,,,,other,Postcode,65331.000,796062.000,3500,18000,,,,,,,Uidh,http://data.ordnancesurvey.co.uk/id/4000000074335154,http://www.ordnancesurvey.co.uk/xml/codelists/localtype.xml#hamlet,,,,Na h-Eileanan an Iar,http://data.ordnancesurvey.co.uk/id/7000000000030022,http://data.ordnancesurvey.co.uk/ontology/admingeo/UnitaryAuthority,Scotland,http://data.ordnancesurvey.co.uk/id/7000000000041429,Scotland,http://data.ordnancesurvey.co.uk/id/country/scotland,,,
osgb5000005116948026,http://data.ordnancesurvey.co.uk/id/5000005116948026,Maol Domhnaich,,,,transportNetwork,Named Road,65869.000,798148.000,1000,20000,65854.000,798130.000,65881.156,798174.463,HS9,http://data.ordnancesurvey.co.uk/id/postcodedistrict/HS9,Bàgh a'Chaisteil / Castlebay,http://data.ordnancesurvey.co.uk/id/4000000074335152,http://www.ordnancesurvey.co.uk/xml/codelists/localtype.xml#village,,,,Na h-Eileanan an Iar,http://data.ordnancesurvey.co.uk/id/7000000000030022,http://data.ordnancesurvey.co.uk/ontology/admingeo/UnitaryAuthority,Scotland,http://data.ordnancesurvey.co.uk/id/7000000000041429,Scotland,http://data.ordnancesurvey.co.uk/id/country/scotland,,,
osgb4000000004218904,http://data.ordnancesurvey.co.uk/id/4000000004218904,St Brendan Road,,,,transportNetwork,Named Road,65829.000,798267.000,1000,20000,65744.000,798214.753,65830.000,798362.000,HS9,http://data.ordnancesurvey.co.uk/id/postcodedistrict/HS9,Bàgh a'Chaisteil / Castlebay,http://data.ordnancesurvey.co.uk/id/4000000074335152,http://www.ordnancesurvey.co.uk/xml/codelists/localtype.xml#village,,,,Na h-Eileanan an Iar,http://data.ordnancesurvey.co.uk/id/7000000000030022,http://data.ordnancesurvey.co.uk/ontology/admingeo/UnitaryAuthority,Scotland,http://data.ordnancesurvey.co.uk/id/7000000000041429,Scotland,http://data.ordnancesurvey.co.uk/id/country/scotland,,,
osgb4000000004218902,http://data.ordnancesurvey.co.uk/id/4000000004218902,Rathad Naomh Bhrianan,gla,St Brendan Road,eng,transportNetwork,Named Road,65747.051,798287.805,3000,20000,65702.000,798105.000,65895.000,798512.000,HS9,http://data.ordnancesurvey.co.uk/id/postcodedistrict/HS9,Bàgh a'Chaisteil / Castlebay,http://data.ordnancesurvey.co.uk/id/4000000074335152,http://www.ordnancesurvey.co.uk/xml/codelists/localtype.xml#village,,,,Na h-Eileanan an Iar,http://data.ordnancesurvey.co.uk/id/7000000000030022,http://data.ordnancesurvey.co.uk/ontology/admingeo/UnitaryAuthority,Scotland,http://data.ordnancesurvey.co.uk/id/7000000000041429,Scotland,http://data.ordnancesurvey.co.uk/id/country/scotland,,,
osgb4000000004218901,http://data.ordnancesurvey.co.uk/id/4000000004218901,Rathad Na Horgh,,,,transportNetwork,Named Road,66026.000,798246.000,2000,20000,65895.000,798105.000,66189.500,798386.250,HS9,http://data.ordnancesurvey.co.uk/id/postcodedistrict/HS9,Bàgh a'Chaisteil / Castlebay,http://data.ordnancesurvey.co.uk/id/4000000074335152,http://www.ordnancesurvey.co.uk/xml/codelists/localtype.xml#village,,,,Na h-Eileanan an Iar,http://data.ordnancesurvey.co.uk/id/7000000000030022,http://data.ordnancesurvey.co.uk/ontology/admingeo/UnitaryAuthority,Scotland,http://data.ordnancesurvey.co.uk/id/7000000000041429,Scotland,http://data.ordnancesurvey.co.uk/id/country/scotland,,,
osgb4000000004218911,http://data.ordnancesurvey.co.uk/id/4000000004218911,The Square,,,,transportNetwork,Named Road,65529.000,798817.000,1000,20000,65529.000,798811.750,65531.750,798817.000,HS9,http://data.ordnancesurvey.co.uk/id/postcodedistrict/HS9,Ceann Tangabhal / Kentangaval,http://data.ordnancesurvey.co.uk/id/4000000074542681,http://www.ordnancesurvey.co.uk/xml/codelists/localtype.xml#hamlet,,,,Na h-Eileanan an Iar,http://data.ordnancesurvey.co.uk/id/7000000000030022,http://data.ordnancesurvey.co.uk/ontology/admingeo/UnitaryAuthority,Scotland,http://data.ordnancesurvey.co.uk/id/7000000000041429,Scotland,http://data.ordnancesurvey.co.uk/id/country/scotland,,,
osgb4000000004218905,http://data.ordnancesurvey.co.uk/id/4000000004218905,The Square,,,,transportNetwork,Named Road,67299.616,798246.980,2000,20000,67175.000,798197.000,67427.979,798311.424,HS9,http://data.ordnancesurvey.co.uk/id/postcodedistrict/HS9,Bàgh a'Chaisteil / Castlebay,http://data.ordnancesurvey.co.uk/id/4000000074335152,http://www.ordnancesurvey.co.uk/xml/codelists/localtype.xml#village,,,,Na h-Eileanan an Iar,http://data.ordnancesurvey.co.uk/id/7000000000030022,http://data.ordnancesurvey.co.uk/ontology/admingeo/UnitaryAuthority,Scotland,http://data.ordnancesurvey.co.uk/id/7000000000041429,Scotland,http://data.ordnancesurvey.co.uk/id/country/scotland,,,
osgb4000000004218906,http://data.ordnancesurvey.co.uk/id/4000000004218906,Pier Road,,,,transportNetwork,Named Road,66601.000,798206.000,1000,20000,66565.000,798145.000,66626.000,798272.000,HS9,http://data.ordnancesurvey.co.uk/id/postcodedistrict/HS9,Bàgh a'Chaisteil / Castlebay,http://data.ordnancesurvey.co.uk/id/4000000074335152,http://www.ordnancesurvey.co.uk/xml/codelists/localtype.xml#village,,,,Na h-Eileanan an Iar,http://data.ordnancesurvey.co.uk/id/7000000000030022,http://data.ordnancesurvey.co.uk/ontology/admingeo/UnitaryAuthority,Scotland,http://data.ordnancesurvey.co.uk/id/7000000000041429,Scotland,http://data.ordnancesurvey.co.uk/id/country/scotland,,,
osgb4000000003423801,http://data.ordnancesurvey.co.uk/id/4000000003423801,A888,,,,transportNetwork,Numbered Road,68784.000,798845.000,43000,1000000,64890.000,798140.750,71502.211,803651.000,HS9,http://data.ordnancesurvey.co.uk/id/postcodedistrict/HS9,Brèibhig / Brevig,http://data.ordnancesurvey.co.uk/id/4000000074542604,http://www.ordnancesurvey.co.uk/xml/codelists/localtype.xml#village,,,,Na h-Eileanan an Iar,http://data.ordnancesurvey.co.uk/id/7000000000030022,http://data.ordnancesurvey.co.uk/ontology/admingeo/UnitaryAuthority,Scotland,http://data.ordnancesurvey.co.uk/id/7000000000041429,Scotland,http://data.ordnancesurvey.co.uk/id/country/scotland,,,
HS95XF,http://data.ordnancesurvey.co.uk/id/postcodeunit/HS95XF,HS9 5XF,,,,other,Postcode,65836.000,798375.000,3500,18000,,,,,,,Bàgh a'Chaisteil / Castlebay,http://data.ordnancesurvey.co.uk/id/4000000074335152,http://www.ordnancesurvey.co.uk/xml/codelists/localtype.xml#village,,,,Na h-Eileanan an Iar,http://data.ordnancesurvey.co.uk/id/7000000000030022,http://data.ordnancesurvey.co.uk/ontology/admingeo/UnitaryAuthority,Scotland,http://data.ordnancesurvey.co.uk/id/7000000000041429,Scotland,http://data.ordnancesurvey.co.uk/id/country/scotland,,,
HS95YL,http://data.ordnancesurvey.co.uk/id/postcodeunit/HS95YL,HS9 5YL,,,,other,Postcode,63280.000,797381.000,3500,18000,,,,,,,Caolas / Caolis,http://data.ordnancesurvey.co.uk/id/4000000074579796,http://www.ordnancesurvey.co.uk/xml/codelists/localtype.xml#otherSettlement,,,,Na h-Eileanan an Iar,http://data.ordnancesurvey.co.uk/id/7000000000030022,http://data.ordnancesurvey.co.uk/ontology/admingeo/UnitaryAuthority,Scotland,http://data.ordnancesurvey.co.uk/id/7000000000041429,Scotland,http://data.ordnancesurvey.co.uk/id/country/scotland,,,
