﻿osgb4000000074553862,http://data.ordnancesurvey.co.uk/id/4000000074553862,Kirkapol,,,,populatedPlace,Other Settlement,104424.600,747040.600,15000,25000,103867.475,746654.542,105163.261,747708.300,PA77,http://data.ordnancesurvey.co.uk/id/postcodedistrict/PA77,,,,,,,Argyll and Bute,http://data.ordnancesurvey.co.uk/id/7000000000030106,http://data.ordnancesurvey.co.uk/ontology/admingeo/UnitaryAuthority,Scotland,http://data.ordnancesurvey.co.uk/id/7000000000041429,Scotland,http://data.ordnancesurvey.co.uk/id/country/scotland,,,
osgb4000000074553861,http://data.ordnancesurvey.co.uk/id/4000000074553861,Gott,,,,populatedPlace,Other Settlement,103883.550,746287.720,15000,25000,103412.034,745733.765,104127.030,747011.809,PA77,http://data.ordnancesurvey.co.uk/id/postcodedistrict/PA77,,,,,,,Argyll and Bute,http://data.ordnancesurvey.co.uk/id/7000000000030106,http://data.ordnancesurvey.co.uk/ontology/admingeo/UnitaryAuthority,Scotland,http://data.ordnancesurvey.co.uk/id/7000000000041429,Scotland,http://data.ordnancesurvey.co.uk/id/country/scotland,,,
osgb4000000074553479,http://data.ordnancesurvey.co.uk/id/4000000074553479,Caolas,gla,Caoles,eng,populatedPlace,Other Settlement,108400.000,748884.000,15000,25000,107971.355,747811.960,109605.625,749805.040,PA77,http://data.ordnancesurvey.co.uk/id/postcodedistrict/PA77,,,,,,,Argyll and Bute,http://data.ordnancesurvey.co.uk/id/7000000000030106,http://data.ordnancesurvey.co.uk/ontology/admingeo/UnitaryAuthority,Scotland,http://data.ordnancesurvey.co.uk/id/7000000000041429,Scotland,http://data.ordnancesurvey.co.uk/id/country/scotland,,,http://sws.geonames.org/2653863
osgb4000000074551971,http://data.ordnancesurvey.co.uk/id/4000000074551971,Grishipoll,,,,populatedPlace,Other Settlement,118990.935,759232.219,15000,25000,118616.241,759039.736,119232.479,759810.033,PA78,http://data.ordnancesurvey.co.uk/id/postcodedistrict/PA78,,,,,,,Argyll and Bute,http://data.ordnancesurvey.co.uk/id/7000000000030106,http://data.ordnancesurvey.co.uk/ontology/admingeo/UnitaryAuthority,Scotland,http://data.ordnancesurvey.co.uk/id/7000000000041429,Scotland,http://data.ordnancesurvey.co.uk/id/country/scotland,,,
osgb4000000074553858,http://data.ordnancesurvey.co.uk/id/4000000074553858,Ruaig,,,,populatedPlace,Other Settlement,106443.450,747950.290,15000,25000,105930.257,747109.811,107445.551,748235.929,PA77,http://data.ordnancesurvey.co.uk/id/postcodedistrict/PA77,,,,,,,Argyll and Bute,http://data.ordnancesurvey.co.uk/id/7000000000030106,http://data.ordnancesurvey.co.uk/ontology/admingeo/UnitaryAuthority,Scotland,http://data.ordnancesurvey.co.uk/id/7000000000041429,Scotland,http://data.ordnancesurvey.co.uk/id/country/scotland,,,
osgb4000000074551585,http://data.ordnancesurvey.co.uk/id/4000000074551585,Uig,,,,populatedPlace,Other Settlement,116797.960,754665.060,15000,25000,116305.059,754121.734,117263.984,755705.801,PA78,http://data.ordnancesurvey.co.uk/id/postcodedistrict/PA78,,,,,,,Argyll and Bute,http://data.ordnancesurvey.co.uk/id/7000000000030106,http://data.ordnancesurvey.co.uk/ontology/admingeo/UnitaryAuthority,Scotland,http://data.ordnancesurvey.co.uk/id/7000000000041429,Scotland,http://data.ordnancesurvey.co.uk/id/country/scotland,,,
osgb4000000074541095,http://data.ordnancesurvey.co.uk/id/4000000074541095,Salum,,,,populatedPlace,Hamlet,106810.100,748148.180,5000,25000,106543.483,748016.502,107043.483,749043.258,PA77,http://data.ordnancesurvey.co.uk/id/postcodedistrict/PA77,,,,,,,Argyll and Bute,http://data.ordnancesurvey.co.uk/id/7000000000030106,http://data.ordnancesurvey.co.uk/ontology/admingeo/UnitaryAuthority,Scotland,http://data.ordnancesurvey.co.uk/id/7000000000041429,Scotland,http://data.ordnancesurvey.co.uk/id/country/scotland,,,
osgb4000000074569920,http://data.ordnancesurvey.co.uk/id/4000000074569920,Balephetrish,,,,populatedPlace,Other Settlement,101479.600,747146.880,15000,25000,100871.005,746900.731,101926.744,747559.013,PA77,http://data.ordnancesurvey.co.uk/id/postcodedistrict/PA77,,,,,,,Argyll and Bute,http://data.ordnancesurvey.co.uk/id/7000000000030106,http://data.ordnancesurvey.co.uk/ontology/admingeo/UnitaryAuthority,Scotland,http://data.ordnancesurvey.co.uk/id/7000000000041429,Scotland,http://data.ordnancesurvey.co.uk/id/country/scotland,,,
osgb4000000074553859,http://data.ordnancesurvey.co.uk/id/4000000074553859,Heanish,,,,populatedPlace,Other Settlement,103641.300,744015.400,15000,25000,102626.428,743585.988,104001.985,744085.988,PA77,http://data.ordnancesurvey.co.uk/id/postcodedistrict/PA77,,,,,,,Argyll and Bute,http://data.ordnancesurvey.co.uk/id/7000000000030106,http://data.ordnancesurvey.co.uk/ontology/admingeo/UnitaryAuthority,Scotland,http://data.ordnancesurvey.co.uk/id/7000000000041429,Scotland,http://data.ordnancesurvey.co.uk/id/country/scotland,,,
osgb4000000074545420,http://data.ordnancesurvey.co.uk/id/4000000074545420,Millton,,,,populatedPlace,Hamlet,108800.000,747420.000,5000,25000,108409.844,747083.309,109212.385,747742.160,PA77,http://data.ordnancesurvey.co.uk/id/postcodedistrict/PA77,,,,,,,Argyll and Bute,http://data.ordnancesurvey.co.uk/id/7000000000030106,http://data.ordnancesurvey.co.uk/ontology/admingeo/UnitaryAuthority,Scotland,http://data.ordnancesurvey.co.uk/id/7000000000041429,Scotland,http://data.ordnancesurvey.co.uk/id/country/scotland,,,
osgb4000000074553478,http://data.ordnancesurvey.co.uk/id/4000000074553478,Baugh,,,,populatedPlace,Other Settlement,102274.190,743856.440,15000,25000,101785.440,743636.955,102652.359,745009.842,PA77,http://data.ordnancesurvey.co.uk/id/postcodedistrict/PA77,,,,,,,Argyll and Bute,http://data.ordnancesurvey.co.uk/id/7000000000030106,http://data.ordnancesurvey.co.uk/ontology/admingeo/UnitaryAuthority,Scotland,http://data.ordnancesurvey.co.uk/id/7000000000041429,Scotland,http://data.ordnancesurvey.co.uk/id/country/scotland,,,http://sws.geonames.org/2656156
osgb4000000074551969,http://data.ordnancesurvey.co.uk/id/4000000074551969,Acha,,,,populatedPlace,Hamlet,118620.960,754859.110,5000,25000,118374.486,754646.887,118874.486,755146.887,PA78,http://data.ordnancesurvey.co.uk/id/postcodedistrict/PA78,,,,,,,Argyll and Bute,http://data.ordnancesurvey.co.uk/id/7000000000030106,http://data.ordnancesurvey.co.uk/ontology/admingeo/UnitaryAuthority,Scotland,http://data.ordnancesurvey.co.uk/id/7000000000041429,Scotland,http://data.ordnancesurvey.co.uk/id/country/scotland,,,http://sws.geonames.org/2657769
osgb4000000074553860,http://data.ordnancesurvey.co.uk/id/4000000074553860,Scarinish,,,,populatedPlace,Village,104312.000,744902.000,11000,250000,103809.999,744140.001,104961.471,745787.240,PA77,http://data.ordnancesurvey.co.uk/id/postcodedistrict/PA77,,,,,,,Argyll and Bute,http://data.ordnancesurvey.co.uk/id/7000000000030106,http://data.ordnancesurvey.co.uk/ontology/admingeo/UnitaryAuthority,Scotland,http://data.ordnancesurvey.co.uk/id/7000000000041429,Scotland,http://data.ordnancesurvey.co.uk/id/country/scotland,,http://dbpedia.org/resource/Scarinish,http://sws.geonames.org/2638409
PA776UY,http://data.ordnancesurvey.co.uk/id/postcodeunit/PA776UY,PA77 6UY,,,,other,Postcode,101097.000,746968.000,3500,18000,,,,,,,Balephetrish,http://data.ordnancesurvey.co.uk/id/4000000074569920,http://www.ordnancesurvey.co.uk/xml/codelists/localtype.xml#otherSettlement,,,,Argyll and Bute,http://data.ordnancesurvey.co.uk/id/7000000000030106,http://data.ordnancesurvey.co.uk/ontology/admingeo/UnitaryAuthority,Scotland,http://data.ordnancesurvey.co.uk/id/7000000000041429,Scotland,http://data.ordnancesurvey.co.uk/id/country/scotland,,,
PA776UN,http://data.ordnancesurvey.co.uk/id/postcodeunit/PA776UN,PA77 6UN,,,,other,Postcode,101999.000,744150.000,3500,18000,,,,,,,Baugh,http://data.ordnancesurvey.co.uk/id/4000000074553478,http://www.ordnancesurvey.co.uk/xml/codelists/localtype.xml#otherSettlement,,,,Argyll and Bute,http://data.ordnancesurvey.co.uk/id/7000000000030106,http://data.ordnancesurvey.co.uk/ontology/admingeo/UnitaryAuthority,Scotland,http://data.ordnancesurvey.co.uk/id/7000000000041429,Scotland,http://data.ordnancesurvey.co.uk/id/country/scotland,,,
PA776TN,http://data.ordnancesurvey.co.uk/id/postcodeunit/PA776TN,PA77 6TN,,,,other,Postcode,104428.000,745620.000,3500,18000,,,,,,,Scarinish,http://data.ordnancesurvey.co.uk/id/4000000074553860,http://www.ordnancesurvey.co.uk/xml/codelists/localtype.xml#village,,,,Argyll and Bute,http://data.ordnancesurvey.co.uk/id/7000000000030106,http://data.ordnancesurvey.co.uk/ontology/admingeo/UnitaryAuthority,Scotland,http://data.ordnancesurvey.co.uk/id/7000000000041429,Scotland,http://data.ordnancesurvey.co.uk/id/country/scotland,,,
PA776TP,http://data.ordnancesurvey.co.uk/id/postcodeunit/PA776TP,PA77 6TP,,,,other,Postcode,104988.000,748479.000,3500,18000,,,,,,,Vaul,http://data.ordnancesurvey.co.uk/id/4000000074553863,http://www.ordnancesurvey.co.uk/xml/codelists/localtype.xml#otherSettlement,,,,Argyll and Bute,http://data.ordnancesurvey.co.uk/id/7000000000030106,http://data.ordnancesurvey.co.uk/ontology/admingeo/UnitaryAuthority,Scotland,http://data.ordnancesurvey.co.uk/id/7000000000041429,Scotland,http://data.ordnancesurvey.co.uk/id/country/scotland,,,
PA776TT,http://data.ordnancesurvey.co.uk/id/postcodeunit/PA776TT,PA77 6TT,,,,other,Postcode,108884.000,747334.000,3500,18000,,,,,,,Millton,http://data.ordnancesurvey.co.uk/id/4000000074545420,http://www.ordnancesurvey.co.uk/xml/codelists/localtype.xml#hamlet,,,,Argyll and Bute,http://data.ordnancesurvey.co.uk/id/7000000000030106,http://data.ordnancesurvey.co.uk/ontology/admingeo/UnitaryAuthority,Scotland,http://data.ordnancesurvey.co.uk/id/7000000000041429,Scotland,http://data.ordnancesurvey.co.uk/id/country/scotland,,,
PA786TB,http://data.ordnancesurvey.co.uk/id/postcodeunit/PA786TB,PA78 6TB,,,,other,Postcode,117002.000,754948.000,3500,18000,,,,,,,,,,,,,Argyll and Bute,http://data.ordnancesurvey.co.uk/id/7000000000030106,http://data.ordnancesurvey.co.uk/ontology/admingeo/UnitaryAuthority,Scotland,http://data.ordnancesurvey.co.uk/id/7000000000041429,Scotland,http://data.ordnancesurvey.co.uk/id/country/scotland,,,
PA776TR,http://data.ordnancesurvey.co.uk/id/postcodeunit/PA776TR,PA77 6TR,,,,other,Postcode,106574.000,747795.000,3500,18000,,,,,,,Ruaig,http://data.ordnancesurvey.co.uk/id/4000000074553858,http://www.ordnancesurvey.co.uk/xml/codelists/localtype.xml#otherSettlement,,,,Argyll and Bute,http://data.ordnancesurvey.co.uk/id/7000000000030106,http://data.ordnancesurvey.co.uk/ontology/admingeo/UnitaryAuthority,Scotland,http://data.ordnancesurvey.co.uk/id/7000000000041429,Scotland,http://data.ordnancesurvey.co.uk/id/country/scotland,,,
PA776UH,http://data.ordnancesurvey.co.uk/id/postcodeunit/PA776UH,PA77 6UH,,,,other,Postcode,104166.000,744539.000,3500,18000,,,,,,,Scarinish,http://data.ordnancesurvey.co.uk/id/4000000074553860,http://www.ordnancesurvey.co.uk/xml/codelists/localtype.xml#village,,,,Argyll and Bute,http://data.ordnancesurvey.co.uk/id/7000000000030106,http://data.ordnancesurvey.co.uk/ontology/admingeo/UnitaryAuthority,Scotland,http://data.ordnancesurvey.co.uk/id/7000000000041429,Scotland,http://data.ordnancesurvey.co.uk/id/country/scotland,,,
PA776AB,http://data.ordnancesurvey.co.uk/id/postcodeunit/PA776AB,PA77 6AB,,,,other,Postcode,104608.000,745264.000,3500,18000,,,,,,,Scarinish,http://data.ordnancesurvey.co.uk/id/4000000074553860,http://www.ordnancesurvey.co.uk/xml/codelists/localtype.xml#village,,,,Argyll and Bute,http://data.ordnancesurvey.co.uk/id/7000000000030106,http://data.ordnancesurvey.co.uk/ontology/admingeo/UnitaryAuthority,Scotland,http://data.ordnancesurvey.co.uk/id/7000000000041429,Scotland,http://data.ordnancesurvey.co.uk/id/country/scotland,,,
PA776TW,http://data.ordnancesurvey.co.uk/id/postcodeunit/PA776TW,PA77 6TW,,,,other,Postcode,104639.000,747348.000,3500,18000,,,,,,,Kirkapol,http://data.ordnancesurvey.co.uk/id/4000000074553862,http://www.ordnancesurvey.co.uk/xml/codelists/localtype.xml#otherSettlement,,,,Argyll and Bute,http://data.ordnancesurvey.co.uk/id/7000000000030106,http://data.ordnancesurvey.co.uk/ontology/admingeo/UnitaryAuthority,Scotland,http://data.ordnancesurvey.co.uk/id/7000000000041429,Scotland,http://data.ordnancesurvey.co.uk/id/country/scotland,,,
PA776TS,http://data.ordnancesurvey.co.uk/id/postcodeunit/PA776TS,PA77 6TS,,,,other,Postcode,108422.000,749104.000,3500,18000,,,,,,,Caolas / Caoles,http://data.ordnancesurvey.co.uk/id/4000000074553479,http://www.ordnancesurvey.co.uk/xml/codelists/localtype.xml#otherSettlement,,,,Argyll and Bute,http://data.ordnancesurvey.co.uk/id/7000000000030106,http://data.ordnancesurvey.co.uk/ontology/admingeo/UnitaryAuthority,Scotland,http://data.ordnancesurvey.co.uk/id/7000000000041429,Scotland,http://data.ordnancesurvey.co.uk/id/country/scotland,,,
osgb4000000004237910,http://data.ordnancesurvey.co.uk/id/4000000004237910,Pier View,,,,transportNetwork,Named Road,104640.451,745256.960,1000,20000,104602.805,745255.650,104680.524,745308.029,PA77,http://data.ordnancesurvey.co.uk/id/postcodedistrict/PA77,Scarinish,http://data.ordnancesurvey.co.uk/id/4000000074553860,http://www.ordnancesurvey.co.uk/xml/codelists/localtype.xml#village,,,,Argyll and Bute,http://data.ordnancesurvey.co.uk/id/7000000000030106,http://data.ordnancesurvey.co.uk/ontology/admingeo/UnitaryAuthority,Scotland,http://data.ordnancesurvey.co.uk/id/7000000000041429,Scotland,http://data.ordnancesurvey.co.uk/id/country/scotland,,,
osgb4000000004233011,http://data.ordnancesurvey.co.uk/id/4000000004233011,B8070,,,,transportNetwork,Numbered Road,119351.000,754931.000,44000,250000,115742.400,754376.800,122577.000,757353.699,PA78,http://data.ordnancesurvey.co.uk/id/postcodedistrict/PA78,,,,,,,Argyll and Bute,http://data.ordnancesurvey.co.uk/id/7000000000030106,http://data.ordnancesurvey.co.uk/ontology/admingeo/UnitaryAuthority,Scotland,http://data.ordnancesurvey.co.uk/id/7000000000041429,Scotland,http://data.ordnancesurvey.co.uk/id/country/scotland,,,
osgb4000000004233009,http://data.ordnancesurvey.co.uk/id/4000000004233009,B8069,,,,transportNetwork,Numbered Road,106033.281,747688.106,30000,250000,103797.223,746057.000,108486.000,748936.000,PA77,http://data.ordnancesurvey.co.uk/id/postcodedistrict/PA77,,,,,,,Argyll and Bute,http://data.ordnancesurvey.co.uk/id/7000000000030106,http://data.ordnancesurvey.co.uk/ontology/admingeo/UnitaryAuthority,Scotland,http://data.ordnancesurvey.co.uk/id/7000000000041429,Scotland,http://data.ordnancesurvey.co.uk/id/country/scotland,,,
osgb4000000004218909,http://data.ordnancesurvey.co.uk/id/4000000004218909,Sruthan Terrace,,,,transportNetwork,Named Road,100000.000,743814.000,4000,20000,99790.500,743720.779,100385.591,743973.026,PA77,http://data.ordnancesurvey.co.uk/id/postcodedistrict/PA77,Crossapol,http://data.ordnancesurvey.co.uk/id/4000000074569919,http://www.ordnancesurvey.co.uk/xml/codelists/localtype.xml#village,,,,Argyll and Bute,http://data.ordnancesurvey.co.uk/id/7000000000030106,http://data.ordnancesurvey.co.uk/ontology/admingeo/UnitaryAuthority,Scotland,http://data.ordnancesurvey.co.uk/id/7000000000041429,Scotland,http://data.ordnancesurvey.co.uk/id/country/scotland,,,
osgb4000000004233012,http://data.ordnancesurvey.co.uk/id/4000000004233012,B8071,,,,transportNetwork,Numbered Road,119479.378,759508.282,32000,250000,117499.000,757307.301,122360.350,760080.050,PA78,http://data.ordnancesurvey.co.uk/id/postcodedistrict/PA78,,,,,,,Argyll and Bute,http://data.ordnancesurvey.co.uk/id/7000000000030106,http://data.ordnancesurvey.co.uk/ontology/admingeo/UnitaryAuthority,Scotland,http://data.ordnancesurvey.co.uk/id/7000000000041429,Scotland,http://data.ordnancesurvey.co.uk/id/country/scotland,,,
osgb4000000004233008,http://data.ordnancesurvey.co.uk/id/4000000004233008,B8068,,,,transportNetwork,Numbered Road,100772.555,746889.068,42000,250000,97909.350,743311.800,104294.000,747366.150,PA77,http://data.ordnancesurvey.co.uk/id/postcodedistrict/PA77,,,,,,,Argyll and Bute,http://data.ordnancesurvey.co.uk/id/7000000000030106,http://data.ordnancesurvey.co.uk/ontology/admingeo/UnitaryAuthority,Scotland,http://data.ordnancesurvey.co.uk/id/7000000000041429,Scotland,http://data.ordnancesurvey.co.uk/id/country/scotland,,,
osgb4000000004232754,http://data.ordnancesurvey.co.uk/id/4000000004232754,Pier Road,,,,transportNetwork,Named Road,104666.122,745175.954,4000,20000,104294.000,745002.000,104851.815,745429.730,PA77,http://data.ordnancesurvey.co.uk/id/postcodedistrict/PA77,Scarinish,http://data.ordnancesurvey.co.uk/id/4000000074553860,http://www.ordnancesurvey.co.uk/xml/codelists/localtype.xml#village,,,,Argyll and Bute,http://data.ordnancesurvey.co.uk/id/7000000000030106,http://data.ordnancesurvey.co.uk/ontology/admingeo/UnitaryAuthority,Scotland,http://data.ordnancesurvey.co.uk/id/7000000000041429,Scotland,http://data.ordnancesurvey.co.uk/id/country/scotland,,,
PA776UL,http://data.ordnancesurvey.co.uk/id/postcodeunit/PA776UL,PA77 6UL,,,,other,Postcode,103516.000,743868.000,3500,18000,,,,,,,Heanish,http://data.ordnancesurvey.co.uk/id/4000000074553859,http://www.ordnancesurvey.co.uk/xml/codelists/localtype.xml#otherSettlement,,,,Argyll and Bute,http://data.ordnancesurvey.co.uk/id/7000000000030106,http://data.ordnancesurvey.co.uk/ontology/admingeo/UnitaryAuthority,Scotland,http://data.ordnancesurvey.co.uk/id/7000000000041429,Scotland,http://data.ordnancesurvey.co.uk/id/country/scotland,,,
PA776TL,http://data.ordnancesurvey.co.uk/id/postcodeunit/PA776TL,PA77 6TL,,,,other,Postcode,104900.000,745393.000,3500,18000,,,,,,,Scarinish,http://data.ordnancesurvey.co.uk/id/4000000074553860,http://www.ordnancesurvey.co.uk/xml/codelists/localtype.xml#village,,,,Argyll and Bute,http://data.ordnancesurvey.co.uk/id/7000000000030106,http://data.ordnancesurvey.co.uk/ontology/admingeo/UnitaryAuthority,Scotland,http://data.ordnancesurvey.co.uk/id/7000000000041429,Scotland,http://data.ordnancesurvey.co.uk/id/country/scotland,,,
osgb4000000074553863,http://data.ordnancesurvey.co.uk/id/4000000074553863,Vaul,,,,populatedPlace,Other Settlement,105398.490,747478.540,15000,25000,104344.328,747438.347,105531.889,749129.813,PA77,http://data.ordnancesurvey.co.uk/id/postcodedistrict/PA77,,,,,,,Argyll and Bute,http://data.ordnancesurvey.co.uk/id/7000000000030106,http://data.ordnancesurvey.co.uk/ontology/admingeo/UnitaryAuthority,Scotland,http://data.ordnancesurvey.co.uk/id/7000000000041429,Scotland,http://data.ordnancesurvey.co.uk/id/country/scotland,,,http://sws.geonames.org/2635002
