﻿osgb4000000074541272,http://data.ordnancesurvey.co.uk/id/4000000074541272,Pennycross,,,,populatedPlace,Other Settlement,150706.800,726187.510,15000,25000,150265.542,725854.164,150838.285,726354.164,PA70,http://data.ordnancesurvey.co.uk/id/postcodedistrict/PA70,,,,,,,Argyll and Bute,http://data.ordnancesurvey.co.uk/id/7000000000030106,http://data.ordnancesurvey.co.uk/ontology/admingeo/UnitaryAuthority,Scotland,http://data.ordnancesurvey.co.uk/id/7000000000041429,Scotland,http://data.ordnancesurvey.co.uk/id/country/scotland,,,
osgb4000000074551221,http://data.ordnancesurvey.co.uk/id/4000000074551221,Carsaig,,,,populatedPlace,Hamlet,154026.000,721935.000,5000,25000,153406.185,721198.368,154675.825,722191.714,PA70,http://data.ordnancesurvey.co.uk/id/postcodedistrict/PA70,,,,,,,Argyll and Bute,http://data.ordnancesurvey.co.uk/id/7000000000030106,http://data.ordnancesurvey.co.uk/ontology/admingeo/UnitaryAuthority,Scotland,http://data.ordnancesurvey.co.uk/id/7000000000041429,Scotland,http://data.ordnancesurvey.co.uk/id/country/scotland,,,
osgb4000000074553111,http://data.ordnancesurvey.co.uk/id/4000000074553111,Gribun,,,,populatedPlace,Other Settlement,145128.000,733798.000,15000,25000,144791.168,733093.913,145430.111,734648.018,PA68,http://data.ordnancesurvey.co.uk/id/postcodedistrict/PA68,,,,,,,Argyll and Bute,http://data.ordnancesurvey.co.uk/id/7000000000030106,http://data.ordnancesurvey.co.uk/ontology/admingeo/UnitaryAuthority,Scotland,http://data.ordnancesurvey.co.uk/id/7000000000041429,Scotland,http://data.ordnancesurvey.co.uk/id/country/scotland,,,
osgb4000000074335076,http://data.ordnancesurvey.co.uk/id/4000000074335076,Kilfinichen,,,,populatedPlace,Other Settlement,149147.000,728614.000,15000,25000,147819.777,727810.696,149793.306,728797.463,PA69,http://data.ordnancesurvey.co.uk/id/postcodedistrict/PA69,,,,,,,Argyll and Bute,http://data.ordnancesurvey.co.uk/id/7000000000030106,http://data.ordnancesurvey.co.uk/ontology/admingeo/UnitaryAuthority,Scotland,http://data.ordnancesurvey.co.uk/id/7000000000041429,Scotland,http://data.ordnancesurvey.co.uk/id/country/scotland,,,http://sws.geonames.org/2645666
osgb4000000074335419,http://data.ordnancesurvey.co.uk/id/4000000074335419,Pennyghael,,,,populatedPlace,Other Settlement,151433.212,726347.787,15000,25000,150683.592,725804.270,152227.339,726826.117,PA70,http://data.ordnancesurvey.co.uk/id/postcodedistrict/PA70,,,,,,,Argyll and Bute,http://data.ordnancesurvey.co.uk/id/7000000000030106,http://data.ordnancesurvey.co.uk/ontology/admingeo/UnitaryAuthority,Scotland,http://data.ordnancesurvey.co.uk/id/7000000000041429,Scotland,http://data.ordnancesurvey.co.uk/id/country/scotland,,,
osgb4000000074553106,http://data.ordnancesurvey.co.uk/id/4000000074553106,Leob,,,,populatedPlace,Other Settlement,141424.700,723394.750,15000,25000,141103.333,723018.947,141770.779,723552.904,PA70,http://data.ordnancesurvey.co.uk/id/postcodedistrict/PA70,,,,,,,Argyll and Bute,http://data.ordnancesurvey.co.uk/id/7000000000030106,http://data.ordnancesurvey.co.uk/ontology/admingeo/UnitaryAuthority,Scotland,http://data.ordnancesurvey.co.uk/id/7000000000041429,Scotland,http://data.ordnancesurvey.co.uk/id/country/scotland,,,
osgb4000000074552733,http://data.ordnancesurvey.co.uk/id/4000000074552733,Lee,,,,populatedPlace,Other Settlement,140857.550,721856.060,15000,25000,140621.850,721608.531,141121.850,722130.002,PA67,http://data.ordnancesurvey.co.uk/id/postcodedistrict/PA67,,,,,,,Argyll and Bute,http://data.ordnancesurvey.co.uk/id/7000000000030106,http://data.ordnancesurvey.co.uk/ontology/admingeo/UnitaryAuthority,Scotland,http://data.ordnancesurvey.co.uk/id/7000000000041429,Scotland,http://data.ordnancesurvey.co.uk/id/country/scotland,,,
PA706HQ,http://data.ordnancesurvey.co.uk/id/postcodeunit/PA706HQ,PA70 6HQ,,,,other,Postcode,152069.000,729681.000,3500,18000,,,,,,,,,,,,,Argyll and Bute,http://data.ordnancesurvey.co.uk/id/7000000000030106,http://data.ordnancesurvey.co.uk/ontology/admingeo/UnitaryAuthority,Scotland,http://data.ordnancesurvey.co.uk/id/7000000000041429,Scotland,http://data.ordnancesurvey.co.uk/id/country/scotland,,,
PA696EU,http://data.ordnancesurvey.co.uk/id/postcodeunit/PA696EU,PA69 6EU,,,,other,Postcode,146847.000,727193.000,3500,18000,,,,,,,,,,,,,Argyll and Bute,http://data.ordnancesurvey.co.uk/id/7000000000030106,http://data.ordnancesurvey.co.uk/ontology/admingeo/UnitaryAuthority,Scotland,http://data.ordnancesurvey.co.uk/id/7000000000041429,Scotland,http://data.ordnancesurvey.co.uk/id/country/scotland,,,
PA686EH,http://data.ordnancesurvey.co.uk/id/postcodeunit/PA686EH,PA68 6EH,,,,other,Postcode,144852.000,733008.000,3500,18000,,,,,,,,,,,,,Argyll and Bute,http://data.ordnancesurvey.co.uk/id/7000000000030106,http://data.ordnancesurvey.co.uk/ontology/admingeo/UnitaryAuthority,Scotland,http://data.ordnancesurvey.co.uk/id/7000000000041429,Scotland,http://data.ordnancesurvey.co.uk/id/country/scotland,,,
PA676DN,http://data.ordnancesurvey.co.uk/id/postcodeunit/PA676DN,PA67 6DN,,,,other,Postcode,140450.000,723078.000,3500,18000,,,,,,,Ardtun,http://data.ordnancesurvey.co.uk/id/4000000074552734,http://www.ordnancesurvey.co.uk/xml/codelists/localtype.xml#village,,,,Argyll and Bute,http://data.ordnancesurvey.co.uk/id/7000000000030106,http://data.ordnancesurvey.co.uk/ontology/admingeo/UnitaryAuthority,Scotland,http://data.ordnancesurvey.co.uk/id/7000000000041429,Scotland,http://data.ordnancesurvey.co.uk/id/country/scotland,,,
PA716HS,http://data.ordnancesurvey.co.uk/id/postcodeunit/PA716HS,PA71 6HS,,,,other,Postcode,155174.000,739357.000,3500,18000,,,,,,,Gruline,http://data.ordnancesurvey.co.uk/id/4000000074552728,http://www.ordnancesurvey.co.uk/xml/codelists/localtype.xml#otherSettlement,,,,Argyll and Bute,http://data.ordnancesurvey.co.uk/id/7000000000030106,http://data.ordnancesurvey.co.uk/ontology/admingeo/UnitaryAuthority,Scotland,http://data.ordnancesurvey.co.uk/id/7000000000041429,Scotland,http://data.ordnancesurvey.co.uk/id/country/scotland,,,
PA706HB,http://data.ordnancesurvey.co.uk/id/postcodeunit/PA706HB,PA70 6HB,,,,other,Postcode,152667.000,727422.000,3500,18000,,,,,,,,,,,,,Argyll and Bute,http://data.ordnancesurvey.co.uk/id/7000000000030106,http://data.ordnancesurvey.co.uk/ontology/admingeo/UnitaryAuthority,Scotland,http://data.ordnancesurvey.co.uk/id/7000000000041429,Scotland,http://data.ordnancesurvey.co.uk/id/country/scotland,,,
PA706HD,http://data.ordnancesurvey.co.uk/id/postcodeunit/PA706HD,PA70 6HD,,,,other,Postcode,153480.000,722106.000,3500,18000,,,,,,,Carsaig,http://data.ordnancesurvey.co.uk/id/4000000074551221,http://www.ordnancesurvey.co.uk/xml/codelists/localtype.xml#hamlet,,,,Argyll and Bute,http://data.ordnancesurvey.co.uk/id/7000000000030106,http://data.ordnancesurvey.co.uk/ontology/admingeo/UnitaryAuthority,Scotland,http://data.ordnancesurvey.co.uk/id/7000000000041429,Scotland,http://data.ordnancesurvey.co.uk/id/country/scotland,,,
PA686EL,http://data.ordnancesurvey.co.uk/id/postcodeunit/PA686EL,PA68 6EL,,,,other,Postcode,143825.000,735558.000,3500,18000,,,,,,,,,,,,,Argyll and Bute,http://data.ordnancesurvey.co.uk/id/7000000000030106,http://data.ordnancesurvey.co.uk/ontology/admingeo/UnitaryAuthority,Scotland,http://data.ordnancesurvey.co.uk/id/7000000000041429,Scotland,http://data.ordnancesurvey.co.uk/id/country/scotland,,,
PA696ET,http://data.ordnancesurvey.co.uk/id/postcodeunit/PA696ET,PA69 6ET,,,,other,Postcode,148700.000,729339.000,3500,18000,,,,,,,,,,,,,Argyll and Bute,http://data.ordnancesurvey.co.uk/id/7000000000030106,http://data.ordnancesurvey.co.uk/ontology/admingeo/UnitaryAuthority,Scotland,http://data.ordnancesurvey.co.uk/id/7000000000041429,Scotland,http://data.ordnancesurvey.co.uk/id/country/scotland,,,
PA706HF,http://data.ordnancesurvey.co.uk/id/postcodeunit/PA706HF,PA70 6HF,,,,other,Postcode,142167.000,724052.000,3500,18000,,,,,,,,,,,,,Argyll and Bute,http://data.ordnancesurvey.co.uk/id/7000000000030106,http://data.ordnancesurvey.co.uk/ontology/admingeo/UnitaryAuthority,Scotland,http://data.ordnancesurvey.co.uk/id/7000000000041429,Scotland,http://data.ordnancesurvey.co.uk/id/country/scotland,,,
PA696ES,http://data.ordnancesurvey.co.uk/id/postcodeunit/PA696ES,PA69 6ES,,,,other,Postcode,148377.000,728069.000,3500,18000,,,,,,,Kilfinichen,http://data.ordnancesurvey.co.uk/id/4000000074335076,http://www.ordnancesurvey.co.uk/xml/codelists/localtype.xml#otherSettlement,,,,Argyll and Bute,http://data.ordnancesurvey.co.uk/id/7000000000030106,http://data.ordnancesurvey.co.uk/ontology/admingeo/UnitaryAuthority,Scotland,http://data.ordnancesurvey.co.uk/id/7000000000041429,Scotland,http://data.ordnancesurvey.co.uk/id/country/scotland,,,
PA726JZ,http://data.ordnancesurvey.co.uk/id/postcodeunit/PA726JZ,PA72 6JZ,,,,other,Postcode,148846.000,739743.000,3500,18000,,,,,,,,,,,,,Argyll and Bute,http://data.ordnancesurvey.co.uk/id/7000000000030106,http://data.ordnancesurvey.co.uk/ontology/admingeo/UnitaryAuthority,Scotland,http://data.ordnancesurvey.co.uk/id/7000000000041429,Scotland,http://data.ordnancesurvey.co.uk/id/country/scotland,,,
PA686EJ,http://data.ordnancesurvey.co.uk/id/postcodeunit/PA686EJ,PA68 6EJ,,,,other,Postcode,145370.000,735117.000,3500,18000,,,,,,,,,,,,,Argyll and Bute,http://data.ordnancesurvey.co.uk/id/7000000000030106,http://data.ordnancesurvey.co.uk/ontology/admingeo/UnitaryAuthority,Scotland,http://data.ordnancesurvey.co.uk/id/7000000000041429,Scotland,http://data.ordnancesurvey.co.uk/id/country/scotland,,,
PA676DW,http://data.ordnancesurvey.co.uk/id/postcodeunit/PA676DW,PA67 6DW,,,,other,Postcode,140988.000,720765.000,3500,18000,,,,,,,,,,,,,Argyll and Bute,http://data.ordnancesurvey.co.uk/id/7000000000030106,http://data.ordnancesurvey.co.uk/ontology/admingeo/UnitaryAuthority,Scotland,http://data.ordnancesurvey.co.uk/id/7000000000041429,Scotland,http://data.ordnancesurvey.co.uk/id/country/scotland,,,
PA736LZ,http://data.ordnancesurvey.co.uk/id/postcodeunit/PA736LZ,PA73 6LZ,,,,other,Postcode,143663.000,739737.000,3500,18000,,,,,,,,,,,,,Argyll and Bute,http://data.ordnancesurvey.co.uk/id/7000000000030106,http://data.ordnancesurvey.co.uk/ontology/admingeo/UnitaryAuthority,Scotland,http://data.ordnancesurvey.co.uk/id/7000000000041429,Scotland,http://data.ordnancesurvey.co.uk/id/country/scotland,,,
PA716HR,http://data.ordnancesurvey.co.uk/id/postcodeunit/PA716HR,PA71 6HR,,,,other,Postcode,154974.000,738825.000,3500,18000,,,,,,,,,,,,,Argyll and Bute,http://data.ordnancesurvey.co.uk/id/7000000000030106,http://data.ordnancesurvey.co.uk/ontology/admingeo/UnitaryAuthority,Scotland,http://data.ordnancesurvey.co.uk/id/7000000000041429,Scotland,http://data.ordnancesurvey.co.uk/id/country/scotland,,,
PA716HT,http://data.ordnancesurvey.co.uk/id/postcodeunit/PA716HT,PA71 6HT,,,,other,Postcode,154376.000,738947.000,3500,18000,,,,,,,,,,,,,Argyll and Bute,http://data.ordnancesurvey.co.uk/id/7000000000030106,http://data.ordnancesurvey.co.uk/ontology/admingeo/UnitaryAuthority,Scotland,http://data.ordnancesurvey.co.uk/id/7000000000041429,Scotland,http://data.ordnancesurvey.co.uk/id/country/scotland,,,
PA696ER,http://data.ordnancesurvey.co.uk/id/postcodeunit/PA696ER,PA69 6ER,,,,other,Postcode,149456.000,728446.000,3500,18000,,,,,,,Kilfinichen,http://data.ordnancesurvey.co.uk/id/4000000074335076,http://www.ordnancesurvey.co.uk/xml/codelists/localtype.xml#otherSettlement,,,,Argyll and Bute,http://data.ordnancesurvey.co.uk/id/7000000000030106,http://data.ordnancesurvey.co.uk/ontology/admingeo/UnitaryAuthority,Scotland,http://data.ordnancesurvey.co.uk/id/7000000000041429,Scotland,http://data.ordnancesurvey.co.uk/id/country/scotland,,,
PA706HG,http://data.ordnancesurvey.co.uk/id/postcodeunit/PA706HG,PA70 6HG,,,,other,Postcode,154974.000,730160.000,3500,18000,,,,,,,,,,,,,Argyll and Bute,http://data.ordnancesurvey.co.uk/id/7000000000030106,http://data.ordnancesurvey.co.uk/ontology/admingeo/UnitaryAuthority,Scotland,http://data.ordnancesurvey.co.uk/id/7000000000041429,Scotland,http://data.ordnancesurvey.co.uk/id/country/scotland,,,
PA716HU,http://data.ordnancesurvey.co.uk/id/postcodeunit/PA716HU,PA71 6HU,,,,other,Postcode,155350.000,738420.000,3500,18000,,,,,,,,,,,,,Argyll and Bute,http://data.ordnancesurvey.co.uk/id/7000000000030106,http://data.ordnancesurvey.co.uk/ontology/admingeo/UnitaryAuthority,Scotland,http://data.ordnancesurvey.co.uk/id/7000000000041429,Scotland,http://data.ordnancesurvey.co.uk/id/country/scotland,,,
PA706HE,http://data.ordnancesurvey.co.uk/id/postcodeunit/PA706HE,PA70 6HE,,,,other,Postcode,149184.000,725610.000,3500,18000,,,,,,,,,,,,,Argyll and Bute,http://data.ordnancesurvey.co.uk/id/7000000000030106,http://data.ordnancesurvey.co.uk/ontology/admingeo/UnitaryAuthority,Scotland,http://data.ordnancesurvey.co.uk/id/7000000000041429,Scotland,http://data.ordnancesurvey.co.uk/id/country/scotland,,,
osgb4000000004234583,http://data.ordnancesurvey.co.uk/id/4000000004234583,B8035,,,,transportNetwork,Numbered Road,150391.000,736321.000,96000,250000,145029.782,728348.282,157291.000,743115.936,PA72,http://data.ordnancesurvey.co.uk/id/postcodedistrict/PA72,,,,,,,Argyll and Bute,http://data.ordnancesurvey.co.uk/id/7000000000030106,http://data.ordnancesurvey.co.uk/ontology/admingeo/UnitaryAuthority,Scotland,http://data.ordnancesurvey.co.uk/id/7000000000041429,Scotland,http://data.ordnancesurvey.co.uk/id/country/scotland,,,
osgb4000000004234578,http://data.ordnancesurvey.co.uk/id/4000000004234578,A849,,,,transportNetwork,Numbered Road,154976.000,730083.000,281000,1000000,129932.686,721625.000,173162.000,743331.000,PA70,http://data.ordnancesurvey.co.uk/id/postcodedistrict/PA70,,,,,,,Argyll and Bute,http://data.ordnancesurvey.co.uk/id/7000000000030106,http://data.ordnancesurvey.co.uk/ontology/admingeo/UnitaryAuthority,Scotland,http://data.ordnancesurvey.co.uk/id/7000000000041429,Scotland,http://data.ordnancesurvey.co.uk/id/country/scotland,,,
