﻿osgb4000000074813667,http://data.ordnancesurvey.co.uk/id/4000000074813667,Dail nam Breac,gla,Dalnabreck,eng,populatedPlace,Hamlet,170979.373,769760.952,5000,25000,169977.521,769458.808,171206.909,769958.808,PH36,http://data.ordnancesurvey.co.uk/id/postcodedistrict/PH36,,,,,,,Highland,http://data.ordnancesurvey.co.uk/id/7000000000029638,http://data.ordnancesurvey.co.uk/ontology/admingeo/UnitaryAuthority,Scotland,http://data.ordnancesurvey.co.uk/id/7000000000041429,Scotland,http://data.ordnancesurvey.co.uk/id/country/scotland,,,
osgb4000000074542978,http://data.ordnancesurvey.co.uk/id/4000000074542978,Àth-Tharracail,gla,Acharacle,eng,populatedPlace,Village,167535.000,768458.870,19000,250000,166289.827,767070.987,169158.539,769324.332,PH36,http://data.ordnancesurvey.co.uk/id/postcodedistrict/PH36,,,,,,,Highland,http://data.ordnancesurvey.co.uk/id/7000000000029638,http://data.ordnancesurvey.co.uk/ontology/admingeo/UnitaryAuthority,Scotland,http://data.ordnancesurvey.co.uk/id/7000000000041429,Scotland,http://data.ordnancesurvey.co.uk/id/country/scotland,,http://dbpedia.org/resource/Acharacle,http://sws.geonames.org/2657749
osgb4000000074542684,http://data.ordnancesurvey.co.uk/id/4000000074542684,An Fhadail Dubh,gla,Newton of Ardtoe,eng,populatedPlace,Hamlet,164629.000,770058.000,5000,25000,164208.427,769937.437,164959.544,770851.445,PH36,http://data.ordnancesurvey.co.uk/id/postcodedistrict/PH36,,,,,,,Highland,http://data.ordnancesurvey.co.uk/id/7000000000029638,http://data.ordnancesurvey.co.uk/ontology/admingeo/UnitaryAuthority,Scotland,http://data.ordnancesurvey.co.uk/id/7000000000041429,Scotland,http://data.ordnancesurvey.co.uk/id/country/scotland,,http://dbpedia.org/resource/Newton_of_Ardtoe,
osgb4000000074542812,http://data.ordnancesurvey.co.uk/id/4000000074542812,A' Mhointeach,gla,Moss,eng,populatedPlace,Hamlet,167998.480,768309.240,5000,25000,167753.020,768025.144,168565.373,769149.383,PH36,http://data.ordnancesurvey.co.uk/id/postcodedistrict/PH36,,,,,,,Highland,http://data.ordnancesurvey.co.uk/id/7000000000029638,http://data.ordnancesurvey.co.uk/ontology/admingeo/UnitaryAuthority,Scotland,http://data.ordnancesurvey.co.uk/id/7000000000041429,Scotland,http://data.ordnancesurvey.co.uk/id/country/scotland,,,
osgb4000000074541275,http://data.ordnancesurvey.co.uk/id/4000000074541275,Smirisary,,,,populatedPlace,Other Settlement,165319.071,777322.429,15000,25000,164571.905,776921.395,165394.761,777715.147,PH38,http://data.ordnancesurvey.co.uk/id/postcodedistrict/PH38,,,,,,,Highland,http://data.ordnancesurvey.co.uk/id/7000000000029638,http://data.ordnancesurvey.co.uk/ontology/admingeo/UnitaryAuthority,Scotland,http://data.ordnancesurvey.co.uk/id/7000000000041429,Scotland,http://data.ordnancesurvey.co.uk/id/country/scotland,,,
osgb4000000074548210,http://data.ordnancesurvey.co.uk/id/4000000074548210,Polloch,,,,populatedPlace,Hamlet,179216.000,768773.200,5000,25000,178982.219,768574.346,179482.219,769074.346,PH37,http://data.ordnancesurvey.co.uk/id/postcodedistrict/PH37,,,,,,,Highland,http://data.ordnancesurvey.co.uk/id/7000000000029638,http://data.ordnancesurvey.co.uk/ontology/admingeo/UnitaryAuthority,Scotland,http://data.ordnancesurvey.co.uk/id/7000000000041429,Scotland,http://data.ordnancesurvey.co.uk/id/country/scotland,,http://dbpedia.org/resource/Polloch,
osgb4000000074542814,http://data.ordnancesurvey.co.uk/id/4000000074542814,Bun Abhainn Seileach,gla,Shielfoot,eng,populatedPlace,Other Settlement,166453.000,770095.000,15000,25000,165805.677,769591.296,166701.577,770577.694,PH36,http://data.ordnancesurvey.co.uk/id/postcodedistrict/PH36,,,,,,,Highland,http://data.ordnancesurvey.co.uk/id/7000000000029638,http://data.ordnancesurvey.co.uk/ontology/admingeo/UnitaryAuthority,Scotland,http://data.ordnancesurvey.co.uk/id/7000000000041429,Scotland,http://data.ordnancesurvey.co.uk/id/country/scotland,,,
osgb4000000074542815,http://data.ordnancesurvey.co.uk/id/4000000074542815,Àird Tobha,gla,Ardtoe,eng,populatedPlace,Hamlet,163330.100,770358.610,5000,25000,162737.871,770055.083,163629.253,770928.373,PH36,http://data.ordnancesurvey.co.uk/id/postcodedistrict/PH36,,,,,,,Highland,http://data.ordnancesurvey.co.uk/id/7000000000029638,http://data.ordnancesurvey.co.uk/ontology/admingeo/UnitaryAuthority,Scotland,http://data.ordnancesurvey.co.uk/id/7000000000041429,Scotland,http://data.ordnancesurvey.co.uk/id/country/scotland,,http://dbpedia.org/resource/Ardtoe,
osgb4000000074548972,http://data.ordnancesurvey.co.uk/id/4000000074548972,Airigh Bheagaig,gla,Arivegaig,eng,populatedPlace,Other Settlement,165196.000,767741.000,15000,25000,164914.295,767392.256,165787.579,768365.077,PH36,http://data.ordnancesurvey.co.uk/id/postcodedistrict/PH36,,,,,,,Highland,http://data.ordnancesurvey.co.uk/id/7000000000029638,http://data.ordnancesurvey.co.uk/ontology/admingeo/UnitaryAuthority,Scotland,http://data.ordnancesurvey.co.uk/id/7000000000041429,Scotland,http://data.ordnancesurvey.co.uk/id/country/scotland,,,
osgb4000000074542576,http://data.ordnancesurvey.co.uk/id/4000000074542576,An Saìlean,gla,Salen,eng,populatedPlace,Village,168914.000,764766.000,9000,250000,168429.997,763554.404,169107.898,764976.257,PH36,http://data.ordnancesurvey.co.uk/id/postcodedistrict/PH36,,,,,,,Highland,http://data.ordnancesurvey.co.uk/id/7000000000029638,http://data.ordnancesurvey.co.uk/ontology/admingeo/UnitaryAuthority,Scotland,http://data.ordnancesurvey.co.uk/id/7000000000041429,Scotland,http://data.ordnancesurvey.co.uk/id/country/scotland,,"http://dbpedia.org/resource/Salen,_Ardnamurchan",http://sws.geonames.org/2638675
osgb4000000074542631,http://data.ordnancesurvey.co.uk/id/4000000074542631,Ceann Tragha,gla,Kentra,eng,populatedPlace,Hamlet,165165.790,769132.530,5000,25000,164706.148,768779.998,165529.665,769333.380,PH36,http://data.ordnancesurvey.co.uk/id/postcodedistrict/PH36,,,,,,,Highland,http://data.ordnancesurvey.co.uk/id/7000000000029638,http://data.ordnancesurvey.co.uk/ontology/admingeo/UnitaryAuthority,Scotland,http://data.ordnancesurvey.co.uk/id/7000000000041429,Scotland,http://data.ordnancesurvey.co.uk/id/country/scotland,,http://dbpedia.org/resource/Kentra,http://sws.geonames.org/2645785
osgb4000000074335332,http://data.ordnancesurvey.co.uk/id/4000000074335332,Laga,eng,Lag Ath,gla,populatedPlace,Hamlet,163284.440,761091.410,5000,25000,162986.046,760784.296,163486.046,761284.296,PH36,http://data.ordnancesurvey.co.uk/id/postcodedistrict/PH36,,,,,,,Highland,http://data.ordnancesurvey.co.uk/id/7000000000029638,http://data.ordnancesurvey.co.uk/ontology/admingeo/UnitaryAuthority,Scotland,http://data.ordnancesurvey.co.uk/id/7000000000041429,Scotland,http://data.ordnancesurvey.co.uk/id/country/scotland,,"http://dbpedia.org/resource/Laga,_Lochaber",
osgb4000000074542816,http://data.ordnancesurvey.co.uk/id/4000000074542816,Cruach nam Meann,,,,populatedPlace,Hamlet,166428.000,771315.000,5000,25000,166051.139,771032.444,166551.139,772172.687,PH36,http://data.ordnancesurvey.co.uk/id/postcodedistrict/PH36,,,,,,,Highland,http://data.ordnancesurvey.co.uk/id/7000000000029638,http://data.ordnancesurvey.co.uk/ontology/admingeo/UnitaryAuthority,Scotland,http://data.ordnancesurvey.co.uk/id/7000000000041429,Scotland,http://data.ordnancesurvey.co.uk/id/country/scotland,,,
osgb4000000074548973,http://data.ordnancesurvey.co.uk/id/4000000074548973,Mingarrypark,eng,Min Ghearraidh,gla,populatedPlace,Hamlet,168366.630,769316.310,5000,25000,168083.334,769008.593,169348.299,769593.985,PH36,http://data.ordnancesurvey.co.uk/id/postcodedistrict/PH36,,,,,,,Highland,http://data.ordnancesurvey.co.uk/id/7000000000029638,http://data.ordnancesurvey.co.uk/ontology/admingeo/UnitaryAuthority,Scotland,http://data.ordnancesurvey.co.uk/id/7000000000041429,Scotland,http://data.ordnancesurvey.co.uk/id/country/scotland,,,
osgb4000000074542724,http://data.ordnancesurvey.co.uk/id/4000000074542724,Gleann Borrodail,gla,Glenborrodale,eng,populatedPlace,Other Settlement,161564.000,760736.000,15000,25000,160488.511,760412.743,162668.439,761265.099,PH36,http://data.ordnancesurvey.co.uk/id/postcodedistrict/PH36,,,,,,,Highland,http://data.ordnancesurvey.co.uk/id/7000000000029638,http://data.ordnancesurvey.co.uk/ontology/admingeo/UnitaryAuthority,Scotland,http://data.ordnancesurvey.co.uk/id/7000000000041429,Scotland,http://data.ordnancesurvey.co.uk/id/country/scotland,,,http://sws.geonames.org/2648522
osgb4000000074335178,http://data.ordnancesurvey.co.uk/id/4000000074335178,Glenuig,eng,Gleann Ùig,gla,populatedPlace,Other Settlement,167164.000,777291.000,15000,25000,165611.110,776338.000,167434.596,777880.693,PH38,http://data.ordnancesurvey.co.uk/id/postcodedistrict/PH38,,,,,,,Highland,http://data.ordnancesurvey.co.uk/id/7000000000029638,http://data.ordnancesurvey.co.uk/ontology/admingeo/UnitaryAuthority,Scotland,http://data.ordnancesurvey.co.uk/id/7000000000041429,Scotland,http://data.ordnancesurvey.co.uk/id/country/scotland,,,
osgb4000000074548211,http://data.ordnancesurvey.co.uk/id/4000000074548211,Camus Inas,,,,populatedPlace,Hamlet,166024.010,761247.960,5000,25000,165617.747,760915.158,166168.393,761415.158,PH36,http://data.ordnancesurvey.co.uk/id/postcodedistrict/PH36,,,,,,,Highland,http://data.ordnancesurvey.co.uk/id/7000000000029638,http://data.ordnancesurvey.co.uk/ontology/admingeo/UnitaryAuthority,Scotland,http://data.ordnancesurvey.co.uk/id/7000000000041429,Scotland,http://data.ordnancesurvey.co.uk/id/country/scotland,,,
osgb4000000074542616,http://data.ordnancesurvey.co.uk/id/4000000074542616,Ceann Loch Muideart,gla,Kinlochmoidart,eng,populatedPlace,Other Settlement,171291.640,772108.850,15000,25000,170548.904,771945.602,172159.444,773011.137,PH38,http://data.ordnancesurvey.co.uk/id/postcodedistrict/PH38,,,,,,,Highland,http://data.ordnancesurvey.co.uk/id/7000000000029638,http://data.ordnancesurvey.co.uk/ontology/admingeo/UnitaryAuthority,Scotland,http://data.ordnancesurvey.co.uk/id/7000000000041429,Scotland,http://data.ordnancesurvey.co.uk/id/country/scotland,,,http://sws.geonames.org/2645393
osgb4000000074542813,http://data.ordnancesurvey.co.uk/id/4000000074542813,Dail an Leigh,gla,Dalelia,eng,populatedPlace,Other Settlement,173408.000,769320.000,15000,25000,173144.278,769060.002,173644.278,769560.002,PH36,http://data.ordnancesurvey.co.uk/id/postcodedistrict/PH36,,,,,,,Highland,http://data.ordnancesurvey.co.uk/id/7000000000029638,http://data.ordnancesurvey.co.uk/ontology/admingeo/UnitaryAuthority,Scotland,http://data.ordnancesurvey.co.uk/id/7000000000041429,Scotland,http://data.ordnancesurvey.co.uk/id/country/scotland,,http://dbpedia.org/resource/Dalelia,http://sws.geonames.org/2651594
PH364JY,http://data.ordnancesurvey.co.uk/id/postcodeunit/PH364JY,PH36 4JY,,,,other,Postcode,167322.000,769358.000,3500,18000,,,,,,,,,,,,,Highland,http://data.ordnancesurvey.co.uk/id/7000000000029638,http://data.ordnancesurvey.co.uk/ontology/admingeo/UnitaryAuthority,Scotland,http://data.ordnancesurvey.co.uk/id/7000000000041429,Scotland,http://data.ordnancesurvey.co.uk/id/country/scotland,,,
PH364JQ,http://data.ordnancesurvey.co.uk/id/postcodeunit/PH364JQ,PH36 4JQ,,,,other,Postcode,165848.000,761130.000,3500,18000,,,,,,,Camus Inas,http://data.ordnancesurvey.co.uk/id/4000000074548211,http://www.ordnancesurvey.co.uk/xml/codelists/localtype.xml#hamlet,,,,Highland,http://data.ordnancesurvey.co.uk/id/7000000000029638,http://data.ordnancesurvey.co.uk/ontology/admingeo/UnitaryAuthority,Scotland,http://data.ordnancesurvey.co.uk/id/7000000000041429,Scotland,http://data.ordnancesurvey.co.uk/id/country/scotland,,,
PH364HX,http://data.ordnancesurvey.co.uk/id/postcodeunit/PH364HX,PH36 4HX,,,,other,Postcode,173385.000,762926.000,3500,18000,,,,,,,,,,,,,Highland,http://data.ordnancesurvey.co.uk/id/7000000000029638,http://data.ordnancesurvey.co.uk/ontology/admingeo/UnitaryAuthority,Scotland,http://data.ordnancesurvey.co.uk/id/7000000000041429,Scotland,http://data.ordnancesurvey.co.uk/id/country/scotland,,,
PH364JL,http://data.ordnancesurvey.co.uk/id/postcodeunit/PH364JL,PH36 4JL,,,,other,Postcode,168474.000,767514.000,3500,18000,,,,,,,Àth-Tharracail / Acharacle,http://data.ordnancesurvey.co.uk/id/4000000074542978,http://www.ordnancesurvey.co.uk/xml/codelists/localtype.xml#village,,,,Highland,http://data.ordnancesurvey.co.uk/id/7000000000029638,http://data.ordnancesurvey.co.uk/ontology/admingeo/UnitaryAuthority,Scotland,http://data.ordnancesurvey.co.uk/id/7000000000041429,Scotland,http://data.ordnancesurvey.co.uk/id/country/scotland,,,
PH364LD,http://data.ordnancesurvey.co.uk/id/postcodeunit/PH364LD,PH36 4LD,,,,other,Postcode,163295.000,770316.000,3500,18000,,,,,,,Àird Tobha / Ardtoe,http://data.ordnancesurvey.co.uk/id/4000000074542815,http://www.ordnancesurvey.co.uk/xml/codelists/localtype.xml#hamlet,,,,Highland,http://data.ordnancesurvey.co.uk/id/7000000000029638,http://data.ordnancesurvey.co.uk/ontology/admingeo/UnitaryAuthority,Scotland,http://data.ordnancesurvey.co.uk/id/7000000000041429,Scotland,http://data.ordnancesurvey.co.uk/id/country/scotland,,,
PH364JU,http://data.ordnancesurvey.co.uk/id/postcodeunit/PH364JU,PH36 4JU,,,,other,Postcode,167564.000,768273.000,3500,18000,,,,,,,Àth-Tharracail / Acharacle,http://data.ordnancesurvey.co.uk/id/4000000074542978,http://www.ordnancesurvey.co.uk/xml/codelists/localtype.xml#village,,,,Highland,http://data.ordnancesurvey.co.uk/id/7000000000029638,http://data.ordnancesurvey.co.uk/ontology/admingeo/UnitaryAuthority,Scotland,http://data.ordnancesurvey.co.uk/id/7000000000041429,Scotland,http://data.ordnancesurvey.co.uk/id/country/scotland,,,
PH384NG,http://data.ordnancesurvey.co.uk/id/postcodeunit/PH384NG,PH38 4NG,,,,other,Postcode,166352.000,777690.000,3500,18000,,,,,,,Glenuig / Gleann Ùig,http://data.ordnancesurvey.co.uk/id/4000000074335178,http://www.ordnancesurvey.co.uk/xml/codelists/localtype.xml#otherSettlement,,,,Highland,http://data.ordnancesurvey.co.uk/id/7000000000029638,http://data.ordnancesurvey.co.uk/ontology/admingeo/UnitaryAuthority,Scotland,http://data.ordnancesurvey.co.uk/id/7000000000041429,Scotland,http://data.ordnancesurvey.co.uk/id/country/scotland,,,
PH364LE,http://data.ordnancesurvey.co.uk/id/postcodeunit/PH364LE,PH36 4LE,,,,other,Postcode,165552.000,767651.000,3500,18000,,,,,,,Airigh Bheagaig / Arivegaig,http://data.ordnancesurvey.co.uk/id/4000000074548972,http://www.ordnancesurvey.co.uk/xml/codelists/localtype.xml#otherSettlement,,,,Highland,http://data.ordnancesurvey.co.uk/id/7000000000029638,http://data.ordnancesurvey.co.uk/ontology/admingeo/UnitaryAuthority,Scotland,http://data.ordnancesurvey.co.uk/id/7000000000041429,Scotland,http://data.ordnancesurvey.co.uk/id/country/scotland,,,
PH364JR,http://data.ordnancesurvey.co.uk/id/postcodeunit/PH364JR,PH36 4JR,,,,other,Postcode,168231.000,767353.000,3500,18000,,,,,,,Àth-Tharracail / Acharacle,http://data.ordnancesurvey.co.uk/id/4000000074542978,http://www.ordnancesurvey.co.uk/xml/codelists/localtype.xml#village,,,,Highland,http://data.ordnancesurvey.co.uk/id/7000000000029638,http://data.ordnancesurvey.co.uk/ontology/admingeo/UnitaryAuthority,Scotland,http://data.ordnancesurvey.co.uk/id/7000000000041429,Scotland,http://data.ordnancesurvey.co.uk/id/country/scotland,,,
PH384NB,http://data.ordnancesurvey.co.uk/id/postcodeunit/PH384NB,PH38 4NB,,,,other,Postcode,170322.000,778230.000,3500,18000,,,,,,,,,,,,,Highland,http://data.ordnancesurvey.co.uk/id/7000000000029638,http://data.ordnancesurvey.co.uk/ontology/admingeo/UnitaryAuthority,Scotland,http://data.ordnancesurvey.co.uk/id/7000000000041429,Scotland,http://data.ordnancesurvey.co.uk/id/country/scotland,,,
PH364JP,http://data.ordnancesurvey.co.uk/id/postcodeunit/PH364JP,PH36 4JP,,,,other,Postcode,161324.000,760846.000,3500,18000,,,,,,,Gleann Borrodail / Glenborrodale,http://data.ordnancesurvey.co.uk/id/4000000074542724,http://www.ordnancesurvey.co.uk/xml/codelists/localtype.xml#otherSettlement,,,,Highland,http://data.ordnancesurvey.co.uk/id/7000000000029638,http://data.ordnancesurvey.co.uk/ontology/admingeo/UnitaryAuthority,Scotland,http://data.ordnancesurvey.co.uk/id/7000000000041429,Scotland,http://data.ordnancesurvey.co.uk/id/country/scotland,,,
PH364JN,http://data.ordnancesurvey.co.uk/id/postcodeunit/PH364JN,PH36 4JN,,,,other,Postcode,168771.000,764458.000,3500,18000,,,,,,,An Saìlean / Salen,http://data.ordnancesurvey.co.uk/id/4000000074542576,http://www.ordnancesurvey.co.uk/xml/codelists/localtype.xml#village,,,,Highland,http://data.ordnancesurvey.co.uk/id/7000000000029638,http://data.ordnancesurvey.co.uk/ontology/admingeo/UnitaryAuthority,Scotland,http://data.ordnancesurvey.co.uk/id/7000000000041429,Scotland,http://data.ordnancesurvey.co.uk/id/country/scotland,,,
PH364JX,http://data.ordnancesurvey.co.uk/id/postcodeunit/PH364JX,PH36 4JX,,,,other,Postcode,170075.000,769656.000,3500,18000,,,,,,,Dail nam Breac / Dalnabreck,http://data.ordnancesurvey.co.uk/id/4000000074813667,http://www.ordnancesurvey.co.uk/xml/codelists/localtype.xml#hamlet,,,,Highland,http://data.ordnancesurvey.co.uk/id/7000000000029638,http://data.ordnancesurvey.co.uk/ontology/admingeo/UnitaryAuthority,Scotland,http://data.ordnancesurvey.co.uk/id/7000000000041429,Scotland,http://data.ordnancesurvey.co.uk/id/country/scotland,,,
PH364LB,http://data.ordnancesurvey.co.uk/id/postcodeunit/PH364LB,PH36 4LB,,,,other,Postcode,164703.000,770593.000,3500,18000,,,,,,,An Fhadail Dubh / Newton of Ardtoe,http://data.ordnancesurvey.co.uk/id/4000000074542684,http://www.ordnancesurvey.co.uk/xml/codelists/localtype.xml#hamlet,,,,Highland,http://data.ordnancesurvey.co.uk/id/7000000000029638,http://data.ordnancesurvey.co.uk/ontology/admingeo/UnitaryAuthority,Scotland,http://data.ordnancesurvey.co.uk/id/7000000000041429,Scotland,http://data.ordnancesurvey.co.uk/id/country/scotland,,,
PH364LR,http://data.ordnancesurvey.co.uk/id/postcodeunit/PH364LR,PH36 4LR,,,,other,Postcode,165674.000,773236.000,3500,18000,,,,,,,,,,,,,Highland,http://data.ordnancesurvey.co.uk/id/7000000000029638,http://data.ordnancesurvey.co.uk/ontology/admingeo/UnitaryAuthority,Scotland,http://data.ordnancesurvey.co.uk/id/7000000000041429,Scotland,http://data.ordnancesurvey.co.uk/id/country/scotland,,,
PH364LA,http://data.ordnancesurvey.co.uk/id/postcodeunit/PH364LA,PH36 4LA,,,,other,Postcode,165156.000,769103.000,3500,18000,,,,,,,Ceann Tragha / Kentra,http://data.ordnancesurvey.co.uk/id/4000000074542631,http://www.ordnancesurvey.co.uk/xml/codelists/localtype.xml#hamlet,,,,Highland,http://data.ordnancesurvey.co.uk/id/7000000000029638,http://data.ordnancesurvey.co.uk/ontology/admingeo/UnitaryAuthority,Scotland,http://data.ordnancesurvey.co.uk/id/7000000000041429,Scotland,http://data.ordnancesurvey.co.uk/id/country/scotland,,,
PH384ND,http://data.ordnancesurvey.co.uk/id/postcodeunit/PH384ND,PH38 4ND,,,,other,Postcode,171625.000,772384.000,3500,18000,,,,,,,Ceann Loch Muideart / Kinlochmoidart,http://data.ordnancesurvey.co.uk/id/4000000074542616,http://www.ordnancesurvey.co.uk/xml/codelists/localtype.xml#otherSettlement,,,,Highland,http://data.ordnancesurvey.co.uk/id/7000000000029638,http://data.ordnancesurvey.co.uk/ontology/admingeo/UnitaryAuthority,Scotland,http://data.ordnancesurvey.co.uk/id/7000000000041429,Scotland,http://data.ordnancesurvey.co.uk/id/country/scotland,,,
PH364JZ,http://data.ordnancesurvey.co.uk/id/postcodeunit/PH364JZ,PH36 4JZ,,,,other,Postcode,166517.000,769724.000,3500,18000,,,,,,,Bun Abhainn Seileach / Shielfoot,http://data.ordnancesurvey.co.uk/id/4000000074542814,http://www.ordnancesurvey.co.uk/xml/codelists/localtype.xml#otherSettlement,,,,Highland,http://data.ordnancesurvey.co.uk/id/7000000000029638,http://data.ordnancesurvey.co.uk/ontology/admingeo/UnitaryAuthority,Scotland,http://data.ordnancesurvey.co.uk/id/7000000000041429,Scotland,http://data.ordnancesurvey.co.uk/id/country/scotland,,,
PH364JJ,http://data.ordnancesurvey.co.uk/id/postcodeunit/PH364JJ,PH36 4JJ,,,,other,Postcode,168125.000,767448.000,3500,18000,,,,,,,Àth-Tharracail / Acharacle,http://data.ordnancesurvey.co.uk/id/4000000074542978,http://www.ordnancesurvey.co.uk/xml/codelists/localtype.xml#village,,,,Highland,http://data.ordnancesurvey.co.uk/id/7000000000029638,http://data.ordnancesurvey.co.uk/ontology/admingeo/UnitaryAuthority,Scotland,http://data.ordnancesurvey.co.uk/id/7000000000041429,Scotland,http://data.ordnancesurvey.co.uk/id/country/scotland,,,
osgb4000000004233014,http://data.ordnancesurvey.co.uk/id/4000000004233014,B8044,,,,transportNetwork,Numbered Road,165590.000,768949.000,27000,250000,163445.000,768358.375,167598.000,770147.000,PH36,http://data.ordnancesurvey.co.uk/id/postcodedistrict/PH36,,,,,,,Highland,http://data.ordnancesurvey.co.uk/id/7000000000029638,http://data.ordnancesurvey.co.uk/ontology/admingeo/UnitaryAuthority,Scotland,http://data.ordnancesurvey.co.uk/id/7000000000041429,Scotland,http://data.ordnancesurvey.co.uk/id/country/scotland,,,
1c8ee0e6-a5e9-47bb-8b0b-a0f10e6833e4,http://data.ordnancesurvey.co.uk/id/1c8ee0e6-a5e9-47bb-8b0b-a0f10e6833e4,Drynie Hill,,,,transportNetwork,Section Of Named Road,171236.634,771981.973,1000,25000,171225.311,771955.100,171243.000,772000.000,PH38,http://data.ordnancesurvey.co.uk/id/postcodedistrict/PH38,Ceann Loch Muideart / Kinlochmoidart,http://data.ordnancesurvey.co.uk/id/4000000074542616,http://www.ordnancesurvey.co.uk/xml/codelists/localtype.xml#otherSettlement,,,,Highland,http://data.ordnancesurvey.co.uk/id/7000000000029638,http://data.ordnancesurvey.co.uk/ontology/admingeo/UnitaryAuthority,Scotland,http://data.ordnancesurvey.co.uk/id/7000000000041429,Scotland,http://data.ordnancesurvey.co.uk/id/country/scotland,osgb5000005111114267,,
osgb4000000004232866,http://data.ordnancesurvey.co.uk/id/4000000004232866,Macnaughton Crescent,,,,transportNetwork,Named Road,168167.000,767479.000,2000,20000,168120.000,767342.900,168287.000,767631.000,PH36,http://data.ordnancesurvey.co.uk/id/postcodedistrict/PH36,Àth-Tharracail / Acharacle,http://data.ordnancesurvey.co.uk/id/4000000074542978,http://www.ordnancesurvey.co.uk/xml/codelists/localtype.xml#village,,,,Highland,http://data.ordnancesurvey.co.uk/id/7000000000029638,http://data.ordnancesurvey.co.uk/ontology/admingeo/UnitaryAuthority,Scotland,http://data.ordnancesurvey.co.uk/id/7000000000041429,Scotland,http://data.ordnancesurvey.co.uk/id/country/scotland,,,
osgb5000005111114267,http://data.ordnancesurvey.co.uk/id/5000005111114267,Drynie Hill,,,,transportNetwork,Named Road,171579.000,771395.000,7000,20000,171198.467,770976.337,172180.956,772000.000,PH38,http://data.ordnancesurvey.co.uk/id/postcodedistrict/PH38,,,,,,,Highland,http://data.ordnancesurvey.co.uk/id/7000000000029638,http://data.ordnancesurvey.co.uk/ontology/admingeo/UnitaryAuthority,Scotland,http://data.ordnancesurvey.co.uk/id/7000000000041429,Scotland,http://data.ordnancesurvey.co.uk/id/country/scotland,,,
PH374LX,http://data.ordnancesurvey.co.uk/id/postcodeunit/PH374LX,PH37 4LX,,,,other,Postcode,179373.000,768817.000,3500,18000,,,,,,,Polloch,http://data.ordnancesurvey.co.uk/id/4000000074548210,http://www.ordnancesurvey.co.uk/xml/codelists/localtype.xml#hamlet,,,,Highland,http://data.ordnancesurvey.co.uk/id/7000000000029638,http://data.ordnancesurvey.co.uk/ontology/admingeo/UnitaryAuthority,Scotland,http://data.ordnancesurvey.co.uk/id/7000000000041429,Scotland,http://data.ordnancesurvey.co.uk/id/country/scotland,,,
PH364JW,http://data.ordnancesurvey.co.uk/id/postcodeunit/PH364JW,PH36 4JW,,,,other,Postcode,163224.000,761003.000,3500,18000,,,,,,,Laga / Lag Ath,http://data.ordnancesurvey.co.uk/id/4000000074335332,http://www.ordnancesurvey.co.uk/xml/codelists/localtype.xml#hamlet,,,,Highland,http://data.ordnancesurvey.co.uk/id/7000000000029638,http://data.ordnancesurvey.co.uk/ontology/admingeo/UnitaryAuthority,Scotland,http://data.ordnancesurvey.co.uk/id/7000000000041429,Scotland,http://data.ordnancesurvey.co.uk/id/country/scotland,,,
osgb4000000004236554,http://data.ordnancesurvey.co.uk/id/4000000004236554,Morrison Place,,,,transportNetwork,Named Road,168137.900,767449.600,1000,20000,168103.877,767415.000,168164.500,767483.519,PH36,http://data.ordnancesurvey.co.uk/id/postcodedistrict/PH36,Àth-Tharracail / Acharacle,http://data.ordnancesurvey.co.uk/id/4000000074542978,http://www.ordnancesurvey.co.uk/xml/codelists/localtype.xml#village,,,,Highland,http://data.ordnancesurvey.co.uk/id/7000000000029638,http://data.ordnancesurvey.co.uk/ontology/admingeo/UnitaryAuthority,Scotland,http://data.ordnancesurvey.co.uk/id/7000000000041429,Scotland,http://data.ordnancesurvey.co.uk/id/country/scotland,,,
