﻿osgb4000000074550475,http://data.ordnancesurvey.co.uk/id/4000000074550475,Bracara,gla,Bracora,eng,populatedPlace,Hamlet,171295.000,792878.000,5000,25000,171160.003,792657.257,171842.537,793157.257,PH40,http://data.ordnancesurvey.co.uk/id/postcodedistrict/PH40,,,,,,,Highland,http://data.ordnancesurvey.co.uk/id/7000000000029638,http://data.ordnancesurvey.co.uk/ontology/admingeo/UnitaryAuthority,Scotland,http://data.ordnancesurvey.co.uk/id/7000000000041429,Scotland,http://data.ordnancesurvey.co.uk/id/country/scotland,,http://dbpedia.org/resource/Bracora,http://sws.geonames.org/6948343
osgb4000000074550477,http://data.ordnancesurvey.co.uk/id/4000000074550477,Malaig Bheag,,,,populatedPlace,Suburban Area,168713.430,797638.020,5000,25000,168393.546,797311.070,169086.329,797811.070,PH41,http://data.ordnancesurvey.co.uk/id/postcodedistrict/PH41,,,,,,,Highland,http://data.ordnancesurvey.co.uk/id/7000000000029638,http://data.ordnancesurvey.co.uk/ontology/admingeo/UnitaryAuthority,Scotland,http://data.ordnancesurvey.co.uk/id/7000000000041429,Scotland,http://data.ordnancesurvey.co.uk/id/country/scotland,,,
osgb4000000074550474,http://data.ordnancesurvey.co.uk/id/4000000074550474,Druimindarroch,,,,populatedPlace,Other Settlement,168750.240,784942.820,15000,25000,168305.423,784146.020,169575.541,785275.536,PH39,http://data.ordnancesurvey.co.uk/id/postcodedistrict/PH39,,,,,,,Highland,http://data.ordnancesurvey.co.uk/id/7000000000029638,http://data.ordnancesurvey.co.uk/ontology/admingeo/UnitaryAuthority,Scotland,http://data.ordnancesurvey.co.uk/id/7000000000041429,Scotland,http://data.ordnancesurvey.co.uk/id/country/scotland,,http://dbpedia.org/resource/Druimindarroch,
osgb4000000074543244,http://data.ordnancesurvey.co.uk/id/4000000074543244,Bun na Caim,gla,Bunacaimb,eng,populatedPlace,Hamlet,165225.600,789045.660,5000,25000,164833.708,788493.405,165448.154,789083.946,PH39,http://data.ordnancesurvey.co.uk/id/postcodedistrict/PH39,,,,,,,Highland,http://data.ordnancesurvey.co.uk/id/7000000000029638,http://data.ordnancesurvey.co.uk/ontology/admingeo/UnitaryAuthority,Scotland,http://data.ordnancesurvey.co.uk/id/7000000000041429,Scotland,http://data.ordnancesurvey.co.uk/id/country/scotland,,,
osgb4000000074550099,http://data.ordnancesurvey.co.uk/id/4000000074550099,Inverailort,,,,populatedPlace,Other Settlement,176441.294,781582.959,15000,25000,176175.086,781363.350,176675.086,781863.350,PH38,http://data.ordnancesurvey.co.uk/id/postcodedistrict/PH38,,,,,,,Highland,http://data.ordnancesurvey.co.uk/id/7000000000029638,http://data.ordnancesurvey.co.uk/ontology/admingeo/UnitaryAuthority,Scotland,http://data.ordnancesurvey.co.uk/id/7000000000041429,Scotland,http://data.ordnancesurvey.co.uk/id/country/scotland,,,http://sws.geonames.org/2646146
osgb4000000074542890,http://data.ordnancesurvey.co.uk/id/4000000074542890,Àrasaig,gla,Arisaig,eng,populatedPlace,Village,166046.000,786363.000,11000,250000,165354.878,785456.205,166786.691,787114.150,PH39,http://data.ordnancesurvey.co.uk/id/postcodedistrict/PH39,,,,,,,Highland,http://data.ordnancesurvey.co.uk/id/7000000000029638,http://data.ordnancesurvey.co.uk/ontology/admingeo/UnitaryAuthority,Scotland,http://data.ordnancesurvey.co.uk/id/7000000000041429,Scotland,http://data.ordnancesurvey.co.uk/id/country/scotland,,http://dbpedia.org/resource/Arisaig,http://sws.geonames.org/2657084
osgb4000000074541287,http://data.ordnancesurvey.co.uk/id/4000000074541287,Swordland,,,,populatedPlace,Other Settlement,178902.710,791425.940,15000,25000,178634.117,791180.400,179134.117,791680.400,PH41,http://data.ordnancesurvey.co.uk/id/postcodedistrict/PH41,,,,,,,Highland,http://data.ordnancesurvey.co.uk/id/7000000000029638,http://data.ordnancesurvey.co.uk/ontology/admingeo/UnitaryAuthority,Scotland,http://data.ordnancesurvey.co.uk/id/7000000000041429,Scotland,http://data.ordnancesurvey.co.uk/id/country/scotland,,,
osgb4000000074550476,http://data.ordnancesurvey.co.uk/id/4000000074550476,Glenancross,,,,populatedPlace,Other Settlement,166468.000,791586.000,15000,25000,165883.584,791085.243,166861.556,792081.958,PH40,http://data.ordnancesurvey.co.uk/id/postcodedistrict/PH40,,,,,,,Highland,http://data.ordnancesurvey.co.uk/id/7000000000029638,http://data.ordnancesurvey.co.uk/ontology/admingeo/UnitaryAuthority,Scotland,http://data.ordnancesurvey.co.uk/id/7000000000041429,Scotland,http://data.ordnancesurvey.co.uk/id/country/scotland,,http://dbpedia.org/resource/Glenancross,
osgb4000000074542949,http://data.ordnancesurvey.co.uk/id/4000000074542949,Malaig,gla,Mallaig,eng,populatedPlace,Village,167563.750,797075.660,17000,250000,167271.236,795198.676,169086.329,797805.280,PH41,http://data.ordnancesurvey.co.uk/id/postcodedistrict/PH41,,,,,,,Highland,http://data.ordnancesurvey.co.uk/id/7000000000029638,http://data.ordnancesurvey.co.uk/ontology/admingeo/UnitaryAuthority,Scotland,http://data.ordnancesurvey.co.uk/id/7000000000041429,Scotland,http://data.ordnancesurvey.co.uk/id/country/scotland,,http://dbpedia.org/resource/Mallaig,http://sws.geonames.org/2643156
osgb4000000074813662,http://data.ordnancesurvey.co.uk/id/4000000074813662,Morar,,,,populatedPlace,Village,167757.166,792915.672,14000,250000,166886.555,791680.463,168673.779,793892.620,PH40,http://data.ordnancesurvey.co.uk/id/postcodedistrict/PH40,,,,,,,Highland,http://data.ordnancesurvey.co.uk/id/7000000000029638,http://data.ordnancesurvey.co.uk/ontology/admingeo/UnitaryAuthority,Scotland,http://data.ordnancesurvey.co.uk/id/7000000000041429,Scotland,http://data.ordnancesurvey.co.uk/id/country/scotland,,,
osgb4000000074542892,http://data.ordnancesurvey.co.uk/id/4000000074542892,Back of Keppoch,eng,Cùl na Ceapaich,gla,populatedPlace,Hamlet,165258.600,787962.760,5000,25000,164348.626,787764.228,165731.224,788264.228,PH39,http://data.ordnancesurvey.co.uk/id/postcodedistrict/PH39,,,,,,,Highland,http://data.ordnancesurvey.co.uk/id/7000000000029638,http://data.ordnancesurvey.co.uk/ontology/admingeo/UnitaryAuthority,Scotland,http://data.ordnancesurvey.co.uk/id/7000000000041429,Scotland,http://data.ordnancesurvey.co.uk/id/country/scotland,,http://dbpedia.org/resource/Back_of_Keppoch,
osgb4000000074540896,http://data.ordnancesurvey.co.uk/id/4000000074540896,Lochailort,gla,Ceann Loch Aileart,eng,populatedPlace,Other Settlement,176690.497,782328.542,15000,25000,176425.931,781673.735,177104.454,782867.294,PH38,http://data.ordnancesurvey.co.uk/id/postcodedistrict/PH38,,,,,,,Highland,http://data.ordnancesurvey.co.uk/id/7000000000029638,http://data.ordnancesurvey.co.uk/ontology/admingeo/UnitaryAuthority,Scotland,http://data.ordnancesurvey.co.uk/id/7000000000041429,Scotland,http://data.ordnancesurvey.co.uk/id/country/scotland,,http://dbpedia.org/resource/Lochailort,http://sws.geonames.org/2643857
osgb4000000074550100,http://data.ordnancesurvey.co.uk/id/4000000074550100,Tarbet,eng,An Tairbeart,gla,populatedPlace,Hamlet,179081.440,792438.060,5000,25000,178823.406,792181.423,179323.406,792681.423,PH41,http://data.ordnancesurvey.co.uk/id/postcodedistrict/PH41,,,,,,,Highland,http://data.ordnancesurvey.co.uk/id/7000000000029638,http://data.ordnancesurvey.co.uk/ontology/admingeo/UnitaryAuthority,Scotland,http://data.ordnancesurvey.co.uk/id/7000000000041429,Scotland,http://data.ordnancesurvey.co.uk/id/country/scotland,,"http://dbpedia.org/resource/Tarbet,_Loch_Nevis",http://sws.geonames.org/2636232
osgb4000000074542891,http://data.ordnancesurvey.co.uk/id/4000000074542891,Kinloid,eng,Ceann an Leothaid,gla,populatedPlace,Other Settlement,166141.320,787793.180,15000,25000,165871.170,787557.966,166371.170,788057.966,PH39,http://data.ordnancesurvey.co.uk/id/postcodedistrict/PH39,,,,,,,Highland,http://data.ordnancesurvey.co.uk/id/7000000000029638,http://data.ordnancesurvey.co.uk/ontology/admingeo/UnitaryAuthority,Scotland,http://data.ordnancesurvey.co.uk/id/7000000000041429,Scotland,http://data.ordnancesurvey.co.uk/id/country/scotland,,,
PH414RB,http://data.ordnancesurvey.co.uk/id/postcodeunit/PH414RB,PH41 4RB,,,,other,Postcode,167427.000,796811.000,3500,18000,,,,,,,Malaig / Mallaig,http://data.ordnancesurvey.co.uk/id/4000000074542949,http://www.ordnancesurvey.co.uk/xml/codelists/localtype.xml#village,,,,Highland,http://data.ordnancesurvey.co.uk/id/7000000000029638,http://data.ordnancesurvey.co.uk/ontology/admingeo/UnitaryAuthority,Scotland,http://data.ordnancesurvey.co.uk/id/7000000000041429,Scotland,http://data.ordnancesurvey.co.uk/id/country/scotland,,,
PH404PL,http://data.ordnancesurvey.co.uk/id/postcodeunit/PH404PL,PH40 4PL,,,,other,Postcode,166602.000,791785.000,3500,18000,,,,,,,Glenancross,http://data.ordnancesurvey.co.uk/id/4000000074550476,http://www.ordnancesurvey.co.uk/xml/codelists/localtype.xml#otherSettlement,,,,Highland,http://data.ordnancesurvey.co.uk/id/7000000000029638,http://data.ordnancesurvey.co.uk/ontology/admingeo/UnitaryAuthority,Scotland,http://data.ordnancesurvey.co.uk/id/7000000000041429,Scotland,http://data.ordnancesurvey.co.uk/id/country/scotland,,,
PH414RG,http://data.ordnancesurvey.co.uk/id/postcodeunit/PH414RG,PH41 4RG,,,,other,Postcode,167479.000,796402.000,3500,18000,,,,,,,Malaig / Mallaig,http://data.ordnancesurvey.co.uk/id/4000000074542949,http://www.ordnancesurvey.co.uk/xml/codelists/localtype.xml#village,,,,Highland,http://data.ordnancesurvey.co.uk/id/7000000000029638,http://data.ordnancesurvey.co.uk/ontology/admingeo/UnitaryAuthority,Scotland,http://data.ordnancesurvey.co.uk/id/7000000000041429,Scotland,http://data.ordnancesurvey.co.uk/id/country/scotland,,,
PH414RL,http://data.ordnancesurvey.co.uk/id/postcodeunit/PH414RL,PH41 4RL,,,,other,Postcode,167474.000,796002.000,3500,18000,,,,,,,Malaig / Mallaig,http://data.ordnancesurvey.co.uk/id/4000000074542949,http://www.ordnancesurvey.co.uk/xml/codelists/localtype.xml#village,,,,Highland,http://data.ordnancesurvey.co.uk/id/7000000000029638,http://data.ordnancesurvey.co.uk/ontology/admingeo/UnitaryAuthority,Scotland,http://data.ordnancesurvey.co.uk/id/7000000000041429,Scotland,http://data.ordnancesurvey.co.uk/id/country/scotland,,,
PH414QT,http://data.ordnancesurvey.co.uk/id/postcodeunit/PH414QT,PH41 4QT,,,,other,Postcode,167611.000,796965.000,3500,18000,,,,,,,Malaig / Mallaig,http://data.ordnancesurvey.co.uk/id/4000000074542949,http://www.ordnancesurvey.co.uk/xml/codelists/localtype.xml#village,,,,Highland,http://data.ordnancesurvey.co.uk/id/7000000000029638,http://data.ordnancesurvey.co.uk/ontology/admingeo/UnitaryAuthority,Scotland,http://data.ordnancesurvey.co.uk/id/7000000000041429,Scotland,http://data.ordnancesurvey.co.uk/id/country/scotland,,,
PH414QF,http://data.ordnancesurvey.co.uk/id/postcodeunit/PH414QF,PH41 4QF,,,,other,Postcode,167844.000,796847.000,3500,18000,,,,,,,Malaig / Mallaig,http://data.ordnancesurvey.co.uk/id/4000000074542949,http://www.ordnancesurvey.co.uk/xml/codelists/localtype.xml#village,,,,Highland,http://data.ordnancesurvey.co.uk/id/7000000000029638,http://data.ordnancesurvey.co.uk/ontology/admingeo/UnitaryAuthority,Scotland,http://data.ordnancesurvey.co.uk/id/7000000000041429,Scotland,http://data.ordnancesurvey.co.uk/id/country/scotland,,,
PH394NR,http://data.ordnancesurvey.co.uk/id/postcodeunit/PH394NR,PH39 4NR,,,,other,Postcode,169278.000,784926.000,3500,18000,,,,,,,Druimindarroch,http://data.ordnancesurvey.co.uk/id/4000000074550474,http://www.ordnancesurvey.co.uk/xml/codelists/localtype.xml#otherSettlement,,,,Highland,http://data.ordnancesurvey.co.uk/id/7000000000029638,http://data.ordnancesurvey.co.uk/ontology/admingeo/UnitaryAuthority,Scotland,http://data.ordnancesurvey.co.uk/id/7000000000041429,Scotland,http://data.ordnancesurvey.co.uk/id/country/scotland,,,
PH394NH,http://data.ordnancesurvey.co.uk/id/postcodeunit/PH394NH,PH39 4NH,,,,other,Postcode,165874.000,786532.000,3500,18000,,,,,,,Àrasaig / Arisaig,http://data.ordnancesurvey.co.uk/id/4000000074542890,http://www.ordnancesurvey.co.uk/xml/codelists/localtype.xml#village,,,,Highland,http://data.ordnancesurvey.co.uk/id/7000000000029638,http://data.ordnancesurvey.co.uk/ontology/admingeo/UnitaryAuthority,Scotland,http://data.ordnancesurvey.co.uk/id/7000000000041429,Scotland,http://data.ordnancesurvey.co.uk/id/country/scotland,,,
PH404PG,http://data.ordnancesurvey.co.uk/id/postcodeunit/PH404PG,PH40 4PG,,,,other,Postcode,179698.000,787677.000,3500,18000,,,,,,,,,,,,,Highland,http://data.ordnancesurvey.co.uk/id/7000000000029638,http://data.ordnancesurvey.co.uk/ontology/admingeo/UnitaryAuthority,Scotland,http://data.ordnancesurvey.co.uk/id/7000000000041429,Scotland,http://data.ordnancesurvey.co.uk/id/country/scotland,,,
PH414QP,http://data.ordnancesurvey.co.uk/id/postcodeunit/PH414QP,PH41 4QP,,,,other,Postcode,168199.000,797241.000,3500,18000,,,,,,,Malaig / Mallaig,http://data.ordnancesurvey.co.uk/id/4000000074542949,http://www.ordnancesurvey.co.uk/xml/codelists/localtype.xml#village,,,,Highland,http://data.ordnancesurvey.co.uk/id/7000000000029638,http://data.ordnancesurvey.co.uk/ontology/admingeo/UnitaryAuthority,Scotland,http://data.ordnancesurvey.co.uk/id/7000000000041429,Scotland,http://data.ordnancesurvey.co.uk/id/country/scotland,,,
PH414RH,http://data.ordnancesurvey.co.uk/id/postcodeunit/PH414RH,PH41 4RH,,,,other,Postcode,167567.000,795735.000,3500,18000,,,,,,,Malaig / Mallaig,http://data.ordnancesurvey.co.uk/id/4000000074542949,http://www.ordnancesurvey.co.uk/xml/codelists/localtype.xml#village,,,,Highland,http://data.ordnancesurvey.co.uk/id/7000000000029638,http://data.ordnancesurvey.co.uk/ontology/admingeo/UnitaryAuthority,Scotland,http://data.ordnancesurvey.co.uk/id/7000000000041429,Scotland,http://data.ordnancesurvey.co.uk/id/country/scotland,,,
PH404PN,http://data.ordnancesurvey.co.uk/id/postcodeunit/PH404PN,PH40 4PN,,,,other,Postcode,166695.000,791549.000,3500,18000,,,,,,,Glenancross,http://data.ordnancesurvey.co.uk/id/4000000074550476,http://www.ordnancesurvey.co.uk/xml/codelists/localtype.xml#otherSettlement,,,,Highland,http://data.ordnancesurvey.co.uk/id/7000000000029638,http://data.ordnancesurvey.co.uk/ontology/admingeo/UnitaryAuthority,Scotland,http://data.ordnancesurvey.co.uk/id/7000000000041429,Scotland,http://data.ordnancesurvey.co.uk/id/country/scotland,,,
PH414RQ,http://data.ordnancesurvey.co.uk/id/postcodeunit/PH414RQ,PH41 4RQ,,,,other,Postcode,167555.000,796057.000,3500,18000,,,,,,,Malaig / Mallaig,http://data.ordnancesurvey.co.uk/id/4000000074542949,http://www.ordnancesurvey.co.uk/xml/codelists/localtype.xml#village,,,,Highland,http://data.ordnancesurvey.co.uk/id/7000000000029638,http://data.ordnancesurvey.co.uk/ontology/admingeo/UnitaryAuthority,Scotland,http://data.ordnancesurvey.co.uk/id/7000000000041429,Scotland,http://data.ordnancesurvey.co.uk/id/country/scotland,,,
PH414QN,http://data.ordnancesurvey.co.uk/id/postcodeunit/PH414QN,PH41 4QN,,,,other,Postcode,168695.000,797597.000,3500,18000,,,,,,,Malaig / Mallaig,http://data.ordnancesurvey.co.uk/id/4000000074542949,http://www.ordnancesurvey.co.uk/xml/codelists/localtype.xml#village,,,,Highland,http://data.ordnancesurvey.co.uk/id/7000000000029638,http://data.ordnancesurvey.co.uk/ontology/admingeo/UnitaryAuthority,Scotland,http://data.ordnancesurvey.co.uk/id/7000000000041429,Scotland,http://data.ordnancesurvey.co.uk/id/country/scotland,,,
PH384LZ,http://data.ordnancesurvey.co.uk/id/postcodeunit/PH384LZ,PH38 4LZ,,,,other,Postcode,176520.000,781785.000,3500,18000,,,,,,,Lochailort / Ceann Loch Aileart,http://data.ordnancesurvey.co.uk/id/4000000074540896,http://www.ordnancesurvey.co.uk/xml/codelists/localtype.xml#otherSettlement,,,,Highland,http://data.ordnancesurvey.co.uk/id/7000000000029638,http://data.ordnancesurvey.co.uk/ontology/admingeo/UnitaryAuthority,Scotland,http://data.ordnancesurvey.co.uk/id/7000000000041429,Scotland,http://data.ordnancesurvey.co.uk/id/country/scotland,,,
PH414QH,http://data.ordnancesurvey.co.uk/id/postcodeunit/PH414QH,PH41 4QH,,,,other,Postcode,168094.000,797233.000,3500,18000,,,,,,,Malaig / Mallaig,http://data.ordnancesurvey.co.uk/id/4000000074542949,http://www.ordnancesurvey.co.uk/xml/codelists/localtype.xml#village,,,,Highland,http://data.ordnancesurvey.co.uk/id/7000000000029638,http://data.ordnancesurvey.co.uk/ontology/admingeo/UnitaryAuthority,Scotland,http://data.ordnancesurvey.co.uk/id/7000000000041429,Scotland,http://data.ordnancesurvey.co.uk/id/country/scotland,,,
PH404PF,http://data.ordnancesurvey.co.uk/id/postcodeunit/PH404PF,PH40 4PF,,,,other,Postcode,168405.000,792467.000,3500,18000,,,,,,,Morar,http://data.ordnancesurvey.co.uk/id/4000000074813662,http://www.ordnancesurvey.co.uk/xml/codelists/localtype.xml#village,,,,Highland,http://data.ordnancesurvey.co.uk/id/7000000000029638,http://data.ordnancesurvey.co.uk/ontology/admingeo/UnitaryAuthority,Scotland,http://data.ordnancesurvey.co.uk/id/7000000000041429,Scotland,http://data.ordnancesurvey.co.uk/id/country/scotland,,,
PH394NG,http://data.ordnancesurvey.co.uk/id/postcodeunit/PH394NG,PH39 4NG,,,,other,Postcode,165844.000,786656.000,3500,18000,,,,,,,Àrasaig / Arisaig,http://data.ordnancesurvey.co.uk/id/4000000074542890,http://www.ordnancesurvey.co.uk/xml/codelists/localtype.xml#village,,,,Highland,http://data.ordnancesurvey.co.uk/id/7000000000029638,http://data.ordnancesurvey.co.uk/ontology/admingeo/UnitaryAuthority,Scotland,http://data.ordnancesurvey.co.uk/id/7000000000041429,Scotland,http://data.ordnancesurvey.co.uk/id/country/scotland,,,
PH404PH,http://data.ordnancesurvey.co.uk/id/postcodeunit/PH404PH,PH40 4PH,,,,other,Postcode,167689.000,793262.000,3500,18000,,,,,,,Morar,http://data.ordnancesurvey.co.uk/id/4000000074813662,http://www.ordnancesurvey.co.uk/xml/codelists/localtype.xml#village,,,,Highland,http://data.ordnancesurvey.co.uk/id/7000000000029638,http://data.ordnancesurvey.co.uk/ontology/admingeo/UnitaryAuthority,Scotland,http://data.ordnancesurvey.co.uk/id/7000000000041429,Scotland,http://data.ordnancesurvey.co.uk/id/country/scotland,,,
PH414QR,http://data.ordnancesurvey.co.uk/id/postcodeunit/PH414QR,PH41 4QR,,,,other,Postcode,168282.000,797378.000,3500,18000,,,,,,,Malaig / Mallaig,http://data.ordnancesurvey.co.uk/id/4000000074542949,http://www.ordnancesurvey.co.uk/xml/codelists/localtype.xml#village,,,,Highland,http://data.ordnancesurvey.co.uk/id/7000000000029638,http://data.ordnancesurvey.co.uk/ontology/admingeo/UnitaryAuthority,Scotland,http://data.ordnancesurvey.co.uk/id/7000000000041429,Scotland,http://data.ordnancesurvey.co.uk/id/country/scotland,,,
PH414QL,http://data.ordnancesurvey.co.uk/id/postcodeunit/PH414QL,PH41 4QL,,,,other,Postcode,168145.000,797438.000,3500,18000,,,,,,,Malaig / Mallaig,http://data.ordnancesurvey.co.uk/id/4000000074542949,http://www.ordnancesurvey.co.uk/xml/codelists/localtype.xml#village,,,,Highland,http://data.ordnancesurvey.co.uk/id/7000000000029638,http://data.ordnancesurvey.co.uk/ontology/admingeo/UnitaryAuthority,Scotland,http://data.ordnancesurvey.co.uk/id/7000000000041429,Scotland,http://data.ordnancesurvey.co.uk/id/country/scotland,,,
PH384NA,http://data.ordnancesurvey.co.uk/id/postcodeunit/PH384NA,PH38 4NA,,,,other,Postcode,174058.000,783583.000,3500,18000,,,,,,,,,,,,,Highland,http://data.ordnancesurvey.co.uk/id/7000000000029638,http://data.ordnancesurvey.co.uk/ontology/admingeo/UnitaryAuthority,Scotland,http://data.ordnancesurvey.co.uk/id/7000000000041429,Scotland,http://data.ordnancesurvey.co.uk/id/country/scotland,,,
PH414PX,http://data.ordnancesurvey.co.uk/id/postcodeunit/PH414PX,PH41 4PX,,,,other,Postcode,167524.000,797076.000,3500,18000,,,,,,,Malaig / Mallaig,http://data.ordnancesurvey.co.uk/id/4000000074542949,http://www.ordnancesurvey.co.uk/xml/codelists/localtype.xml#village,,,,Highland,http://data.ordnancesurvey.co.uk/id/7000000000029638,http://data.ordnancesurvey.co.uk/ontology/admingeo/UnitaryAuthority,Scotland,http://data.ordnancesurvey.co.uk/id/7000000000041429,Scotland,http://data.ordnancesurvey.co.uk/id/country/scotland,,,
PH414RE,http://data.ordnancesurvey.co.uk/id/postcodeunit/PH414RE,PH41 4RE,,,,other,Postcode,167493.000,796738.000,3500,18000,,,,,,,Malaig / Mallaig,http://data.ordnancesurvey.co.uk/id/4000000074542949,http://www.ordnancesurvey.co.uk/xml/codelists/localtype.xml#village,,,,Highland,http://data.ordnancesurvey.co.uk/id/7000000000029638,http://data.ordnancesurvey.co.uk/ontology/admingeo/UnitaryAuthority,Scotland,http://data.ordnancesurvey.co.uk/id/7000000000041429,Scotland,http://data.ordnancesurvey.co.uk/id/country/scotland,,,
PH414QS,http://data.ordnancesurvey.co.uk/id/postcodeunit/PH414QS,PH41 4QS,,,,other,Postcode,167614.000,796926.000,3500,18000,,,,,,,Malaig / Mallaig,http://data.ordnancesurvey.co.uk/id/4000000074542949,http://www.ordnancesurvey.co.uk/xml/codelists/localtype.xml#village,,,,Highland,http://data.ordnancesurvey.co.uk/id/7000000000029638,http://data.ordnancesurvey.co.uk/ontology/admingeo/UnitaryAuthority,Scotland,http://data.ordnancesurvey.co.uk/id/7000000000041429,Scotland,http://data.ordnancesurvey.co.uk/id/country/scotland,,,
PH414PP,http://data.ordnancesurvey.co.uk/id/postcodeunit/PH414PP,PH41 4PP,,,,other,Postcode,179263.000,792415.000,3500,18000,,,,,,,,,,,,,Highland,http://data.ordnancesurvey.co.uk/id/7000000000029638,http://data.ordnancesurvey.co.uk/ontology/admingeo/UnitaryAuthority,Scotland,http://data.ordnancesurvey.co.uk/id/7000000000041429,Scotland,http://data.ordnancesurvey.co.uk/id/country/scotland,,,
PH414RN,http://data.ordnancesurvey.co.uk/id/postcodeunit/PH414RN,PH41 4RN,,,,other,Postcode,167464.000,796841.000,3500,18000,,,,,,,Malaig / Mallaig,http://data.ordnancesurvey.co.uk/id/4000000074542949,http://www.ordnancesurvey.co.uk/xml/codelists/localtype.xml#village,,,,Highland,http://data.ordnancesurvey.co.uk/id/7000000000029638,http://data.ordnancesurvey.co.uk/ontology/admingeo/UnitaryAuthority,Scotland,http://data.ordnancesurvey.co.uk/id/7000000000041429,Scotland,http://data.ordnancesurvey.co.uk/id/country/scotland,,,
PH414QU,http://data.ordnancesurvey.co.uk/id/postcodeunit/PH414QU,PH41 4QU,,,,other,Postcode,167615.000,796857.000,3500,18000,,,,,,,Malaig / Mallaig,http://data.ordnancesurvey.co.uk/id/4000000074542949,http://www.ordnancesurvey.co.uk/xml/codelists/localtype.xml#village,,,,Highland,http://data.ordnancesurvey.co.uk/id/7000000000029638,http://data.ordnancesurvey.co.uk/ontology/admingeo/UnitaryAuthority,Scotland,http://data.ordnancesurvey.co.uk/id/7000000000041429,Scotland,http://data.ordnancesurvey.co.uk/id/country/scotland,,,
PH414QG,http://data.ordnancesurvey.co.uk/id/postcodeunit/PH414QG,PH41 4QG,,,,other,Postcode,168030.000,797025.000,3500,18000,,,,,,,Malaig / Mallaig,http://data.ordnancesurvey.co.uk/id/4000000074542949,http://www.ordnancesurvey.co.uk/xml/codelists/localtype.xml#village,,,,Highland,http://data.ordnancesurvey.co.uk/id/7000000000029638,http://data.ordnancesurvey.co.uk/ontology/admingeo/UnitaryAuthority,Scotland,http://data.ordnancesurvey.co.uk/id/7000000000041429,Scotland,http://data.ordnancesurvey.co.uk/id/country/scotland,,,
PH404PB,http://data.ordnancesurvey.co.uk/id/postcodeunit/PH404PB,PH40 4PB,,,,other,Postcode,168129.000,792690.000,3500,18000,,,,,,,Morar,http://data.ordnancesurvey.co.uk/id/4000000074813662,http://www.ordnancesurvey.co.uk/xml/codelists/localtype.xml#village,,,,Highland,http://data.ordnancesurvey.co.uk/id/7000000000029638,http://data.ordnancesurvey.co.uk/ontology/admingeo/UnitaryAuthority,Scotland,http://data.ordnancesurvey.co.uk/id/7000000000041429,Scotland,http://data.ordnancesurvey.co.uk/id/country/scotland,,,
PH414PY,http://data.ordnancesurvey.co.uk/id/postcodeunit/PH414PY,PH41 4PY,,,,other,Postcode,167599.000,797051.000,3500,18000,,,,,,,Malaig / Mallaig,http://data.ordnancesurvey.co.uk/id/4000000074542949,http://www.ordnancesurvey.co.uk/xml/codelists/localtype.xml#village,,,,Highland,http://data.ordnancesurvey.co.uk/id/7000000000029638,http://data.ordnancesurvey.co.uk/ontology/admingeo/UnitaryAuthority,Scotland,http://data.ordnancesurvey.co.uk/id/7000000000041429,Scotland,http://data.ordnancesurvey.co.uk/id/country/scotland,,,
PH414QY,http://data.ordnancesurvey.co.uk/id/postcodeunit/PH414QY,PH41 4QY,,,,other,Postcode,167538.000,796940.000,3500,18000,,,,,,,Malaig / Mallaig,http://data.ordnancesurvey.co.uk/id/4000000074542949,http://www.ordnancesurvey.co.uk/xml/codelists/localtype.xml#village,,,,Highland,http://data.ordnancesurvey.co.uk/id/7000000000029638,http://data.ordnancesurvey.co.uk/ontology/admingeo/UnitaryAuthority,Scotland,http://data.ordnancesurvey.co.uk/id/7000000000041429,Scotland,http://data.ordnancesurvey.co.uk/id/country/scotland,,,
PH404PA,http://data.ordnancesurvey.co.uk/id/postcodeunit/PH404PA,PH40 4PA,,,,other,Postcode,167736.000,793262.000,3500,18000,,,,,,,Morar,http://data.ordnancesurvey.co.uk/id/4000000074813662,http://www.ordnancesurvey.co.uk/xml/codelists/localtype.xml#village,,,,Highland,http://data.ordnancesurvey.co.uk/id/7000000000029638,http://data.ordnancesurvey.co.uk/ontology/admingeo/UnitaryAuthority,Scotland,http://data.ordnancesurvey.co.uk/id/7000000000041429,Scotland,http://data.ordnancesurvey.co.uk/id/country/scotland,,,
PH414QB,http://data.ordnancesurvey.co.uk/id/postcodeunit/PH414QB,PH41 4QB,,,,other,Postcode,167601.000,797084.000,3500,18000,,,,,,,Malaig / Mallaig,http://data.ordnancesurvey.co.uk/id/4000000074542949,http://www.ordnancesurvey.co.uk/xml/codelists/localtype.xml#village,,,,Highland,http://data.ordnancesurvey.co.uk/id/7000000000029638,http://data.ordnancesurvey.co.uk/ontology/admingeo/UnitaryAuthority,Scotland,http://data.ordnancesurvey.co.uk/id/7000000000041429,Scotland,http://data.ordnancesurvey.co.uk/id/country/scotland,,,
PH414RJ,http://data.ordnancesurvey.co.uk/id/postcodeunit/PH414RJ,PH41 4RJ,,,,other,Postcode,168274.000,797328.000,3500,18000,,,,,,,Malaig / Mallaig,http://data.ordnancesurvey.co.uk/id/4000000074542949,http://www.ordnancesurvey.co.uk/xml/codelists/localtype.xml#village,,,,Highland,http://data.ordnancesurvey.co.uk/id/7000000000029638,http://data.ordnancesurvey.co.uk/ontology/admingeo/UnitaryAuthority,Scotland,http://data.ordnancesurvey.co.uk/id/7000000000041429,Scotland,http://data.ordnancesurvey.co.uk/id/country/scotland,,,
PH414RA,http://data.ordnancesurvey.co.uk/id/postcodeunit/PH414RA,PH41 4RA,,,,other,Postcode,167482.000,796887.000,3500,18000,,,,,,,Malaig / Mallaig,http://data.ordnancesurvey.co.uk/id/4000000074542949,http://www.ordnancesurvey.co.uk/xml/codelists/localtype.xml#village,,,,Highland,http://data.ordnancesurvey.co.uk/id/7000000000029638,http://data.ordnancesurvey.co.uk/ontology/admingeo/UnitaryAuthority,Scotland,http://data.ordnancesurvey.co.uk/id/7000000000041429,Scotland,http://data.ordnancesurvey.co.uk/id/country/scotland,,,
PH394NU,http://data.ordnancesurvey.co.uk/id/postcodeunit/PH394NU,PH39 4NU,,,,other,Postcode,165510.000,785656.000,3500,18000,,,,,,,Àrasaig / Arisaig,http://data.ordnancesurvey.co.uk/id/4000000074542890,http://www.ordnancesurvey.co.uk/xml/codelists/localtype.xml#village,,,,Highland,http://data.ordnancesurvey.co.uk/id/7000000000029638,http://data.ordnancesurvey.co.uk/ontology/admingeo/UnitaryAuthority,Scotland,http://data.ordnancesurvey.co.uk/id/7000000000041429,Scotland,http://data.ordnancesurvey.co.uk/id/country/scotland,,,
PH404PJ,http://data.ordnancesurvey.co.uk/id/postcodeunit/PH404PJ,PH40 4PJ,,,,other,Postcode,167679.000,793644.000,3500,18000,,,,,,,Morar,http://data.ordnancesurvey.co.uk/id/4000000074813662,http://www.ordnancesurvey.co.uk/xml/codelists/localtype.xml#village,,,,Highland,http://data.ordnancesurvey.co.uk/id/7000000000029638,http://data.ordnancesurvey.co.uk/ontology/admingeo/UnitaryAuthority,Scotland,http://data.ordnancesurvey.co.uk/id/7000000000041429,Scotland,http://data.ordnancesurvey.co.uk/id/country/scotland,,,
PH414QQ,http://data.ordnancesurvey.co.uk/id/postcodeunit/PH414QQ,PH41 4QQ,,,,other,Postcode,168177.000,797535.000,3500,18000,,,,,,,Malaig / Mallaig,http://data.ordnancesurvey.co.uk/id/4000000074542949,http://www.ordnancesurvey.co.uk/xml/codelists/localtype.xml#village,,,,Highland,http://data.ordnancesurvey.co.uk/id/7000000000029638,http://data.ordnancesurvey.co.uk/ontology/admingeo/UnitaryAuthority,Scotland,http://data.ordnancesurvey.co.uk/id/7000000000041429,Scotland,http://data.ordnancesurvey.co.uk/id/country/scotland,,,
PH394NP,http://data.ordnancesurvey.co.uk/id/postcodeunit/PH394NP,PH39 4NP,,,,other,Postcode,166262.000,786473.000,3500,18000,,,,,,,Àrasaig / Arisaig,http://data.ordnancesurvey.co.uk/id/4000000074542890,http://www.ordnancesurvey.co.uk/xml/codelists/localtype.xml#village,,,,Highland,http://data.ordnancesurvey.co.uk/id/7000000000029638,http://data.ordnancesurvey.co.uk/ontology/admingeo/UnitaryAuthority,Scotland,http://data.ordnancesurvey.co.uk/id/7000000000041429,Scotland,http://data.ordnancesurvey.co.uk/id/country/scotland,,,
PH394NT,http://data.ordnancesurvey.co.uk/id/postcodeunit/PH394NT,PH39 4NT,,,,other,Postcode,165680.000,789791.000,3500,18000,,,,,,,,,,,,,Highland,http://data.ordnancesurvey.co.uk/id/7000000000029638,http://data.ordnancesurvey.co.uk/ontology/admingeo/UnitaryAuthority,Scotland,http://data.ordnancesurvey.co.uk/id/7000000000041429,Scotland,http://data.ordnancesurvey.co.uk/id/country/scotland,,,
PH414QJ,http://data.ordnancesurvey.co.uk/id/postcodeunit/PH414QJ,PH41 4QJ,,,,other,Postcode,168160.000,797350.000,3500,18000,,,,,,,Malaig / Mallaig,http://data.ordnancesurvey.co.uk/id/4000000074542949,http://www.ordnancesurvey.co.uk/xml/codelists/localtype.xml#village,,,,Highland,http://data.ordnancesurvey.co.uk/id/7000000000029638,http://data.ordnancesurvey.co.uk/ontology/admingeo/UnitaryAuthority,Scotland,http://data.ordnancesurvey.co.uk/id/7000000000041429,Scotland,http://data.ordnancesurvey.co.uk/id/country/scotland,,,
PH414PU,http://data.ordnancesurvey.co.uk/id/postcodeunit/PH414PU,PH41 4PU,,,,other,Postcode,167570.000,796983.000,3500,18000,,,,,,,Malaig / Mallaig,http://data.ordnancesurvey.co.uk/id/4000000074542949,http://www.ordnancesurvey.co.uk/xml/codelists/localtype.xml#village,,,,Highland,http://data.ordnancesurvey.co.uk/id/7000000000029638,http://data.ordnancesurvey.co.uk/ontology/admingeo/UnitaryAuthority,Scotland,http://data.ordnancesurvey.co.uk/id/7000000000041429,Scotland,http://data.ordnancesurvey.co.uk/id/country/scotland,,,
PH414RP,http://data.ordnancesurvey.co.uk/id/postcodeunit/PH414RP,PH41 4RP,,,,other,Postcode,168262.000,797231.000,3500,18000,,,,,,,Malaig / Mallaig,http://data.ordnancesurvey.co.uk/id/4000000074542949,http://www.ordnancesurvey.co.uk/xml/codelists/localtype.xml#village,,,,Highland,http://data.ordnancesurvey.co.uk/id/7000000000029638,http://data.ordnancesurvey.co.uk/ontology/admingeo/UnitaryAuthority,Scotland,http://data.ordnancesurvey.co.uk/id/7000000000041429,Scotland,http://data.ordnancesurvey.co.uk/id/country/scotland,,,
PH394NW,http://data.ordnancesurvey.co.uk/id/postcodeunit/PH394NW,PH39 4NW,,,,other,Postcode,166091.000,786494.000,3500,18000,,,,,,,Àrasaig / Arisaig,http://data.ordnancesurvey.co.uk/id/4000000074542890,http://www.ordnancesurvey.co.uk/xml/codelists/localtype.xml#village,,,,Highland,http://data.ordnancesurvey.co.uk/id/7000000000029638,http://data.ordnancesurvey.co.uk/ontology/admingeo/UnitaryAuthority,Scotland,http://data.ordnancesurvey.co.uk/id/7000000000041429,Scotland,http://data.ordnancesurvey.co.uk/id/country/scotland,,,
PH404PE,http://data.ordnancesurvey.co.uk/id/postcodeunit/PH404PE,PH40 4PE,,,,other,Postcode,171391.000,792885.000,3500,18000,,,,,,,Bracara / Bracora,http://data.ordnancesurvey.co.uk/id/4000000074550475,http://www.ordnancesurvey.co.uk/xml/codelists/localtype.xml#hamlet,,,,Highland,http://data.ordnancesurvey.co.uk/id/7000000000029638,http://data.ordnancesurvey.co.uk/ontology/admingeo/UnitaryAuthority,Scotland,http://data.ordnancesurvey.co.uk/id/7000000000041429,Scotland,http://data.ordnancesurvey.co.uk/id/country/scotland,,,
PH394NS,http://data.ordnancesurvey.co.uk/id/postcodeunit/PH394NS,PH39 4NS,,,,other,Postcode,165641.000,788032.000,3500,18000,,,,,,,Back of Keppoch / Cùl na Ceapaich,http://data.ordnancesurvey.co.uk/id/4000000074542892,http://www.ordnancesurvey.co.uk/xml/codelists/localtype.xml#hamlet,,,,Highland,http://data.ordnancesurvey.co.uk/id/7000000000029638,http://data.ordnancesurvey.co.uk/ontology/admingeo/UnitaryAuthority,Scotland,http://data.ordnancesurvey.co.uk/id/7000000000041429,Scotland,http://data.ordnancesurvey.co.uk/id/country/scotland,,,
PH414QD,http://data.ordnancesurvey.co.uk/id/postcodeunit/PH414QD,PH41 4QD,,,,other,Postcode,167601.000,797084.000,3500,18000,,,,,,,Malaig / Mallaig,http://data.ordnancesurvey.co.uk/id/4000000074542949,http://www.ordnancesurvey.co.uk/xml/codelists/localtype.xml#village,,,,Highland,http://data.ordnancesurvey.co.uk/id/7000000000029638,http://data.ordnancesurvey.co.uk/ontology/admingeo/UnitaryAuthority,Scotland,http://data.ordnancesurvey.co.uk/id/7000000000041429,Scotland,http://data.ordnancesurvey.co.uk/id/country/scotland,,,
PH394NL,http://data.ordnancesurvey.co.uk/id/postcodeunit/PH394NL,PH39 4NL,,,,other,Postcode,166088.000,786397.000,3500,18000,,,,,,,Àrasaig / Arisaig,http://data.ordnancesurvey.co.uk/id/4000000074542890,http://www.ordnancesurvey.co.uk/xml/codelists/localtype.xml#village,,,,Highland,http://data.ordnancesurvey.co.uk/id/7000000000029638,http://data.ordnancesurvey.co.uk/ontology/admingeo/UnitaryAuthority,Scotland,http://data.ordnancesurvey.co.uk/id/7000000000041429,Scotland,http://data.ordnancesurvey.co.uk/id/country/scotland,,,
PH414RD,http://data.ordnancesurvey.co.uk/id/postcodeunit/PH414RD,PH41 4RD,,,,other,Postcode,167450.000,796752.000,3500,18000,,,,,,,Malaig / Mallaig,http://data.ordnancesurvey.co.uk/id/4000000074542949,http://www.ordnancesurvey.co.uk/xml/codelists/localtype.xml#village,,,,Highland,http://data.ordnancesurvey.co.uk/id/7000000000029638,http://data.ordnancesurvey.co.uk/ontology/admingeo/UnitaryAuthority,Scotland,http://data.ordnancesurvey.co.uk/id/7000000000041429,Scotland,http://data.ordnancesurvey.co.uk/id/country/scotland,,,
PH394NA,http://data.ordnancesurvey.co.uk/id/postcodeunit/PH394NA,PH39 4NA,,,,other,Postcode,166200.000,786406.000,3500,18000,,,,,,,Àrasaig / Arisaig,http://data.ordnancesurvey.co.uk/id/4000000074542890,http://www.ordnancesurvey.co.uk/xml/codelists/localtype.xml#village,,,,Highland,http://data.ordnancesurvey.co.uk/id/7000000000029638,http://data.ordnancesurvey.co.uk/ontology/admingeo/UnitaryAuthority,Scotland,http://data.ordnancesurvey.co.uk/id/7000000000041429,Scotland,http://data.ordnancesurvey.co.uk/id/country/scotland,,,
PH414QZ,http://data.ordnancesurvey.co.uk/id/postcodeunit/PH414QZ,PH41 4QZ,,,,other,Postcode,167567.000,796867.000,3500,18000,,,,,,,Malaig / Mallaig,http://data.ordnancesurvey.co.uk/id/4000000074542949,http://www.ordnancesurvey.co.uk/xml/codelists/localtype.xml#village,,,,Highland,http://data.ordnancesurvey.co.uk/id/7000000000029638,http://data.ordnancesurvey.co.uk/ontology/admingeo/UnitaryAuthority,Scotland,http://data.ordnancesurvey.co.uk/id/7000000000041429,Scotland,http://data.ordnancesurvey.co.uk/id/country/scotland,,,
PH414QW,http://data.ordnancesurvey.co.uk/id/postcodeunit/PH414QW,PH41 4QW,,,,other,Postcode,168177.000,797245.000,3500,18000,,,,,,,Malaig / Mallaig,http://data.ordnancesurvey.co.uk/id/4000000074542949,http://www.ordnancesurvey.co.uk/xml/codelists/localtype.xml#village,,,,Highland,http://data.ordnancesurvey.co.uk/id/7000000000029638,http://data.ordnancesurvey.co.uk/ontology/admingeo/UnitaryAuthority,Scotland,http://data.ordnancesurvey.co.uk/id/7000000000041429,Scotland,http://data.ordnancesurvey.co.uk/id/country/scotland,,,
osgb4000000004232868,http://data.ordnancesurvey.co.uk/id/4000000004232868,Cameron Avenue,,,,transportNetwork,Named Road,168169.231,797510.820,1000,20000,168105.000,797453.000,168217.000,797552.000,PH41,http://data.ordnancesurvey.co.uk/id/postcodedistrict/PH41,Malaig / Mallaig,http://data.ordnancesurvey.co.uk/id/4000000074542949,http://www.ordnancesurvey.co.uk/xml/codelists/localtype.xml#village,,,,Highland,http://data.ordnancesurvey.co.uk/id/7000000000029638,http://data.ordnancesurvey.co.uk/ontology/admingeo/UnitaryAuthority,Scotland,http://data.ordnancesurvey.co.uk/id/7000000000041429,Scotland,http://data.ordnancesurvey.co.uk/id/country/scotland,,,
osgb4000000004232869,http://data.ordnancesurvey.co.uk/id/4000000004232869,Coteachan Hill,,,,transportNetwork,Named Road,168208.000,797279.000,1000,20000,168133.000,797186.000,168248.131,797365.620,PH41,http://data.ordnancesurvey.co.uk/id/postcodedistrict/PH41,Malaig / Mallaig,http://data.ordnancesurvey.co.uk/id/4000000074542949,http://www.ordnancesurvey.co.uk/xml/codelists/localtype.xml#village,,,,Highland,http://data.ordnancesurvey.co.uk/id/7000000000029638,http://data.ordnancesurvey.co.uk/ontology/admingeo/UnitaryAuthority,Scotland,http://data.ordnancesurvey.co.uk/id/7000000000041429,Scotland,http://data.ordnancesurvey.co.uk/id/country/scotland,,,
osgb4000000004232940,http://data.ordnancesurvey.co.uk/id/4000000004232940,Lochnevis Crescent,,,,transportNetwork,Named Road,168172.000,797334.000,1000,20000,168133.000,797301.000,168188.823,797421.016,PH41,http://data.ordnancesurvey.co.uk/id/postcodedistrict/PH41,Malaig / Mallaig,http://data.ordnancesurvey.co.uk/id/4000000074542949,http://www.ordnancesurvey.co.uk/xml/codelists/localtype.xml#village,,,,Highland,http://data.ordnancesurvey.co.uk/id/7000000000029638,http://data.ordnancesurvey.co.uk/ontology/admingeo/UnitaryAuthority,Scotland,http://data.ordnancesurvey.co.uk/id/7000000000041429,Scotland,http://data.ordnancesurvey.co.uk/id/country/scotland,,,
osgb4000000004232938,http://data.ordnancesurvey.co.uk/id/4000000004232938,Davies Brae,,,,transportNetwork,Named Road,167564.000,796946.000,1000,20000,167545.000,796917.000,167607.619,796998.283,PH41,http://data.ordnancesurvey.co.uk/id/postcodedistrict/PH41,Malaig / Mallaig,http://data.ordnancesurvey.co.uk/id/4000000074542949,http://www.ordnancesurvey.co.uk/xml/codelists/localtype.xml#village,,,,Highland,http://data.ordnancesurvey.co.uk/id/7000000000029638,http://data.ordnancesurvey.co.uk/ontology/admingeo/UnitaryAuthority,Scotland,http://data.ordnancesurvey.co.uk/id/7000000000041429,Scotland,http://data.ordnancesurvey.co.uk/id/country/scotland,,,
osgb4000000004232752,http://data.ordnancesurvey.co.uk/id/4000000004232752,Columba Road,,,,transportNetwork,Named Road,167709.000,793158.000,6000,20000,167506.837,792701.000,168087.000,793558.000,PH40,http://data.ordnancesurvey.co.uk/id/postcodedistrict/PH40,Morar,http://data.ordnancesurvey.co.uk/id/4000000074813662,http://www.ordnancesurvey.co.uk/xml/codelists/localtype.xml#village,,,,Highland,http://data.ordnancesurvey.co.uk/id/7000000000029638,http://data.ordnancesurvey.co.uk/ontology/admingeo/UnitaryAuthority,Scotland,http://data.ordnancesurvey.co.uk/id/7000000000041429,Scotland,http://data.ordnancesurvey.co.uk/id/country/scotland,,,
osgb4000000004237418,http://data.ordnancesurvey.co.uk/id/4000000004237418,King's Way,,,,transportNetwork,Named Road,168277.980,797197.559,1000,20000,168240.428,797134.512,168295.570,797273.452,PH41,http://data.ordnancesurvey.co.uk/id/postcodedistrict/PH41,Malaig / Mallaig,http://data.ordnancesurvey.co.uk/id/4000000074542949,http://www.ordnancesurvey.co.uk/xml/codelists/localtype.xml#village,,,,Highland,http://data.ordnancesurvey.co.uk/id/7000000000029638,http://data.ordnancesurvey.co.uk/ontology/admingeo/UnitaryAuthority,Scotland,http://data.ordnancesurvey.co.uk/id/7000000000041429,Scotland,http://data.ordnancesurvey.co.uk/id/country/scotland,,,
osgb4000000004232936,http://data.ordnancesurvey.co.uk/id/4000000004232936,Victoria Road,,,,transportNetwork,Named Road,167487.000,796843.000,1000,20000,167456.000,796813.000,167539.000,796889.000,PH41,http://data.ordnancesurvey.co.uk/id/postcodedistrict/PH41,Malaig / Mallaig,http://data.ordnancesurvey.co.uk/id/4000000074542949,http://www.ordnancesurvey.co.uk/xml/codelists/localtype.xml#village,,,,Highland,http://data.ordnancesurvey.co.uk/id/7000000000029638,http://data.ordnancesurvey.co.uk/ontology/admingeo/UnitaryAuthority,Scotland,http://data.ordnancesurvey.co.uk/id/7000000000041429,Scotland,http://data.ordnancesurvey.co.uk/id/country/scotland,,,
osgb4000000004233243,http://data.ordnancesurvey.co.uk/id/4000000004233243,Station Road,,,,transportNetwork,Named Road,166255.000,786720.000,1000,20000,166199.854,786632.447,166381.000,786741.000,PH39,http://data.ordnancesurvey.co.uk/id/postcodedistrict/PH39,Àrasaig / Arisaig,http://data.ordnancesurvey.co.uk/id/4000000074542890,http://www.ordnancesurvey.co.uk/xml/codelists/localtype.xml#village,,,,Highland,http://data.ordnancesurvey.co.uk/id/7000000000029638,http://data.ordnancesurvey.co.uk/ontology/admingeo/UnitaryAuthority,Scotland,http://data.ordnancesurvey.co.uk/id/7000000000041429,Scotland,http://data.ordnancesurvey.co.uk/id/country/scotland,,,
osgb4000000004232939,http://data.ordnancesurvey.co.uk/id/4000000004232939,Gillies Park,,,,transportNetwork,Named Road,167625.000,796853.000,1000,20000,167604.768,796824.640,167637.000,796904.000,PH41,http://data.ordnancesurvey.co.uk/id/postcodedistrict/PH41,Malaig / Mallaig,http://data.ordnancesurvey.co.uk/id/4000000074542949,http://www.ordnancesurvey.co.uk/xml/codelists/localtype.xml#village,,,,Highland,http://data.ordnancesurvey.co.uk/id/7000000000029638,http://data.ordnancesurvey.co.uk/ontology/admingeo/UnitaryAuthority,Scotland,http://data.ordnancesurvey.co.uk/id/7000000000041429,Scotland,http://data.ordnancesurvey.co.uk/id/country/scotland,,,
osgb4000000004233016,http://data.ordnancesurvey.co.uk/id/4000000004233016,B8008,,,,transportNetwork,Numbered Road,166525.000,791768.000,70000,250000,165190.000,786358.000,168204.000,797075.655,PH40,http://data.ordnancesurvey.co.uk/id/postcodedistrict/PH40,Glenancross,http://data.ordnancesurvey.co.uk/id/4000000074550476,http://www.ordnancesurvey.co.uk/xml/codelists/localtype.xml#otherSettlement,,,,Highland,http://data.ordnancesurvey.co.uk/id/7000000000029638,http://data.ordnancesurvey.co.uk/ontology/admingeo/UnitaryAuthority,Scotland,http://data.ordnancesurvey.co.uk/id/7000000000041429,Scotland,http://data.ordnancesurvey.co.uk/id/country/scotland,,,
osgb4000000004232963,http://data.ordnancesurvey.co.uk/id/4000000004232963,Blaven View,,,,transportNetwork,Named Road,168257.000,797380.000,1000,20000,168248.131,797365.620,168288.000,797404.000,PH41,http://data.ordnancesurvey.co.uk/id/postcodedistrict/PH41,Malaig / Mallaig,http://data.ordnancesurvey.co.uk/id/4000000074542949,http://www.ordnancesurvey.co.uk/xml/codelists/localtype.xml#village,,,,Highland,http://data.ordnancesurvey.co.uk/id/7000000000029638,http://data.ordnancesurvey.co.uk/ontology/admingeo/UnitaryAuthority,Scotland,http://data.ordnancesurvey.co.uk/id/7000000000041429,Scotland,http://data.ordnancesurvey.co.uk/id/country/scotland,,,
osgb4000000004232867,http://data.ordnancesurvey.co.uk/id/4000000004232867,Lovat Terrace,,,,transportNetwork,Named Road,167479.000,796689.000,1000,20000,167407.111,796664.278,167536.000,796717.000,PH41,http://data.ordnancesurvey.co.uk/id/postcodedistrict/PH41,Malaig / Mallaig,http://data.ordnancesurvey.co.uk/id/4000000074542949,http://www.ordnancesurvey.co.uk/xml/codelists/localtype.xml#village,,,,Highland,http://data.ordnancesurvey.co.uk/id/7000000000029638,http://data.ordnancesurvey.co.uk/ontology/admingeo/UnitaryAuthority,Scotland,http://data.ordnancesurvey.co.uk/id/7000000000041429,Scotland,http://data.ordnancesurvey.co.uk/id/country/scotland,,,
osgb4000000004232935,http://data.ordnancesurvey.co.uk/id/4000000004232935,Clanranald Terrace,,,,transportNetwork,Named Road,167480.000,796740.000,1000,20000,167463.000,796689.000,167502.400,796787.700,PH41,http://data.ordnancesurvey.co.uk/id/postcodedistrict/PH41,Malaig / Mallaig,http://data.ordnancesurvey.co.uk/id/4000000074542949,http://www.ordnancesurvey.co.uk/xml/codelists/localtype.xml#village,,,,Highland,http://data.ordnancesurvey.co.uk/id/7000000000029638,http://data.ordnancesurvey.co.uk/ontology/admingeo/UnitaryAuthority,Scotland,http://data.ordnancesurvey.co.uk/id/7000000000041429,Scotland,http://data.ordnancesurvey.co.uk/id/country/scotland,,,
osgb4000000004239651,http://data.ordnancesurvey.co.uk/id/4000000004239651,Glenancross Road,,,,transportNetwork,Named Road,166586.297,791668.153,2000,20000,166468.000,791560.166,166707.222,791762.225,PH40,http://data.ordnancesurvey.co.uk/id/postcodedistrict/PH40,Glenancross,http://data.ordnancesurvey.co.uk/id/4000000074550476,http://www.ordnancesurvey.co.uk/xml/codelists/localtype.xml#otherSettlement,,,,Highland,http://data.ordnancesurvey.co.uk/id/7000000000029638,http://data.ordnancesurvey.co.uk/ontology/admingeo/UnitaryAuthority,Scotland,http://data.ordnancesurvey.co.uk/id/7000000000041429,Scotland,http://data.ordnancesurvey.co.uk/id/country/scotland,,,
osgb4000000004232800,http://data.ordnancesurvey.co.uk/id/4000000004232800,Lochnevis Terrace,,,,transportNetwork,Named Road,168095.500,797264.700,2000,20000,168054.250,797085.000,168133.000,797436.000,PH41,http://data.ordnancesurvey.co.uk/id/postcodedistrict/PH41,Malaig / Mallaig,http://data.ordnancesurvey.co.uk/id/4000000074542949,http://www.ordnancesurvey.co.uk/xml/codelists/localtype.xml#village,,,,Highland,http://data.ordnancesurvey.co.uk/id/7000000000029638,http://data.ordnancesurvey.co.uk/ontology/admingeo/UnitaryAuthority,Scotland,http://data.ordnancesurvey.co.uk/id/7000000000041429,Scotland,http://data.ordnancesurvey.co.uk/id/country/scotland,,,
osgb4000000004232961,http://data.ordnancesurvey.co.uk/id/4000000004232961,Marine Place,,,,transportNetwork,Named Road,167451.233,796782.053,1000,20000,167431.637,796749.369,167467.525,796813.000,PH41,http://data.ordnancesurvey.co.uk/id/postcodedistrict/PH41,Malaig / Mallaig,http://data.ordnancesurvey.co.uk/id/4000000074542949,http://www.ordnancesurvey.co.uk/xml/codelists/localtype.xml#village,,,,Highland,http://data.ordnancesurvey.co.uk/id/7000000000029638,http://data.ordnancesurvey.co.uk/ontology/admingeo/UnitaryAuthority,Scotland,http://data.ordnancesurvey.co.uk/id/7000000000041429,Scotland,http://data.ordnancesurvey.co.uk/id/country/scotland,,,
PH414RF,http://data.ordnancesurvey.co.uk/id/postcodeunit/PH414RF,PH41 4RF,,,,other,Postcode,167458.000,796665.000,3500,18000,,,,,,,Malaig / Mallaig,http://data.ordnancesurvey.co.uk/id/4000000074542949,http://www.ordnancesurvey.co.uk/xml/codelists/localtype.xml#village,,,,Highland,http://data.ordnancesurvey.co.uk/id/7000000000029638,http://data.ordnancesurvey.co.uk/ontology/admingeo/UnitaryAuthority,Scotland,http://data.ordnancesurvey.co.uk/id/7000000000041429,Scotland,http://data.ordnancesurvey.co.uk/id/country/scotland,,,
PH414PZ,http://data.ordnancesurvey.co.uk/id/postcodeunit/PH414PZ,PH41 4PZ,,,,other,Postcode,167589.000,797016.000,3500,18000,,,,,,,Malaig / Mallaig,http://data.ordnancesurvey.co.uk/id/4000000074542949,http://www.ordnancesurvey.co.uk/xml/codelists/localtype.xml#village,,,,Highland,http://data.ordnancesurvey.co.uk/id/7000000000029638,http://data.ordnancesurvey.co.uk/ontology/admingeo/UnitaryAuthority,Scotland,http://data.ordnancesurvey.co.uk/id/7000000000041429,Scotland,http://data.ordnancesurvey.co.uk/id/country/scotland,,,
PH414QX,http://data.ordnancesurvey.co.uk/id/postcodeunit/PH414QX,PH41 4QX,,,,other,Postcode,167587.000,796736.000,3500,18000,,,,,,,Malaig / Mallaig,http://data.ordnancesurvey.co.uk/id/4000000074542949,http://www.ordnancesurvey.co.uk/xml/codelists/localtype.xml#village,,,,Highland,http://data.ordnancesurvey.co.uk/id/7000000000029638,http://data.ordnancesurvey.co.uk/ontology/admingeo/UnitaryAuthority,Scotland,http://data.ordnancesurvey.co.uk/id/7000000000041429,Scotland,http://data.ordnancesurvey.co.uk/id/country/scotland,,,
PH404PD,http://data.ordnancesurvey.co.uk/id/postcodeunit/PH404PD,PH40 4PD,,,,other,Postcode,166820.000,791716.000,3500,18000,,,,,,,Glenancross,http://data.ordnancesurvey.co.uk/id/4000000074550476,http://www.ordnancesurvey.co.uk/xml/codelists/localtype.xml#otherSettlement,,,,Highland,http://data.ordnancesurvey.co.uk/id/7000000000029638,http://data.ordnancesurvey.co.uk/ontology/admingeo/UnitaryAuthority,Scotland,http://data.ordnancesurvey.co.uk/id/7000000000041429,Scotland,http://data.ordnancesurvey.co.uk/id/country/scotland,,,
PH414QA,http://data.ordnancesurvey.co.uk/id/postcodeunit/PH414QA,PH41 4QA,,,,other,Postcode,167562.000,797055.000,3500,18000,,,,,,,Malaig / Mallaig,http://data.ordnancesurvey.co.uk/id/4000000074542949,http://www.ordnancesurvey.co.uk/xml/codelists/localtype.xml#village,,,,Highland,http://data.ordnancesurvey.co.uk/id/7000000000029638,http://data.ordnancesurvey.co.uk/ontology/admingeo/UnitaryAuthority,Scotland,http://data.ordnancesurvey.co.uk/id/7000000000041429,Scotland,http://data.ordnancesurvey.co.uk/id/country/scotland,,,
PH394NJ,http://data.ordnancesurvey.co.uk/id/postcodeunit/PH394NJ,PH39 4NJ,,,,other,Postcode,166215.000,786554.000,3500,18000,,,,,,,Àrasaig / Arisaig,http://data.ordnancesurvey.co.uk/id/4000000074542890,http://www.ordnancesurvey.co.uk/xml/codelists/localtype.xml#village,,,,Highland,http://data.ordnancesurvey.co.uk/id/7000000000029638,http://data.ordnancesurvey.co.uk/ontology/admingeo/UnitaryAuthority,Scotland,http://data.ordnancesurvey.co.uk/id/7000000000041429,Scotland,http://data.ordnancesurvey.co.uk/id/country/scotland,,,
PH394NX,http://data.ordnancesurvey.co.uk/id/postcodeunit/PH394NX,PH39 4NX,,,,other,Postcode,166273.000,786521.000,3500,18000,,,,,,,Àrasaig / Arisaig,http://data.ordnancesurvey.co.uk/id/4000000074542890,http://www.ordnancesurvey.co.uk/xml/codelists/localtype.xml#village,,,,Highland,http://data.ordnancesurvey.co.uk/id/7000000000029638,http://data.ordnancesurvey.co.uk/ontology/admingeo/UnitaryAuthority,Scotland,http://data.ordnancesurvey.co.uk/id/7000000000041429,Scotland,http://data.ordnancesurvey.co.uk/id/country/scotland,,,
osgb4000000004232937,http://data.ordnancesurvey.co.uk/id/4000000004232937,Station Road,,,,transportNetwork,Named Road,167589.000,797040.000,1000,20000,167563.749,796998.283,167607.619,797075.655,PH41,http://data.ordnancesurvey.co.uk/id/postcodedistrict/PH41,Malaig / Mallaig,http://data.ordnancesurvey.co.uk/id/4000000074542949,http://www.ordnancesurvey.co.uk/xml/codelists/localtype.xml#village,,,,Highland,http://data.ordnancesurvey.co.uk/id/7000000000029638,http://data.ordnancesurvey.co.uk/ontology/admingeo/UnitaryAuthority,Scotland,http://data.ordnancesurvey.co.uk/id/7000000000041429,Scotland,http://data.ordnancesurvey.co.uk/id/country/scotland,,,
osgb4000000004232962,http://data.ordnancesurvey.co.uk/id/4000000004232962,Rhubana View,,,,transportNetwork,Named Road,168453.000,792468.000,1000,20000,168412.981,792460.192,168453.000,792468.000,PH40,http://data.ordnancesurvey.co.uk/id/postcodedistrict/PH40,Morar,http://data.ordnancesurvey.co.uk/id/4000000074813662,http://www.ordnancesurvey.co.uk/xml/codelists/localtype.xml#village,,,,Highland,http://data.ordnancesurvey.co.uk/id/7000000000029638,http://data.ordnancesurvey.co.uk/ontology/admingeo/UnitaryAuthority,Scotland,http://data.ordnancesurvey.co.uk/id/7000000000041429,Scotland,http://data.ordnancesurvey.co.uk/id/country/scotland,,,
PH394NN,http://data.ordnancesurvey.co.uk/id/postcodeunit/PH394NN,PH39 4NN,,,,other,Postcode,166119.000,786464.000,3500,18000,,,,,,,Àrasaig / Arisaig,http://data.ordnancesurvey.co.uk/id/4000000074542890,http://www.ordnancesurvey.co.uk/xml/codelists/localtype.xml#village,,,,Highland,http://data.ordnancesurvey.co.uk/id/7000000000029638,http://data.ordnancesurvey.co.uk/ontology/admingeo/UnitaryAuthority,Scotland,http://data.ordnancesurvey.co.uk/id/7000000000041429,Scotland,http://data.ordnancesurvey.co.uk/id/country/scotland,,,
osgb4000000004232762,http://data.ordnancesurvey.co.uk/id/4000000004232762,East Bay,,,,transportNetwork,Named Road,168010.000,797148.000,4000,20000,167637.000,796844.520,168105.000,797453.000,PH41,http://data.ordnancesurvey.co.uk/id/postcodedistrict/PH41,Malaig / Mallaig,http://data.ordnancesurvey.co.uk/id/4000000074542949,http://www.ordnancesurvey.co.uk/xml/codelists/localtype.xml#village,,,,Highland,http://data.ordnancesurvey.co.uk/id/7000000000029638,http://data.ordnancesurvey.co.uk/ontology/admingeo/UnitaryAuthority,Scotland,http://data.ordnancesurvey.co.uk/id/7000000000041429,Scotland,http://data.ordnancesurvey.co.uk/id/country/scotland,,,
osgb4000000004232751,http://data.ordnancesurvey.co.uk/id/4000000004232751,Annies Brae,,,,transportNetwork,Named Road,167458.000,796444.000,6000,20000,167452.000,795945.000,167545.000,796917.000,PH41,http://data.ordnancesurvey.co.uk/id/postcodedistrict/PH41,Malaig / Mallaig,http://data.ordnancesurvey.co.uk/id/4000000074542949,http://www.ordnancesurvey.co.uk/xml/codelists/localtype.xml#village,,,,Highland,http://data.ordnancesurvey.co.uk/id/7000000000029638,http://data.ordnancesurvey.co.uk/ontology/admingeo/UnitaryAuthority,Scotland,http://data.ordnancesurvey.co.uk/id/7000000000041429,Scotland,http://data.ordnancesurvey.co.uk/id/country/scotland,,,
osgb4000000004232941,http://data.ordnancesurvey.co.uk/id/4000000004232941,Aird Mhor,,,,transportNetwork,Named Road,168293.989,797317.328,1000,20000,168248.131,797273.452,168299.918,797365.620,PH41,http://data.ordnancesurvey.co.uk/id/postcodedistrict/PH41,Malaig / Mallaig,http://data.ordnancesurvey.co.uk/id/4000000074542949,http://www.ordnancesurvey.co.uk/xml/codelists/localtype.xml#village,,,,Highland,http://data.ordnancesurvey.co.uk/id/7000000000029638,http://data.ordnancesurvey.co.uk/ontology/admingeo/UnitaryAuthority,Scotland,http://data.ordnancesurvey.co.uk/id/7000000000041429,Scotland,http://data.ordnancesurvey.co.uk/id/country/scotland,,,
