﻿osgb4000000074548286,http://data.ordnancesurvey.co.uk/id/4000000074548286,Succoth,,,,populatedPlace,Village,229703.980,705314.630,5000,250000,229381.207,704872.082,229951.065,705667.794,G83,http://data.ordnancesurvey.co.uk/id/postcodedistrict/G83,,,,,,,Argyll and Bute,http://data.ordnancesurvey.co.uk/id/7000000000030106,http://data.ordnancesurvey.co.uk/ontology/admingeo/UnitaryAuthority,Scotland,http://data.ordnancesurvey.co.uk/id/7000000000041429,Scotland,http://data.ordnancesurvey.co.uk/id/country/scotland,,,
osgb4000000074548284,http://data.ordnancesurvey.co.uk/id/4000000074548284,Ardgartan,,,,populatedPlace,Hamlet,227357.000,702999.000,5000,25000,227217.456,702754.658,227756.906,703411.390,G83,http://data.ordnancesurvey.co.uk/id/postcodedistrict/G83,,,,,,,Argyll and Bute,http://data.ordnancesurvey.co.uk/id/7000000000030106,http://data.ordnancesurvey.co.uk/ontology/admingeo/UnitaryAuthority,Scotland,http://data.ordnancesurvey.co.uk/id/7000000000041429,Scotland,http://data.ordnancesurvey.co.uk/id/country/scotland,,,
osgb4000000074548657,http://data.ordnancesurvey.co.uk/id/4000000074548657,Inveruglas,,,,populatedPlace,Hamlet,231956.000,709518.000,5000,25000,231738.982,709037.429,232381.816,709990.047,G83,http://data.ordnancesurvey.co.uk/id/postcodedistrict/G83,,,,,,,Argyll and Bute,http://data.ordnancesurvey.co.uk/id/7000000000030106,http://data.ordnancesurvey.co.uk/ontology/admingeo/UnitaryAuthority,Scotland,http://data.ordnancesurvey.co.uk/id/7000000000041429,Scotland,http://data.ordnancesurvey.co.uk/id/country/scotland,,,
osgb4000000074548659,http://data.ordnancesurvey.co.uk/id/4000000074548659,Inverarnan,,,,populatedPlace,Hamlet,231789.400,718447.550,5000,25000,231666.417,718243.394,232208.389,718890.629,G83,http://data.ordnancesurvey.co.uk/id/postcodedistrict/G83,,,,,,,Stirling,http://data.ordnancesurvey.co.uk/id/7000000000030502,http://data.ordnancesurvey.co.uk/ontology/admingeo/UnitaryAuthority,Scotland,http://data.ordnancesurvey.co.uk/id/7000000000041429,Scotland,http://data.ordnancesurvey.co.uk/id/country/scotland,,,http://sws.geonames.org/2646138
osgb4000000074548656,http://data.ordnancesurvey.co.uk/id/4000000074548656,Inversnaid,,,,populatedPlace,Other Settlement,234484.560,709073.350,15000,25000,233622.772,708794.709,235637.510,709748.546,FK8,http://data.ordnancesurvey.co.uk/id/postcodedistrict/FK8,,,,,,,Stirling,http://data.ordnancesurvey.co.uk/id/7000000000030502,http://data.ordnancesurvey.co.uk/ontology/admingeo/UnitaryAuthority,Scotland,http://data.ordnancesurvey.co.uk/id/7000000000041429,Scotland,http://data.ordnancesurvey.co.uk/id/country/scotland,,,http://sws.geonames.org/2646077
osgb4000000074548658,http://data.ordnancesurvey.co.uk/id/4000000074548658,Ardlui,,,,populatedPlace,Other Settlement,231772.340,715267.270,15000,25000,231600.374,714418.209,232302.507,716056.500,G83,http://data.ordnancesurvey.co.uk/id/postcodedistrict/G83,,,,,,,Argyll and Bute,http://data.ordnancesurvey.co.uk/id/7000000000030106,http://data.ordnancesurvey.co.uk/ontology/admingeo/UnitaryAuthority,Scotland,http://data.ordnancesurvey.co.uk/id/7000000000041429,Scotland,http://data.ordnancesurvey.co.uk/id/country/scotland,,http://dbpedia.org/resource/Ardlui,http://sws.geonames.org/2657165
osgb4000000074548283,http://data.ordnancesurvey.co.uk/id/4000000074548283,Tarbet,,,,populatedPlace,Village,231610.000,704560.000,9000,250000,230976.899,704029.453,232375.030,705004.654,G83,http://data.ordnancesurvey.co.uk/id/postcodedistrict/G83,,,,,,,Argyll and Bute,http://data.ordnancesurvey.co.uk/id/7000000000030106,http://data.ordnancesurvey.co.uk/ontology/admingeo/UnitaryAuthority,Scotland,http://data.ordnancesurvey.co.uk/id/7000000000041429,Scotland,http://data.ordnancesurvey.co.uk/id/country/scotland,,"http://dbpedia.org/resource/Tarbet,_Argyll",http://sws.geonames.org/2636233
osgb4000000074548285,http://data.ordnancesurvey.co.uk/id/4000000074548285,Arrochar,eng,An t-Àrchar,gla,populatedPlace,Village,229840.690,703858.840,13000,250000,229110.176,703313.658,230142.177,705358.542,G83,http://data.ordnancesurvey.co.uk/id/postcodedistrict/G83,,,,,,,Argyll and Bute,http://data.ordnancesurvey.co.uk/id/7000000000030106,http://data.ordnancesurvey.co.uk/ontology/admingeo/UnitaryAuthority,Scotland,http://data.ordnancesurvey.co.uk/id/7000000000041429,Scotland,http://data.ordnancesurvey.co.uk/id/country/scotland,,"http://dbpedia.org/resource/Arrochar,_Argyll",http://sws.geonames.org/2657018
FK83TR,http://data.ordnancesurvey.co.uk/id/postcodeunit/FK83TR,FK8 3TR,,,,other,Postcode,238738.000,703992.000,3500,18000,,,,,,,,,,,,,Stirling,http://data.ordnancesurvey.co.uk/id/7000000000030502,http://data.ordnancesurvey.co.uk/ontology/admingeo/UnitaryAuthority,Scotland,http://data.ordnancesurvey.co.uk/id/7000000000041429,Scotland,http://data.ordnancesurvey.co.uk/id/country/scotland,,,
G837DP,http://data.ordnancesurvey.co.uk/id/postcodeunit/G837DP,G83 7DP,,,,other,Postcode,231986.000,709351.000,3500,18000,,,,,,,,,,,,,Argyll and Bute,http://data.ordnancesurvey.co.uk/id/7000000000030106,http://data.ordnancesurvey.co.uk/ontology/admingeo/UnitaryAuthority,Scotland,http://data.ordnancesurvey.co.uk/id/7000000000041429,Scotland,http://data.ordnancesurvey.co.uk/id/country/scotland,,,
G837BD,http://data.ordnancesurvey.co.uk/id/postcodeunit/G837BD,G83 7BD,,,,other,Postcode,229775.000,703754.000,3500,18000,,,,,,,Arrochar / An t-Àrchar,http://data.ordnancesurvey.co.uk/id/4000000074548285,http://www.ordnancesurvey.co.uk/xml/codelists/localtype.xml#village,,,,Argyll and Bute,http://data.ordnancesurvey.co.uk/id/7000000000030106,http://data.ordnancesurvey.co.uk/ontology/admingeo/UnitaryAuthority,Scotland,http://data.ordnancesurvey.co.uk/id/7000000000041429,Scotland,http://data.ordnancesurvey.co.uk/id/country/scotland,,,
FK83TX,http://data.ordnancesurvey.co.uk/id/postcodeunit/FK83TX,FK8 3TX,,,,other,Postcode,239583.000,709838.000,3500,18000,,,,,,,,,,,,,Stirling,http://data.ordnancesurvey.co.uk/id/7000000000030502,http://data.ordnancesurvey.co.uk/ontology/admingeo/UnitaryAuthority,Scotland,http://data.ordnancesurvey.co.uk/id/7000000000041429,Scotland,http://data.ordnancesurvey.co.uk/id/country/scotland,,,
G837DX,http://data.ordnancesurvey.co.uk/id/postcodeunit/G837DX,G83 7DX,,,,other,Postcode,231809.000,718437.000,3500,18000,,,,,,,Inverarnan,http://data.ordnancesurvey.co.uk/id/4000000074548659,http://www.ordnancesurvey.co.uk/xml/codelists/localtype.xml#hamlet,,,,Stirling,http://data.ordnancesurvey.co.uk/id/7000000000030502,http://data.ordnancesurvey.co.uk/ontology/admingeo/UnitaryAuthority,Scotland,http://data.ordnancesurvey.co.uk/id/7000000000041429,Scotland,http://data.ordnancesurvey.co.uk/id/country/scotland,,,
G837DN,http://data.ordnancesurvey.co.uk/id/postcodeunit/G837DN,G83 7DN,,,,other,Postcode,232925.000,706121.000,3500,18000,,,,,,,,,,,,,Argyll and Bute,http://data.ordnancesurvey.co.uk/id/7000000000030106,http://data.ordnancesurvey.co.uk/ontology/admingeo/UnitaryAuthority,Scotland,http://data.ordnancesurvey.co.uk/id/7000000000041429,Scotland,http://data.ordnancesurvey.co.uk/id/country/scotland,,,
PA248AL,http://data.ordnancesurvey.co.uk/id/postcodeunit/PA248AL,PA24 8AL,,,,other,Postcode,220345.000,702168.000,3500,18000,,,,,,,,,,,,,Argyll and Bute,http://data.ordnancesurvey.co.uk/id/7000000000030106,http://data.ordnancesurvey.co.uk/ontology/admingeo/UnitaryAuthority,Scotland,http://data.ordnancesurvey.co.uk/id/7000000000041429,Scotland,http://data.ordnancesurvey.co.uk/id/country/scotland,,,
G837AS,http://data.ordnancesurvey.co.uk/id/postcodeunit/G837AS,G83 7AS,,,,other,Postcode,224421.000,705558.000,3500,18000,,,,,,,,,,,,,Argyll and Bute,http://data.ordnancesurvey.co.uk/id/7000000000030106,http://data.ordnancesurvey.co.uk/ontology/admingeo/UnitaryAuthority,Scotland,http://data.ordnancesurvey.co.uk/id/7000000000041429,Scotland,http://data.ordnancesurvey.co.uk/id/country/scotland,,,
G837EB,http://data.ordnancesurvey.co.uk/id/postcodeunit/G837EB,G83 7EB,,,,other,Postcode,231780.000,715736.000,3500,18000,,,,,,,Ardlui,http://data.ordnancesurvey.co.uk/id/4000000074548658,http://www.ordnancesurvey.co.uk/xml/codelists/localtype.xml#otherSettlement,,,,Argyll and Bute,http://data.ordnancesurvey.co.uk/id/7000000000030106,http://data.ordnancesurvey.co.uk/ontology/admingeo/UnitaryAuthority,Scotland,http://data.ordnancesurvey.co.uk/id/7000000000041429,Scotland,http://data.ordnancesurvey.co.uk/id/country/scotland,,,
G837DT,http://data.ordnancesurvey.co.uk/id/postcodeunit/G837DT,G83 7DT,,,,other,Postcode,232077.000,714851.000,3500,18000,,,,,,,Ardlui,http://data.ordnancesurvey.co.uk/id/4000000074548658,http://www.ordnancesurvey.co.uk/xml/codelists/localtype.xml#otherSettlement,,,,Argyll and Bute,http://data.ordnancesurvey.co.uk/id/7000000000030106,http://data.ordnancesurvey.co.uk/ontology/admingeo/UnitaryAuthority,Scotland,http://data.ordnancesurvey.co.uk/id/7000000000041429,Scotland,http://data.ordnancesurvey.co.uk/id/country/scotland,,,
G837AA,http://data.ordnancesurvey.co.uk/id/postcodeunit/G837AA,G83 7AA,,,,other,Postcode,229839.000,704421.000,3500,18000,,,,,,,Arrochar / An t-Àrchar,http://data.ordnancesurvey.co.uk/id/4000000074548285,http://www.ordnancesurvey.co.uk/xml/codelists/localtype.xml#village,,,,Argyll and Bute,http://data.ordnancesurvey.co.uk/id/7000000000030106,http://data.ordnancesurvey.co.uk/ontology/admingeo/UnitaryAuthority,Scotland,http://data.ordnancesurvey.co.uk/id/7000000000041429,Scotland,http://data.ordnancesurvey.co.uk/id/country/scotland,,,
G837DH,http://data.ordnancesurvey.co.uk/id/postcodeunit/G837DH,G83 7DH,,,,other,Postcode,232501.000,702896.000,3500,18000,,,,,,,,,,,,,Argyll and Bute,http://data.ordnancesurvey.co.uk/id/7000000000030106,http://data.ordnancesurvey.co.uk/ontology/admingeo/UnitaryAuthority,Scotland,http://data.ordnancesurvey.co.uk/id/7000000000041429,Scotland,http://data.ordnancesurvey.co.uk/id/country/scotland,,,
G837AN,http://data.ordnancesurvey.co.uk/id/postcodeunit/G837AN,G83 7AN,,,,other,Postcode,229878.000,705215.000,3500,18000,,,,,,,Succoth,http://data.ordnancesurvey.co.uk/id/4000000074548286,http://www.ordnancesurvey.co.uk/xml/codelists/localtype.xml#village,,,,Argyll and Bute,http://data.ordnancesurvey.co.uk/id/7000000000030106,http://data.ordnancesurvey.co.uk/ontology/admingeo/UnitaryAuthority,Scotland,http://data.ordnancesurvey.co.uk/id/7000000000041429,Scotland,http://data.ordnancesurvey.co.uk/id/country/scotland,,,
FK83UD,http://data.ordnancesurvey.co.uk/id/postcodeunit/FK83UD,FK8 3UD,,,,other,Postcode,238639.000,713495.000,3500,18000,,,,,,,,,,,,,Stirling,http://data.ordnancesurvey.co.uk/id/7000000000030502,http://data.ordnancesurvey.co.uk/ontology/admingeo/UnitaryAuthority,Scotland,http://data.ordnancesurvey.co.uk/id/7000000000041429,Scotland,http://data.ordnancesurvey.co.uk/id/country/scotland,,,
G837DS,http://data.ordnancesurvey.co.uk/id/postcodeunit/G837DS,G83 7DS,,,,other,Postcode,232063.000,714929.000,3500,18000,,,,,,,Ardlui,http://data.ordnancesurvey.co.uk/id/4000000074548658,http://www.ordnancesurvey.co.uk/xml/codelists/localtype.xml#otherSettlement,,,,Argyll and Bute,http://data.ordnancesurvey.co.uk/id/7000000000030106,http://data.ordnancesurvey.co.uk/ontology/admingeo/UnitaryAuthority,Scotland,http://data.ordnancesurvey.co.uk/id/7000000000041429,Scotland,http://data.ordnancesurvey.co.uk/id/country/scotland,,,
PA248AU,http://data.ordnancesurvey.co.uk/id/postcodeunit/PA248AU,PA24 8AU,,,,other,Postcode,220113.000,701760.000,3500,18000,,,,,,,,,,,,,Argyll and Bute,http://data.ordnancesurvey.co.uk/id/7000000000030106,http://data.ordnancesurvey.co.uk/ontology/admingeo/UnitaryAuthority,Scotland,http://data.ordnancesurvey.co.uk/id/7000000000041429,Scotland,http://data.ordnancesurvey.co.uk/id/country/scotland,,,
G837AX,http://data.ordnancesurvey.co.uk/id/postcodeunit/G837AX,G83 7AX,,,,other,Postcode,229365.000,703459.000,3500,18000,,,,,,,Arrochar / An t-Àrchar,http://data.ordnancesurvey.co.uk/id/4000000074548285,http://www.ordnancesurvey.co.uk/xml/codelists/localtype.xml#village,,,,Argyll and Bute,http://data.ordnancesurvey.co.uk/id/7000000000030106,http://data.ordnancesurvey.co.uk/ontology/admingeo/UnitaryAuthority,Scotland,http://data.ordnancesurvey.co.uk/id/7000000000041429,Scotland,http://data.ordnancesurvey.co.uk/id/country/scotland,,,
G837AY,http://data.ordnancesurvey.co.uk/id/postcodeunit/G837AY,G83 7AY,,,,other,Postcode,229763.000,703838.000,3500,18000,,,,,,,Arrochar / An t-Àrchar,http://data.ordnancesurvey.co.uk/id/4000000074548285,http://www.ordnancesurvey.co.uk/xml/codelists/localtype.xml#village,,,,Argyll and Bute,http://data.ordnancesurvey.co.uk/id/7000000000030106,http://data.ordnancesurvey.co.uk/ontology/admingeo/UnitaryAuthority,Scotland,http://data.ordnancesurvey.co.uk/id/7000000000041429,Scotland,http://data.ordnancesurvey.co.uk/id/country/scotland,,,
G837AP,http://data.ordnancesurvey.co.uk/id/postcodeunit/G837AP,G83 7AP,,,,other,Postcode,229491.000,704994.000,3500,18000,,,,,,,Succoth,http://data.ordnancesurvey.co.uk/id/4000000074548286,http://www.ordnancesurvey.co.uk/xml/codelists/localtype.xml#village,,,,Argyll and Bute,http://data.ordnancesurvey.co.uk/id/7000000000030106,http://data.ordnancesurvey.co.uk/ontology/admingeo/UnitaryAuthority,Scotland,http://data.ordnancesurvey.co.uk/id/7000000000041429,Scotland,http://data.ordnancesurvey.co.uk/id/country/scotland,,,
G837BE,http://data.ordnancesurvey.co.uk/id/postcodeunit/G837BE,G83 7BE,,,,other,Postcode,229702.000,703774.000,3500,18000,,,,,,,Arrochar / An t-Àrchar,http://data.ordnancesurvey.co.uk/id/4000000074548285,http://www.ordnancesurvey.co.uk/xml/codelists/localtype.xml#village,,,,Argyll and Bute,http://data.ordnancesurvey.co.uk/id/7000000000030106,http://data.ordnancesurvey.co.uk/ontology/admingeo/UnitaryAuthority,Scotland,http://data.ordnancesurvey.co.uk/id/7000000000041429,Scotland,http://data.ordnancesurvey.co.uk/id/country/scotland,,,
G837AZ,http://data.ordnancesurvey.co.uk/id/postcodeunit/G837AZ,G83 7AZ,,,,other,Postcode,227621.000,700093.000,3500,18000,,,,,,,,,,,,,Argyll and Bute,http://data.ordnancesurvey.co.uk/id/7000000000030106,http://data.ordnancesurvey.co.uk/ontology/admingeo/UnitaryAuthority,Scotland,http://data.ordnancesurvey.co.uk/id/7000000000041429,Scotland,http://data.ordnancesurvey.co.uk/id/country/scotland,,,
PA268BJ,http://data.ordnancesurvey.co.uk/id/postcodeunit/PA268BJ,PA26 8BJ,,,,other,Postcode,220734.000,714649.000,3500,18000,,,,,,,,,,,,,Argyll and Bute,http://data.ordnancesurvey.co.uk/id/7000000000030106,http://data.ordnancesurvey.co.uk/ontology/admingeo/UnitaryAuthority,Scotland,http://data.ordnancesurvey.co.uk/id/7000000000041429,Scotland,http://data.ordnancesurvey.co.uk/id/country/scotland,,,
G837BG,http://data.ordnancesurvey.co.uk/id/postcodeunit/G837BG,G83 7BG,,,,other,Postcode,229812.000,703709.000,3500,18000,,,,,,,Arrochar / An t-Àrchar,http://data.ordnancesurvey.co.uk/id/4000000074548285,http://www.ordnancesurvey.co.uk/xml/codelists/localtype.xml#village,,,,Argyll and Bute,http://data.ordnancesurvey.co.uk/id/7000000000030106,http://data.ordnancesurvey.co.uk/ontology/admingeo/UnitaryAuthority,Scotland,http://data.ordnancesurvey.co.uk/id/7000000000041429,Scotland,http://data.ordnancesurvey.co.uk/id/country/scotland,,,
PA248AQ,http://data.ordnancesurvey.co.uk/id/postcodeunit/PA248AQ,PA24 8AQ,,,,other,Postcode,220017.000,701368.000,3500,18000,,,,,,,Lochgoilhead,http://data.ordnancesurvey.co.uk/id/4000000074548660,http://www.ordnancesurvey.co.uk/xml/codelists/localtype.xml#village,,,,Argyll and Bute,http://data.ordnancesurvey.co.uk/id/7000000000030106,http://data.ordnancesurvey.co.uk/ontology/admingeo/UnitaryAuthority,Scotland,http://data.ordnancesurvey.co.uk/id/7000000000041429,Scotland,http://data.ordnancesurvey.co.uk/id/country/scotland,,,
G837DA,http://data.ordnancesurvey.co.uk/id/postcodeunit/G837DA,G83 7DA,,,,other,Postcode,231139.000,704476.000,3500,18000,,,,,,,Tarbet,http://data.ordnancesurvey.co.uk/id/4000000074548283,http://www.ordnancesurvey.co.uk/xml/codelists/localtype.xml#village,,,,Argyll and Bute,http://data.ordnancesurvey.co.uk/id/7000000000030106,http://data.ordnancesurvey.co.uk/ontology/admingeo/UnitaryAuthority,Scotland,http://data.ordnancesurvey.co.uk/id/7000000000041429,Scotland,http://data.ordnancesurvey.co.uk/id/country/scotland,,,
G837AW,http://data.ordnancesurvey.co.uk/id/postcodeunit/G837AW,G83 7AW,,,,other,Postcode,229805.000,705357.000,3500,18000,,,,,,,Succoth,http://data.ordnancesurvey.co.uk/id/4000000074548286,http://www.ordnancesurvey.co.uk/xml/codelists/localtype.xml#village,,,,Argyll and Bute,http://data.ordnancesurvey.co.uk/id/7000000000030106,http://data.ordnancesurvey.co.uk/ontology/admingeo/UnitaryAuthority,Scotland,http://data.ordnancesurvey.co.uk/id/7000000000041429,Scotland,http://data.ordnancesurvey.co.uk/id/country/scotland,,,
G837AE,http://data.ordnancesurvey.co.uk/id/postcodeunit/G837AE,G83 7AE,,,,other,Postcode,229583.000,703572.000,3500,18000,,,,,,,Arrochar / An t-Àrchar,http://data.ordnancesurvey.co.uk/id/4000000074548285,http://www.ordnancesurvey.co.uk/xml/codelists/localtype.xml#village,,,,Argyll and Bute,http://data.ordnancesurvey.co.uk/id/7000000000030106,http://data.ordnancesurvey.co.uk/ontology/admingeo/UnitaryAuthority,Scotland,http://data.ordnancesurvey.co.uk/id/7000000000041429,Scotland,http://data.ordnancesurvey.co.uk/id/country/scotland,,,
G837AL,http://data.ordnancesurvey.co.uk/id/postcodeunit/G837AL,G83 7AL,,,,other,Postcode,229581.000,705231.000,3500,18000,,,,,,,Succoth,http://data.ordnancesurvey.co.uk/id/4000000074548286,http://www.ordnancesurvey.co.uk/xml/codelists/localtype.xml#village,,,,Argyll and Bute,http://data.ordnancesurvey.co.uk/id/7000000000030106,http://data.ordnancesurvey.co.uk/ontology/admingeo/UnitaryAuthority,Scotland,http://data.ordnancesurvey.co.uk/id/7000000000041429,Scotland,http://data.ordnancesurvey.co.uk/id/country/scotland,,,
G837AG,http://data.ordnancesurvey.co.uk/id/postcodeunit/G837AG,G83 7AG,,,,other,Postcode,229512.000,703558.000,3500,18000,,,,,,,Arrochar / An t-Àrchar,http://data.ordnancesurvey.co.uk/id/4000000074548285,http://www.ordnancesurvey.co.uk/xml/codelists/localtype.xml#village,,,,Argyll and Bute,http://data.ordnancesurvey.co.uk/id/7000000000030106,http://data.ordnancesurvey.co.uk/ontology/admingeo/UnitaryAuthority,Scotland,http://data.ordnancesurvey.co.uk/id/7000000000041429,Scotland,http://data.ordnancesurvey.co.uk/id/country/scotland,,,
FK83UB,http://data.ordnancesurvey.co.uk/id/postcodeunit/FK83UB,FK8 3UB,,,,other,Postcode,238190.000,713211.000,3500,18000,,,,,,,,,,,,,Stirling,http://data.ordnancesurvey.co.uk/id/7000000000030502,http://data.ordnancesurvey.co.uk/ontology/admingeo/UnitaryAuthority,Scotland,http://data.ordnancesurvey.co.uk/id/7000000000041429,Scotland,http://data.ordnancesurvey.co.uk/id/country/scotland,,,
G837DE,http://data.ordnancesurvey.co.uk/id/postcodeunit/G837DE,G83 7DE,,,,other,Postcode,232006.000,704687.000,3500,18000,,,,,,,Tarbet,http://data.ordnancesurvey.co.uk/id/4000000074548283,http://www.ordnancesurvey.co.uk/xml/codelists/localtype.xml#village,,,,Argyll and Bute,http://data.ordnancesurvey.co.uk/id/7000000000030106,http://data.ordnancesurvey.co.uk/ontology/admingeo/UnitaryAuthority,Scotland,http://data.ordnancesurvey.co.uk/id/7000000000041429,Scotland,http://data.ordnancesurvey.co.uk/id/country/scotland,,,
G837AU,http://data.ordnancesurvey.co.uk/id/postcodeunit/G837AU,G83 7AU,,,,other,Postcode,229743.000,704197.000,3500,18000,,,,,,,Arrochar / An t-Àrchar,http://data.ordnancesurvey.co.uk/id/4000000074548285,http://www.ordnancesurvey.co.uk/xml/codelists/localtype.xml#village,,,,Argyll and Bute,http://data.ordnancesurvey.co.uk/id/7000000000030106,http://data.ordnancesurvey.co.uk/ontology/admingeo/UnitaryAuthority,Scotland,http://data.ordnancesurvey.co.uk/id/7000000000041429,Scotland,http://data.ordnancesurvey.co.uk/id/country/scotland,,,
G837DF,http://data.ordnancesurvey.co.uk/id/postcodeunit/G837DF,G83 7DF,,,,other,Postcode,231959.000,704696.000,3500,18000,,,,,,,Tarbet,http://data.ordnancesurvey.co.uk/id/4000000074548283,http://www.ordnancesurvey.co.uk/xml/codelists/localtype.xml#village,,,,Argyll and Bute,http://data.ordnancesurvey.co.uk/id/7000000000030106,http://data.ordnancesurvey.co.uk/ontology/admingeo/UnitaryAuthority,Scotland,http://data.ordnancesurvey.co.uk/id/7000000000041429,Scotland,http://data.ordnancesurvey.co.uk/id/country/scotland,,,
G837DL,http://data.ordnancesurvey.co.uk/id/postcodeunit/G837DL,G83 7DL,,,,other,Postcode,233522.000,701193.000,3500,18000,,,,,,,,,,,,,Argyll and Bute,http://data.ordnancesurvey.co.uk/id/7000000000030106,http://data.ordnancesurvey.co.uk/ontology/admingeo/UnitaryAuthority,Scotland,http://data.ordnancesurvey.co.uk/id/7000000000041429,Scotland,http://data.ordnancesurvey.co.uk/id/country/scotland,,,
FK83TU,http://data.ordnancesurvey.co.uk/id/postcodeunit/FK83TU,FK8 3TU,,,,other,Postcode,234742.000,709497.000,3500,18000,,,,,,,Inversnaid,http://data.ordnancesurvey.co.uk/id/4000000074548656,http://www.ordnancesurvey.co.uk/xml/codelists/localtype.xml#otherSettlement,,,,Stirling,http://data.ordnancesurvey.co.uk/id/7000000000030502,http://data.ordnancesurvey.co.uk/ontology/admingeo/UnitaryAuthority,Scotland,http://data.ordnancesurvey.co.uk/id/7000000000041429,Scotland,http://data.ordnancesurvey.co.uk/id/country/scotland,,,
G837AH,http://data.ordnancesurvey.co.uk/id/postcodeunit/G837AH,G83 7AH,,,,other,Postcode,228129.000,702523.000,3500,18000,,,,,,,,,,,,,Argyll and Bute,http://data.ordnancesurvey.co.uk/id/7000000000030106,http://data.ordnancesurvey.co.uk/ontology/admingeo/UnitaryAuthority,Scotland,http://data.ordnancesurvey.co.uk/id/7000000000041429,Scotland,http://data.ordnancesurvey.co.uk/id/country/scotland,,,
PA248AB,http://data.ordnancesurvey.co.uk/id/postcodeunit/PA248AB,PA24 8AB,,,,other,Postcode,220067.000,701693.000,3500,18000,,,,,,,Lochgoilhead,http://data.ordnancesurvey.co.uk/id/4000000074548660,http://www.ordnancesurvey.co.uk/xml/codelists/localtype.xml#village,,,,Argyll and Bute,http://data.ordnancesurvey.co.uk/id/7000000000030106,http://data.ordnancesurvey.co.uk/ontology/admingeo/UnitaryAuthority,Scotland,http://data.ordnancesurvey.co.uk/id/7000000000041429,Scotland,http://data.ordnancesurvey.co.uk/id/country/scotland,,,
G837BB,http://data.ordnancesurvey.co.uk/id/postcodeunit/G837BB,G83 7BB,,,,other,Postcode,229662.000,703924.000,3500,18000,,,,,,,Arrochar / An t-Àrchar,http://data.ordnancesurvey.co.uk/id/4000000074548285,http://www.ordnancesurvey.co.uk/xml/codelists/localtype.xml#village,,,,Argyll and Bute,http://data.ordnancesurvey.co.uk/id/7000000000030106,http://data.ordnancesurvey.co.uk/ontology/admingeo/UnitaryAuthority,Scotland,http://data.ordnancesurvey.co.uk/id/7000000000041429,Scotland,http://data.ordnancesurvey.co.uk/id/country/scotland,,,
FK83UA,http://data.ordnancesurvey.co.uk/id/postcodeunit/FK83UA,FK8 3UA,,,,other,Postcode,238592.000,713438.000,3500,18000,,,,,,,,,,,,,Stirling,http://data.ordnancesurvey.co.uk/id/7000000000030502,http://data.ordnancesurvey.co.uk/ontology/admingeo/UnitaryAuthority,Scotland,http://data.ordnancesurvey.co.uk/id/7000000000041429,Scotland,http://data.ordnancesurvey.co.uk/id/country/scotland,,,
G837AB,http://data.ordnancesurvey.co.uk/id/postcodeunit/G837AB,G83 7AB,,,,other,Postcode,229787.000,703807.000,3500,18000,,,,,,,Arrochar / An t-Àrchar,http://data.ordnancesurvey.co.uk/id/4000000074548285,http://www.ordnancesurvey.co.uk/xml/codelists/localtype.xml#village,,,,Argyll and Bute,http://data.ordnancesurvey.co.uk/id/7000000000030106,http://data.ordnancesurvey.co.uk/ontology/admingeo/UnitaryAuthority,Scotland,http://data.ordnancesurvey.co.uk/id/7000000000041429,Scotland,http://data.ordnancesurvey.co.uk/id/country/scotland,,,
G837DZ,http://data.ordnancesurvey.co.uk/id/postcodeunit/G837DZ,G83 7DZ,,,,other,Postcode,232016.000,719584.000,3500,18000,,,,,,,,,,,,,Stirling,http://data.ordnancesurvey.co.uk/id/7000000000030502,http://data.ordnancesurvey.co.uk/ontology/admingeo/UnitaryAuthority,Scotland,http://data.ordnancesurvey.co.uk/id/7000000000041429,Scotland,http://data.ordnancesurvey.co.uk/id/country/scotland,,,
G837ED,http://data.ordnancesurvey.co.uk/id/postcodeunit/G837ED,G83 7ED,,,,other,Postcode,231458.000,716603.000,3500,18000,,,,,,,,,,,,,Argyll and Bute,http://data.ordnancesurvey.co.uk/id/7000000000030106,http://data.ordnancesurvey.co.uk/ontology/admingeo/UnitaryAuthority,Scotland,http://data.ordnancesurvey.co.uk/id/7000000000041429,Scotland,http://data.ordnancesurvey.co.uk/id/country/scotland,,,
G837AR,http://data.ordnancesurvey.co.uk/id/postcodeunit/G837AR,G83 7AR,,,,other,Postcode,226846.000,702105.000,3500,18000,,,,,,,,,,,,,Argyll and Bute,http://data.ordnancesurvey.co.uk/id/7000000000030106,http://data.ordnancesurvey.co.uk/ontology/admingeo/UnitaryAuthority,Scotland,http://data.ordnancesurvey.co.uk/id/7000000000041429,Scotland,http://data.ordnancesurvey.co.uk/id/country/scotland,,,
G837DG,http://data.ordnancesurvey.co.uk/id/postcodeunit/G837DG,G83 7DG,,,,other,Postcode,232212.000,704943.000,3500,18000,,,,,,,Tarbet,http://data.ordnancesurvey.co.uk/id/4000000074548283,http://www.ordnancesurvey.co.uk/xml/codelists/localtype.xml#village,,,,Argyll and Bute,http://data.ordnancesurvey.co.uk/id/7000000000030106,http://data.ordnancesurvey.co.uk/ontology/admingeo/UnitaryAuthority,Scotland,http://data.ordnancesurvey.co.uk/id/7000000000041429,Scotland,http://data.ordnancesurvey.co.uk/id/country/scotland,,,
G837AQ,http://data.ordnancesurvey.co.uk/id/postcodeunit/G837AQ,G83 7AQ,,,,other,Postcode,229227.000,703400.000,3500,18000,,,,,,,Arrochar / An t-Àrchar,http://data.ordnancesurvey.co.uk/id/4000000074548285,http://www.ordnancesurvey.co.uk/xml/codelists/localtype.xml#village,,,,Argyll and Bute,http://data.ordnancesurvey.co.uk/id/7000000000030106,http://data.ordnancesurvey.co.uk/ontology/admingeo/UnitaryAuthority,Scotland,http://data.ordnancesurvey.co.uk/id/7000000000041429,Scotland,http://data.ordnancesurvey.co.uk/id/country/scotland,,,
PA248AJ,http://data.ordnancesurvey.co.uk/id/postcodeunit/PA248AJ,PA24 8AJ,,,,other,Postcode,220016.000,701102.000,3500,18000,,,,,,,Lochgoilhead,http://data.ordnancesurvey.co.uk/id/4000000074548660,http://www.ordnancesurvey.co.uk/xml/codelists/localtype.xml#village,,,,Argyll and Bute,http://data.ordnancesurvey.co.uk/id/7000000000030106,http://data.ordnancesurvey.co.uk/ontology/admingeo/UnitaryAuthority,Scotland,http://data.ordnancesurvey.co.uk/id/7000000000041429,Scotland,http://data.ordnancesurvey.co.uk/id/country/scotland,,,
G837DW,http://data.ordnancesurvey.co.uk/id/postcodeunit/G837DW,G83 7DW,,,,other,Postcode,232026.000,709100.000,3500,18000,,,,,,,Inveruglas,http://data.ordnancesurvey.co.uk/id/4000000074548657,http://www.ordnancesurvey.co.uk/xml/codelists/localtype.xml#hamlet,,,,Argyll and Bute,http://data.ordnancesurvey.co.uk/id/7000000000030106,http://data.ordnancesurvey.co.uk/ontology/admingeo/UnitaryAuthority,Scotland,http://data.ordnancesurvey.co.uk/id/7000000000041429,Scotland,http://data.ordnancesurvey.co.uk/id/country/scotland,,,
G837AF,http://data.ordnancesurvey.co.uk/id/postcodeunit/G837AF,G83 7AF,,,,other,Postcode,229611.000,703554.000,3500,18000,,,,,,,Arrochar / An t-Àrchar,http://data.ordnancesurvey.co.uk/id/4000000074548285,http://www.ordnancesurvey.co.uk/xml/codelists/localtype.xml#village,,,,Argyll and Bute,http://data.ordnancesurvey.co.uk/id/7000000000030106,http://data.ordnancesurvey.co.uk/ontology/admingeo/UnitaryAuthority,Scotland,http://data.ordnancesurvey.co.uk/id/7000000000041429,Scotland,http://data.ordnancesurvey.co.uk/id/country/scotland,,,
osgb4000000004316106,http://data.ordnancesurvey.co.uk/id/4000000004316106,The Orchard,,,,transportNetwork,Named Road,229746.308,703852.595,1000,20000,229723.623,703831.385,229787.251,703868.824,G83,http://data.ordnancesurvey.co.uk/id/postcodedistrict/G83,Arrochar / An t-Àrchar,http://data.ordnancesurvey.co.uk/id/4000000074548285,http://www.ordnancesurvey.co.uk/xml/codelists/localtype.xml#village,,,,Argyll and Bute,http://data.ordnancesurvey.co.uk/id/7000000000030106,http://data.ordnancesurvey.co.uk/ontology/admingeo/UnitaryAuthority,Scotland,http://data.ordnancesurvey.co.uk/id/7000000000041429,Scotland,http://data.ordnancesurvey.co.uk/id/country/scotland,,,
osgb4000000004305099,http://data.ordnancesurvey.co.uk/id/4000000004305099,Glenloinn Crescent,,,,transportNetwork,Named Road,229720.123,705302.718,2000,20000,229545.000,705179.664,229879.253,705336.000,G83,http://data.ordnancesurvey.co.uk/id/postcodedistrict/G83,Succoth,http://data.ordnancesurvey.co.uk/id/4000000074548286,http://www.ordnancesurvey.co.uk/xml/codelists/localtype.xml#village,,,,Argyll and Bute,http://data.ordnancesurvey.co.uk/id/7000000000030106,http://data.ordnancesurvey.co.uk/ontology/admingeo/UnitaryAuthority,Scotland,http://data.ordnancesurvey.co.uk/id/7000000000041429,Scotland,http://data.ordnancesurvey.co.uk/id/country/scotland,,,
osgb4000000004305876,http://data.ordnancesurvey.co.uk/id/4000000004305876,Macfarlane Drive,,,,transportNetwork,Named Road,229787.895,703770.000,1000,20000,229754.000,703752.000,229815.000,703793.000,G83,http://data.ordnancesurvey.co.uk/id/postcodedistrict/G83,Arrochar / An t-Àrchar,http://data.ordnancesurvey.co.uk/id/4000000074548285,http://www.ordnancesurvey.co.uk/xml/codelists/localtype.xml#village,,,,Argyll and Bute,http://data.ordnancesurvey.co.uk/id/7000000000030106,http://data.ordnancesurvey.co.uk/ontology/admingeo/UnitaryAuthority,Scotland,http://data.ordnancesurvey.co.uk/id/7000000000041429,Scotland,http://data.ordnancesurvey.co.uk/id/country/scotland,,,
osgb4000000004305573,http://data.ordnancesurvey.co.uk/id/4000000004305573,Bemersyde Road,,,,transportNetwork,Named Road,231984.600,704679.868,1000,20000,231931.300,704669.000,232036.000,704691.016,G83,http://data.ordnancesurvey.co.uk/id/postcodedistrict/G83,Tarbet,http://data.ordnancesurvey.co.uk/id/4000000074548283,http://www.ordnancesurvey.co.uk/xml/codelists/localtype.xml#village,,,,Argyll and Bute,http://data.ordnancesurvey.co.uk/id/7000000000030106,http://data.ordnancesurvey.co.uk/ontology/admingeo/UnitaryAuthority,Scotland,http://data.ordnancesurvey.co.uk/id/7000000000041429,Scotland,http://data.ordnancesurvey.co.uk/id/country/scotland,,,
osgb4000000004305296,http://data.ordnancesurvey.co.uk/id/4000000004305296,Ballyhennan Crescent,,,,transportNetwork,Named Road,231504.000,704567.000,2000,20000,231406.000,704472.000,231642.274,704617.972,G83,http://data.ordnancesurvey.co.uk/id/postcodedistrict/G83,Tarbet,http://data.ordnancesurvey.co.uk/id/4000000074548283,http://www.ordnancesurvey.co.uk/xml/codelists/localtype.xml#village,,,,Argyll and Bute,http://data.ordnancesurvey.co.uk/id/7000000000030106,http://data.ordnancesurvey.co.uk/ontology/admingeo/UnitaryAuthority,Scotland,http://data.ordnancesurvey.co.uk/id/7000000000041429,Scotland,http://data.ordnancesurvey.co.uk/id/country/scotland,,,
osgb4000000004305572,http://data.ordnancesurvey.co.uk/id/4000000004305572,Cobbler View,,,,transportNetwork,Named Road,229609.000,703786.000,1000,20000,229590.000,703771.000,229674.000,703863.000,G83,http://data.ordnancesurvey.co.uk/id/postcodedistrict/G83,Arrochar / An t-Àrchar,http://data.ordnancesurvey.co.uk/id/4000000074548285,http://www.ordnancesurvey.co.uk/xml/codelists/localtype.xml#village,,,,Argyll and Bute,http://data.ordnancesurvey.co.uk/id/7000000000030106,http://data.ordnancesurvey.co.uk/ontology/admingeo/UnitaryAuthority,Scotland,http://data.ordnancesurvey.co.uk/id/7000000000041429,Scotland,http://data.ordnancesurvey.co.uk/id/country/scotland,,,
osgb5000005105922321,http://data.ordnancesurvey.co.uk/id/5000005105922321,Highland Drive,,,,transportNetwork,Named Road,220125.594,701748.544,1000,20000,220074.651,701721.946,220165.539,701787.375,PA24,http://data.ordnancesurvey.co.uk/id/postcodedistrict/PA24,,,,,,,Argyll and Bute,http://data.ordnancesurvey.co.uk/id/7000000000030106,http://data.ordnancesurvey.co.uk/ontology/admingeo/UnitaryAuthority,Scotland,http://data.ordnancesurvey.co.uk/id/7000000000041429,Scotland,http://data.ordnancesurvey.co.uk/id/country/scotland,,,
osgb4000000004306063,http://data.ordnancesurvey.co.uk/id/4000000004306063,B828,,,,transportNetwork,Numbered Road,221091.000,706325.000,25000,250000,219215.000,704877.000,222996.181,707447.046,PA24,http://data.ordnancesurvey.co.uk/id/postcodedistrict/PA24,,,,,,,Argyll and Bute,http://data.ordnancesurvey.co.uk/id/7000000000030106,http://data.ordnancesurvey.co.uk/ontology/admingeo/UnitaryAuthority,Scotland,http://data.ordnancesurvey.co.uk/id/7000000000041429,Scotland,http://data.ordnancesurvey.co.uk/id/country/scotland,,,
4c507af5-1deb-4711-9830-845b7b0fe0d5,http://data.ordnancesurvey.co.uk/id/4c507af5-1deb-4711-9830-845b7b0fe0d5,Donich Park,,,,transportNetwork,Section Of Named Road,220058.000,701739.000,2000,25000,220007.000,701598.000,220114.991,701869.928,PA24,http://data.ordnancesurvey.co.uk/id/postcodedistrict/PA24,Lochgoilhead,http://data.ordnancesurvey.co.uk/id/4000000074548660,http://www.ordnancesurvey.co.uk/xml/codelists/localtype.xml#village,,,,Argyll and Bute,http://data.ordnancesurvey.co.uk/id/7000000000030106,http://data.ordnancesurvey.co.uk/ontology/admingeo/UnitaryAuthority,Scotland,http://data.ordnancesurvey.co.uk/id/7000000000041429,Scotland,http://data.ordnancesurvey.co.uk/id/country/scotland,osgb4000000004305098,,
c6ecf592-839e-4403-a417-861a41335add,http://data.ordnancesurvey.co.uk/id/c6ecf592-839e-4403-a417-861a41335add,Highland Drive,,,,transportNetwork,Section Of Named Road,220095.059,701779.982,1000,25000,220074.651,701758.063,220098.719,701787.375,PA24,http://data.ordnancesurvey.co.uk/id/postcodedistrict/PA24,,,,,,,Argyll and Bute,http://data.ordnancesurvey.co.uk/id/7000000000030106,http://data.ordnancesurvey.co.uk/ontology/admingeo/UnitaryAuthority,Scotland,http://data.ordnancesurvey.co.uk/id/7000000000041429,Scotland,http://data.ordnancesurvey.co.uk/id/country/scotland,osgb5000005105922321,,
osgb4000000004307465,http://data.ordnancesurvey.co.uk/id/4000000004307465,Old Military Road,,,,transportNetwork,Named Road,231208.649,704759.392,12000,20000,230470.715,704218.551,232268.000,704958.750,G83,http://data.ordnancesurvey.co.uk/id/postcodedistrict/G83,,,,,,,Argyll and Bute,http://data.ordnancesurvey.co.uk/id/7000000000030106,http://data.ordnancesurvey.co.uk/ontology/admingeo/UnitaryAuthority,Scotland,http://data.ordnancesurvey.co.uk/id/7000000000041429,Scotland,http://data.ordnancesurvey.co.uk/id/country/scotland,,,
osgb4000000004305043,http://data.ordnancesurvey.co.uk/id/4000000004305043,Church Road,,,,transportNetwork,Named Road,229738.000,703768.000,2000,20000,229569.000,703656.000,229840.685,703858.842,G83,http://data.ordnancesurvey.co.uk/id/postcodedistrict/G83,Arrochar / An t-Àrchar,http://data.ordnancesurvey.co.uk/id/4000000074548285,http://www.ordnancesurvey.co.uk/xml/codelists/localtype.xml#village,,,,Argyll and Bute,http://data.ordnancesurvey.co.uk/id/7000000000030106,http://data.ordnancesurvey.co.uk/ontology/admingeo/UnitaryAuthority,Scotland,http://data.ordnancesurvey.co.uk/id/7000000000041429,Scotland,http://data.ordnancesurvey.co.uk/id/country/scotland,,,
osgb4000000004305098,http://data.ordnancesurvey.co.uk/id/4000000004305098,Donich Park,,,,transportNetwork,Named Road,220162.673,701891.801,5000,20000,220007.000,701598.000,220282.287,702340.239,PA24,http://data.ordnancesurvey.co.uk/id/postcodedistrict/PA24,,,,,,,Argyll and Bute,http://data.ordnancesurvey.co.uk/id/7000000000030106,http://data.ordnancesurvey.co.uk/ontology/admingeo/UnitaryAuthority,Scotland,http://data.ordnancesurvey.co.uk/id/7000000000041429,Scotland,http://data.ordnancesurvey.co.uk/id/country/scotland,,,
86c4a1be-96a1-45b7-8ea4-1871a3cd9456,http://data.ordnancesurvey.co.uk/id/86c4a1be-96a1-45b7-8ea4-1871a3cd9456,Old Military Road,,,,transportNetwork,Section Of Named Road,232213.000,704851.050,2000,25000,232136.000,704723.000,232268.000,704958.750,G83,http://data.ordnancesurvey.co.uk/id/postcodedistrict/G83,Tarbet,http://data.ordnancesurvey.co.uk/id/4000000074548283,http://www.ordnancesurvey.co.uk/xml/codelists/localtype.xml#village,,,,Argyll and Bute,http://data.ordnancesurvey.co.uk/id/7000000000030106,http://data.ordnancesurvey.co.uk/ontology/admingeo/UnitaryAuthority,Scotland,http://data.ordnancesurvey.co.uk/id/7000000000041429,Scotland,http://data.ordnancesurvey.co.uk/id/country/scotland,osgb4000000004307465,,
osgb4000000004306073,http://data.ordnancesurvey.co.uk/id/4000000004306073,B838,,,,transportNetwork,Numbered Road,229903.000,703892.000,4000,250000,229569.000,703656.000,230232.199,704105.194,G83,http://data.ordnancesurvey.co.uk/id/postcodedistrict/G83,,,,,,,Argyll and Bute,http://data.ordnancesurvey.co.uk/id/7000000000030106,http://data.ordnancesurvey.co.uk/ontology/admingeo/UnitaryAuthority,Scotland,http://data.ordnancesurvey.co.uk/id/7000000000041429,Scotland,http://data.ordnancesurvey.co.uk/id/country/scotland,,,
osgb4000000004307363,http://data.ordnancesurvey.co.uk/id/4000000004307363,Mckenzie Avenue,,,,transportNetwork,Named Road,229574.000,703530.000,1000,20000,229530.000,703528.000,229633.000,703568.000,G83,http://data.ordnancesurvey.co.uk/id/postcodedistrict/G83,Arrochar / An t-Àrchar,http://data.ordnancesurvey.co.uk/id/4000000074548285,http://www.ordnancesurvey.co.uk/xml/codelists/localtype.xml#village,,,,Argyll and Bute,http://data.ordnancesurvey.co.uk/id/7000000000030106,http://data.ordnancesurvey.co.uk/ontology/admingeo/UnitaryAuthority,Scotland,http://data.ordnancesurvey.co.uk/id/7000000000041429,Scotland,http://data.ordnancesurvey.co.uk/id/country/scotland,,,
osgb4000000004305294,http://data.ordnancesurvey.co.uk/id/4000000004305294,Kirkfield Place,,,,transportNetwork,Named Road,229513.000,703550.000,1000,20000,229455.759,703490.821,229572.000,703614.000,G83,http://data.ordnancesurvey.co.uk/id/postcodedistrict/G83,Arrochar / An t-Àrchar,http://data.ordnancesurvey.co.uk/id/4000000074548285,http://www.ordnancesurvey.co.uk/xml/codelists/localtype.xml#village,,,,Argyll and Bute,http://data.ordnancesurvey.co.uk/id/7000000000030106,http://data.ordnancesurvey.co.uk/ontology/admingeo/UnitaryAuthority,Scotland,http://data.ordnancesurvey.co.uk/id/7000000000041429,Scotland,http://data.ordnancesurvey.co.uk/id/country/scotland,,,
osgb4000000004305295,http://data.ordnancesurvey.co.uk/id/4000000004305295,The Chalets,,,,transportNetwork,Named Road,229503.800,705095.650,2000,20000,229468.000,704950.000,229545.000,705217.000,G83,http://data.ordnancesurvey.co.uk/id/postcodedistrict/G83,Succoth,http://data.ordnancesurvey.co.uk/id/4000000074548286,http://www.ordnancesurvey.co.uk/xml/codelists/localtype.xml#village,,,,Argyll and Bute,http://data.ordnancesurvey.co.uk/id/7000000000030106,http://data.ordnancesurvey.co.uk/ontology/admingeo/UnitaryAuthority,Scotland,http://data.ordnancesurvey.co.uk/id/7000000000041429,Scotland,http://data.ordnancesurvey.co.uk/id/country/scotland,,,
PA248AH,http://data.ordnancesurvey.co.uk/id/postcodeunit/PA248AH,PA24 8AH,,,,other,Postcode,220220.000,700266.000,3500,18000,,,,,,,Lochgoilhead,http://data.ordnancesurvey.co.uk/id/4000000074548660,http://www.ordnancesurvey.co.uk/xml/codelists/localtype.xml#village,,,,Argyll and Bute,http://data.ordnancesurvey.co.uk/id/7000000000030106,http://data.ordnancesurvey.co.uk/ontology/admingeo/UnitaryAuthority,Scotland,http://data.ordnancesurvey.co.uk/id/7000000000041429,Scotland,http://data.ordnancesurvey.co.uk/id/country/scotland,,,
PA248AP,http://data.ordnancesurvey.co.uk/id/postcodeunit/PA248AP,PA24 8AP,,,,other,Postcode,220033.000,701795.000,3500,18000,,,,,,,Lochgoilhead,http://data.ordnancesurvey.co.uk/id/4000000074548660,http://www.ordnancesurvey.co.uk/xml/codelists/localtype.xml#village,,,,Argyll and Bute,http://data.ordnancesurvey.co.uk/id/7000000000030106,http://data.ordnancesurvey.co.uk/ontology/admingeo/UnitaryAuthority,Scotland,http://data.ordnancesurvey.co.uk/id/7000000000041429,Scotland,http://data.ordnancesurvey.co.uk/id/country/scotland,,,
G837AD,http://data.ordnancesurvey.co.uk/id/postcodeunit/G837AD,G83 7AD,,,,other,Postcode,229646.000,703797.000,3500,18000,,,,,,,Arrochar / An t-Àrchar,http://data.ordnancesurvey.co.uk/id/4000000074548285,http://www.ordnancesurvey.co.uk/xml/codelists/localtype.xml#village,,,,Argyll and Bute,http://data.ordnancesurvey.co.uk/id/7000000000030106,http://data.ordnancesurvey.co.uk/ontology/admingeo/UnitaryAuthority,Scotland,http://data.ordnancesurvey.co.uk/id/7000000000041429,Scotland,http://data.ordnancesurvey.co.uk/id/country/scotland,,,
G837AJ,http://data.ordnancesurvey.co.uk/id/postcodeunit/G837AJ,G83 7AJ,,,,other,Postcode,229898.000,704896.000,3500,18000,,,,,,,Arrochar / An t-Àrchar,http://data.ordnancesurvey.co.uk/id/4000000074548285,http://www.ordnancesurvey.co.uk/xml/codelists/localtype.xml#village,,,,Argyll and Bute,http://data.ordnancesurvey.co.uk/id/7000000000030106,http://data.ordnancesurvey.co.uk/ontology/admingeo/UnitaryAuthority,Scotland,http://data.ordnancesurvey.co.uk/id/7000000000041429,Scotland,http://data.ordnancesurvey.co.uk/id/country/scotland,,,
G837DB,http://data.ordnancesurvey.co.uk/id/postcodeunit/G837DB,G83 7DB,,,,other,Postcode,231519.000,704601.000,3500,18000,,,,,,,Tarbet,http://data.ordnancesurvey.co.uk/id/4000000074548283,http://www.ordnancesurvey.co.uk/xml/codelists/localtype.xml#village,,,,Argyll and Bute,http://data.ordnancesurvey.co.uk/id/7000000000030106,http://data.ordnancesurvey.co.uk/ontology/admingeo/UnitaryAuthority,Scotland,http://data.ordnancesurvey.co.uk/id/7000000000041429,Scotland,http://data.ordnancesurvey.co.uk/id/country/scotland,,,
G837DQ,http://data.ordnancesurvey.co.uk/id/postcodeunit/G837DQ,G83 7DQ,,,,other,Postcode,232207.000,704077.000,3500,18000,,,,,,,Tarbet,http://data.ordnancesurvey.co.uk/id/4000000074548283,http://www.ordnancesurvey.co.uk/xml/codelists/localtype.xml#village,,,,Argyll and Bute,http://data.ordnancesurvey.co.uk/id/7000000000030106,http://data.ordnancesurvey.co.uk/ontology/admingeo/UnitaryAuthority,Scotland,http://data.ordnancesurvey.co.uk/id/7000000000041429,Scotland,http://data.ordnancesurvey.co.uk/id/country/scotland,,,
G837DD,http://data.ordnancesurvey.co.uk/id/postcodeunit/G837DD,G83 7DD,,,,other,Postcode,231833.000,704681.000,3500,18000,,,,,,,Tarbet,http://data.ordnancesurvey.co.uk/id/4000000074548283,http://www.ordnancesurvey.co.uk/xml/codelists/localtype.xml#village,,,,Argyll and Bute,http://data.ordnancesurvey.co.uk/id/7000000000030106,http://data.ordnancesurvey.co.uk/ontology/admingeo/UnitaryAuthority,Scotland,http://data.ordnancesurvey.co.uk/id/7000000000041429,Scotland,http://data.ordnancesurvey.co.uk/id/country/scotland,,,
osgb4000000004305874,http://data.ordnancesurvey.co.uk/id/4000000004305874,Beechwood,,,,transportNetwork,Named Road,229710.750,703770.000,1000,20000,229697.000,703730.000,229738.000,703776.000,G83,http://data.ordnancesurvey.co.uk/id/postcodedistrict/G83,Arrochar / An t-Àrchar,http://data.ordnancesurvey.co.uk/id/4000000074548285,http://www.ordnancesurvey.co.uk/xml/codelists/localtype.xml#village,,,,Argyll and Bute,http://data.ordnancesurvey.co.uk/id/7000000000030106,http://data.ordnancesurvey.co.uk/ontology/admingeo/UnitaryAuthority,Scotland,http://data.ordnancesurvey.co.uk/id/7000000000041429,Scotland,http://data.ordnancesurvey.co.uk/id/country/scotland,,,
osgb4000000004305875,http://data.ordnancesurvey.co.uk/id/4000000004305875,Macfarlane Place,,,,transportNetwork,Named Road,229810.000,703731.000,1000,20000,229795.650,703708.241,229816.000,703752.000,G83,http://data.ordnancesurvey.co.uk/id/postcodedistrict/G83,Arrochar / An t-Àrchar,http://data.ordnancesurvey.co.uk/id/4000000074548285,http://www.ordnancesurvey.co.uk/xml/codelists/localtype.xml#village,,,,Argyll and Bute,http://data.ordnancesurvey.co.uk/id/7000000000030106,http://data.ordnancesurvey.co.uk/ontology/admingeo/UnitaryAuthority,Scotland,http://data.ordnancesurvey.co.uk/id/7000000000041429,Scotland,http://data.ordnancesurvey.co.uk/id/country/scotland,,,
osgb4000000004305570,http://data.ordnancesurvey.co.uk/id/4000000004305570,Donich View,,,,transportNetwork,Named Road,220045.341,701816.595,1000,20000,219968.019,701786.410,220089.000,701829.000,PA24,http://data.ordnancesurvey.co.uk/id/postcodedistrict/PA24,Lochgoilhead,http://data.ordnancesurvey.co.uk/id/4000000074548660,http://www.ordnancesurvey.co.uk/xml/codelists/localtype.xml#village,,,,Argyll and Bute,http://data.ordnancesurvey.co.uk/id/7000000000030106,http://data.ordnancesurvey.co.uk/ontology/admingeo/UnitaryAuthority,Scotland,http://data.ordnancesurvey.co.uk/id/7000000000041429,Scotland,http://data.ordnancesurvey.co.uk/id/country/scotland,,,
