﻿osgb4000000074550895,http://data.ordnancesurvey.co.uk/id/4000000074550895,Laggan,,,,populatedPlace,Village,230020.000,798171.000,16000,250000,228262.402,796213.456,230403.282,798714.000,PH34,http://data.ordnancesurvey.co.uk/id/postcodedistrict/PH34,,,,,,,Highland,http://data.ordnancesurvey.co.uk/id/7000000000029638,http://data.ordnancesurvey.co.uk/ontology/admingeo/UnitaryAuthority,Scotland,http://data.ordnancesurvey.co.uk/id/7000000000041429,Scotland,http://data.ordnancesurvey.co.uk/id/country/scotland,,"http://dbpedia.org/resource/Laggan,_Great_Glen",
osgb4000000074550519,http://data.ordnancesurvey.co.uk/id/4000000074550519,Bohuntine,,,,populatedPlace,Other Settlement,228557.000,782721.000,15000,25000,228041.138,782417.665,229164.725,783664.997,PH31,http://data.ordnancesurvey.co.uk/id/postcodedistrict/PH31,,,,,,,Highland,http://data.ordnancesurvey.co.uk/id/7000000000029638,http://data.ordnancesurvey.co.uk/ontology/admingeo/UnitaryAuthority,Scotland,http://data.ordnancesurvey.co.uk/id/7000000000041429,Scotland,http://data.ordnancesurvey.co.uk/id/country/scotland,,http://dbpedia.org/resource/Bohuntine,http://sws.geonames.org/2655255
osgb4000000074550893,http://data.ordnancesurvey.co.uk/id/4000000074550893,Inverroy,,,,populatedPlace,Village,225711.840,781719.750,9000,250000,224865.206,781057.064,226253.740,781997.905,PH31,http://data.ordnancesurvey.co.uk/id/postcodedistrict/PH31,,,,,,,Highland,http://data.ordnancesurvey.co.uk/id/7000000000029638,http://data.ordnancesurvey.co.uk/ontology/admingeo/UnitaryAuthority,Scotland,http://data.ordnancesurvey.co.uk/id/7000000000041429,Scotland,http://data.ordnancesurvey.co.uk/id/country/scotland,,http://dbpedia.org/resource/Inverroy,
osgb4000000074550894,http://data.ordnancesurvey.co.uk/id/4000000074550894,Kilfinnan,,,,populatedPlace,Other Settlement,227411.490,795497.630,15000,25000,227062.515,795134.444,227817.663,795786.968,PH34,http://data.ordnancesurvey.co.uk/id/postcodedistrict/PH34,,,,,,,Highland,http://data.ordnancesurvey.co.uk/id/7000000000029638,http://data.ordnancesurvey.co.uk/ontology/admingeo/UnitaryAuthority,Scotland,http://data.ordnancesurvey.co.uk/id/7000000000041429,Scotland,http://data.ordnancesurvey.co.uk/id/country/scotland,,,http://sws.geonames.org/2645664
osgb4000000074548295,http://data.ordnancesurvey.co.uk/id/4000000074548295,Spean Bridge,,,,populatedPlace,Village,222667.410,782007.150,12000,250000,221630.421,781273.942,223462.548,782269.237,PH34,http://data.ordnancesurvey.co.uk/id/postcodedistrict/PH34,,,,,,,Highland,http://data.ordnancesurvey.co.uk/id/7000000000029638,http://data.ordnancesurvey.co.uk/ontology/admingeo/UnitaryAuthority,Scotland,http://data.ordnancesurvey.co.uk/id/7000000000041429,Scotland,http://data.ordnancesurvey.co.uk/id/country/scotland,,http://dbpedia.org/resource/Spean_Bridge,http://sws.geonames.org/2637248
osgb4000000074334940,http://data.ordnancesurvey.co.uk/id/4000000074334940,Tulloch,,,,populatedPlace,Other Settlement,235498.000,780253.000,15000,25000,235271.403,780025.493,235771.403,780525.493,PH31,http://data.ordnancesurvey.co.uk/id/postcodedistrict/PH31,,,,,,,Highland,http://data.ordnancesurvey.co.uk/id/7000000000029638,http://data.ordnancesurvey.co.uk/ontology/admingeo/UnitaryAuthority,Scotland,http://data.ordnancesurvey.co.uk/id/7000000000041429,Scotland,http://data.ordnancesurvey.co.uk/id/country/scotland,,,
osgb4000000074550896,http://data.ordnancesurvey.co.uk/id/4000000074550896,Aonachan,,,,populatedPlace,Other Settlement,220691.980,781313.820,15000,25000,220323.307,780750.792,221213.823,781492.889,PH34,http://data.ordnancesurvey.co.uk/id/postcodedistrict/PH34,,,,,,,Highland,http://data.ordnancesurvey.co.uk/id/7000000000029638,http://data.ordnancesurvey.co.uk/ontology/admingeo/UnitaryAuthority,Scotland,http://data.ordnancesurvey.co.uk/id/7000000000041429,Scotland,http://data.ordnancesurvey.co.uk/id/country/scotland,,,
osgb4000000074549047,http://data.ordnancesurvey.co.uk/id/4000000074549047,Clunes,,,,populatedPlace,Hamlet,220084.000,788684.000,5000,25000,219939.291,788345.132,220439.291,788845.132,PH34,http://data.ordnancesurvey.co.uk/id/postcodedistrict/PH34,,,,,,,Highland,http://data.ordnancesurvey.co.uk/id/7000000000029638,http://data.ordnancesurvey.co.uk/ontology/admingeo/UnitaryAuthority,Scotland,http://data.ordnancesurvey.co.uk/id/7000000000041429,Scotland,http://data.ordnancesurvey.co.uk/id/country/scotland,,"http://dbpedia.org/resource/Clunes,_Lochaber",http://sws.geonames.org/2652752
osgb4000000074550518,http://data.ordnancesurvey.co.uk/id/4000000074550518,Achluachrach,,,,populatedPlace,Hamlet,230023.250,781057.300,5000,25000,229748.376,780796.717,230278.493,781296.717,PH31,http://data.ordnancesurvey.co.uk/id/postcodedistrict/PH31,,,,,,,Highland,http://data.ordnancesurvey.co.uk/id/7000000000029638,http://data.ordnancesurvey.co.uk/ontology/admingeo/UnitaryAuthority,Scotland,http://data.ordnancesurvey.co.uk/id/7000000000041429,Scotland,http://data.ordnancesurvey.co.uk/id/country/scotland,,http://dbpedia.org/resource/Achluachrach,
osgb4000000074541308,http://data.ordnancesurvey.co.uk/id/4000000074541308,Stronaba,,,,populatedPlace,Hamlet,220787.000,784533.000,5000,25000,220525.303,783839.318,221097.114,784668.430,PH34,http://data.ordnancesurvey.co.uk/id/postcodedistrict/PH34,,,,,,,Highland,http://data.ordnancesurvey.co.uk/id/7000000000029638,http://data.ordnancesurvey.co.uk/ontology/admingeo/UnitaryAuthority,Scotland,http://data.ordnancesurvey.co.uk/id/7000000000041429,Scotland,http://data.ordnancesurvey.co.uk/id/country/scotland,,,
osgb4000000074550892,http://data.ordnancesurvey.co.uk/id/4000000074550892,Roybridge,,,,populatedPlace,Village,226991.290,781358.150,8000,250000,226728.194,780631.216,227995.468,781755.924,PH31,http://data.ordnancesurvey.co.uk/id/postcodedistrict/PH31,,,,,,,Highland,http://data.ordnancesurvey.co.uk/id/7000000000029638,http://data.ordnancesurvey.co.uk/ontology/admingeo/UnitaryAuthority,Scotland,http://data.ordnancesurvey.co.uk/id/7000000000041429,Scotland,http://data.ordnancesurvey.co.uk/id/country/scotland,,http://dbpedia.org/resource/Roybridge,http://sws.geonames.org/2639021
PH314AS,http://data.ordnancesurvey.co.uk/id/postcodeunit/PH314AS,PH31 4AS,,,,other,Postcode,227198.000,780946.000,3500,18000,,,,,,,Roybridge,http://data.ordnancesurvey.co.uk/id/4000000074550892,http://www.ordnancesurvey.co.uk/xml/codelists/localtype.xml#village,,,,Highland,http://data.ordnancesurvey.co.uk/id/7000000000029638,http://data.ordnancesurvey.co.uk/ontology/admingeo/UnitaryAuthority,Scotland,http://data.ordnancesurvey.co.uk/id/7000000000041429,Scotland,http://data.ordnancesurvey.co.uk/id/country/scotland,,,
PH344EW,http://data.ordnancesurvey.co.uk/id/postcodeunit/PH344EW,PH34 4EW,,,,other,Postcode,222152.000,781875.000,3500,18000,,,,,,,Spean Bridge,http://data.ordnancesurvey.co.uk/id/4000000074548295,http://www.ordnancesurvey.co.uk/xml/codelists/localtype.xml#village,,,,Highland,http://data.ordnancesurvey.co.uk/id/7000000000029638,http://data.ordnancesurvey.co.uk/ontology/admingeo/UnitaryAuthority,Scotland,http://data.ordnancesurvey.co.uk/id/7000000000041429,Scotland,http://data.ordnancesurvey.co.uk/id/country/scotland,,,
PH344EB,http://data.ordnancesurvey.co.uk/id/postcodeunit/PH344EB,PH34 4EB,,,,other,Postcode,229237.000,797656.000,3500,18000,,,,,,,Laggan,http://data.ordnancesurvey.co.uk/id/4000000074550895,http://www.ordnancesurvey.co.uk/xml/codelists/localtype.xml#village,,,,Highland,http://data.ordnancesurvey.co.uk/id/7000000000029638,http://data.ordnancesurvey.co.uk/ontology/admingeo/UnitaryAuthority,Scotland,http://data.ordnancesurvey.co.uk/id/7000000000041429,Scotland,http://data.ordnancesurvey.co.uk/id/country/scotland,,,
PH344DW,http://data.ordnancesurvey.co.uk/id/postcodeunit/PH344DW,PH34 4DW,,,,other,Postcode,223372.000,789284.000,3500,18000,,,,,,,,,,,,,Highland,http://data.ordnancesurvey.co.uk/id/7000000000029638,http://data.ordnancesurvey.co.uk/ontology/admingeo/UnitaryAuthority,Scotland,http://data.ordnancesurvey.co.uk/id/7000000000041429,Scotland,http://data.ordnancesurvey.co.uk/id/country/scotland,,,
PH314AE,http://data.ordnancesurvey.co.uk/id/postcodeunit/PH314AE,PH31 4AE,,,,other,Postcode,226963.000,781320.000,3500,18000,,,,,,,Roybridge,http://data.ordnancesurvey.co.uk/id/4000000074550892,http://www.ordnancesurvey.co.uk/xml/codelists/localtype.xml#village,,,,Highland,http://data.ordnancesurvey.co.uk/id/7000000000029638,http://data.ordnancesurvey.co.uk/ontology/admingeo/UnitaryAuthority,Scotland,http://data.ordnancesurvey.co.uk/id/7000000000041429,Scotland,http://data.ordnancesurvey.co.uk/id/country/scotland,,,
PH314AJ,http://data.ordnancesurvey.co.uk/id/postcodeunit/PH314AJ,PH31 4AJ,,,,other,Postcode,227248.000,781560.000,3500,18000,,,,,,,Roybridge,http://data.ordnancesurvey.co.uk/id/4000000074550892,http://www.ordnancesurvey.co.uk/xml/codelists/localtype.xml#village,,,,Highland,http://data.ordnancesurvey.co.uk/id/7000000000029638,http://data.ordnancesurvey.co.uk/ontology/admingeo/UnitaryAuthority,Scotland,http://data.ordnancesurvey.co.uk/id/7000000000041429,Scotland,http://data.ordnancesurvey.co.uk/id/country/scotland,,,
PH344ET,http://data.ordnancesurvey.co.uk/id/postcodeunit/PH344ET,PH34 4ET,,,,other,Postcode,222333.000,781717.000,3500,18000,,,,,,,Spean Bridge,http://data.ordnancesurvey.co.uk/id/4000000074548295,http://www.ordnancesurvey.co.uk/xml/codelists/localtype.xml#village,,,,Highland,http://data.ordnancesurvey.co.uk/id/7000000000029638,http://data.ordnancesurvey.co.uk/ontology/admingeo/UnitaryAuthority,Scotland,http://data.ordnancesurvey.co.uk/id/7000000000041429,Scotland,http://data.ordnancesurvey.co.uk/id/country/scotland,,,
PH344DZ,http://data.ordnancesurvey.co.uk/id/postcodeunit/PH344DZ,PH34 4DZ,,,,other,Postcode,224757.000,790902.000,3500,18000,,,,,,,,,,,,,Highland,http://data.ordnancesurvey.co.uk/id/7000000000029638,http://data.ordnancesurvey.co.uk/ontology/admingeo/UnitaryAuthority,Scotland,http://data.ordnancesurvey.co.uk/id/7000000000041429,Scotland,http://data.ordnancesurvey.co.uk/id/country/scotland,,,
PH344EN,http://data.ordnancesurvey.co.uk/id/postcodeunit/PH344EN,PH34 4EN,,,,other,Postcode,222019.000,781689.000,3500,18000,,,,,,,Spean Bridge,http://data.ordnancesurvey.co.uk/id/4000000074548295,http://www.ordnancesurvey.co.uk/xml/codelists/localtype.xml#village,,,,Highland,http://data.ordnancesurvey.co.uk/id/7000000000029638,http://data.ordnancesurvey.co.uk/ontology/admingeo/UnitaryAuthority,Scotland,http://data.ordnancesurvey.co.uk/id/7000000000041429,Scotland,http://data.ordnancesurvey.co.uk/id/country/scotland,,,
PH314AQ,http://data.ordnancesurvey.co.uk/id/postcodeunit/PH314AQ,PH31 4AQ,,,,other,Postcode,225492.000,781366.000,3500,18000,,,,,,,Inverroy,http://data.ordnancesurvey.co.uk/id/4000000074550893,http://www.ordnancesurvey.co.uk/xml/codelists/localtype.xml#village,,,,Highland,http://data.ordnancesurvey.co.uk/id/7000000000029638,http://data.ordnancesurvey.co.uk/ontology/admingeo/UnitaryAuthority,Scotland,http://data.ordnancesurvey.co.uk/id/7000000000041429,Scotland,http://data.ordnancesurvey.co.uk/id/country/scotland,,,
PH344EE,http://data.ordnancesurvey.co.uk/id/postcodeunit/PH344EE,PH34 4EE,,,,other,Postcode,222430.000,781937.000,3500,18000,,,,,,,,,,,,,Highland,http://data.ordnancesurvey.co.uk/id/7000000000029638,http://data.ordnancesurvey.co.uk/ontology/admingeo/UnitaryAuthority,Scotland,http://data.ordnancesurvey.co.uk/id/7000000000041429,Scotland,http://data.ordnancesurvey.co.uk/id/country/scotland,,,
PH314AW,http://data.ordnancesurvey.co.uk/id/postcodeunit/PH314AW,PH31 4AW,,,,other,Postcode,229816.000,781166.000,3500,18000,,,,,,,Achluachrach,http://data.ordnancesurvey.co.uk/id/4000000074550518,http://www.ordnancesurvey.co.uk/xml/codelists/localtype.xml#hamlet,,,,Highland,http://data.ordnancesurvey.co.uk/id/7000000000029638,http://data.ordnancesurvey.co.uk/ontology/admingeo/UnitaryAuthority,Scotland,http://data.ordnancesurvey.co.uk/id/7000000000041429,Scotland,http://data.ordnancesurvey.co.uk/id/country/scotland,,,
PH344DY,http://data.ordnancesurvey.co.uk/id/postcodeunit/PH344DY,PH34 4DY,,,,other,Postcode,222594.000,788420.000,3500,18000,,,,,,,,,,,,,Highland,http://data.ordnancesurvey.co.uk/id/7000000000029638,http://data.ordnancesurvey.co.uk/ontology/admingeo/UnitaryAuthority,Scotland,http://data.ordnancesurvey.co.uk/id/7000000000041429,Scotland,http://data.ordnancesurvey.co.uk/id/country/scotland,,,
PH344EF,http://data.ordnancesurvey.co.uk/id/postcodeunit/PH344EF,PH34 4EF,,,,other,Postcode,221910.000,781418.000,3500,18000,,,,,,,Spean Bridge,http://data.ordnancesurvey.co.uk/id/4000000074548295,http://www.ordnancesurvey.co.uk/xml/codelists/localtype.xml#village,,,,Highland,http://data.ordnancesurvey.co.uk/id/7000000000029638,http://data.ordnancesurvey.co.uk/ontology/admingeo/UnitaryAuthority,Scotland,http://data.ordnancesurvey.co.uk/id/7000000000041429,Scotland,http://data.ordnancesurvey.co.uk/id/country/scotland,,,
PH314AR,http://data.ordnancesurvey.co.uk/id/postcodeunit/PH314AR,PH31 4AR,,,,other,Postcode,236623.000,780659.000,3500,18000,,,,,,,,,,,,,Highland,http://data.ordnancesurvey.co.uk/id/7000000000029638,http://data.ordnancesurvey.co.uk/ontology/admingeo/UnitaryAuthority,Scotland,http://data.ordnancesurvey.co.uk/id/7000000000041429,Scotland,http://data.ordnancesurvey.co.uk/id/country/scotland,,,
PH314AP,http://data.ordnancesurvey.co.uk/id/postcodeunit/PH314AP,PH31 4AP,,,,other,Postcode,231608.000,781115.000,3500,18000,,,,,,,,,,,,,Highland,http://data.ordnancesurvey.co.uk/id/7000000000029638,http://data.ordnancesurvey.co.uk/ontology/admingeo/UnitaryAuthority,Scotland,http://data.ordnancesurvey.co.uk/id/7000000000041429,Scotland,http://data.ordnancesurvey.co.uk/id/country/scotland,,,
PH344EP,http://data.ordnancesurvey.co.uk/id/postcodeunit/PH344EP,PH34 4EP,,,,other,Postcode,222137.000,781509.000,3500,18000,,,,,,,Spean Bridge,http://data.ordnancesurvey.co.uk/id/4000000074548295,http://www.ordnancesurvey.co.uk/xml/codelists/localtype.xml#village,,,,Highland,http://data.ordnancesurvey.co.uk/id/7000000000029638,http://data.ordnancesurvey.co.uk/ontology/admingeo/UnitaryAuthority,Scotland,http://data.ordnancesurvey.co.uk/id/7000000000041429,Scotland,http://data.ordnancesurvey.co.uk/id/country/scotland,,,
PH314AD,http://data.ordnancesurvey.co.uk/id/postcodeunit/PH314AD,PH31 4AD,,,,other,Postcode,226910.000,781374.000,3500,18000,,,,,,,Roybridge,http://data.ordnancesurvey.co.uk/id/4000000074550892,http://www.ordnancesurvey.co.uk/xml/codelists/localtype.xml#village,,,,Highland,http://data.ordnancesurvey.co.uk/id/7000000000029638,http://data.ordnancesurvey.co.uk/ontology/admingeo/UnitaryAuthority,Scotland,http://data.ordnancesurvey.co.uk/id/7000000000041429,Scotland,http://data.ordnancesurvey.co.uk/id/country/scotland,,,
PH344EY,http://data.ordnancesurvey.co.uk/id/postcodeunit/PH344EY,PH34 4EY,,,,other,Postcode,224499.000,781020.000,3500,18000,,,,,,,,,,,,,Highland,http://data.ordnancesurvey.co.uk/id/7000000000029638,http://data.ordnancesurvey.co.uk/ontology/admingeo/UnitaryAuthority,Scotland,http://data.ordnancesurvey.co.uk/id/7000000000041429,Scotland,http://data.ordnancesurvey.co.uk/id/country/scotland,,,
PH344EU,http://data.ordnancesurvey.co.uk/id/postcodeunit/PH344EU,PH34 4EU,,,,other,Postcode,222654.000,781965.000,3500,18000,,,,,,,Spean Bridge,http://data.ordnancesurvey.co.uk/id/4000000074548295,http://www.ordnancesurvey.co.uk/xml/codelists/localtype.xml#village,,,,Highland,http://data.ordnancesurvey.co.uk/id/7000000000029638,http://data.ordnancesurvey.co.uk/ontology/admingeo/UnitaryAuthority,Scotland,http://data.ordnancesurvey.co.uk/id/7000000000041429,Scotland,http://data.ordnancesurvey.co.uk/id/country/scotland,,,
PH344EA,http://data.ordnancesurvey.co.uk/id/postcodeunit/PH344EA,PH34 4EA,,,,other,Postcode,229167.000,796971.000,3500,18000,,,,,,,Laggan,http://data.ordnancesurvey.co.uk/id/4000000074550895,http://www.ordnancesurvey.co.uk/xml/codelists/localtype.xml#village,,,,Highland,http://data.ordnancesurvey.co.uk/id/7000000000029638,http://data.ordnancesurvey.co.uk/ontology/admingeo/UnitaryAuthority,Scotland,http://data.ordnancesurvey.co.uk/id/7000000000041429,Scotland,http://data.ordnancesurvey.co.uk/id/country/scotland,,,
PH344DX,http://data.ordnancesurvey.co.uk/id/postcodeunit/PH344DX,PH34 4DX,,,,other,Postcode,221026.000,783961.000,3500,18000,,,,,,,Stronaba,http://data.ordnancesurvey.co.uk/id/4000000074541308,http://www.ordnancesurvey.co.uk/xml/codelists/localtype.xml#hamlet,,,,Highland,http://data.ordnancesurvey.co.uk/id/7000000000029638,http://data.ordnancesurvey.co.uk/ontology/admingeo/UnitaryAuthority,Scotland,http://data.ordnancesurvey.co.uk/id/7000000000041429,Scotland,http://data.ordnancesurvey.co.uk/id/country/scotland,,,
PH314AF,http://data.ordnancesurvey.co.uk/id/postcodeunit/PH314AF,PH31 4AF,,,,other,Postcode,226842.000,781446.000,3500,18000,,,,,,,Roybridge,http://data.ordnancesurvey.co.uk/id/4000000074550892,http://www.ordnancesurvey.co.uk/xml/codelists/localtype.xml#village,,,,Highland,http://data.ordnancesurvey.co.uk/id/7000000000029638,http://data.ordnancesurvey.co.uk/ontology/admingeo/UnitaryAuthority,Scotland,http://data.ordnancesurvey.co.uk/id/7000000000041429,Scotland,http://data.ordnancesurvey.co.uk/id/country/scotland,,,
PH314AN,http://data.ordnancesurvey.co.uk/id/postcodeunit/PH314AN,PH31 4AN,,,,other,Postcode,227722.000,781488.000,3500,18000,,,,,,,,,,,,,Highland,http://data.ordnancesurvey.co.uk/id/7000000000029638,http://data.ordnancesurvey.co.uk/ontology/admingeo/UnitaryAuthority,Scotland,http://data.ordnancesurvey.co.uk/id/7000000000041429,Scotland,http://data.ordnancesurvey.co.uk/id/country/scotland,,,
PH314AG,http://data.ordnancesurvey.co.uk/id/postcodeunit/PH314AG,PH31 4AG,,,,other,Postcode,227281.000,780993.000,3500,18000,,,,,,,Roybridge,http://data.ordnancesurvey.co.uk/id/4000000074550892,http://www.ordnancesurvey.co.uk/xml/codelists/localtype.xml#village,,,,Highland,http://data.ordnancesurvey.co.uk/id/7000000000029638,http://data.ordnancesurvey.co.uk/ontology/admingeo/UnitaryAuthority,Scotland,http://data.ordnancesurvey.co.uk/id/7000000000041429,Scotland,http://data.ordnancesurvey.co.uk/id/country/scotland,,,
PH344EG,http://data.ordnancesurvey.co.uk/id/postcodeunit/PH344EG,PH34 4EG,,,,other,Postcode,220550.000,782660.000,3500,18000,,,,,,,,,,,,,Highland,http://data.ordnancesurvey.co.uk/id/7000000000029638,http://data.ordnancesurvey.co.uk/ontology/admingeo/UnitaryAuthority,Scotland,http://data.ordnancesurvey.co.uk/id/7000000000041429,Scotland,http://data.ordnancesurvey.co.uk/id/country/scotland,,,
PH344ER,http://data.ordnancesurvey.co.uk/id/postcodeunit/PH344ER,PH34 4ER,,,,other,Postcode,222047.000,781510.000,3500,18000,,,,,,,Spean Bridge,http://data.ordnancesurvey.co.uk/id/4000000074548295,http://www.ordnancesurvey.co.uk/xml/codelists/localtype.xml#village,,,,Highland,http://data.ordnancesurvey.co.uk/id/7000000000029638,http://data.ordnancesurvey.co.uk/ontology/admingeo/UnitaryAuthority,Scotland,http://data.ordnancesurvey.co.uk/id/7000000000041429,Scotland,http://data.ordnancesurvey.co.uk/id/country/scotland,,,
osgb4000000004305813,http://data.ordnancesurvey.co.uk/id/4000000004305813,Aonachan Gardens,,,,transportNetwork,Named Road,222305.000,781728.000,1000,20000,222286.342,781703.940,222349.622,781788.000,PH34,http://data.ordnancesurvey.co.uk/id/postcodedistrict/PH34,Spean Bridge,http://data.ordnancesurvey.co.uk/id/4000000074548295,http://www.ordnancesurvey.co.uk/xml/codelists/localtype.xml#village,,,,Highland,http://data.ordnancesurvey.co.uk/id/7000000000029638,http://data.ordnancesurvey.co.uk/ontology/admingeo/UnitaryAuthority,Scotland,http://data.ordnancesurvey.co.uk/id/7000000000041429,Scotland,http://data.ordnancesurvey.co.uk/id/country/scotland,,,
osgb4000000004313905,http://data.ordnancesurvey.co.uk/id/4000000004313905,The Sidings,,,,transportNetwork,Named Road,227249.489,781089.131,1000,20000,227224.299,781078.103,227263.415,781092.689,PH31,http://data.ordnancesurvey.co.uk/id/postcodedistrict/PH31,Roybridge,http://data.ordnancesurvey.co.uk/id/4000000074550892,http://www.ordnancesurvey.co.uk/xml/codelists/localtype.xml#village,,,,Highland,http://data.ordnancesurvey.co.uk/id/7000000000029638,http://data.ordnancesurvey.co.uk/ontology/admingeo/UnitaryAuthority,Scotland,http://data.ordnancesurvey.co.uk/id/7000000000041429,Scotland,http://data.ordnancesurvey.co.uk/id/country/scotland,,,
osgb4000000004308340,http://data.ordnancesurvey.co.uk/id/4000000004308340,Nursery Park,,,,transportNetwork,Named Road,222143.855,781857.520,1000,20000,222067.211,781832.089,222220.582,781866.547,PH34,http://data.ordnancesurvey.co.uk/id/postcodedistrict/PH34,Spean Bridge,http://data.ordnancesurvey.co.uk/id/4000000074548295,http://www.ordnancesurvey.co.uk/xml/codelists/localtype.xml#village,,,,Highland,http://data.ordnancesurvey.co.uk/id/7000000000029638,http://data.ordnancesurvey.co.uk/ontology/admingeo/UnitaryAuthority,Scotland,http://data.ordnancesurvey.co.uk/id/7000000000041429,Scotland,http://data.ordnancesurvey.co.uk/id/country/scotland,,,
osgb5000005122163586,http://data.ordnancesurvey.co.uk/id/5000005122163586,Caledonian Park,,,,transportNetwork,Named Road,223358.377,789199.608,1000,20000,223358.032,789119.313,223400.316,789284.847,PH34,http://data.ordnancesurvey.co.uk/id/postcodedistrict/PH34,,,,,,,Highland,http://data.ordnancesurvey.co.uk/id/7000000000029638,http://data.ordnancesurvey.co.uk/ontology/admingeo/UnitaryAuthority,Scotland,http://data.ordnancesurvey.co.uk/id/7000000000041429,Scotland,http://data.ordnancesurvey.co.uk/id/country/scotland,,,
osgb4000000004305510,http://data.ordnancesurvey.co.uk/id/4000000004305510,Altour Road,,,,transportNetwork,Named Road,222415.000,781699.000,2000,20000,222345.249,781571.683,222486.364,781820.000,PH34,http://data.ordnancesurvey.co.uk/id/postcodedistrict/PH34,Spean Bridge,http://data.ordnancesurvey.co.uk/id/4000000074548295,http://www.ordnancesurvey.co.uk/xml/codelists/localtype.xml#village,,,,Highland,http://data.ordnancesurvey.co.uk/id/7000000000029638,http://data.ordnancesurvey.co.uk/ontology/admingeo/UnitaryAuthority,Scotland,http://data.ordnancesurvey.co.uk/id/7000000000041429,Scotland,http://data.ordnancesurvey.co.uk/id/country/scotland,,,
osgb4000000004314619,http://data.ordnancesurvey.co.uk/id/4000000004314619,Statton Road,,,,transportNetwork,Named Road,221937.606,781418.919,2000,20000,221779.917,781400.767,222102.000,781457.000,PH34,http://data.ordnancesurvey.co.uk/id/postcodedistrict/PH34,Spean Bridge,http://data.ordnancesurvey.co.uk/id/4000000074548295,http://www.ordnancesurvey.co.uk/xml/codelists/localtype.xml#village,,,,Highland,http://data.ordnancesurvey.co.uk/id/7000000000029638,http://data.ordnancesurvey.co.uk/ontology/admingeo/UnitaryAuthority,Scotland,http://data.ordnancesurvey.co.uk/id/7000000000041429,Scotland,http://data.ordnancesurvey.co.uk/id/country/scotland,,,
osgb4000000004305246,http://data.ordnancesurvey.co.uk/id/4000000004305246,Glenspean Park,,,,transportNetwork,Named Road,227077.000,781024.000,3000,20000,227032.150,780860.000,227231.000,781273.000,PH31,http://data.ordnancesurvey.co.uk/id/postcodedistrict/PH31,Roybridge,http://data.ordnancesurvey.co.uk/id/4000000074550892,http://www.ordnancesurvey.co.uk/xml/codelists/localtype.xml#village,,,,Highland,http://data.ordnancesurvey.co.uk/id/7000000000029638,http://data.ordnancesurvey.co.uk/ontology/admingeo/UnitaryAuthority,Scotland,http://data.ordnancesurvey.co.uk/id/7000000000041429,Scotland,http://data.ordnancesurvey.co.uk/id/country/scotland,,,
osgb4000000004305815,http://data.ordnancesurvey.co.uk/id/4000000004305815,Bunlossit,,,,transportNetwork,Named Road,227188.000,781159.000,1000,20000,227171.000,781092.689,227224.299,781201.000,PH31,http://data.ordnancesurvey.co.uk/id/postcodedistrict/PH31,Roybridge,http://data.ordnancesurvey.co.uk/id/4000000074550892,http://www.ordnancesurvey.co.uk/xml/codelists/localtype.xml#village,,,,Highland,http://data.ordnancesurvey.co.uk/id/7000000000029638,http://data.ordnancesurvey.co.uk/ontology/admingeo/UnitaryAuthority,Scotland,http://data.ordnancesurvey.co.uk/id/7000000000041429,Scotland,http://data.ordnancesurvey.co.uk/id/country/scotland,,,
osgb5000005157073978,http://data.ordnancesurvey.co.uk/id/5000005157073978,Burnside,,,,transportNetwork,Named Road,222413.294,781916.947,1000,20000,222405.838,781815.798,222420.645,781996.383,PH34,http://data.ordnancesurvey.co.uk/id/postcodedistrict/PH34,,,,,,,Highland,http://data.ordnancesurvey.co.uk/id/7000000000029638,http://data.ordnancesurvey.co.uk/ontology/admingeo/UnitaryAuthority,Scotland,http://data.ordnancesurvey.co.uk/id/7000000000041429,Scotland,http://data.ordnancesurvey.co.uk/id/country/scotland,,,
osgb4000000004305814,http://data.ordnancesurvey.co.uk/id/4000000004305814,West Tirindrish,,,,transportNetwork,Named Road,222681.000,782095.000,1000,20000,222596.149,782007.148,222770.151,782180.083,PH34,http://data.ordnancesurvey.co.uk/id/postcodedistrict/PH34,Spean Bridge,http://data.ordnancesurvey.co.uk/id/4000000074548295,http://www.ordnancesurvey.co.uk/xml/codelists/localtype.xml#village,,,,Highland,http://data.ordnancesurvey.co.uk/id/7000000000029638,http://data.ordnancesurvey.co.uk/ontology/admingeo/UnitaryAuthority,Scotland,http://data.ordnancesurvey.co.uk/id/7000000000041429,Scotland,http://data.ordnancesurvey.co.uk/id/country/scotland,,,
osgb4000000004305811,http://data.ordnancesurvey.co.uk/id/4000000004305811,Spean Crescent,,,,transportNetwork,Named Road,222054.000,781547.000,1000,20000,222016.507,781525.859,222110.000,781576.000,PH34,http://data.ordnancesurvey.co.uk/id/postcodedistrict/PH34,Spean Bridge,http://data.ordnancesurvey.co.uk/id/4000000074548295,http://www.ordnancesurvey.co.uk/xml/codelists/localtype.xml#village,,,,Highland,http://data.ordnancesurvey.co.uk/id/7000000000029638,http://data.ordnancesurvey.co.uk/ontology/admingeo/UnitaryAuthority,Scotland,http://data.ordnancesurvey.co.uk/id/7000000000041429,Scotland,http://data.ordnancesurvey.co.uk/id/country/scotland,,,
osgb4000000004305969,http://data.ordnancesurvey.co.uk/id/4000000004305969,Keppoch Terrace,,,,transportNetwork,Named Road,226913.876,781361.229,1000,20000,226856.000,781348.000,226924.150,781364.200,PH31,http://data.ordnancesurvey.co.uk/id/postcodedistrict/PH31,Roybridge,http://data.ordnancesurvey.co.uk/id/4000000074550892,http://www.ordnancesurvey.co.uk/xml/codelists/localtype.xml#village,,,,Highland,http://data.ordnancesurvey.co.uk/id/7000000000029638,http://data.ordnancesurvey.co.uk/ontology/admingeo/UnitaryAuthority,Scotland,http://data.ordnancesurvey.co.uk/id/7000000000041429,Scotland,http://data.ordnancesurvey.co.uk/id/country/scotland,,,
osgb4000000004305816,http://data.ordnancesurvey.co.uk/id/4000000004305816,Mulroy Terrace,,,,transportNetwork,Named Road,226825.236,781369.628,1000,20000,226800.000,781333.000,226881.027,781433.768,PH31,http://data.ordnancesurvey.co.uk/id/postcodedistrict/PH31,Roybridge,http://data.ordnancesurvey.co.uk/id/4000000074550892,http://www.ordnancesurvey.co.uk/xml/codelists/localtype.xml#village,,,,Highland,http://data.ordnancesurvey.co.uk/id/7000000000029638,http://data.ordnancesurvey.co.uk/ontology/admingeo/UnitaryAuthority,Scotland,http://data.ordnancesurvey.co.uk/id/7000000000041429,Scotland,http://data.ordnancesurvey.co.uk/id/country/scotland,,,
osgb4000000004308341,http://data.ordnancesurvey.co.uk/id/4000000004308341,Morrison Avenue,,,,transportNetwork,Named Road,222540.899,781667.233,1000,20000,222486.364,781617.508,222566.249,781723.783,PH34,http://data.ordnancesurvey.co.uk/id/postcodedistrict/PH34,Spean Bridge,http://data.ordnancesurvey.co.uk/id/4000000074548295,http://www.ordnancesurvey.co.uk/xml/codelists/localtype.xml#village,,,,Highland,http://data.ordnancesurvey.co.uk/id/7000000000029638,http://data.ordnancesurvey.co.uk/ontology/admingeo/UnitaryAuthority,Scotland,http://data.ordnancesurvey.co.uk/id/7000000000041429,Scotland,http://data.ordnancesurvey.co.uk/id/country/scotland,,,
osgb4000000004305812,http://data.ordnancesurvey.co.uk/id/4000000004305812,Altour Gardens,,,,transportNetwork,Named Road,222331.466,781642.986,1000,20000,222288.337,781642.986,222378.826,781654.618,PH34,http://data.ordnancesurvey.co.uk/id/postcodedistrict/PH34,Spean Bridge,http://data.ordnancesurvey.co.uk/id/4000000074548295,http://www.ordnancesurvey.co.uk/xml/codelists/localtype.xml#village,,,,Highland,http://data.ordnancesurvey.co.uk/id/7000000000029638,http://data.ordnancesurvey.co.uk/ontology/admingeo/UnitaryAuthority,Scotland,http://data.ordnancesurvey.co.uk/id/7000000000041429,Scotland,http://data.ordnancesurvey.co.uk/id/country/scotland,,,
PH344ED,http://data.ordnancesurvey.co.uk/id/postcodeunit/PH344ED,PH34 4ED,,,,other,Postcode,222551.000,781689.000,3500,18000,,,,,,,Spean Bridge,http://data.ordnancesurvey.co.uk/id/4000000074548295,http://www.ordnancesurvey.co.uk/xml/codelists/localtype.xml#village,,,,Highland,http://data.ordnancesurvey.co.uk/id/7000000000029638,http://data.ordnancesurvey.co.uk/ontology/admingeo/UnitaryAuthority,Scotland,http://data.ordnancesurvey.co.uk/id/7000000000041429,Scotland,http://data.ordnancesurvey.co.uk/id/country/scotland,,,
PH344HA,http://data.ordnancesurvey.co.uk/id/postcodeunit/PH344HA,PH34 4HA,,,,other,Postcode,222329.000,781657.000,3500,18000,,,,,,,Spean Bridge,http://data.ordnancesurvey.co.uk/id/4000000074548295,http://www.ordnancesurvey.co.uk/xml/codelists/localtype.xml#village,,,,Highland,http://data.ordnancesurvey.co.uk/id/7000000000029638,http://data.ordnancesurvey.co.uk/ontology/admingeo/UnitaryAuthority,Scotland,http://data.ordnancesurvey.co.uk/id/7000000000041429,Scotland,http://data.ordnancesurvey.co.uk/id/country/scotland,,,
PH344EZ,http://data.ordnancesurvey.co.uk/id/postcodeunit/PH344EZ,PH34 4EZ,,,,other,Postcode,222408.000,781677.000,3500,18000,,,,,,,Spean Bridge,http://data.ordnancesurvey.co.uk/id/4000000074548295,http://www.ordnancesurvey.co.uk/xml/codelists/localtype.xml#village,,,,Highland,http://data.ordnancesurvey.co.uk/id/7000000000029638,http://data.ordnancesurvey.co.uk/ontology/admingeo/UnitaryAuthority,Scotland,http://data.ordnancesurvey.co.uk/id/7000000000041429,Scotland,http://data.ordnancesurvey.co.uk/id/country/scotland,,,
PH314AH,http://data.ordnancesurvey.co.uk/id/postcodeunit/PH314AH,PH31 4AH,,,,other,Postcode,229096.000,783632.000,3500,18000,,,,,,,Bohuntine,http://data.ordnancesurvey.co.uk/id/4000000074550519,http://www.ordnancesurvey.co.uk/xml/codelists/localtype.xml#otherSettlement,,,,Highland,http://data.ordnancesurvey.co.uk/id/7000000000029638,http://data.ordnancesurvey.co.uk/ontology/admingeo/UnitaryAuthority,Scotland,http://data.ordnancesurvey.co.uk/id/7000000000041429,Scotland,http://data.ordnancesurvey.co.uk/id/country/scotland,,,
PH344ES,http://data.ordnancesurvey.co.uk/id/postcodeunit/PH344ES,PH34 4ES,,,,other,Postcode,222132.000,781592.000,3500,18000,,,,,,,Spean Bridge,http://data.ordnancesurvey.co.uk/id/4000000074548295,http://www.ordnancesurvey.co.uk/xml/codelists/localtype.xml#village,,,,Highland,http://data.ordnancesurvey.co.uk/id/7000000000029638,http://data.ordnancesurvey.co.uk/ontology/admingeo/UnitaryAuthority,Scotland,http://data.ordnancesurvey.co.uk/id/7000000000041429,Scotland,http://data.ordnancesurvey.co.uk/id/country/scotland,,,
9008fb8f-2539-4453-87c2-d30269404f63,http://data.ordnancesurvey.co.uk/id/9008fb8f-2539-4453-87c2-d30269404f63,Burnside,,,,transportNetwork,Section Of Named Road,222405.838,781864.093,1000,25000,222405.838,781815.798,222416.234,781914.453,PH34,http://data.ordnancesurvey.co.uk/id/postcodedistrict/PH34,Spean Bridge,http://data.ordnancesurvey.co.uk/id/4000000074548295,http://www.ordnancesurvey.co.uk/xml/codelists/localtype.xml#village,,,,Highland,http://data.ordnancesurvey.co.uk/id/7000000000029638,http://data.ordnancesurvey.co.uk/ontology/admingeo/UnitaryAuthority,Scotland,http://data.ordnancesurvey.co.uk/id/7000000000041429,Scotland,http://data.ordnancesurvey.co.uk/id/country/scotland,osgb5000005157073978,,
osgb5000005101836461,http://data.ordnancesurvey.co.uk/id/5000005101836461,The Galleries,,,,transportNetwork,Named Road,221975.226,781861.505,1000,20000,221957.298,781840.990,221999.957,781866.222,PH34,http://data.ordnancesurvey.co.uk/id/postcodedistrict/PH34,Spean Bridge,http://data.ordnancesurvey.co.uk/id/4000000074548295,http://www.ordnancesurvey.co.uk/xml/codelists/localtype.xml#village,,,,Highland,http://data.ordnancesurvey.co.uk/id/7000000000029638,http://data.ordnancesurvey.co.uk/ontology/admingeo/UnitaryAuthority,Scotland,http://data.ordnancesurvey.co.uk/id/7000000000041429,Scotland,http://data.ordnancesurvey.co.uk/id/country/scotland,,,
