﻿osgb4000000074548282,http://data.ordnancesurvey.co.uk/id/4000000074548282,Stronachlachar,,,,populatedPlace,Hamlet,240087.660,710141.700,5000,25000,239877.269,710060.726,240404.343,710587.796,FK8,http://data.ordnancesurvey.co.uk/id/postcodedistrict/FK8,,,,,,,Stirling,http://data.ordnancesurvey.co.uk/id/7000000000030502,http://data.ordnancesurvey.co.uk/ontology/admingeo/UnitaryAuthority,Scotland,http://data.ordnancesurvey.co.uk/id/7000000000041429,Scotland,http://data.ordnancesurvey.co.uk/id/country/scotland,,,http://sws.geonames.org/2636633
osgb4000000074549768,http://data.ordnancesurvey.co.uk/id/4000000074549768,Port of Menteith,,,,populatedPlace,Other Settlement,258285.700,701482.940,15000,25000,257677.515,701080.827,259180.664,701759.573,FK8,http://data.ordnancesurvey.co.uk/id/postcodedistrict/FK8,,,,,,,Stirling,http://data.ordnancesurvey.co.uk/id/7000000000030502,http://data.ordnancesurvey.co.uk/ontology/admingeo/UnitaryAuthority,Scotland,http://data.ordnancesurvey.co.uk/id/7000000000041429,Scotland,http://data.ordnancesurvey.co.uk/id/country/scotland,,http://dbpedia.org/resource/Port_of_Menteith,http://sws.geonames.org/2640015
osgb4000000074543190,http://data.ordnancesurvey.co.uk/id/4000000074543190,Brig o'Turk,,,,populatedPlace,Village,253558.000,706681.000,7000,250000,252941.082,706305.821,253976.373,707270.215,FK17,http://data.ordnancesurvey.co.uk/id/postcodedistrict/FK17,,,,,,,Stirling,http://data.ordnancesurvey.co.uk/id/7000000000030502,http://data.ordnancesurvey.co.uk/ontology/admingeo/UnitaryAuthority,Scotland,http://data.ordnancesurvey.co.uk/id/7000000000041429,Scotland,http://data.ordnancesurvey.co.uk/id/country/scotland,,,
osgb4000000074309960,http://data.ordnancesurvey.co.uk/id/4000000074309960,Kirkton,,,,populatedPlace,Suburban Area,251916.010,700734.500,3000,25000,251523.103,700406.190,252023.103,700909.726,FK8,http://data.ordnancesurvey.co.uk/id/postcodedistrict/FK8,,,,,,,Stirling,http://data.ordnancesurvey.co.uk/id/7000000000030502,http://data.ordnancesurvey.co.uk/ontology/admingeo/UnitaryAuthority,Scotland,http://data.ordnancesurvey.co.uk/id/7000000000041429,Scotland,http://data.ordnancesurvey.co.uk/id/country/scotland,,,
osgb4000000074548281,http://data.ordnancesurvey.co.uk/id/4000000074548281,Kinlochard,,,,populatedPlace,Village,245488.000,702313.000,5000,250000,244822.904,701955.617,245654.501,702560.004,FK8,http://data.ordnancesurvey.co.uk/id/postcodedistrict/FK8,,,,,,,Stirling,http://data.ordnancesurvey.co.uk/id/7000000000030502,http://data.ordnancesurvey.co.uk/ontology/admingeo/UnitaryAuthority,Scotland,http://data.ordnancesurvey.co.uk/id/7000000000041429,Scotland,http://data.ordnancesurvey.co.uk/id/country/scotland,,,http://sws.geonames.org/6620362
osgb4000000074549769,http://data.ordnancesurvey.co.uk/id/4000000074549769,Aberfoyle,,,,populatedPlace,Village,252439.740,700933.090,28000,250000,249209.301,699936.105,253532.525,701805.420,FK8,http://data.ordnancesurvey.co.uk/id/postcodedistrict/FK8,,,,,,,Stirling,http://data.ordnancesurvey.co.uk/id/7000000000030502,http://data.ordnancesurvey.co.uk/ontology/admingeo/UnitaryAuthority,Scotland,http://data.ordnancesurvey.co.uk/id/7000000000041429,Scotland,http://data.ordnancesurvey.co.uk/id/country/scotland,,"http://dbpedia.org/resource/Aberfoyle,_Stirling",http://sws.geonames.org/2657816
osgb4000000074548280,http://data.ordnancesurvey.co.uk/id/4000000074548280,Strathyre,,,,populatedPlace,Village,255870.000,717291.000,12000,250000,255506.714,716085.352,256459.588,717968.913,FK18,http://data.ordnancesurvey.co.uk/id/postcodedistrict/FK18,,,,,,,Stirling,http://data.ordnancesurvey.co.uk/id/7000000000030502,http://data.ordnancesurvey.co.uk/ontology/admingeo/UnitaryAuthority,Scotland,http://data.ordnancesurvey.co.uk/id/7000000000041429,Scotland,http://data.ordnancesurvey.co.uk/id/country/scotland,,,http://sws.geonames.org/2636683
osgb4000000074548276,http://data.ordnancesurvey.co.uk/id/4000000074548276,Milton,,,,populatedPlace,Suburban Area,250355.000,701375.000,6000,25000,249712.003,700992.822,250663.326,701805.420,FK8,http://data.ordnancesurvey.co.uk/id/postcodedistrict/FK8,,,,,,,Stirling,http://data.ordnancesurvey.co.uk/id/7000000000030502,http://data.ordnancesurvey.co.uk/ontology/admingeo/UnitaryAuthority,Scotland,http://data.ordnancesurvey.co.uk/id/7000000000041429,Scotland,http://data.ordnancesurvey.co.uk/id/country/scotland,,,
FK83UR,http://data.ordnancesurvey.co.uk/id/postcodeunit/FK83UR,FK8 3UR,,,,other,Postcode,252543.000,700805.000,3500,18000,,,,,,,Aberfoyle,http://data.ordnancesurvey.co.uk/id/4000000074549769,http://www.ordnancesurvey.co.uk/xml/codelists/localtype.xml#village,,,,Stirling,http://data.ordnancesurvey.co.uk/id/7000000000030502,http://data.ordnancesurvey.co.uk/ontology/admingeo/UnitaryAuthority,Scotland,http://data.ordnancesurvey.co.uk/id/7000000000041429,Scotland,http://data.ordnancesurvey.co.uk/id/country/scotland,,,
FK83TH,http://data.ordnancesurvey.co.uk/id/postcodeunit/FK83TH,FK8 3TH,,,,other,Postcode,247997.000,701966.000,3500,18000,,,,,,,,,,,,,Stirling,http://data.ordnancesurvey.co.uk/id/7000000000030502,http://data.ordnancesurvey.co.uk/ontology/admingeo/UnitaryAuthority,Scotland,http://data.ordnancesurvey.co.uk/id/7000000000041429,Scotland,http://data.ordnancesurvey.co.uk/id/country/scotland,,,
FK83UT,http://data.ordnancesurvey.co.uk/id/postcodeunit/FK83UT,FK8 3UT,,,,other,Postcode,252758.000,701161.000,3500,18000,,,,,,,,,,,,,Stirling,http://data.ordnancesurvey.co.uk/id/7000000000030502,http://data.ordnancesurvey.co.uk/ontology/admingeo/UnitaryAuthority,Scotland,http://data.ordnancesurvey.co.uk/id/7000000000041429,Scotland,http://data.ordnancesurvey.co.uk/id/country/scotland,,,
FK83TG,http://data.ordnancesurvey.co.uk/id/postcodeunit/FK83TG,FK8 3TG,,,,other,Postcode,250166.000,701052.000,3500,18000,,,,,,,Aberfoyle,http://data.ordnancesurvey.co.uk/id/4000000074549769,http://www.ordnancesurvey.co.uk/xml/codelists/localtype.xml#village,,,,Stirling,http://data.ordnancesurvey.co.uk/id/7000000000030502,http://data.ordnancesurvey.co.uk/ontology/admingeo/UnitaryAuthority,Scotland,http://data.ordnancesurvey.co.uk/id/7000000000041429,Scotland,http://data.ordnancesurvey.co.uk/id/country/scotland,,,
FK83SU,http://data.ordnancesurvey.co.uk/id/postcodeunit/FK83SU,FK8 3SU,,,,other,Postcode,252330.000,701132.000,3500,18000,,,,,,,Aberfoyle,http://data.ordnancesurvey.co.uk/id/4000000074549769,http://www.ordnancesurvey.co.uk/xml/codelists/localtype.xml#village,,,,Stirling,http://data.ordnancesurvey.co.uk/id/7000000000030502,http://data.ordnancesurvey.co.uk/ontology/admingeo/UnitaryAuthority,Scotland,http://data.ordnancesurvey.co.uk/id/7000000000041429,Scotland,http://data.ordnancesurvey.co.uk/id/country/scotland,,,
FK83TN,http://data.ordnancesurvey.co.uk/id/postcodeunit/FK83TN,FK8 3TN,,,,other,Postcode,245234.000,700803.000,3500,18000,,,,,,,,,,,,,Stirling,http://data.ordnancesurvey.co.uk/id/7000000000030502,http://data.ordnancesurvey.co.uk/ontology/admingeo/UnitaryAuthority,Scotland,http://data.ordnancesurvey.co.uk/id/7000000000041429,Scotland,http://data.ordnancesurvey.co.uk/id/country/scotland,,,
FK83XB,http://data.ordnancesurvey.co.uk/id/postcodeunit/FK83XB,FK8 3XB,,,,other,Postcode,251665.000,700768.000,3500,18000,,,,,,,Aberfoyle,http://data.ordnancesurvey.co.uk/id/4000000074549769,http://www.ordnancesurvey.co.uk/xml/codelists/localtype.xml#village,,,,Stirling,http://data.ordnancesurvey.co.uk/id/7000000000030502,http://data.ordnancesurvey.co.uk/ontology/admingeo/UnitaryAuthority,Scotland,http://data.ordnancesurvey.co.uk/id/7000000000041429,Scotland,http://data.ordnancesurvey.co.uk/id/country/scotland,,,
FK83TW,http://data.ordnancesurvey.co.uk/id/postcodeunit/FK83TW,FK8 3TW,,,,other,Postcode,244928.000,702058.000,3500,18000,,,,,,,Kinlochard,http://data.ordnancesurvey.co.uk/id/4000000074548281,http://www.ordnancesurvey.co.uk/xml/codelists/localtype.xml#village,,,,Stirling,http://data.ordnancesurvey.co.uk/id/7000000000030502,http://data.ordnancesurvey.co.uk/ontology/admingeo/UnitaryAuthority,Scotland,http://data.ordnancesurvey.co.uk/id/7000000000041429,Scotland,http://data.ordnancesurvey.co.uk/id/country/scotland,,,
FK178HG,http://data.ordnancesurvey.co.uk/id/postcodeunit/FK178HG,FK17 8HG,,,,other,Postcode,256521.000,704955.000,3500,18000,,,,,,,,,,,,,Stirling,http://data.ordnancesurvey.co.uk/id/7000000000030502,http://data.ordnancesurvey.co.uk/ontology/admingeo/UnitaryAuthority,Scotland,http://data.ordnancesurvey.co.uk/id/7000000000041429,Scotland,http://data.ordnancesurvey.co.uk/id/country/scotland,,,
FK83UQ,http://data.ordnancesurvey.co.uk/id/postcodeunit/FK83UQ,FK8 3UQ,,,,other,Postcode,252257.000,700955.000,3500,18000,,,,,,,Aberfoyle,http://data.ordnancesurvey.co.uk/id/4000000074549769,http://www.ordnancesurvey.co.uk/xml/codelists/localtype.xml#village,,,,Stirling,http://data.ordnancesurvey.co.uk/id/7000000000030502,http://data.ordnancesurvey.co.uk/ontology/admingeo/UnitaryAuthority,Scotland,http://data.ordnancesurvey.co.uk/id/7000000000041429,Scotland,http://data.ordnancesurvey.co.uk/id/country/scotland,,,
FK178HF,http://data.ordnancesurvey.co.uk/id/postcodeunit/FK178HF,FK17 8HF,,,,other,Postcode,258720.000,711821.000,3500,18000,,,,,,,,,,,,,Stirling,http://data.ordnancesurvey.co.uk/id/7000000000030502,http://data.ordnancesurvey.co.uk/ontology/admingeo/UnitaryAuthority,Scotland,http://data.ordnancesurvey.co.uk/id/7000000000041429,Scotland,http://data.ordnancesurvey.co.uk/id/country/scotland,,,
FK83SL,http://data.ordnancesurvey.co.uk/id/postcodeunit/FK83SL,FK8 3SL,,,,other,Postcode,251882.000,700844.000,3500,18000,,,,,,,Aberfoyle,http://data.ordnancesurvey.co.uk/id/4000000074549769,http://www.ordnancesurvey.co.uk/xml/codelists/localtype.xml#village,,,,Stirling,http://data.ordnancesurvey.co.uk/id/7000000000030502,http://data.ordnancesurvey.co.uk/ontology/admingeo/UnitaryAuthority,Scotland,http://data.ordnancesurvey.co.uk/id/7000000000041429,Scotland,http://data.ordnancesurvey.co.uk/id/country/scotland,,,
FK83RB,http://data.ordnancesurvey.co.uk/id/postcodeunit/FK83RB,FK8 3RB,,,,other,Postcode,258352.000,701521.000,3500,18000,,,,,,,Port of Menteith,http://data.ordnancesurvey.co.uk/id/4000000074549768,http://www.ordnancesurvey.co.uk/xml/codelists/localtype.xml#otherSettlement,,,,Stirling,http://data.ordnancesurvey.co.uk/id/7000000000030502,http://data.ordnancesurvey.co.uk/ontology/admingeo/UnitaryAuthority,Scotland,http://data.ordnancesurvey.co.uk/id/7000000000041429,Scotland,http://data.ordnancesurvey.co.uk/id/country/scotland,,,
FK83TP,http://data.ordnancesurvey.co.uk/id/postcodeunit/FK83TP,FK8 3TP,,,,other,Postcode,244666.000,702645.000,3500,18000,,,,,,,,,,,,,Stirling,http://data.ordnancesurvey.co.uk/id/7000000000030502,http://data.ordnancesurvey.co.uk/ontology/admingeo/UnitaryAuthority,Scotland,http://data.ordnancesurvey.co.uk/id/7000000000041429,Scotland,http://data.ordnancesurvey.co.uk/id/country/scotland,,,
FK83UY,http://data.ordnancesurvey.co.uk/id/postcodeunit/FK83UY,FK8 3UY,,,,other,Postcode,253449.000,700321.000,3500,18000,,,,,,,Aberfoyle,http://data.ordnancesurvey.co.uk/id/4000000074549769,http://www.ordnancesurvey.co.uk/xml/codelists/localtype.xml#village,,,,Stirling,http://data.ordnancesurvey.co.uk/id/7000000000030502,http://data.ordnancesurvey.co.uk/ontology/admingeo/UnitaryAuthority,Scotland,http://data.ordnancesurvey.co.uk/id/7000000000041429,Scotland,http://data.ordnancesurvey.co.uk/id/country/scotland,,,
FK178HP,http://data.ordnancesurvey.co.uk/id/postcodeunit/FK178HP,FK17 8HP,,,,other,Postcode,257451.000,706149.000,3500,18000,,,,,,,,,,,,,Stirling,http://data.ordnancesurvey.co.uk/id/7000000000030502,http://data.ordnancesurvey.co.uk/ontology/admingeo/UnitaryAuthority,Scotland,http://data.ordnancesurvey.co.uk/id/7000000000041429,Scotland,http://data.ordnancesurvey.co.uk/id/country/scotland,,,
FK178HY,http://data.ordnancesurvey.co.uk/id/postcodeunit/FK178HY,FK17 8HY,,,,other,Postcode,251215.000,707033.000,3500,18000,,,,,,,,,,,,,Stirling,http://data.ordnancesurvey.co.uk/id/7000000000030502,http://data.ordnancesurvey.co.uk/ontology/admingeo/UnitaryAuthority,Scotland,http://data.ordnancesurvey.co.uk/id/7000000000041429,Scotland,http://data.ordnancesurvey.co.uk/id/country/scotland,,,
FK83UL,http://data.ordnancesurvey.co.uk/id/postcodeunit/FK83UL,FK8 3UL,,,,other,Postcode,252475.000,700981.000,3500,18000,,,,,,,Aberfoyle,http://data.ordnancesurvey.co.uk/id/4000000074549769,http://www.ordnancesurvey.co.uk/xml/codelists/localtype.xml#village,,,,Stirling,http://data.ordnancesurvey.co.uk/id/7000000000030502,http://data.ordnancesurvey.co.uk/ontology/admingeo/UnitaryAuthority,Scotland,http://data.ordnancesurvey.co.uk/id/7000000000041429,Scotland,http://data.ordnancesurvey.co.uk/id/country/scotland,,,
FK83UP,http://data.ordnancesurvey.co.uk/id/postcodeunit/FK83UP,FK8 3UP,,,,other,Postcode,252571.000,700940.000,3500,18000,,,,,,,Aberfoyle,http://data.ordnancesurvey.co.uk/id/4000000074549769,http://www.ordnancesurvey.co.uk/xml/codelists/localtype.xml#village,,,,Stirling,http://data.ordnancesurvey.co.uk/id/7000000000030502,http://data.ordnancesurvey.co.uk/ontology/admingeo/UnitaryAuthority,Scotland,http://data.ordnancesurvey.co.uk/id/7000000000041429,Scotland,http://data.ordnancesurvey.co.uk/id/country/scotland,,,
FK83LB,http://data.ordnancesurvey.co.uk/id/postcodeunit/FK83LB,FK8 3LB,,,,other,Postcode,258833.000,701556.000,3500,18000,,,,,,,Port of Menteith,http://data.ordnancesurvey.co.uk/id/4000000074549768,http://www.ordnancesurvey.co.uk/xml/codelists/localtype.xml#otherSettlement,,,,Stirling,http://data.ordnancesurvey.co.uk/id/7000000000030502,http://data.ordnancesurvey.co.uk/ontology/admingeo/UnitaryAuthority,Scotland,http://data.ordnancesurvey.co.uk/id/7000000000041429,Scotland,http://data.ordnancesurvey.co.uk/id/country/scotland,,,
FK83XN,http://data.ordnancesurvey.co.uk/id/postcodeunit/FK83XN,FK8 3XN,,,,other,Postcode,252371.000,700921.000,3500,18000,,,,,,,Aberfoyle,http://data.ordnancesurvey.co.uk/id/4000000074549769,http://www.ordnancesurvey.co.uk/xml/codelists/localtype.xml#village,,,,Stirling,http://data.ordnancesurvey.co.uk/id/7000000000030502,http://data.ordnancesurvey.co.uk/ontology/admingeo/UnitaryAuthority,Scotland,http://data.ordnancesurvey.co.uk/id/7000000000041429,Scotland,http://data.ordnancesurvey.co.uk/id/country/scotland,,,
FK178HU,http://data.ordnancesurvey.co.uk/id/postcodeunit/FK178HU,FK17 8HU,,,,other,Postcode,252804.000,707945.000,3500,18000,,,,,,,,,,,,,Stirling,http://data.ordnancesurvey.co.uk/id/7000000000030502,http://data.ordnancesurvey.co.uk/ontology/admingeo/UnitaryAuthority,Scotland,http://data.ordnancesurvey.co.uk/id/7000000000041429,Scotland,http://data.ordnancesurvey.co.uk/id/country/scotland,,,
FK198PH,http://data.ordnancesurvey.co.uk/id/postcodeunit/FK198PH,FK19 8PH,,,,other,Postcode,243901.000,718356.000,3500,18000,,,,,,,,,,,,,Stirling,http://data.ordnancesurvey.co.uk/id/7000000000030502,http://data.ordnancesurvey.co.uk/ontology/admingeo/UnitaryAuthority,Scotland,http://data.ordnancesurvey.co.uk/id/7000000000041429,Scotland,http://data.ordnancesurvey.co.uk/id/country/scotland,,,
FK83TE,http://data.ordnancesurvey.co.uk/id/postcodeunit/FK83TE,FK8 3TE,,,,other,Postcode,250251.000,701368.000,3500,18000,,,,,,,Aberfoyle,http://data.ordnancesurvey.co.uk/id/4000000074549769,http://www.ordnancesurvey.co.uk/xml/codelists/localtype.xml#village,,,,Stirling,http://data.ordnancesurvey.co.uk/id/7000000000030502,http://data.ordnancesurvey.co.uk/ontology/admingeo/UnitaryAuthority,Scotland,http://data.ordnancesurvey.co.uk/id/7000000000041429,Scotland,http://data.ordnancesurvey.co.uk/id/country/scotland,,,
FK83SJ,http://data.ordnancesurvey.co.uk/id/postcodeunit/FK83SJ,FK8 3SJ,,,,other,Postcode,251929.000,700800.000,3500,18000,,,,,,,Aberfoyle,http://data.ordnancesurvey.co.uk/id/4000000074549769,http://www.ordnancesurvey.co.uk/xml/codelists/localtype.xml#village,,,,Stirling,http://data.ordnancesurvey.co.uk/id/7000000000030502,http://data.ordnancesurvey.co.uk/ontology/admingeo/UnitaryAuthority,Scotland,http://data.ordnancesurvey.co.uk/id/7000000000041429,Scotland,http://data.ordnancesurvey.co.uk/id/country/scotland,,,
FK83TY,http://data.ordnancesurvey.co.uk/id/postcodeunit/FK83TY,FK8 3TY,,,,other,Postcode,240283.000,710270.000,3500,18000,,,,,,,Stronachlachar,http://data.ordnancesurvey.co.uk/id/4000000074548282,http://www.ordnancesurvey.co.uk/xml/codelists/localtype.xml#hamlet,,,,Stirling,http://data.ordnancesurvey.co.uk/id/7000000000030502,http://data.ordnancesurvey.co.uk/ontology/admingeo/UnitaryAuthority,Scotland,http://data.ordnancesurvey.co.uk/id/7000000000041429,Scotland,http://data.ordnancesurvey.co.uk/id/country/scotland,,,
FK83TL,http://data.ordnancesurvey.co.uk/id/postcodeunit/FK83TL,FK8 3TL,,,,other,Postcode,245572.000,702323.000,3500,18000,,,,,,,Kinlochard,http://data.ordnancesurvey.co.uk/id/4000000074548281,http://www.ordnancesurvey.co.uk/xml/codelists/localtype.xml#village,,,,Stirling,http://data.ordnancesurvey.co.uk/id/7000000000030502,http://data.ordnancesurvey.co.uk/ontology/admingeo/UnitaryAuthority,Scotland,http://data.ordnancesurvey.co.uk/id/7000000000041429,Scotland,http://data.ordnancesurvey.co.uk/id/country/scotland,,,
FK83RD,http://data.ordnancesurvey.co.uk/id/postcodeunit/FK83RD,FK8 3RD,,,,other,Postcode,256513.000,701006.000,3500,18000,,,,,,,,,,,,,Stirling,http://data.ordnancesurvey.co.uk/id/7000000000030502,http://data.ordnancesurvey.co.uk/ontology/admingeo/UnitaryAuthority,Scotland,http://data.ordnancesurvey.co.uk/id/7000000000041429,Scotland,http://data.ordnancesurvey.co.uk/id/country/scotland,,,
FK83ST,http://data.ordnancesurvey.co.uk/id/postcodeunit/FK83ST,FK8 3ST,,,,other,Postcode,252381.000,701139.000,3500,18000,,,,,,,Aberfoyle,http://data.ordnancesurvey.co.uk/id/4000000074549769,http://www.ordnancesurvey.co.uk/xml/codelists/localtype.xml#village,,,,Stirling,http://data.ordnancesurvey.co.uk/id/7000000000030502,http://data.ordnancesurvey.co.uk/ontology/admingeo/UnitaryAuthority,Scotland,http://data.ordnancesurvey.co.uk/id/7000000000041429,Scotland,http://data.ordnancesurvey.co.uk/id/country/scotland,,,
FK178JA,http://data.ordnancesurvey.co.uk/id/postcodeunit/FK178JA,FK17 8JA,,,,other,Postcode,246312.000,710714.000,3500,18000,,,,,,,,,,,,,Stirling,http://data.ordnancesurvey.co.uk/id/7000000000030502,http://data.ordnancesurvey.co.uk/ontology/admingeo/UnitaryAuthority,Scotland,http://data.ordnancesurvey.co.uk/id/7000000000041429,Scotland,http://data.ordnancesurvey.co.uk/id/country/scotland,,,
FK83XF,http://data.ordnancesurvey.co.uk/id/postcodeunit/FK83XF,FK8 3XF,,,,other,Postcode,251854.000,700283.000,3500,18000,,,,,,,Aberfoyle,http://data.ordnancesurvey.co.uk/id/4000000074549769,http://www.ordnancesurvey.co.uk/xml/codelists/localtype.xml#village,,,,Stirling,http://data.ordnancesurvey.co.uk/id/7000000000030502,http://data.ordnancesurvey.co.uk/ontology/admingeo/UnitaryAuthority,Scotland,http://data.ordnancesurvey.co.uk/id/7000000000041429,Scotland,http://data.ordnancesurvey.co.uk/id/country/scotland,,,
FK83XA,http://data.ordnancesurvey.co.uk/id/postcodeunit/FK83XA,FK8 3XA,,,,other,Postcode,251845.000,700630.000,3500,18000,,,,,,,Aberfoyle,http://data.ordnancesurvey.co.uk/id/4000000074549769,http://www.ordnancesurvey.co.uk/xml/codelists/localtype.xml#village,,,,Stirling,http://data.ordnancesurvey.co.uk/id/7000000000030502,http://data.ordnancesurvey.co.uk/ontology/admingeo/UnitaryAuthority,Scotland,http://data.ordnancesurvey.co.uk/id/7000000000041429,Scotland,http://data.ordnancesurvey.co.uk/id/country/scotland,,,
FK178HZ,http://data.ordnancesurvey.co.uk/id/postcodeunit/FK178HZ,FK17 8HZ,,,,other,Postcode,250317.000,706439.000,3500,18000,,,,,,,,,,,,,Stirling,http://data.ordnancesurvey.co.uk/id/7000000000030502,http://data.ordnancesurvey.co.uk/ontology/admingeo/UnitaryAuthority,Scotland,http://data.ordnancesurvey.co.uk/id/7000000000041429,Scotland,http://data.ordnancesurvey.co.uk/id/country/scotland,,,
FK83UX,http://data.ordnancesurvey.co.uk/id/postcodeunit/FK83UX,FK8 3UX,,,,other,Postcode,252632.000,700727.000,3500,18000,,,,,,,Aberfoyle,http://data.ordnancesurvey.co.uk/id/4000000074549769,http://www.ordnancesurvey.co.uk/xml/codelists/localtype.xml#village,,,,Stirling,http://data.ordnancesurvey.co.uk/id/7000000000030502,http://data.ordnancesurvey.co.uk/ontology/admingeo/UnitaryAuthority,Scotland,http://data.ordnancesurvey.co.uk/id/7000000000041429,Scotland,http://data.ordnancesurvey.co.uk/id/country/scotland,,,
FK198PE,http://data.ordnancesurvey.co.uk/id/postcodeunit/FK198PE,FK19 8PE,,,,other,Postcode,252997.000,717560.000,3500,18000,,,,,,,,,,,,,Stirling,http://data.ordnancesurvey.co.uk/id/7000000000030502,http://data.ordnancesurvey.co.uk/ontology/admingeo/UnitaryAuthority,Scotland,http://data.ordnancesurvey.co.uk/id/7000000000041429,Scotland,http://data.ordnancesurvey.co.uk/id/country/scotland,,,
FK83TS,http://data.ordnancesurvey.co.uk/id/postcodeunit/FK83TS,FK8 3TS,,,,other,Postcode,242939.000,703717.000,3500,18000,,,,,,,,,,,,,Stirling,http://data.ordnancesurvey.co.uk/id/7000000000030502,http://data.ordnancesurvey.co.uk/ontology/admingeo/UnitaryAuthority,Scotland,http://data.ordnancesurvey.co.uk/id/7000000000041429,Scotland,http://data.ordnancesurvey.co.uk/id/country/scotland,,,
FK178HX,http://data.ordnancesurvey.co.uk/id/postcodeunit/FK178HX,FK17 8HX,,,,other,Postcode,251306.000,707089.000,3500,18000,,,,,,,,,,,,,Stirling,http://data.ordnancesurvey.co.uk/id/7000000000030502,http://data.ordnancesurvey.co.uk/ontology/admingeo/UnitaryAuthority,Scotland,http://data.ordnancesurvey.co.uk/id/7000000000041429,Scotland,http://data.ordnancesurvey.co.uk/id/country/scotland,,,
FK188NG,http://data.ordnancesurvey.co.uk/id/postcodeunit/FK188NG,FK18 8NG,,,,other,Postcode,255837.000,716670.000,3500,18000,,,,,,,Strathyre,http://data.ordnancesurvey.co.uk/id/4000000074548280,http://www.ordnancesurvey.co.uk/xml/codelists/localtype.xml#village,,,,Stirling,http://data.ordnancesurvey.co.uk/id/7000000000030502,http://data.ordnancesurvey.co.uk/ontology/admingeo/UnitaryAuthority,Scotland,http://data.ordnancesurvey.co.uk/id/7000000000041429,Scotland,http://data.ordnancesurvey.co.uk/id/country/scotland,,,
FK83SZ,http://data.ordnancesurvey.co.uk/id/postcodeunit/FK83SZ,FK8 3SZ,,,,other,Postcode,251892.000,701090.000,3500,18000,,,,,,,Aberfoyle,http://data.ordnancesurvey.co.uk/id/4000000074549769,http://www.ordnancesurvey.co.uk/xml/codelists/localtype.xml#village,,,,Stirling,http://data.ordnancesurvey.co.uk/id/7000000000030502,http://data.ordnancesurvey.co.uk/ontology/admingeo/UnitaryAuthority,Scotland,http://data.ordnancesurvey.co.uk/id/7000000000041429,Scotland,http://data.ordnancesurvey.co.uk/id/country/scotland,,,
FK83TD,http://data.ordnancesurvey.co.uk/id/postcodeunit/FK83TD,FK8 3TD,,,,other,Postcode,250624.000,701404.000,3500,18000,,,,,,,Aberfoyle,http://data.ordnancesurvey.co.uk/id/4000000074549769,http://www.ordnancesurvey.co.uk/xml/codelists/localtype.xml#village,,,,Stirling,http://data.ordnancesurvey.co.uk/id/7000000000030502,http://data.ordnancesurvey.co.uk/ontology/admingeo/UnitaryAuthority,Scotland,http://data.ordnancesurvey.co.uk/id/7000000000041429,Scotland,http://data.ordnancesurvey.co.uk/id/country/scotland,,,
FK83TF,http://data.ordnancesurvey.co.uk/id/postcodeunit/FK83TF,FK8 3TF,,,,other,Postcode,250157.000,701310.000,3500,18000,,,,,,,Aberfoyle,http://data.ordnancesurvey.co.uk/id/4000000074549769,http://www.ordnancesurvey.co.uk/xml/codelists/localtype.xml#village,,,,Stirling,http://data.ordnancesurvey.co.uk/id/7000000000030502,http://data.ordnancesurvey.co.uk/ontology/admingeo/UnitaryAuthority,Scotland,http://data.ordnancesurvey.co.uk/id/7000000000041429,Scotland,http://data.ordnancesurvey.co.uk/id/country/scotland,,,
FK83SR,http://data.ordnancesurvey.co.uk/id/postcodeunit/FK83SR,FK8 3SR,,,,other,Postcode,252060.000,701115.000,3500,18000,,,,,,,Aberfoyle,http://data.ordnancesurvey.co.uk/id/4000000074549769,http://www.ordnancesurvey.co.uk/xml/codelists/localtype.xml#village,,,,Stirling,http://data.ordnancesurvey.co.uk/id/7000000000030502,http://data.ordnancesurvey.co.uk/ontology/admingeo/UnitaryAuthority,Scotland,http://data.ordnancesurvey.co.uk/id/7000000000041429,Scotland,http://data.ordnancesurvey.co.uk/id/country/scotland,,,
FK188ND,http://data.ordnancesurvey.co.uk/id/postcodeunit/FK188ND,FK18 8ND,,,,other,Postcode,256407.000,717926.000,3500,18000,,,,,,,Strathyre,http://data.ordnancesurvey.co.uk/id/4000000074548280,http://www.ordnancesurvey.co.uk/xml/codelists/localtype.xml#village,,,,Stirling,http://data.ordnancesurvey.co.uk/id/7000000000030502,http://data.ordnancesurvey.co.uk/ontology/admingeo/UnitaryAuthority,Scotland,http://data.ordnancesurvey.co.uk/id/7000000000041429,Scotland,http://data.ordnancesurvey.co.uk/id/country/scotland,,,
FK198PQ,http://data.ordnancesurvey.co.uk/id/postcodeunit/FK198PQ,FK19 8PQ,,,,other,Postcode,248437.000,719775.000,3500,18000,,,,,,,,,,,,,Stirling,http://data.ordnancesurvey.co.uk/id/7000000000030502,http://data.ordnancesurvey.co.uk/ontology/admingeo/UnitaryAuthority,Scotland,http://data.ordnancesurvey.co.uk/id/7000000000041429,Scotland,http://data.ordnancesurvey.co.uk/id/country/scotland,,,
FK83TT,http://data.ordnancesurvey.co.uk/id/postcodeunit/FK83TT,FK8 3TT,,,,other,Postcode,241252.000,707884.000,3500,18000,,,,,,,,,,,,,Stirling,http://data.ordnancesurvey.co.uk/id/7000000000030502,http://data.ordnancesurvey.co.uk/ontology/admingeo/UnitaryAuthority,Scotland,http://data.ordnancesurvey.co.uk/id/7000000000041429,Scotland,http://data.ordnancesurvey.co.uk/id/country/scotland,,,
FK83LA,http://data.ordnancesurvey.co.uk/id/postcodeunit/FK83LA,FK8 3LA,,,,other,Postcode,259054.000,701648.000,3500,18000,,,,,,,Port of Menteith,http://data.ordnancesurvey.co.uk/id/4000000074549768,http://www.ordnancesurvey.co.uk/xml/codelists/localtype.xml#otherSettlement,,,,Stirling,http://data.ordnancesurvey.co.uk/id/7000000000030502,http://data.ordnancesurvey.co.uk/ontology/admingeo/UnitaryAuthority,Scotland,http://data.ordnancesurvey.co.uk/id/7000000000041429,Scotland,http://data.ordnancesurvey.co.uk/id/country/scotland,,,
FK178HS,http://data.ordnancesurvey.co.uk/id/postcodeunit/FK178HS,FK17 8HS,,,,other,Postcode,253903.000,706605.000,3500,18000,,,,,,,Brig o'Turk,http://data.ordnancesurvey.co.uk/id/4000000074543190,http://www.ordnancesurvey.co.uk/xml/codelists/localtype.xml#village,,,,Stirling,http://data.ordnancesurvey.co.uk/id/7000000000030502,http://data.ordnancesurvey.co.uk/ontology/admingeo/UnitaryAuthority,Scotland,http://data.ordnancesurvey.co.uk/id/7000000000041429,Scotland,http://data.ordnancesurvey.co.uk/id/country/scotland,,,
FK178HR,http://data.ordnancesurvey.co.uk/id/postcodeunit/FK178HR,FK17 8HR,,,,other,Postcode,254911.000,706381.000,3500,18000,,,,,,,,,,,,,Stirling,http://data.ordnancesurvey.co.uk/id/7000000000030502,http://data.ordnancesurvey.co.uk/ontology/admingeo/UnitaryAuthority,Scotland,http://data.ordnancesurvey.co.uk/id/7000000000041429,Scotland,http://data.ordnancesurvey.co.uk/id/country/scotland,,,
FK83UH,http://data.ordnancesurvey.co.uk/id/postcodeunit/FK83UH,FK8 3UH,,,,other,Postcode,252310.000,700994.000,3500,18000,,,,,,,Aberfoyle,http://data.ordnancesurvey.co.uk/id/4000000074549769,http://www.ordnancesurvey.co.uk/xml/codelists/localtype.xml#village,,,,Stirling,http://data.ordnancesurvey.co.uk/id/7000000000030502,http://data.ordnancesurvey.co.uk/ontology/admingeo/UnitaryAuthority,Scotland,http://data.ordnancesurvey.co.uk/id/7000000000041429,Scotland,http://data.ordnancesurvey.co.uk/id/country/scotland,,,
FK83UE,http://data.ordnancesurvey.co.uk/id/postcodeunit/FK83UE,FK8 3UE,,,,other,Postcode,252248.000,700887.000,3500,18000,,,,,,,Aberfoyle,http://data.ordnancesurvey.co.uk/id/4000000074549769,http://www.ordnancesurvey.co.uk/xml/codelists/localtype.xml#village,,,,Stirling,http://data.ordnancesurvey.co.uk/id/7000000000030502,http://data.ordnancesurvey.co.uk/ontology/admingeo/UnitaryAuthority,Scotland,http://data.ordnancesurvey.co.uk/id/7000000000041429,Scotland,http://data.ordnancesurvey.co.uk/id/country/scotland,,,
FK188NL,http://data.ordnancesurvey.co.uk/id/postcodeunit/FK188NL,FK18 8NL,,,,other,Postcode,256023.000,717036.000,3500,18000,,,,,,,Strathyre,http://data.ordnancesurvey.co.uk/id/4000000074548280,http://www.ordnancesurvey.co.uk/xml/codelists/localtype.xml#village,,,,Stirling,http://data.ordnancesurvey.co.uk/id/7000000000030502,http://data.ordnancesurvey.co.uk/ontology/admingeo/UnitaryAuthority,Scotland,http://data.ordnancesurvey.co.uk/id/7000000000041429,Scotland,http://data.ordnancesurvey.co.uk/id/country/scotland,,,
FK83UW,http://data.ordnancesurvey.co.uk/id/postcodeunit/FK83UW,FK8 3UW,,,,other,Postcode,252420.000,700856.000,3500,18000,,,,,,,Aberfoyle,http://data.ordnancesurvey.co.uk/id/4000000074549769,http://www.ordnancesurvey.co.uk/xml/codelists/localtype.xml#village,,,,Stirling,http://data.ordnancesurvey.co.uk/id/7000000000030502,http://data.ordnancesurvey.co.uk/ontology/admingeo/UnitaryAuthority,Scotland,http://data.ordnancesurvey.co.uk/id/7000000000041429,Scotland,http://data.ordnancesurvey.co.uk/id/country/scotland,,,
FK188NA,http://data.ordnancesurvey.co.uk/id/postcodeunit/FK188NA,FK18 8NA,,,,other,Postcode,256145.000,717162.000,3500,18000,,,,,,,Strathyre,http://data.ordnancesurvey.co.uk/id/4000000074548280,http://www.ordnancesurvey.co.uk/xml/codelists/localtype.xml#village,,,,Stirling,http://data.ordnancesurvey.co.uk/id/7000000000030502,http://data.ordnancesurvey.co.uk/ontology/admingeo/UnitaryAuthority,Scotland,http://data.ordnancesurvey.co.uk/id/7000000000041429,Scotland,http://data.ordnancesurvey.co.uk/id/country/scotland,,,
FK83UJ,http://data.ordnancesurvey.co.uk/id/postcodeunit/FK83UJ,FK8 3UJ,,,,other,Postcode,252376.000,700983.000,3500,18000,,,,,,,Aberfoyle,http://data.ordnancesurvey.co.uk/id/4000000074549769,http://www.ordnancesurvey.co.uk/xml/codelists/localtype.xml#village,,,,Stirling,http://data.ordnancesurvey.co.uk/id/7000000000030502,http://data.ordnancesurvey.co.uk/ontology/admingeo/UnitaryAuthority,Scotland,http://data.ordnancesurvey.co.uk/id/7000000000041429,Scotland,http://data.ordnancesurvey.co.uk/id/country/scotland,,,
FK83UN,http://data.ordnancesurvey.co.uk/id/postcodeunit/FK83UN,FK8 3UN,,,,other,Postcode,252499.000,700904.000,3500,18000,,,,,,,Aberfoyle,http://data.ordnancesurvey.co.uk/id/4000000074549769,http://www.ordnancesurvey.co.uk/xml/codelists/localtype.xml#village,,,,Stirling,http://data.ordnancesurvey.co.uk/id/7000000000030502,http://data.ordnancesurvey.co.uk/ontology/admingeo/UnitaryAuthority,Scotland,http://data.ordnancesurvey.co.uk/id/7000000000041429,Scotland,http://data.ordnancesurvey.co.uk/id/country/scotland,,,
FK188NB,http://data.ordnancesurvey.co.uk/id/postcodeunit/FK188NB,FK18 8NB,,,,other,Postcode,256302.000,717553.000,3500,18000,,,,,,,Strathyre,http://data.ordnancesurvey.co.uk/id/4000000074548280,http://www.ordnancesurvey.co.uk/xml/codelists/localtype.xml#village,,,,Stirling,http://data.ordnancesurvey.co.uk/id/7000000000030502,http://data.ordnancesurvey.co.uk/ontology/admingeo/UnitaryAuthority,Scotland,http://data.ordnancesurvey.co.uk/id/7000000000041429,Scotland,http://data.ordnancesurvey.co.uk/id/country/scotland,,,
FK198PF,http://data.ordnancesurvey.co.uk/id/postcodeunit/FK198PF,FK19 8PF,,,,other,Postcode,253751.000,717284.000,3500,18000,,,,,,,,,,,,,Stirling,http://data.ordnancesurvey.co.uk/id/7000000000030502,http://data.ordnancesurvey.co.uk/ontology/admingeo/UnitaryAuthority,Scotland,http://data.ordnancesurvey.co.uk/id/7000000000041429,Scotland,http://data.ordnancesurvey.co.uk/id/country/scotland,,,
FK178HT,http://data.ordnancesurvey.co.uk/id/postcodeunit/FK178HT,FK17 8HT,,,,other,Postcode,253451.000,706779.000,3500,18000,,,,,,,Brig o'Turk,http://data.ordnancesurvey.co.uk/id/4000000074543190,http://www.ordnancesurvey.co.uk/xml/codelists/localtype.xml#village,,,,Stirling,http://data.ordnancesurvey.co.uk/id/7000000000030502,http://data.ordnancesurvey.co.uk/ontology/admingeo/UnitaryAuthority,Scotland,http://data.ordnancesurvey.co.uk/id/7000000000041429,Scotland,http://data.ordnancesurvey.co.uk/id/country/scotland,,,
FK83SW,http://data.ordnancesurvey.co.uk/id/postcodeunit/FK83SW,FK8 3SW,,,,other,Postcode,252167.000,701043.000,3500,18000,,,,,,,Aberfoyle,http://data.ordnancesurvey.co.uk/id/4000000074549769,http://www.ordnancesurvey.co.uk/xml/codelists/localtype.xml#village,,,,Stirling,http://data.ordnancesurvey.co.uk/id/7000000000030502,http://data.ordnancesurvey.co.uk/ontology/admingeo/UnitaryAuthority,Scotland,http://data.ordnancesurvey.co.uk/id/7000000000041429,Scotland,http://data.ordnancesurvey.co.uk/id/country/scotland,,,
FK83TJ,http://data.ordnancesurvey.co.uk/id/postcodeunit/FK83TJ,FK8 3TJ,,,,other,Postcode,247751.000,701873.000,3500,18000,,,,,,,,,,,,,Stirling,http://data.ordnancesurvey.co.uk/id/7000000000030502,http://data.ordnancesurvey.co.uk/ontology/admingeo/UnitaryAuthority,Scotland,http://data.ordnancesurvey.co.uk/id/7000000000041429,Scotland,http://data.ordnancesurvey.co.uk/id/country/scotland,,,
FK83SY,http://data.ordnancesurvey.co.uk/id/postcodeunit/FK83SY,FK8 3SY,,,,other,Postcode,251449.000,703070.000,3500,18000,,,,,,,,,,,,,Stirling,http://data.ordnancesurvey.co.uk/id/7000000000030502,http://data.ordnancesurvey.co.uk/ontology/admingeo/UnitaryAuthority,Scotland,http://data.ordnancesurvey.co.uk/id/7000000000041429,Scotland,http://data.ordnancesurvey.co.uk/id/country/scotland,,,
FK83RA,http://data.ordnancesurvey.co.uk/id/postcodeunit/FK83RA,FK8 3RA,,,,other,Postcode,258297.000,701357.000,3500,18000,,,,,,,Port of Menteith,http://data.ordnancesurvey.co.uk/id/4000000074549768,http://www.ordnancesurvey.co.uk/xml/codelists/localtype.xml#otherSettlement,,,,Stirling,http://data.ordnancesurvey.co.uk/id/7000000000030502,http://data.ordnancesurvey.co.uk/ontology/admingeo/UnitaryAuthority,Scotland,http://data.ordnancesurvey.co.uk/id/7000000000041429,Scotland,http://data.ordnancesurvey.co.uk/id/country/scotland,,,
FK83TA,http://data.ordnancesurvey.co.uk/id/postcodeunit/FK83TA,FK8 3TA,,,,other,Postcode,251337.000,701365.000,3500,18000,,,,,,,Aberfoyle,http://data.ordnancesurvey.co.uk/id/4000000074549769,http://www.ordnancesurvey.co.uk/xml/codelists/localtype.xml#village,,,,Stirling,http://data.ordnancesurvey.co.uk/id/7000000000030502,http://data.ordnancesurvey.co.uk/ontology/admingeo/UnitaryAuthority,Scotland,http://data.ordnancesurvey.co.uk/id/7000000000041429,Scotland,http://data.ordnancesurvey.co.uk/id/country/scotland,,,
FK83TQ,http://data.ordnancesurvey.co.uk/id/postcodeunit/FK83TQ,FK8 3TQ,,,,other,Postcode,249874.000,701609.000,3500,18000,,,,,,,Aberfoyle,http://data.ordnancesurvey.co.uk/id/4000000074549769,http://www.ordnancesurvey.co.uk/xml/codelists/localtype.xml#village,,,,Stirling,http://data.ordnancesurvey.co.uk/id/7000000000030502,http://data.ordnancesurvey.co.uk/ontology/admingeo/UnitaryAuthority,Scotland,http://data.ordnancesurvey.co.uk/id/7000000000041429,Scotland,http://data.ordnancesurvey.co.uk/id/country/scotland,,,
osgb4000000004305297,http://data.ordnancesurvey.co.uk/id/4000000004305297,Queens Crescent,,,,transportNetwork,Named Road,252546.239,700891.498,1000,20000,252505.922,700817.007,252607.737,701017.489,FK8,http://data.ordnancesurvey.co.uk/id/postcodedistrict/FK8,Aberfoyle,http://data.ordnancesurvey.co.uk/id/4000000074549769,http://www.ordnancesurvey.co.uk/xml/codelists/localtype.xml#village,,,,Stirling,http://data.ordnancesurvey.co.uk/id/7000000000030502,http://data.ordnancesurvey.co.uk/ontology/admingeo/UnitaryAuthority,Scotland,http://data.ordnancesurvey.co.uk/id/7000000000041429,Scotland,http://data.ordnancesurvey.co.uk/id/country/scotland,,,
osgb4000000004305031,http://data.ordnancesurvey.co.uk/id/4000000004305031,Achray Forest Drive,,,,transportNetwork,Named Road,253263.000,704248.000,11000,20000,252425.000,703617.000,254151.000,704645.669,FK8,http://data.ordnancesurvey.co.uk/id/postcodedistrict/FK8,,,,,,,Stirling,http://data.ordnancesurvey.co.uk/id/7000000000030502,http://data.ordnancesurvey.co.uk/ontology/admingeo/UnitaryAuthority,Scotland,http://data.ordnancesurvey.co.uk/id/7000000000041429,Scotland,http://data.ordnancesurvey.co.uk/id/country/scotland,,,
osgb4000000004305044,http://data.ordnancesurvey.co.uk/id/4000000004305044,Manse Road,,,,transportNetwork,Named Road,251916.008,700734.494,5000,20000,251777.000,700291.000,252041.000,701007.000,FK8,http://data.ordnancesurvey.co.uk/id/postcodedistrict/FK8,Aberfoyle,http://data.ordnancesurvey.co.uk/id/4000000074549769,http://www.ordnancesurvey.co.uk/xml/codelists/localtype.xml#village,,,,Stirling,http://data.ordnancesurvey.co.uk/id/7000000000030502,http://data.ordnancesurvey.co.uk/ontology/admingeo/UnitaryAuthority,Scotland,http://data.ordnancesurvey.co.uk/id/7000000000041429,Scotland,http://data.ordnancesurvey.co.uk/id/country/scotland,,,
osgb4000000004306064,http://data.ordnancesurvey.co.uk/id/4000000004306064,A821,,,,transportNetwork,Numbered Road,255392.000,706266.000,73000,1000000,249639.666,700242.282,260947.000,708424.000,FK17,http://data.ordnancesurvey.co.uk/id/postcodedistrict/FK17,,,,,,,Stirling,http://data.ordnancesurvey.co.uk/id/7000000000030502,http://data.ordnancesurvey.co.uk/ontology/admingeo/UnitaryAuthority,Scotland,http://data.ordnancesurvey.co.uk/id/7000000000041429,Scotland,http://data.ordnancesurvey.co.uk/id/country/scotland,,,
osgb4000000004305298,http://data.ordnancesurvey.co.uk/id/4000000004305298,Duncraggan Road,,,,transportNetwork,Named Road,253665.000,706544.000,2000,20000,253603.811,706395.450,253685.000,706634.000,FK17,http://data.ordnancesurvey.co.uk/id/postcodedistrict/FK17,Brig o'Turk,http://data.ordnancesurvey.co.uk/id/4000000074543190,http://www.ordnancesurvey.co.uk/xml/codelists/localtype.xml#village,,,,Stirling,http://data.ordnancesurvey.co.uk/id/7000000000030502,http://data.ordnancesurvey.co.uk/ontology/admingeo/UnitaryAuthority,Scotland,http://data.ordnancesurvey.co.uk/id/7000000000041429,Scotland,http://data.ordnancesurvey.co.uk/id/country/scotland,,,
osgb4000000004305045,http://data.ordnancesurvey.co.uk/id/4000000004305045,Glen Finglas Road,,,,transportNetwork,Named Road,253231.000,707144.000,7000,20000,252937.000,706618.000,253580.000,707724.000,FK17,http://data.ordnancesurvey.co.uk/id/postcodedistrict/FK17,Brig o'Turk,http://data.ordnancesurvey.co.uk/id/4000000074543190,http://www.ordnancesurvey.co.uk/xml/codelists/localtype.xml#village,,,,Stirling,http://data.ordnancesurvey.co.uk/id/7000000000030502,http://data.ordnancesurvey.co.uk/ontology/admingeo/UnitaryAuthority,Scotland,http://data.ordnancesurvey.co.uk/id/7000000000041429,Scotland,http://data.ordnancesurvey.co.uk/id/country/scotland,,,
osgb4000000004313404,http://data.ordnancesurvey.co.uk/id/4000000004313404,Lochard Cottages,,,,transportNetwork,Named Road,244907.000,702067.000,1000,20000,244866.000,702044.000,244992.326,702133.000,FK8,http://data.ordnancesurvey.co.uk/id/postcodedistrict/FK8,Kinlochard,http://data.ordnancesurvey.co.uk/id/4000000074548281,http://www.ordnancesurvey.co.uk/xml/codelists/localtype.xml#village,,,,Stirling,http://data.ordnancesurvey.co.uk/id/7000000000030502,http://data.ordnancesurvey.co.uk/ontology/admingeo/UnitaryAuthority,Scotland,http://data.ordnancesurvey.co.uk/id/7000000000041429,Scotland,http://data.ordnancesurvey.co.uk/id/country/scotland,,,
osgb4000000004305030,http://data.ordnancesurvey.co.uk/id/4000000004305030,Lochard Road,,,,transportNetwork,Named Road,251735.671,701117.797,5000,20000,251279.674,701003.270,252068.031,701334.887,FK8,http://data.ordnancesurvey.co.uk/id/postcodedistrict/FK8,Aberfoyle,http://data.ordnancesurvey.co.uk/id/4000000074549769,http://www.ordnancesurvey.co.uk/xml/codelists/localtype.xml#village,,,,Stirling,http://data.ordnancesurvey.co.uk/id/7000000000030502,http://data.ordnancesurvey.co.uk/ontology/admingeo/UnitaryAuthority,Scotland,http://data.ordnancesurvey.co.uk/id/7000000000041429,Scotland,http://data.ordnancesurvey.co.uk/id/country/scotland,,,
osgb4000000004305024,http://data.ordnancesurvey.co.uk/id/4000000004305024,Duke's Pass,,,,transportNetwork,Named Road,251765.000,702662.000,20000,26000,251470.000,701003.270,252457.000,704937.000,FK8,http://data.ordnancesurvey.co.uk/id/postcodedistrict/FK8,,,,,,,Stirling,http://data.ordnancesurvey.co.uk/id/7000000000030502,http://data.ordnancesurvey.co.uk/ontology/admingeo/UnitaryAuthority,Scotland,http://data.ordnancesurvey.co.uk/id/7000000000041429,Scotland,http://data.ordnancesurvey.co.uk/id/country/scotland,,,
osgb4000000004305578,http://data.ordnancesurvey.co.uk/id/4000000004305578,Limecraig Avenue,,,,transportNetwork,Named Road,252304.516,701164.185,1000,20000,252247.000,701080.000,252369.000,701175.441,FK8,http://data.ordnancesurvey.co.uk/id/postcodedistrict/FK8,Aberfoyle,http://data.ordnancesurvey.co.uk/id/4000000074549769,http://www.ordnancesurvey.co.uk/xml/codelists/localtype.xml#village,,,,Stirling,http://data.ordnancesurvey.co.uk/id/7000000000030502,http://data.ordnancesurvey.co.uk/ontology/admingeo/UnitaryAuthority,Scotland,http://data.ordnancesurvey.co.uk/id/7000000000041429,Scotland,http://data.ordnancesurvey.co.uk/id/country/scotland,,,
osgb4000000004313975,http://data.ordnancesurvey.co.uk/id/4000000004313975,Duchray Road,,,,transportNetwork,Named Road,251482.000,700726.000,5000,20000,251110.000,700573.000,251916.008,700748.000,FK8,http://data.ordnancesurvey.co.uk/id/postcodedistrict/FK8,,,,,,,Stirling,http://data.ordnancesurvey.co.uk/id/7000000000030502,http://data.ordnancesurvey.co.uk/ontology/admingeo/UnitaryAuthority,Scotland,http://data.ordnancesurvey.co.uk/id/7000000000041429,Scotland,http://data.ordnancesurvey.co.uk/id/country/scotland,,,
f6f2d243-79f1-4fe5-9974-70af18ed9996,http://data.ordnancesurvey.co.uk/id/f6f2d243-79f1-4fe5-9974-70af18ed9996,Duke's Pass,,,,transportNetwork,Section Of Named Road,252221.000,701059.000,1000,25000,252068.031,701003.270,252272.000,701217.463,FK8,http://data.ordnancesurvey.co.uk/id/postcodedistrict/FK8,Aberfoyle,http://data.ordnancesurvey.co.uk/id/4000000074549769,http://www.ordnancesurvey.co.uk/xml/codelists/localtype.xml#village,,,,Stirling,http://data.ordnancesurvey.co.uk/id/7000000000030502,http://data.ordnancesurvey.co.uk/ontology/admingeo/UnitaryAuthority,Scotland,http://data.ordnancesurvey.co.uk/id/7000000000041429,Scotland,http://data.ordnancesurvey.co.uk/id/country/scotland,osgb4000000004305024,,
osgb4000000004305580,http://data.ordnancesurvey.co.uk/id/4000000004305580,Staball Ard,,,,transportNetwork,Named Road,252074.000,701077.000,1000,20000,252037.931,701050.000,252085.000,701106.636,FK8,http://data.ordnancesurvey.co.uk/id/postcodedistrict/FK8,Aberfoyle,http://data.ordnancesurvey.co.uk/id/4000000074549769,http://www.ordnancesurvey.co.uk/xml/codelists/localtype.xml#village,,,,Stirling,http://data.ordnancesurvey.co.uk/id/7000000000030502,http://data.ordnancesurvey.co.uk/ontology/admingeo/UnitaryAuthority,Scotland,http://data.ordnancesurvey.co.uk/id/7000000000041429,Scotland,http://data.ordnancesurvey.co.uk/id/country/scotland,,,
45053b0e-8ac2-47b4-b9ba-cdc03ca2ca73,http://data.ordnancesurvey.co.uk/id/45053b0e-8ac2-47b4-b9ba-cdc03ca2ca73,Glen Finglas Road,,,,transportNetwork,Section Of Named Road,253339.000,706923.000,4000,25000,253122.779,706618.000,253580.000,707267.870,FK17,http://data.ordnancesurvey.co.uk/id/postcodedistrict/FK17,Brig o'Turk,http://data.ordnancesurvey.co.uk/id/4000000074543190,http://www.ordnancesurvey.co.uk/xml/codelists/localtype.xml#village,,,,Stirling,http://data.ordnancesurvey.co.uk/id/7000000000030502,http://data.ordnancesurvey.co.uk/ontology/admingeo/UnitaryAuthority,Scotland,http://data.ordnancesurvey.co.uk/id/7000000000041429,Scotland,http://data.ordnancesurvey.co.uk/id/country/scotland,osgb4000000004305045,,
osgb4000000004305878,http://data.ordnancesurvey.co.uk/id/4000000004305878,Old Kirk Loan,,,,transportNetwork,Named Road,251888.000,700823.000,1000,20000,251834.653,700778.880,251955.408,700856.120,FK8,http://data.ordnancesurvey.co.uk/id/postcodedistrict/FK8,Aberfoyle,http://data.ordnancesurvey.co.uk/id/4000000074549769,http://www.ordnancesurvey.co.uk/xml/codelists/localtype.xml#village,,,,Stirling,http://data.ordnancesurvey.co.uk/id/7000000000030502,http://data.ordnancesurvey.co.uk/ontology/admingeo/UnitaryAuthority,Scotland,http://data.ordnancesurvey.co.uk/id/7000000000041429,Scotland,http://data.ordnancesurvey.co.uk/id/country/scotland,,,
osgb4000000004305104,http://data.ordnancesurvey.co.uk/id/4000000004305104,Main Street,,,,transportNetwork,Named Road,252363.588,700960.478,4000,20000,252068.031,700683.000,252635.000,701003.270,FK8,http://data.ordnancesurvey.co.uk/id/postcodedistrict/FK8,Aberfoyle,http://data.ordnancesurvey.co.uk/id/4000000074549769,http://www.ordnancesurvey.co.uk/xml/codelists/localtype.xml#village,,,,Stirling,http://data.ordnancesurvey.co.uk/id/7000000000030502,http://data.ordnancesurvey.co.uk/ontology/admingeo/UnitaryAuthority,Scotland,http://data.ordnancesurvey.co.uk/id/7000000000041429,Scotland,http://data.ordnancesurvey.co.uk/id/country/scotland,,,
134dc93f-35c4-485a-8689-b3d580b6e740,http://data.ordnancesurvey.co.uk/id/134dc93f-35c4-485a-8689-b3d580b6e740,Duchray Road,,,,transportNetwork,Section Of Named Road,251734.000,700730.000,2000,25000,251556.089,700726.468,251916.008,700748.000,FK8,http://data.ordnancesurvey.co.uk/id/postcodedistrict/FK8,Aberfoyle,http://data.ordnancesurvey.co.uk/id/4000000074549769,http://www.ordnancesurvey.co.uk/xml/codelists/localtype.xml#village,,,,Stirling,http://data.ordnancesurvey.co.uk/id/7000000000030502,http://data.ordnancesurvey.co.uk/ontology/admingeo/UnitaryAuthority,Scotland,http://data.ordnancesurvey.co.uk/id/7000000000041429,Scotland,http://data.ordnancesurvey.co.uk/id/country/scotland,osgb4000000004313975,,
osgb4000000004305988,http://data.ordnancesurvey.co.uk/id/4000000004305988,Lomond Court,,,,transportNetwork,Named Road,252354.459,700937.266,1000,20000,252350.808,700928.007,252366.717,700960.478,FK8,http://data.ordnancesurvey.co.uk/id/postcodedistrict/FK8,Aberfoyle,http://data.ordnancesurvey.co.uk/id/4000000074549769,http://www.ordnancesurvey.co.uk/xml/codelists/localtype.xml#village,,,,Stirling,http://data.ordnancesurvey.co.uk/id/7000000000030502,http://data.ordnancesurvey.co.uk/ontology/admingeo/UnitaryAuthority,Scotland,http://data.ordnancesurvey.co.uk/id/7000000000041429,Scotland,http://data.ordnancesurvey.co.uk/id/country/scotland,,,
osgb4000000004305579,http://data.ordnancesurvey.co.uk/id/4000000004305579,Montrose Road,,,,transportNetwork,Named Road,252453.306,700980.300,1000,20000,252445.221,700929.963,252453.306,701010.162,FK8,http://data.ordnancesurvey.co.uk/id/postcodedistrict/FK8,Aberfoyle,http://data.ordnancesurvey.co.uk/id/4000000074549769,http://www.ordnancesurvey.co.uk/xml/codelists/localtype.xml#village,,,,Stirling,http://data.ordnancesurvey.co.uk/id/7000000000030502,http://data.ordnancesurvey.co.uk/ontology/admingeo/UnitaryAuthority,Scotland,http://data.ordnancesurvey.co.uk/id/7000000000041429,Scotland,http://data.ordnancesurvey.co.uk/id/country/scotland,,,
osgb4000000004307778,http://data.ordnancesurvey.co.uk/id/4000000004307778,B829,,,,transportNetwork,Numbered Road,243164.000,704289.000,81000,250000,239644.000,701003.270,252068.031,709847.000,FK8,http://data.ordnancesurvey.co.uk/id/postcodedistrict/FK8,,,,,,,Stirling,http://data.ordnancesurvey.co.uk/id/7000000000030502,http://data.ordnancesurvey.co.uk/ontology/admingeo/UnitaryAuthority,Scotland,http://data.ordnancesurvey.co.uk/id/7000000000041429,Scotland,http://data.ordnancesurvey.co.uk/id/country/scotland,,,
osgb4000000004305653,http://data.ordnancesurvey.co.uk/id/4000000004305653,Old Station Court,,,,transportNetwork,Named Road,256053.000,717016.000,1000,20000,256024.306,716999.769,256091.000,717050.000,FK18,http://data.ordnancesurvey.co.uk/id/postcodedistrict/FK18,Strathyre,http://data.ordnancesurvey.co.uk/id/4000000074548280,http://www.ordnancesurvey.co.uk/xml/codelists/localtype.xml#village,,,,Stirling,http://data.ordnancesurvey.co.uk/id/7000000000030502,http://data.ordnancesurvey.co.uk/ontology/admingeo/UnitaryAuthority,Scotland,http://data.ordnancesurvey.co.uk/id/7000000000041429,Scotland,http://data.ordnancesurvey.co.uk/id/country/scotland,,,
FK83SX,http://data.ordnancesurvey.co.uk/id/postcodeunit/FK83SX,FK8 3SX,,,,other,Postcode,252112.000,701186.000,3500,18000,,,,,,,Aberfoyle,http://data.ordnancesurvey.co.uk/id/4000000074549769,http://www.ordnancesurvey.co.uk/xml/codelists/localtype.xml#village,,,,Stirling,http://data.ordnancesurvey.co.uk/id/7000000000030502,http://data.ordnancesurvey.co.uk/ontology/admingeo/UnitaryAuthority,Scotland,http://data.ordnancesurvey.co.uk/id/7000000000041429,Scotland,http://data.ordnancesurvey.co.uk/id/country/scotland,,,
FK83UU,http://data.ordnancesurvey.co.uk/id/postcodeunit/FK83UU,FK8 3UU,,,,other,Postcode,252217.000,700967.000,3500,18000,,,,,,,Aberfoyle,http://data.ordnancesurvey.co.uk/id/4000000074549769,http://www.ordnancesurvey.co.uk/xml/codelists/localtype.xml#village,,,,Stirling,http://data.ordnancesurvey.co.uk/id/7000000000030502,http://data.ordnancesurvey.co.uk/ontology/admingeo/UnitaryAuthority,Scotland,http://data.ordnancesurvey.co.uk/id/7000000000041429,Scotland,http://data.ordnancesurvey.co.uk/id/country/scotland,,,
FK83UG,http://data.ordnancesurvey.co.uk/id/postcodeunit/FK83UG,FK8 3UG,,,,other,Postcode,252167.000,701009.000,3500,18000,,,,,,,Aberfoyle,http://data.ordnancesurvey.co.uk/id/4000000074549769,http://www.ordnancesurvey.co.uk/xml/codelists/localtype.xml#village,,,,Stirling,http://data.ordnancesurvey.co.uk/id/7000000000030502,http://data.ordnancesurvey.co.uk/ontology/admingeo/UnitaryAuthority,Scotland,http://data.ordnancesurvey.co.uk/id/7000000000041429,Scotland,http://data.ordnancesurvey.co.uk/id/country/scotland,,,
FK188NQ,http://data.ordnancesurvey.co.uk/id/postcodeunit/FK188NQ,FK18 8NQ,,,,other,Postcode,255813.000,716526.000,3500,18000,,,,,,,Strathyre,http://data.ordnancesurvey.co.uk/id/4000000074548280,http://www.ordnancesurvey.co.uk/xml/codelists/localtype.xml#village,,,,Stirling,http://data.ordnancesurvey.co.uk/id/7000000000030502,http://data.ordnancesurvey.co.uk/ontology/admingeo/UnitaryAuthority,Scotland,http://data.ordnancesurvey.co.uk/id/7000000000041429,Scotland,http://data.ordnancesurvey.co.uk/id/country/scotland,,,
FK83UF,http://data.ordnancesurvey.co.uk/id/postcodeunit/FK83UF,FK8 3UF,,,,other,Postcode,252200.000,700999.000,3500,18000,,,,,,,Aberfoyle,http://data.ordnancesurvey.co.uk/id/4000000074549769,http://www.ordnancesurvey.co.uk/xml/codelists/localtype.xml#village,,,,Stirling,http://data.ordnancesurvey.co.uk/id/7000000000030502,http://data.ordnancesurvey.co.uk/ontology/admingeo/UnitaryAuthority,Scotland,http://data.ordnancesurvey.co.uk/id/7000000000041429,Scotland,http://data.ordnancesurvey.co.uk/id/country/scotland,,,
FK83SP,http://data.ordnancesurvey.co.uk/id/postcodeunit/FK83SP,FK8 3SP,,,,other,Postcode,252299.000,701125.000,3500,18000,,,,,,,Aberfoyle,http://data.ordnancesurvey.co.uk/id/4000000074549769,http://www.ordnancesurvey.co.uk/xml/codelists/localtype.xml#village,,,,Stirling,http://data.ordnancesurvey.co.uk/id/7000000000030502,http://data.ordnancesurvey.co.uk/ontology/admingeo/UnitaryAuthority,Scotland,http://data.ordnancesurvey.co.uk/id/7000000000041429,Scotland,http://data.ordnancesurvey.co.uk/id/country/scotland,,,
FK83XG,http://data.ordnancesurvey.co.uk/id/postcodeunit/FK83XG,FK8 3XG,,,,other,Postcode,251634.000,700027.000,3500,18000,,,,,,,Aberfoyle,http://data.ordnancesurvey.co.uk/id/4000000074549769,http://www.ordnancesurvey.co.uk/xml/codelists/localtype.xml#village,,,,Stirling,http://data.ordnancesurvey.co.uk/id/7000000000030502,http://data.ordnancesurvey.co.uk/ontology/admingeo/UnitaryAuthority,Scotland,http://data.ordnancesurvey.co.uk/id/7000000000041429,Scotland,http://data.ordnancesurvey.co.uk/id/country/scotland,,,
FK83XD,http://data.ordnancesurvey.co.uk/id/postcodeunit/FK83XD,FK8 3XD,,,,other,Postcode,251757.000,700777.000,3500,18000,,,,,,,Aberfoyle,http://data.ordnancesurvey.co.uk/id/4000000074549769,http://www.ordnancesurvey.co.uk/xml/codelists/localtype.xml#village,,,,Stirling,http://data.ordnancesurvey.co.uk/id/7000000000030502,http://data.ordnancesurvey.co.uk/ontology/admingeo/UnitaryAuthority,Scotland,http://data.ordnancesurvey.co.uk/id/7000000000041429,Scotland,http://data.ordnancesurvey.co.uk/id/country/scotland,,,
FK188NJ,http://data.ordnancesurvey.co.uk/id/postcodeunit/FK188NJ,FK18 8NJ,,,,other,Postcode,256064.000,716617.000,3500,18000,,,,,,,Strathyre,http://data.ordnancesurvey.co.uk/id/4000000074548280,http://www.ordnancesurvey.co.uk/xml/codelists/localtype.xml#village,,,,Stirling,http://data.ordnancesurvey.co.uk/id/7000000000030502,http://data.ordnancesurvey.co.uk/ontology/admingeo/UnitaryAuthority,Scotland,http://data.ordnancesurvey.co.uk/id/7000000000041429,Scotland,http://data.ordnancesurvey.co.uk/id/country/scotland,,,
FK188NF,http://data.ordnancesurvey.co.uk/id/postcodeunit/FK188NF,FK18 8NF,,,,other,Postcode,255944.000,717531.000,3500,18000,,,,,,,Strathyre,http://data.ordnancesurvey.co.uk/id/4000000074548280,http://www.ordnancesurvey.co.uk/xml/codelists/localtype.xml#village,,,,Stirling,http://data.ordnancesurvey.co.uk/id/7000000000030502,http://data.ordnancesurvey.co.uk/ontology/admingeo/UnitaryAuthority,Scotland,http://data.ordnancesurvey.co.uk/id/7000000000041429,Scotland,http://data.ordnancesurvey.co.uk/id/country/scotland,,,
osgb4000000004305103,http://data.ordnancesurvey.co.uk/id/4000000004305103,Pass Of Aberfoyle,,,,transportNetwork,Named Road,250124.000,701463.000,2000,20000,249990.000,701375.000,250355.000,701604.000,FK8,http://data.ordnancesurvey.co.uk/id/postcodedistrict/FK8,Aberfoyle,http://data.ordnancesurvey.co.uk/id/4000000074549769,http://www.ordnancesurvey.co.uk/xml/codelists/localtype.xml#village,,,,Stirling,http://data.ordnancesurvey.co.uk/id/7000000000030502,http://data.ordnancesurvey.co.uk/ontology/admingeo/UnitaryAuthority,Scotland,http://data.ordnancesurvey.co.uk/id/7000000000041429,Scotland,http://data.ordnancesurvey.co.uk/id/country/scotland,,,
