﻿osgb4000000074579322,http://data.ordnancesurvey.co.uk/id/4000000074579322,Foss,,,,populatedPlace,Other Settlement,278917.000,757955.000,15000,25000,278843.764,757687.912,279343.764,758187.912,PH16,http://data.ordnancesurvey.co.uk/id/postcodedistrict/PH16,,,,,,,Perth and Kinross,http://data.ordnancesurvey.co.uk/id/7000000000030110,http://data.ordnancesurvey.co.uk/ontology/admingeo/UnitaryAuthority,Scotland,http://data.ordnancesurvey.co.uk/id/7000000000041429,Scotland,http://data.ordnancesurvey.co.uk/id/country/scotland,,,http://sws.geonames.org/2649162
osgb4000000074549415,http://data.ordnancesurvey.co.uk/id/4000000074549415,Coshieville,,,,populatedPlace,Hamlet,277768.000,749147.000,5000,25000,277375.164,748964.934,278091.635,749464.934,PH15,http://data.ordnancesurvey.co.uk/id/postcodedistrict/PH15,,,,,,,Perth and Kinross,http://data.ordnancesurvey.co.uk/id/7000000000030110,http://data.ordnancesurvey.co.uk/ontology/admingeo/UnitaryAuthority,Scotland,http://data.ordnancesurvey.co.uk/id/7000000000041429,Scotland,http://data.ordnancesurvey.co.uk/id/country/scotland,,,
osgb4000000074541319,http://data.ordnancesurvey.co.uk/id/4000000074541319,Tomnacroich,,,,populatedPlace,Other Settlement,274931.010,747090.410,15000,25000,274692.064,746696.190,276092.885,748124.871,PH15,http://data.ordnancesurvey.co.uk/id/postcodedistrict/PH15,,,,,,,Perth and Kinross,http://data.ordnancesurvey.co.uk/id/7000000000030110,http://data.ordnancesurvey.co.uk/ontology/admingeo/UnitaryAuthority,Scotland,http://data.ordnancesurvey.co.uk/id/7000000000041429,Scotland,http://data.ordnancesurvey.co.uk/id/country/scotland,,,
osgb4000000074549775,http://data.ordnancesurvey.co.uk/id/4000000074549775,Fearnan,,,,populatedPlace,Village,272410.000,744612.000,7000,250000,272011.447,744330.947,273107.636,745015.081,PH15,http://data.ordnancesurvey.co.uk/id/postcodedistrict/PH15,,,,,,,Perth and Kinross,http://data.ordnancesurvey.co.uk/id/7000000000030110,http://data.ordnancesurvey.co.uk/ontology/admingeo/UnitaryAuthority,Scotland,http://data.ordnancesurvey.co.uk/id/7000000000041429,Scotland,http://data.ordnancesurvey.co.uk/id/country/scotland,,http://dbpedia.org/resource/Fearnan,
osgb4000000074549045,http://data.ordnancesurvey.co.uk/id/4000000074549045,Carie,,,,populatedPlace,Other Settlement,261635.280,757379.830,15000,25000,260869.830,757071.700,262452.362,757605.697,PH17,http://data.ordnancesurvey.co.uk/id/postcodedistrict/PH17,,,,,,,Perth and Kinross,http://data.ordnancesurvey.co.uk/id/7000000000030110,http://data.ordnancesurvey.co.uk/ontology/admingeo/UnitaryAuthority,Scotland,http://data.ordnancesurvey.co.uk/id/7000000000041429,Scotland,http://data.ordnancesurvey.co.uk/id/country/scotland,,,
osgb4000000074579438,http://data.ordnancesurvey.co.uk/id/4000000074579438,Dunalastair,,,,populatedPlace,Hamlet,271202.000,759424.000,5000,25000,270521.144,758816.650,271307.961,759459.926,PH16,http://data.ordnancesurvey.co.uk/id/postcodedistrict/PH16,,,,,,,Perth and Kinross,http://data.ordnancesurvey.co.uk/id/7000000000030110,http://data.ordnancesurvey.co.uk/ontology/admingeo/UnitaryAuthority,Scotland,http://data.ordnancesurvey.co.uk/id/7000000000041429,Scotland,http://data.ordnancesurvey.co.uk/id/country/scotland,,,http://sws.geonames.org/2650782
osgb4000000074549044,http://data.ordnancesurvey.co.uk/id/4000000074549044,Kinloch Rannoch,,,,populatedPlace,Village,266188.600,758269.600,12000,250000,264944.465,757587.852,266753.085,758991.630,PH16,http://data.ordnancesurvey.co.uk/id/postcodedistrict/PH16,,,,,,,Perth and Kinross,http://data.ordnancesurvey.co.uk/id/7000000000030110,http://data.ordnancesurvey.co.uk/ontology/admingeo/UnitaryAuthority,Scotland,http://data.ordnancesurvey.co.uk/id/7000000000041429,Scotland,http://data.ordnancesurvey.co.uk/id/country/scotland,,http://dbpedia.org/resource/Kinloch_Rannoch,http://sws.geonames.org/2645391
osgb4000000074549774,http://data.ordnancesurvey.co.uk/id/4000000074549774,Lurglomand,,,,populatedPlace,Other Settlement,274708.120,743335.260,15000,25000,274039.163,742892.319,275330.776,743814.894,PH15,http://data.ordnancesurvey.co.uk/id/postcodedistrict/PH15,,,,,,,Perth and Kinross,http://data.ordnancesurvey.co.uk/id/7000000000030110,http://data.ordnancesurvey.co.uk/ontology/admingeo/UnitaryAuthority,Scotland,http://data.ordnancesurvey.co.uk/id/7000000000041429,Scotland,http://data.ordnancesurvey.co.uk/id/country/scotland,,,
osgb4000000074579323,http://data.ordnancesurvey.co.uk/id/4000000074579323,Kirkton,,,,populatedPlace,Other Settlement,278888.000,758170.000,15000,25000,278640.664,757883.921,279140.664,758383.921,PH16,http://data.ordnancesurvey.co.uk/id/postcodedistrict/PH16,,,,,,,Perth and Kinross,http://data.ordnancesurvey.co.uk/id/7000000000030110,http://data.ordnancesurvey.co.uk/ontology/admingeo/UnitaryAuthority,Scotland,http://data.ordnancesurvey.co.uk/id/7000000000041429,Scotland,http://data.ordnancesurvey.co.uk/id/country/scotland,,,
osgb4000000074549413,http://data.ordnancesurvey.co.uk/id/4000000074549413,Kenmore,,,,populatedPlace,Village,277499.000,745154.000,9000,250000,276817.460,744625.942,277878.698,745953.762,PH15,http://data.ordnancesurvey.co.uk/id/postcodedistrict/PH15,,,,,,,Perth and Kinross,http://data.ordnancesurvey.co.uk/id/7000000000030110,http://data.ordnancesurvey.co.uk/ontology/admingeo/UnitaryAuthority,Scotland,http://data.ordnancesurvey.co.uk/id/7000000000041429,Scotland,http://data.ordnancesurvey.co.uk/id/country/scotland,,,
osgb4000000074549770,http://data.ordnancesurvey.co.uk/id/4000000074549770,Keltneyburn,,,,populatedPlace,Hamlet,277358.350,749096.170,5000,25000,277055.106,748823.924,277555.106,749323.924,PH15,http://data.ordnancesurvey.co.uk/id/postcodedistrict/PH15,,,,,,,Perth and Kinross,http://data.ordnancesurvey.co.uk/id/7000000000030110,http://data.ordnancesurvey.co.uk/ontology/admingeo/UnitaryAuthority,Scotland,http://data.ordnancesurvey.co.uk/id/7000000000041429,Scotland,http://data.ordnancesurvey.co.uk/id/country/scotland,,,
osgb4000000074550138,http://data.ordnancesurvey.co.uk/id/4000000074550138,Camusvrachan,,,,populatedPlace,Other Settlement,261993.000,747844.000,15000,25000,261406.888,747334.897,263947.538,748087.162,PH15,http://data.ordnancesurvey.co.uk/id/postcodedistrict/PH15,,,,,,,Perth and Kinross,http://data.ordnancesurvey.co.uk/id/7000000000030110,http://data.ordnancesurvey.co.uk/ontology/admingeo/UnitaryAuthority,Scotland,http://data.ordnancesurvey.co.uk/id/7000000000041429,Scotland,http://data.ordnancesurvey.co.uk/id/country/scotland,,,
osgb4000000074810609,http://data.ordnancesurvey.co.uk/id/4000000074810609,Tummel Bridge,,,,populatedPlace,Village,276265.753,759214.435,12000,250000,275812.115,758781.494,277623.456,759476.820,PH16,http://data.ordnancesurvey.co.uk/id/postcodedistrict/PH16,,,,,,,Perth and Kinross,http://data.ordnancesurvey.co.uk/id/7000000000030110,http://data.ordnancesurvey.co.uk/ontology/admingeo/UnitaryAuthority,Scotland,http://data.ordnancesurvey.co.uk/id/7000000000041429,Scotland,http://data.ordnancesurvey.co.uk/id/country/scotland,,,
osgb4000000074813703,http://data.ordnancesurvey.co.uk/id/4000000074813703,Invervar,,,,populatedPlace,Hamlet,266603.191,748245.502,5000,25000,266252.014,748049.655,266752.014,748549.655,PH15,http://data.ordnancesurvey.co.uk/id/postcodedistrict/PH15,,,,,,,Perth and Kinross,http://data.ordnancesurvey.co.uk/id/7000000000030110,http://data.ordnancesurvey.co.uk/ontology/admingeo/UnitaryAuthority,Scotland,http://data.ordnancesurvey.co.uk/id/7000000000041429,Scotland,http://data.ordnancesurvey.co.uk/id/country/scotland,,,
osgb4000000074549776,http://data.ordnancesurvey.co.uk/id/4000000074549776,Fortingall,,,,populatedPlace,Village,274147.000,747000.000,5000,250000,273487.238,746848.710,274275.837,747348.710,PH15,http://data.ordnancesurvey.co.uk/id/postcodedistrict/PH15,,,,,,,Perth and Kinross,http://data.ordnancesurvey.co.uk/id/7000000000030110,http://data.ordnancesurvey.co.uk/ontology/admingeo/UnitaryAuthority,Scotland,http://data.ordnancesurvey.co.uk/id/7000000000041429,Scotland,http://data.ordnancesurvey.co.uk/id/country/scotland,,http://dbpedia.org/resource/Fortingall,http://sws.geonames.org/2649175
osgb4000000074549409,http://data.ordnancesurvey.co.uk/id/4000000074549409,Acharn,,,,populatedPlace,Village,275637.280,743856.820,5000,250000,275454.098,743623.363,276207.573,744123.363,PH15,http://data.ordnancesurvey.co.uk/id/postcodedistrict/PH15,,,,,,,Perth and Kinross,http://data.ordnancesurvey.co.uk/id/7000000000030110,http://data.ordnancesurvey.co.uk/ontology/admingeo/UnitaryAuthority,Scotland,http://data.ordnancesurvey.co.uk/id/7000000000041429,Scotland,http://data.ordnancesurvey.co.uk/id/country/scotland,,"http://dbpedia.org/resource/Acharn,_Perth_and_Kinross",
PH152LL,http://data.ordnancesurvey.co.uk/id/postcodeunit/PH152LL,PH15 2LL,,,,other,Postcode,274018.000,747039.000,3500,18000,,,,,,,Fortingall,http://data.ordnancesurvey.co.uk/id/4000000074549776,http://www.ordnancesurvey.co.uk/xml/codelists/localtype.xml#village,,,,Perth and Kinross,http://data.ordnancesurvey.co.uk/id/7000000000030110,http://data.ordnancesurvey.co.uk/ontology/admingeo/UnitaryAuthority,Scotland,http://data.ordnancesurvey.co.uk/id/7000000000041429,Scotland,http://data.ordnancesurvey.co.uk/id/country/scotland,,,
PH165SE,http://data.ordnancesurvey.co.uk/id/postcodeunit/PH165SE,PH16 5SE,,,,other,Postcode,266404.000,758847.000,3500,18000,,,,,,,Kinloch Rannoch,http://data.ordnancesurvey.co.uk/id/4000000074549044,http://www.ordnancesurvey.co.uk/xml/codelists/localtype.xml#village,,,,Perth and Kinross,http://data.ordnancesurvey.co.uk/id/7000000000030110,http://data.ordnancesurvey.co.uk/ontology/admingeo/UnitaryAuthority,Scotland,http://data.ordnancesurvey.co.uk/id/7000000000041429,Scotland,http://data.ordnancesurvey.co.uk/id/country/scotland,,,
PH152FE,http://data.ordnancesurvey.co.uk/id/postcodeunit/PH152FE,PH15 2FE,,,,other,Postcode,272033.000,744438.000,3500,18000,,,,,,,Fearnan,http://data.ordnancesurvey.co.uk/id/4000000074549775,http://www.ordnancesurvey.co.uk/xml/codelists/localtype.xml#village,,,,Perth and Kinross,http://data.ordnancesurvey.co.uk/id/7000000000030110,http://data.ordnancesurvey.co.uk/ontology/admingeo/UnitaryAuthority,Scotland,http://data.ordnancesurvey.co.uk/id/7000000000041429,Scotland,http://data.ordnancesurvey.co.uk/id/country/scotland,,,
PH152HW,http://data.ordnancesurvey.co.uk/id/postcodeunit/PH152HW,PH15 2HW,,,,other,Postcode,277048.000,744792.000,3500,18000,,,,,,,Kenmore,http://data.ordnancesurvey.co.uk/id/4000000074549413,http://www.ordnancesurvey.co.uk/xml/codelists/localtype.xml#village,,,,Perth and Kinross,http://data.ordnancesurvey.co.uk/id/7000000000030110,http://data.ordnancesurvey.co.uk/ontology/admingeo/UnitaryAuthority,Scotland,http://data.ordnancesurvey.co.uk/id/7000000000041429,Scotland,http://data.ordnancesurvey.co.uk/id/country/scotland,,,
PH165NZ,http://data.ordnancesurvey.co.uk/id/postcodeunit/PH165NZ,PH16 5NZ,,,,other,Postcode,272715.000,759235.000,3500,18000,,,,,,,,,,,,,Perth and Kinross,http://data.ordnancesurvey.co.uk/id/7000000000030110,http://data.ordnancesurvey.co.uk/ontology/admingeo/UnitaryAuthority,Scotland,http://data.ordnancesurvey.co.uk/id/7000000000041429,Scotland,http://data.ordnancesurvey.co.uk/id/country/scotland,,,
PH165NX,http://data.ordnancesurvey.co.uk/id/postcodeunit/PH165NX,PH16 5NX,,,,other,Postcode,276569.000,759156.000,3500,18000,,,,,,,Tummel Bridge,http://data.ordnancesurvey.co.uk/id/4000000074810609,http://www.ordnancesurvey.co.uk/xml/codelists/localtype.xml#village,,,,Perth and Kinross,http://data.ordnancesurvey.co.uk/id/7000000000030110,http://data.ordnancesurvey.co.uk/ontology/admingeo/UnitaryAuthority,Scotland,http://data.ordnancesurvey.co.uk/id/7000000000041429,Scotland,http://data.ordnancesurvey.co.uk/id/country/scotland,,,
PH152HJ,http://data.ordnancesurvey.co.uk/id/postcodeunit/PH152HJ,PH15 2HJ,,,,other,Postcode,277480.000,745604.000,3500,18000,,,,,,,Kenmore,http://data.ordnancesurvey.co.uk/id/4000000074549413,http://www.ordnancesurvey.co.uk/xml/codelists/localtype.xml#village,,,,Perth and Kinross,http://data.ordnancesurvey.co.uk/id/7000000000030110,http://data.ordnancesurvey.co.uk/ontology/admingeo/UnitaryAuthority,Scotland,http://data.ordnancesurvey.co.uk/id/7000000000041429,Scotland,http://data.ordnancesurvey.co.uk/id/country/scotland,,,
PH165NT,http://data.ordnancesurvey.co.uk/id/postcodeunit/PH165NT,PH16 5NT,,,,other,Postcode,277513.000,759055.000,3500,18000,,,,,,,Tummel Bridge,http://data.ordnancesurvey.co.uk/id/4000000074810609,http://www.ordnancesurvey.co.uk/xml/codelists/localtype.xml#village,,,,Perth and Kinross,http://data.ordnancesurvey.co.uk/id/7000000000030110,http://data.ordnancesurvey.co.uk/ontology/admingeo/UnitaryAuthority,Scotland,http://data.ordnancesurvey.co.uk/id/7000000000041429,Scotland,http://data.ordnancesurvey.co.uk/id/country/scotland,,,
PH152NT,http://data.ordnancesurvey.co.uk/id/postcodeunit/PH152NT,PH15 2NT,,,,other,Postcode,278458.000,746532.000,3500,18000,,,,,,,,,,,,,Perth and Kinross,http://data.ordnancesurvey.co.uk/id/7000000000030110,http://data.ordnancesurvey.co.uk/ontology/admingeo/UnitaryAuthority,Scotland,http://data.ordnancesurvey.co.uk/id/7000000000041429,Scotland,http://data.ordnancesurvey.co.uk/id/country/scotland,,,
PH165PB,http://data.ordnancesurvey.co.uk/id/postcodeunit/PH165PB,PH16 5PB,,,,other,Postcode,270684.000,759161.000,3500,18000,,,,,,,Dunalastair,http://data.ordnancesurvey.co.uk/id/4000000074579438,http://www.ordnancesurvey.co.uk/xml/codelists/localtype.xml#hamlet,,,,Perth and Kinross,http://data.ordnancesurvey.co.uk/id/7000000000030110,http://data.ordnancesurvey.co.uk/ontology/admingeo/UnitaryAuthority,Scotland,http://data.ordnancesurvey.co.uk/id/7000000000041429,Scotland,http://data.ordnancesurvey.co.uk/id/country/scotland,,,
PH165PX,http://data.ordnancesurvey.co.uk/id/postcodeunit/PH165PX,PH16 5PX,,,,other,Postcode,266279.000,758590.000,3500,18000,,,,,,,Kinloch Rannoch,http://data.ordnancesurvey.co.uk/id/4000000074549044,http://www.ordnancesurvey.co.uk/xml/codelists/localtype.xml#village,,,,Perth and Kinross,http://data.ordnancesurvey.co.uk/id/7000000000030110,http://data.ordnancesurvey.co.uk/ontology/admingeo/UnitaryAuthority,Scotland,http://data.ordnancesurvey.co.uk/id/7000000000041429,Scotland,http://data.ordnancesurvey.co.uk/id/country/scotland,,,
PH165PY,http://data.ordnancesurvey.co.uk/id/postcodeunit/PH165PY,PH16 5PY,,,,other,Postcode,266468.000,758452.000,3500,18000,,,,,,,Kinloch Rannoch,http://data.ordnancesurvey.co.uk/id/4000000074549044,http://www.ordnancesurvey.co.uk/xml/codelists/localtype.xml#village,,,,Perth and Kinross,http://data.ordnancesurvey.co.uk/id/7000000000030110,http://data.ordnancesurvey.co.uk/ontology/admingeo/UnitaryAuthority,Scotland,http://data.ordnancesurvey.co.uk/id/7000000000041429,Scotland,http://data.ordnancesurvey.co.uk/id/country/scotland,,,
PH165QF,http://data.ordnancesurvey.co.uk/id/postcodeunit/PH165QF,PH16 5QF,,,,other,Postcode,270569.000,757784.000,3500,18000,,,,,,,,,,,,,Perth and Kinross,http://data.ordnancesurvey.co.uk/id/7000000000030110,http://data.ordnancesurvey.co.uk/ontology/admingeo/UnitaryAuthority,Scotland,http://data.ordnancesurvey.co.uk/id/7000000000041429,Scotland,http://data.ordnancesurvey.co.uk/id/country/scotland,,,
PH165PS,http://data.ordnancesurvey.co.uk/id/postcodeunit/PH165PS,PH16 5PS,,,,other,Postcode,265288.000,758883.000,3500,18000,,,,,,,Kinloch Rannoch,http://data.ordnancesurvey.co.uk/id/4000000074549044,http://www.ordnancesurvey.co.uk/xml/codelists/localtype.xml#village,,,,Perth and Kinross,http://data.ordnancesurvey.co.uk/id/7000000000030110,http://data.ordnancesurvey.co.uk/ontology/admingeo/UnitaryAuthority,Scotland,http://data.ordnancesurvey.co.uk/id/7000000000041429,Scotland,http://data.ordnancesurvey.co.uk/id/country/scotland,,,
PH152LN,http://data.ordnancesurvey.co.uk/id/postcodeunit/PH152LN,PH15 2LN,,,,other,Postcode,273052.000,747296.000,3500,18000,,,,,,,,,,,,,Perth and Kinross,http://data.ordnancesurvey.co.uk/id/7000000000030110,http://data.ordnancesurvey.co.uk/ontology/admingeo/UnitaryAuthority,Scotland,http://data.ordnancesurvey.co.uk/id/7000000000041429,Scotland,http://data.ordnancesurvey.co.uk/id/country/scotland,,,
PH165PL,http://data.ordnancesurvey.co.uk/id/postcodeunit/PH165PL,PH16 5PL,,,,other,Postcode,266253.000,758727.000,3500,18000,,,,,,,Kinloch Rannoch,http://data.ordnancesurvey.co.uk/id/4000000074549044,http://www.ordnancesurvey.co.uk/xml/codelists/localtype.xml#village,,,,Perth and Kinross,http://data.ordnancesurvey.co.uk/id/7000000000030110,http://data.ordnancesurvey.co.uk/ontology/admingeo/UnitaryAuthority,Scotland,http://data.ordnancesurvey.co.uk/id/7000000000041429,Scotland,http://data.ordnancesurvey.co.uk/id/country/scotland,,,
PH152HD,http://data.ordnancesurvey.co.uk/id/postcodeunit/PH152HD,PH15 2HD,,,,other,Postcode,277651.000,745111.000,3500,18000,,,,,,,Kenmore,http://data.ordnancesurvey.co.uk/id/4000000074549413,http://www.ordnancesurvey.co.uk/xml/codelists/localtype.xml#village,,,,Perth and Kinross,http://data.ordnancesurvey.co.uk/id/7000000000030110,http://data.ordnancesurvey.co.uk/ontology/admingeo/UnitaryAuthority,Scotland,http://data.ordnancesurvey.co.uk/id/7000000000041429,Scotland,http://data.ordnancesurvey.co.uk/id/country/scotland,,,
PH165QE,http://data.ordnancesurvey.co.uk/id/postcodeunit/PH165QE,PH16 5QE,,,,other,Postcode,269117.000,757538.000,3500,18000,,,,,,,,,,,,,Perth and Kinross,http://data.ordnancesurvey.co.uk/id/7000000000030110,http://data.ordnancesurvey.co.uk/ontology/admingeo/UnitaryAuthority,Scotland,http://data.ordnancesurvey.co.uk/id/7000000000041429,Scotland,http://data.ordnancesurvey.co.uk/id/country/scotland,,,
PH165PF,http://data.ordnancesurvey.co.uk/id/postcodeunit/PH165PF,PH16 5PF,,,,other,Postcode,266209.000,758713.000,3500,18000,,,,,,,Kinloch Rannoch,http://data.ordnancesurvey.co.uk/id/4000000074549044,http://www.ordnancesurvey.co.uk/xml/codelists/localtype.xml#village,,,,Perth and Kinross,http://data.ordnancesurvey.co.uk/id/7000000000030110,http://data.ordnancesurvey.co.uk/ontology/admingeo/UnitaryAuthority,Scotland,http://data.ordnancesurvey.co.uk/id/7000000000041429,Scotland,http://data.ordnancesurvey.co.uk/id/country/scotland,,,
PH152QW,http://data.ordnancesurvey.co.uk/id/postcodeunit/PH152QW,PH15 2QW,,,,other,Postcode,272154.000,744784.000,3500,18000,,,,,,,Fearnan,http://data.ordnancesurvey.co.uk/id/4000000074549775,http://www.ordnancesurvey.co.uk/xml/codelists/localtype.xml#village,,,,Perth and Kinross,http://data.ordnancesurvey.co.uk/id/7000000000030110,http://data.ordnancesurvey.co.uk/ontology/admingeo/UnitaryAuthority,Scotland,http://data.ordnancesurvey.co.uk/id/7000000000041429,Scotland,http://data.ordnancesurvey.co.uk/id/country/scotland,,,
PH165SA,http://data.ordnancesurvey.co.uk/id/postcodeunit/PH165SA,PH16 5SA,,,,other,Postcode,276420.000,759231.000,3500,18000,,,,,,,Tummel Bridge,http://data.ordnancesurvey.co.uk/id/4000000074810609,http://www.ordnancesurvey.co.uk/xml/codelists/localtype.xml#village,,,,Perth and Kinross,http://data.ordnancesurvey.co.uk/id/7000000000030110,http://data.ordnancesurvey.co.uk/ontology/admingeo/UnitaryAuthority,Scotland,http://data.ordnancesurvey.co.uk/id/7000000000041429,Scotland,http://data.ordnancesurvey.co.uk/id/country/scotland,,,
PH165PN,http://data.ordnancesurvey.co.uk/id/postcodeunit/PH165PN,PH16 5PN,,,,other,Postcode,266188.000,758690.000,3500,18000,,,,,,,Kinloch Rannoch,http://data.ordnancesurvey.co.uk/id/4000000074549044,http://www.ordnancesurvey.co.uk/xml/codelists/localtype.xml#village,,,,Perth and Kinross,http://data.ordnancesurvey.co.uk/id/7000000000030110,http://data.ordnancesurvey.co.uk/ontology/admingeo/UnitaryAuthority,Scotland,http://data.ordnancesurvey.co.uk/id/7000000000041429,Scotland,http://data.ordnancesurvey.co.uk/id/country/scotland,,,
PH165NL,http://data.ordnancesurvey.co.uk/id/postcodeunit/PH165NL,PH16 5NL,,,,other,Postcode,276763.000,752552.000,3500,18000,,,,,,,,,,,,,Perth and Kinross,http://data.ordnancesurvey.co.uk/id/7000000000030110,http://data.ordnancesurvey.co.uk/ontology/admingeo/UnitaryAuthority,Scotland,http://data.ordnancesurvey.co.uk/id/7000000000041429,Scotland,http://data.ordnancesurvey.co.uk/id/country/scotland,,,
PH152HE,http://data.ordnancesurvey.co.uk/id/postcodeunit/PH152HE,PH15 2HE,,,,other,Postcode,277392.000,744946.000,3500,18000,,,,,,,Kenmore,http://data.ordnancesurvey.co.uk/id/4000000074549413,http://www.ordnancesurvey.co.uk/xml/codelists/localtype.xml#village,,,,Perth and Kinross,http://data.ordnancesurvey.co.uk/id/7000000000030110,http://data.ordnancesurvey.co.uk/ontology/admingeo/UnitaryAuthority,Scotland,http://data.ordnancesurvey.co.uk/id/7000000000041429,Scotland,http://data.ordnancesurvey.co.uk/id/country/scotland,,,
PH152NH,http://data.ordnancesurvey.co.uk/id/postcodeunit/PH152NH,PH15 2NH,,,,other,Postcode,269392.000,747634.000,3500,18000,,,,,,,,,,,,,Perth and Kinross,http://data.ordnancesurvey.co.uk/id/7000000000030110,http://data.ordnancesurvey.co.uk/ontology/admingeo/UnitaryAuthority,Scotland,http://data.ordnancesurvey.co.uk/id/7000000000041429,Scotland,http://data.ordnancesurvey.co.uk/id/country/scotland,,,
PH152NB,http://data.ordnancesurvey.co.uk/id/postcodeunit/PH152NB,PH15 2NB,,,,other,Postcode,279789.000,748948.000,3500,18000,,,,,,,,,,,,,Perth and Kinross,http://data.ordnancesurvey.co.uk/id/7000000000030110,http://data.ordnancesurvey.co.uk/ontology/admingeo/UnitaryAuthority,Scotland,http://data.ordnancesurvey.co.uk/id/7000000000041429,Scotland,http://data.ordnancesurvey.co.uk/id/country/scotland,,,
PH172QN,http://data.ordnancesurvey.co.uk/id/postcodeunit/PH172QN,PH17 2QN,,,,other,Postcode,261597.000,759213.000,3500,18000,,,,,,,,,,,,,Perth and Kinross,http://data.ordnancesurvey.co.uk/id/7000000000030110,http://data.ordnancesurvey.co.uk/ontology/admingeo/UnitaryAuthority,Scotland,http://data.ordnancesurvey.co.uk/id/7000000000041429,Scotland,http://data.ordnancesurvey.co.uk/id/country/scotland,,,
PH152NX,http://data.ordnancesurvey.co.uk/id/postcodeunit/PH152NX,PH15 2NX,,,,other,Postcode,275990.000,745218.000,3500,18000,,,,,,,,,,,,,Perth and Kinross,http://data.ordnancesurvey.co.uk/id/7000000000030110,http://data.ordnancesurvey.co.uk/ontology/admingeo/UnitaryAuthority,Scotland,http://data.ordnancesurvey.co.uk/id/7000000000041429,Scotland,http://data.ordnancesurvey.co.uk/id/country/scotland,,,
PH152HN,http://data.ordnancesurvey.co.uk/id/postcodeunit/PH152HN,PH15 2HN,,,,other,Postcode,277121.000,745782.000,3500,18000,,,,,,,Kenmore,http://data.ordnancesurvey.co.uk/id/4000000074549413,http://www.ordnancesurvey.co.uk/xml/codelists/localtype.xml#village,,,,Perth and Kinross,http://data.ordnancesurvey.co.uk/id/7000000000030110,http://data.ordnancesurvey.co.uk/ontology/admingeo/UnitaryAuthority,Scotland,http://data.ordnancesurvey.co.uk/id/7000000000041429,Scotland,http://data.ordnancesurvey.co.uk/id/country/scotland,,,
PH152LR,http://data.ordnancesurvey.co.uk/id/postcodeunit/PH152LR,PH15 2LR,,,,other,Postcode,274978.000,746864.000,3500,18000,,,,,,,Tomnacroich,http://data.ordnancesurvey.co.uk/id/4000000074541319,http://www.ordnancesurvey.co.uk/xml/codelists/localtype.xml#otherSettlement,,,,Perth and Kinross,http://data.ordnancesurvey.co.uk/id/7000000000030110,http://data.ordnancesurvey.co.uk/ontology/admingeo/UnitaryAuthority,Scotland,http://data.ordnancesurvey.co.uk/id/7000000000041429,Scotland,http://data.ordnancesurvey.co.uk/id/country/scotland,,,
PH152ND,http://data.ordnancesurvey.co.uk/id/postcodeunit/PH152ND,PH15 2ND,,,,other,Postcode,279283.000,748659.000,3500,18000,,,,,,,,,,,,,Perth and Kinross,http://data.ordnancesurvey.co.uk/id/7000000000030110,http://data.ordnancesurvey.co.uk/ontology/admingeo/UnitaryAuthority,Scotland,http://data.ordnancesurvey.co.uk/id/7000000000041429,Scotland,http://data.ordnancesurvey.co.uk/id/country/scotland,,,
PH152HU,http://data.ordnancesurvey.co.uk/id/postcodeunit/PH152HU,PH15 2HU,,,,other,Postcode,273671.000,743026.000,3500,18000,,,,,,,,,,,,,Perth and Kinross,http://data.ordnancesurvey.co.uk/id/7000000000030110,http://data.ordnancesurvey.co.uk/ontology/admingeo/UnitaryAuthority,Scotland,http://data.ordnancesurvey.co.uk/id/7000000000041429,Scotland,http://data.ordnancesurvey.co.uk/id/country/scotland,,,
PH165NY,http://data.ordnancesurvey.co.uk/id/postcodeunit/PH165NY,PH16 5NY,,,,other,Postcode,276142.000,759426.000,3500,18000,,,,,,,Tummel Bridge,http://data.ordnancesurvey.co.uk/id/4000000074810609,http://www.ordnancesurvey.co.uk/xml/codelists/localtype.xml#village,,,,Perth and Kinross,http://data.ordnancesurvey.co.uk/id/7000000000030110,http://data.ordnancesurvey.co.uk/ontology/admingeo/UnitaryAuthority,Scotland,http://data.ordnancesurvey.co.uk/id/7000000000041429,Scotland,http://data.ordnancesurvey.co.uk/id/country/scotland,,,
PH165QB,http://data.ordnancesurvey.co.uk/id/postcodeunit/PH165QB,PH16 5QB,,,,other,Postcode,266029.000,757671.000,3500,18000,,,,,,,Kinloch Rannoch,http://data.ordnancesurvey.co.uk/id/4000000074549044,http://www.ordnancesurvey.co.uk/xml/codelists/localtype.xml#village,,,,Perth and Kinross,http://data.ordnancesurvey.co.uk/id/7000000000030110,http://data.ordnancesurvey.co.uk/ontology/admingeo/UnitaryAuthority,Scotland,http://data.ordnancesurvey.co.uk/id/7000000000041429,Scotland,http://data.ordnancesurvey.co.uk/id/country/scotland,,,
PH152JH,http://data.ordnancesurvey.co.uk/id/postcodeunit/PH152JH,PH15 2JH,,,,other,Postcode,279655.000,748880.000,3500,18000,,,,,,,,,,,,,Perth and Kinross,http://data.ordnancesurvey.co.uk/id/7000000000030110,http://data.ordnancesurvey.co.uk/ontology/admingeo/UnitaryAuthority,Scotland,http://data.ordnancesurvey.co.uk/id/7000000000041429,Scotland,http://data.ordnancesurvey.co.uk/id/country/scotland,,,
PH152HL,http://data.ordnancesurvey.co.uk/id/postcodeunit/PH152HL,PH15 2HL,,,,other,Postcode,277457.000,745505.000,3500,18000,,,,,,,Kenmore,http://data.ordnancesurvey.co.uk/id/4000000074549413,http://www.ordnancesurvey.co.uk/xml/codelists/localtype.xml#village,,,,Perth and Kinross,http://data.ordnancesurvey.co.uk/id/7000000000030110,http://data.ordnancesurvey.co.uk/ontology/admingeo/UnitaryAuthority,Scotland,http://data.ordnancesurvey.co.uk/id/7000000000041429,Scotland,http://data.ordnancesurvey.co.uk/id/country/scotland,,,
PH165PH,http://data.ordnancesurvey.co.uk/id/postcodeunit/PH165PH,PH16 5PH,,,,other,Postcode,266230.000,758787.000,3500,18000,,,,,,,Kinloch Rannoch,http://data.ordnancesurvey.co.uk/id/4000000074549044,http://www.ordnancesurvey.co.uk/xml/codelists/localtype.xml#village,,,,Perth and Kinross,http://data.ordnancesurvey.co.uk/id/7000000000030110,http://data.ordnancesurvey.co.uk/ontology/admingeo/UnitaryAuthority,Scotland,http://data.ordnancesurvey.co.uk/id/7000000000041429,Scotland,http://data.ordnancesurvey.co.uk/id/country/scotland,,,
PH152PG,http://data.ordnancesurvey.co.uk/id/postcodeunit/PH152PG,PH15 2PG,,,,other,Postcode,272079.000,744809.000,3500,18000,,,,,,,Fearnan,http://data.ordnancesurvey.co.uk/id/4000000074549775,http://www.ordnancesurvey.co.uk/xml/codelists/localtype.xml#village,,,,Perth and Kinross,http://data.ordnancesurvey.co.uk/id/7000000000030110,http://data.ordnancesurvey.co.uk/ontology/admingeo/UnitaryAuthority,Scotland,http://data.ordnancesurvey.co.uk/id/7000000000041429,Scotland,http://data.ordnancesurvey.co.uk/id/country/scotland,,,
PH152NU,http://data.ordnancesurvey.co.uk/id/postcodeunit/PH152NU,PH15 2NU,,,,other,Postcode,277306.000,745489.000,3500,18000,,,,,,,Kenmore,http://data.ordnancesurvey.co.uk/id/4000000074549413,http://www.ordnancesurvey.co.uk/xml/codelists/localtype.xml#village,,,,Perth and Kinross,http://data.ordnancesurvey.co.uk/id/7000000000030110,http://data.ordnancesurvey.co.uk/ontology/admingeo/UnitaryAuthority,Scotland,http://data.ordnancesurvey.co.uk/id/7000000000041429,Scotland,http://data.ordnancesurvey.co.uk/id/country/scotland,,,
PH152LF,http://data.ordnancesurvey.co.uk/id/postcodeunit/PH152LF,PH15 2LF,,,,other,Postcode,277379.000,749106.000,3500,18000,,,,,,,Keltneyburn,http://data.ordnancesurvey.co.uk/id/4000000074549770,http://www.ordnancesurvey.co.uk/xml/codelists/localtype.xml#hamlet,,,,Perth and Kinross,http://data.ordnancesurvey.co.uk/id/7000000000030110,http://data.ordnancesurvey.co.uk/ontology/admingeo/UnitaryAuthority,Scotland,http://data.ordnancesurvey.co.uk/id/7000000000041429,Scotland,http://data.ordnancesurvey.co.uk/id/country/scotland,,,
PH152NE,http://data.ordnancesurvey.co.uk/id/postcodeunit/PH152NE,PH15 2NE,,,,other,Postcode,277701.000,749137.000,3500,18000,,,,,,,Coshieville,http://data.ordnancesurvey.co.uk/id/4000000074549415,http://www.ordnancesurvey.co.uk/xml/codelists/localtype.xml#hamlet,,,,Perth and Kinross,http://data.ordnancesurvey.co.uk/id/7000000000030110,http://data.ordnancesurvey.co.uk/ontology/admingeo/UnitaryAuthority,Scotland,http://data.ordnancesurvey.co.uk/id/7000000000041429,Scotland,http://data.ordnancesurvey.co.uk/id/country/scotland,,,
PH165PZ,http://data.ordnancesurvey.co.uk/id/postcodeunit/PH165PZ,PH16 5PZ,,,,other,Postcode,266173.000,758362.000,3500,18000,,,,,,,Kinloch Rannoch,http://data.ordnancesurvey.co.uk/id/4000000074549044,http://www.ordnancesurvey.co.uk/xml/codelists/localtype.xml#village,,,,Perth and Kinross,http://data.ordnancesurvey.co.uk/id/7000000000030110,http://data.ordnancesurvey.co.uk/ontology/admingeo/UnitaryAuthority,Scotland,http://data.ordnancesurvey.co.uk/id/7000000000041429,Scotland,http://data.ordnancesurvey.co.uk/id/country/scotland,,,
PH152NL,http://data.ordnancesurvey.co.uk/id/postcodeunit/PH152NL,PH15 2NL,,,,other,Postcode,262705.000,747670.000,3500,18000,,,,,,,Camusvrachan,http://data.ordnancesurvey.co.uk/id/4000000074550138,http://www.ordnancesurvey.co.uk/xml/codelists/localtype.xml#otherSettlement,,,,Perth and Kinross,http://data.ordnancesurvey.co.uk/id/7000000000030110,http://data.ordnancesurvey.co.uk/ontology/admingeo/UnitaryAuthority,Scotland,http://data.ordnancesurvey.co.uk/id/7000000000041429,Scotland,http://data.ordnancesurvey.co.uk/id/country/scotland,,,
PH152HT,http://data.ordnancesurvey.co.uk/id/postcodeunit/PH152HT,PH15 2HT,,,,other,Postcode,275656.000,743812.000,3500,18000,,,,,,,Acharn,http://data.ordnancesurvey.co.uk/id/4000000074549409,http://www.ordnancesurvey.co.uk/xml/codelists/localtype.xml#village,,,,Perth and Kinross,http://data.ordnancesurvey.co.uk/id/7000000000030110,http://data.ordnancesurvey.co.uk/ontology/admingeo/UnitaryAuthority,Scotland,http://data.ordnancesurvey.co.uk/id/7000000000041429,Scotland,http://data.ordnancesurvey.co.uk/id/country/scotland,,,
PH152HA,http://data.ordnancesurvey.co.uk/id/postcodeunit/PH152HA,PH15 2HA,,,,other,Postcode,278987.000,745164.000,3500,18000,,,,,,,,,,,,,Perth and Kinross,http://data.ordnancesurvey.co.uk/id/7000000000030110,http://data.ordnancesurvey.co.uk/ontology/admingeo/UnitaryAuthority,Scotland,http://data.ordnancesurvey.co.uk/id/7000000000041429,Scotland,http://data.ordnancesurvey.co.uk/id/country/scotland,,,
PH165PJ,http://data.ordnancesurvey.co.uk/id/postcodeunit/PH165PJ,PH16 5PJ,,,,other,Postcode,266272.000,758758.000,3500,18000,,,,,,,Kinloch Rannoch,http://data.ordnancesurvey.co.uk/id/4000000074549044,http://www.ordnancesurvey.co.uk/xml/codelists/localtype.xml#village,,,,Perth and Kinross,http://data.ordnancesurvey.co.uk/id/7000000000030110,http://data.ordnancesurvey.co.uk/ontology/admingeo/UnitaryAuthority,Scotland,http://data.ordnancesurvey.co.uk/id/7000000000041429,Scotland,http://data.ordnancesurvey.co.uk/id/country/scotland,,,
PH165NN,http://data.ordnancesurvey.co.uk/id/postcodeunit/PH165NN,PH16 5NN,,,,other,Postcode,275089.000,755931.000,3500,18000,,,,,,,,,,,,,Perth and Kinross,http://data.ordnancesurvey.co.uk/id/7000000000030110,http://data.ordnancesurvey.co.uk/ontology/admingeo/UnitaryAuthority,Scotland,http://data.ordnancesurvey.co.uk/id/7000000000041429,Scotland,http://data.ordnancesurvey.co.uk/id/country/scotland,,,
PH152NZ,http://data.ordnancesurvey.co.uk/id/postcodeunit/PH152NZ,PH15 2NZ,,,,other,Postcode,269072.000,741040.000,3500,18000,,,,,,,,,,,,,Perth and Kinross,http://data.ordnancesurvey.co.uk/id/7000000000030110,http://data.ordnancesurvey.co.uk/ontology/admingeo/UnitaryAuthority,Scotland,http://data.ordnancesurvey.co.uk/id/7000000000041429,Scotland,http://data.ordnancesurvey.co.uk/id/country/scotland,,,
PH152LE,http://data.ordnancesurvey.co.uk/id/postcodeunit/PH152LE,PH15 2LE,,,,other,Postcode,277994.000,749163.000,3500,18000,,,,,,,Coshieville,http://data.ordnancesurvey.co.uk/id/4000000074549415,http://www.ordnancesurvey.co.uk/xml/codelists/localtype.xml#hamlet,,,,Perth and Kinross,http://data.ordnancesurvey.co.uk/id/7000000000030110,http://data.ordnancesurvey.co.uk/ontology/admingeo/UnitaryAuthority,Scotland,http://data.ordnancesurvey.co.uk/id/7000000000041429,Scotland,http://data.ordnancesurvey.co.uk/id/country/scotland,,,
PH152HF,http://data.ordnancesurvey.co.uk/id/postcodeunit/PH152HF,PH15 2HF,,,,other,Postcode,277413.000,745428.000,3500,18000,,,,,,,Kenmore,http://data.ordnancesurvey.co.uk/id/4000000074549413,http://www.ordnancesurvey.co.uk/xml/codelists/localtype.xml#village,,,,Perth and Kinross,http://data.ordnancesurvey.co.uk/id/7000000000030110,http://data.ordnancesurvey.co.uk/ontology/admingeo/UnitaryAuthority,Scotland,http://data.ordnancesurvey.co.uk/id/7000000000041429,Scotland,http://data.ordnancesurvey.co.uk/id/country/scotland,,,
PH165QA,http://data.ordnancesurvey.co.uk/id/postcodeunit/PH165QA,PH16 5QA,,,,other,Postcode,266151.000,758266.000,3500,18000,,,,,,,Kinloch Rannoch,http://data.ordnancesurvey.co.uk/id/4000000074549044,http://www.ordnancesurvey.co.uk/xml/codelists/localtype.xml#village,,,,Perth and Kinross,http://data.ordnancesurvey.co.uk/id/7000000000030110,http://data.ordnancesurvey.co.uk/ontology/admingeo/UnitaryAuthority,Scotland,http://data.ordnancesurvey.co.uk/id/7000000000041429,Scotland,http://data.ordnancesurvey.co.uk/id/country/scotland,,,
PH152LP,http://data.ordnancesurvey.co.uk/id/postcodeunit/PH152LP,PH15 2LP,,,,other,Postcode,272988.000,746205.000,3500,18000,,,,,,,,,,,,,Perth and Kinross,http://data.ordnancesurvey.co.uk/id/7000000000030110,http://data.ordnancesurvey.co.uk/ontology/admingeo/UnitaryAuthority,Scotland,http://data.ordnancesurvey.co.uk/id/7000000000041429,Scotland,http://data.ordnancesurvey.co.uk/id/country/scotland,,,
PH152LG,http://data.ordnancesurvey.co.uk/id/postcodeunit/PH152LG,PH15 2LG,,,,other,Postcode,276571.000,749872.000,3500,18000,,,,,,,,,,,,,Perth and Kinross,http://data.ordnancesurvey.co.uk/id/7000000000030110,http://data.ordnancesurvey.co.uk/ontology/admingeo/UnitaryAuthority,Scotland,http://data.ordnancesurvey.co.uk/id/7000000000041429,Scotland,http://data.ordnancesurvey.co.uk/id/country/scotland,,,
PH152HZ,http://data.ordnancesurvey.co.uk/id/postcodeunit/PH152HZ,PH15 2HZ,,,,other,Postcode,277237.000,745365.000,3500,18000,,,,,,,Kenmore,http://data.ordnancesurvey.co.uk/id/4000000074549413,http://www.ordnancesurvey.co.uk/xml/codelists/localtype.xml#village,,,,Perth and Kinross,http://data.ordnancesurvey.co.uk/id/7000000000030110,http://data.ordnancesurvey.co.uk/ontology/admingeo/UnitaryAuthority,Scotland,http://data.ordnancesurvey.co.uk/id/7000000000041429,Scotland,http://data.ordnancesurvey.co.uk/id/country/scotland,,,
PH152HB,http://data.ordnancesurvey.co.uk/id/postcodeunit/PH152HB,PH15 2HB,,,,other,Postcode,277778.000,745135.000,3500,18000,,,,,,,Kenmore,http://data.ordnancesurvey.co.uk/id/4000000074549413,http://www.ordnancesurvey.co.uk/xml/codelists/localtype.xml#village,,,,Perth and Kinross,http://data.ordnancesurvey.co.uk/id/7000000000030110,http://data.ordnancesurvey.co.uk/ontology/admingeo/UnitaryAuthority,Scotland,http://data.ordnancesurvey.co.uk/id/7000000000041429,Scotland,http://data.ordnancesurvey.co.uk/id/country/scotland,,,
PH165NJ,http://data.ordnancesurvey.co.uk/id/postcodeunit/PH165NJ,PH16 5NJ,,,,other,Postcode,278806.000,757628.000,3500,18000,,,,,,,,,,,,,Perth and Kinross,http://data.ordnancesurvey.co.uk/id/7000000000030110,http://data.ordnancesurvey.co.uk/ontology/admingeo/UnitaryAuthority,Scotland,http://data.ordnancesurvey.co.uk/id/7000000000041429,Scotland,http://data.ordnancesurvey.co.uk/id/country/scotland,,,
PH152LW,http://data.ordnancesurvey.co.uk/id/postcodeunit/PH152LW,PH15 2LW,,,,other,Postcode,272599.000,746505.000,3500,18000,,,,,,,,,,,,,Perth and Kinross,http://data.ordnancesurvey.co.uk/id/7000000000030110,http://data.ordnancesurvey.co.uk/ontology/admingeo/UnitaryAuthority,Scotland,http://data.ordnancesurvey.co.uk/id/7000000000041429,Scotland,http://data.ordnancesurvey.co.uk/id/country/scotland,,,
PH165PT,http://data.ordnancesurvey.co.uk/id/postcodeunit/PH165PT,PH16 5PT,,,,other,Postcode,266478.000,758827.000,3500,18000,,,,,,,Kinloch Rannoch,http://data.ordnancesurvey.co.uk/id/4000000074549044,http://www.ordnancesurvey.co.uk/xml/codelists/localtype.xml#village,,,,Perth and Kinross,http://data.ordnancesurvey.co.uk/id/7000000000030110,http://data.ordnancesurvey.co.uk/ontology/admingeo/UnitaryAuthority,Scotland,http://data.ordnancesurvey.co.uk/id/7000000000041429,Scotland,http://data.ordnancesurvey.co.uk/id/country/scotland,,,
PH165PR,http://data.ordnancesurvey.co.uk/id/postcodeunit/PH165PR,PH16 5PR,,,,other,Postcode,265917.000,758630.000,3500,18000,,,,,,,Kinloch Rannoch,http://data.ordnancesurvey.co.uk/id/4000000074549044,http://www.ordnancesurvey.co.uk/xml/codelists/localtype.xml#village,,,,Perth and Kinross,http://data.ordnancesurvey.co.uk/id/7000000000030110,http://data.ordnancesurvey.co.uk/ontology/admingeo/UnitaryAuthority,Scotland,http://data.ordnancesurvey.co.uk/id/7000000000041429,Scotland,http://data.ordnancesurvey.co.uk/id/country/scotland,,,
PH152HG,http://data.ordnancesurvey.co.uk/id/postcodeunit/PH152HG,PH15 2HG,,,,other,Postcode,277270.000,745384.000,3500,18000,,,,,,,Kenmore,http://data.ordnancesurvey.co.uk/id/4000000074549413,http://www.ordnancesurvey.co.uk/xml/codelists/localtype.xml#village,,,,Perth and Kinross,http://data.ordnancesurvey.co.uk/id/7000000000030110,http://data.ordnancesurvey.co.uk/ontology/admingeo/UnitaryAuthority,Scotland,http://data.ordnancesurvey.co.uk/id/7000000000041429,Scotland,http://data.ordnancesurvey.co.uk/id/country/scotland,,,
PH172QL,http://data.ordnancesurvey.co.uk/id/postcodeunit/PH172QL,PH17 2QL,,,,other,Postcode,263570.000,759378.000,3500,18000,,,,,,,,,,,,,Perth and Kinross,http://data.ordnancesurvey.co.uk/id/7000000000030110,http://data.ordnancesurvey.co.uk/ontology/admingeo/UnitaryAuthority,Scotland,http://data.ordnancesurvey.co.uk/id/7000000000041429,Scotland,http://data.ordnancesurvey.co.uk/id/country/scotland,,,
PH165PW,http://data.ordnancesurvey.co.uk/id/postcodeunit/PH165PW,PH16 5PW,,,,other,Postcode,266096.000,758678.000,3500,18000,,,,,,,Kinloch Rannoch,http://data.ordnancesurvey.co.uk/id/4000000074549044,http://www.ordnancesurvey.co.uk/xml/codelists/localtype.xml#village,,,,Perth and Kinross,http://data.ordnancesurvey.co.uk/id/7000000000030110,http://data.ordnancesurvey.co.uk/ontology/admingeo/UnitaryAuthority,Scotland,http://data.ordnancesurvey.co.uk/id/7000000000041429,Scotland,http://data.ordnancesurvey.co.uk/id/country/scotland,,,
PH165SB,http://data.ordnancesurvey.co.uk/id/postcodeunit/PH165SB,PH16 5SB,,,,other,Postcode,276354.000,759012.000,3500,18000,,,,,,,Tummel Bridge,http://data.ordnancesurvey.co.uk/id/4000000074810609,http://www.ordnancesurvey.co.uk/xml/codelists/localtype.xml#village,,,,Perth and Kinross,http://data.ordnancesurvey.co.uk/id/7000000000030110,http://data.ordnancesurvey.co.uk/ontology/admingeo/UnitaryAuthority,Scotland,http://data.ordnancesurvey.co.uk/id/7000000000041429,Scotland,http://data.ordnancesurvey.co.uk/id/country/scotland,,,
PH152NJ,http://data.ordnancesurvey.co.uk/id/postcodeunit/PH152NJ,PH15 2NJ,,,,other,Postcode,266468.000,748232.000,3500,18000,,,,,,,Invervar,http://data.ordnancesurvey.co.uk/id/4000000074813703,http://www.ordnancesurvey.co.uk/xml/codelists/localtype.xml#hamlet,,,,Perth and Kinross,http://data.ordnancesurvey.co.uk/id/7000000000030110,http://data.ordnancesurvey.co.uk/ontology/admingeo/UnitaryAuthority,Scotland,http://data.ordnancesurvey.co.uk/id/7000000000041429,Scotland,http://data.ordnancesurvey.co.uk/id/country/scotland,,,
PH152NY,http://data.ordnancesurvey.co.uk/id/postcodeunit/PH152NY,PH15 2NY,,,,other,Postcode,273083.000,744413.000,3500,18000,,,,,,,Fearnan,http://data.ordnancesurvey.co.uk/id/4000000074549775,http://www.ordnancesurvey.co.uk/xml/codelists/localtype.xml#village,,,,Perth and Kinross,http://data.ordnancesurvey.co.uk/id/7000000000030110,http://data.ordnancesurvey.co.uk/ontology/admingeo/UnitaryAuthority,Scotland,http://data.ordnancesurvey.co.uk/id/7000000000041429,Scotland,http://data.ordnancesurvey.co.uk/id/country/scotland,,,
PH152EY,http://data.ordnancesurvey.co.uk/id/postcodeunit/PH152EY,PH15 2EY,,,,other,Postcode,279869.000,747396.000,3500,18000,,,,,,,,,,,,,Perth and Kinross,http://data.ordnancesurvey.co.uk/id/7000000000030110,http://data.ordnancesurvey.co.uk/ontology/admingeo/UnitaryAuthority,Scotland,http://data.ordnancesurvey.co.uk/id/7000000000041429,Scotland,http://data.ordnancesurvey.co.uk/id/country/scotland,,,
PH172QJ,http://data.ordnancesurvey.co.uk/id/postcodeunit/PH172QJ,PH17 2QJ,,,,other,Postcode,261878.000,757139.000,3500,18000,,,,,,,Carie,http://data.ordnancesurvey.co.uk/id/4000000074549045,http://www.ordnancesurvey.co.uk/xml/codelists/localtype.xml#otherSettlement,,,,Perth and Kinross,http://data.ordnancesurvey.co.uk/id/7000000000030110,http://data.ordnancesurvey.co.uk/ontology/admingeo/UnitaryAuthority,Scotland,http://data.ordnancesurvey.co.uk/id/7000000000041429,Scotland,http://data.ordnancesurvey.co.uk/id/country/scotland,,,
PH152HQ,http://data.ordnancesurvey.co.uk/id/postcodeunit/PH152HQ,PH15 2HQ,,,,other,Postcode,277541.000,745053.000,3500,18000,,,,,,,Kenmore,http://data.ordnancesurvey.co.uk/id/4000000074549413,http://www.ordnancesurvey.co.uk/xml/codelists/localtype.xml#village,,,,Perth and Kinross,http://data.ordnancesurvey.co.uk/id/7000000000030110,http://data.ordnancesurvey.co.uk/ontology/admingeo/UnitaryAuthority,Scotland,http://data.ordnancesurvey.co.uk/id/7000000000041429,Scotland,http://data.ordnancesurvey.co.uk/id/country/scotland,,,
PH165PE,http://data.ordnancesurvey.co.uk/id/postcodeunit/PH165PE,PH16 5PE,,,,other,Postcode,267727.000,758526.000,3500,18000,,,,,,,,,,,,,Perth and Kinross,http://data.ordnancesurvey.co.uk/id/7000000000030110,http://data.ordnancesurvey.co.uk/ontology/admingeo/UnitaryAuthority,Scotland,http://data.ordnancesurvey.co.uk/id/7000000000041429,Scotland,http://data.ordnancesurvey.co.uk/id/country/scotland,,,
PH152LS,http://data.ordnancesurvey.co.uk/id/postcodeunit/PH152LS,PH15 2LS,,,,other,Postcode,278135.000,748661.000,3500,18000,,,,,,,,,,,,,Perth and Kinross,http://data.ordnancesurvey.co.uk/id/7000000000030110,http://data.ordnancesurvey.co.uk/ontology/admingeo/UnitaryAuthority,Scotland,http://data.ordnancesurvey.co.uk/id/7000000000041429,Scotland,http://data.ordnancesurvey.co.uk/id/country/scotland,,,
PH152PN,http://data.ordnancesurvey.co.uk/id/postcodeunit/PH152PN,PH15 2PN,,,,other,Postcode,267032.000,747687.000,3500,18000,,,,,,,,,,,,,Perth and Kinross,http://data.ordnancesurvey.co.uk/id/7000000000030110,http://data.ordnancesurvey.co.uk/ontology/admingeo/UnitaryAuthority,Scotland,http://data.ordnancesurvey.co.uk/id/7000000000041429,Scotland,http://data.ordnancesurvey.co.uk/id/country/scotland,,,
PH152HR,http://data.ordnancesurvey.co.uk/id/postcodeunit/PH152HR,PH15 2HR,,,,other,Postcode,276143.000,743876.000,3500,18000,,,,,,,Acharn,http://data.ordnancesurvey.co.uk/id/4000000074549409,http://www.ordnancesurvey.co.uk/xml/codelists/localtype.xml#village,,,,Perth and Kinross,http://data.ordnancesurvey.co.uk/id/7000000000030110,http://data.ordnancesurvey.co.uk/ontology/admingeo/UnitaryAuthority,Scotland,http://data.ordnancesurvey.co.uk/id/7000000000041429,Scotland,http://data.ordnancesurvey.co.uk/id/country/scotland,,,
PH152LQ,http://data.ordnancesurvey.co.uk/id/postcodeunit/PH152LQ,PH15 2LQ,,,,other,Postcode,276494.000,748701.000,3500,18000,,,,,,,,,,,,,Perth and Kinross,http://data.ordnancesurvey.co.uk/id/7000000000030110,http://data.ordnancesurvey.co.uk/ontology/admingeo/UnitaryAuthority,Scotland,http://data.ordnancesurvey.co.uk/id/7000000000041429,Scotland,http://data.ordnancesurvey.co.uk/id/country/scotland,,,
PH165NQ,http://data.ordnancesurvey.co.uk/id/postcodeunit/PH165NQ,PH16 5NQ,,,,other,Postcode,279667.000,758429.000,3500,18000,,,,,,,,,,,,,Perth and Kinross,http://data.ordnancesurvey.co.uk/id/7000000000030110,http://data.ordnancesurvey.co.uk/ontology/admingeo/UnitaryAuthority,Scotland,http://data.ordnancesurvey.co.uk/id/7000000000041429,Scotland,http://data.ordnancesurvey.co.uk/id/country/scotland,,,
PH165PU,http://data.ordnancesurvey.co.uk/id/postcodeunit/PH165PU,PH16 5PU,,,,other,Postcode,266191.000,758492.000,3500,18000,,,,,,,Kinloch Rannoch,http://data.ordnancesurvey.co.uk/id/4000000074549044,http://www.ordnancesurvey.co.uk/xml/codelists/localtype.xml#village,,,,Perth and Kinross,http://data.ordnancesurvey.co.uk/id/7000000000030110,http://data.ordnancesurvey.co.uk/ontology/admingeo/UnitaryAuthority,Scotland,http://data.ordnancesurvey.co.uk/id/7000000000041429,Scotland,http://data.ordnancesurvey.co.uk/id/country/scotland,,,
PH165PQ,http://data.ordnancesurvey.co.uk/id/postcodeunit/PH165PQ,PH16 5PQ,,,,other,Postcode,266222.000,758847.000,3500,18000,,,,,,,Kinloch Rannoch,http://data.ordnancesurvey.co.uk/id/4000000074549044,http://www.ordnancesurvey.co.uk/xml/codelists/localtype.xml#village,,,,Perth and Kinross,http://data.ordnancesurvey.co.uk/id/7000000000030110,http://data.ordnancesurvey.co.uk/ontology/admingeo/UnitaryAuthority,Scotland,http://data.ordnancesurvey.co.uk/id/7000000000041429,Scotland,http://data.ordnancesurvey.co.uk/id/country/scotland,,,
PH165PP,http://data.ordnancesurvey.co.uk/id/postcodeunit/PH165PP,PH16 5PP,,,,other,Postcode,266045.000,758686.000,3500,18000,,,,,,,Kinloch Rannoch,http://data.ordnancesurvey.co.uk/id/4000000074549044,http://www.ordnancesurvey.co.uk/xml/codelists/localtype.xml#village,,,,Perth and Kinross,http://data.ordnancesurvey.co.uk/id/7000000000030110,http://data.ordnancesurvey.co.uk/ontology/admingeo/UnitaryAuthority,Scotland,http://data.ordnancesurvey.co.uk/id/7000000000041429,Scotland,http://data.ordnancesurvey.co.uk/id/country/scotland,,,
PH152JJ,http://data.ordnancesurvey.co.uk/id/postcodeunit/PH152JJ,PH15 2JJ,,,,other,Postcode,279977.000,748997.000,3500,18000,,,,,,,,,,,,,Perth and Kinross,http://data.ordnancesurvey.co.uk/id/7000000000030110,http://data.ordnancesurvey.co.uk/ontology/admingeo/UnitaryAuthority,Scotland,http://data.ordnancesurvey.co.uk/id/7000000000041429,Scotland,http://data.ordnancesurvey.co.uk/id/country/scotland,,,
PH152PW,http://data.ordnancesurvey.co.uk/id/postcodeunit/PH152PW,PH15 2PW,,,,other,Postcode,262329.000,747188.000,3500,18000,,,,,,,,,,,,,Perth and Kinross,http://data.ordnancesurvey.co.uk/id/7000000000030110,http://data.ordnancesurvey.co.uk/ontology/admingeo/UnitaryAuthority,Scotland,http://data.ordnancesurvey.co.uk/id/7000000000041429,Scotland,http://data.ordnancesurvey.co.uk/id/country/scotland,,,
PH152NQ,http://data.ordnancesurvey.co.uk/id/postcodeunit/PH152NQ,PH15 2NQ,,,,other,Postcode,274132.000,747025.000,3500,18000,,,,,,,Fortingall,http://data.ordnancesurvey.co.uk/id/4000000074549776,http://www.ordnancesurvey.co.uk/xml/codelists/localtype.xml#village,,,,Perth and Kinross,http://data.ordnancesurvey.co.uk/id/7000000000030110,http://data.ordnancesurvey.co.uk/ontology/admingeo/UnitaryAuthority,Scotland,http://data.ordnancesurvey.co.uk/id/7000000000041429,Scotland,http://data.ordnancesurvey.co.uk/id/country/scotland,,,
PH152NF,http://data.ordnancesurvey.co.uk/id/postcodeunit/PH152NF,PH15 2NF,,,,other,Postcode,275719.000,747759.000,3500,18000,,,,,,,Tomnacroich,http://data.ordnancesurvey.co.uk/id/4000000074541319,http://www.ordnancesurvey.co.uk/xml/codelists/localtype.xml#otherSettlement,,,,Perth and Kinross,http://data.ordnancesurvey.co.uk/id/7000000000030110,http://data.ordnancesurvey.co.uk/ontology/admingeo/UnitaryAuthority,Scotland,http://data.ordnancesurvey.co.uk/id/7000000000041429,Scotland,http://data.ordnancesurvey.co.uk/id/country/scotland,,,
PH152LH,http://data.ordnancesurvey.co.uk/id/postcodeunit/PH152LH,PH15 2LH,,,,other,Postcode,275709.000,747776.000,3500,18000,,,,,,,Tomnacroich,http://data.ordnancesurvey.co.uk/id/4000000074541319,http://www.ordnancesurvey.co.uk/xml/codelists/localtype.xml#otherSettlement,,,,Perth and Kinross,http://data.ordnancesurvey.co.uk/id/7000000000030110,http://data.ordnancesurvey.co.uk/ontology/admingeo/UnitaryAuthority,Scotland,http://data.ordnancesurvey.co.uk/id/7000000000041429,Scotland,http://data.ordnancesurvey.co.uk/id/country/scotland,,,
PH165NU,http://data.ordnancesurvey.co.uk/id/postcodeunit/PH165NU,PH16 5NU,,,,other,Postcode,276744.000,759260.000,3500,18000,,,,,,,Tummel Bridge,http://data.ordnancesurvey.co.uk/id/4000000074810609,http://www.ordnancesurvey.co.uk/xml/codelists/localtype.xml#village,,,,Perth and Kinross,http://data.ordnancesurvey.co.uk/id/7000000000030110,http://data.ordnancesurvey.co.uk/ontology/admingeo/UnitaryAuthority,Scotland,http://data.ordnancesurvey.co.uk/id/7000000000041429,Scotland,http://data.ordnancesurvey.co.uk/id/country/scotland,,,
PH152HS,http://data.ordnancesurvey.co.uk/id/postcodeunit/PH152HS,PH15 2HS,,,,other,Postcode,275628.000,743835.000,3500,18000,,,,,,,Acharn,http://data.ordnancesurvey.co.uk/id/4000000074549409,http://www.ordnancesurvey.co.uk/xml/codelists/localtype.xml#village,,,,Perth and Kinross,http://data.ordnancesurvey.co.uk/id/7000000000030110,http://data.ordnancesurvey.co.uk/ontology/admingeo/UnitaryAuthority,Scotland,http://data.ordnancesurvey.co.uk/id/7000000000041429,Scotland,http://data.ordnancesurvey.co.uk/id/country/scotland,,,
PH152EP,http://data.ordnancesurvey.co.uk/id/postcodeunit/PH152EP,PH15 2EP,,,,other,Postcode,277157.000,745726.000,3500,18000,,,,,,,Kenmore,http://data.ordnancesurvey.co.uk/id/4000000074549413,http://www.ordnancesurvey.co.uk/xml/codelists/localtype.xml#village,,,,Perth and Kinross,http://data.ordnancesurvey.co.uk/id/7000000000030110,http://data.ordnancesurvey.co.uk/ontology/admingeo/UnitaryAuthority,Scotland,http://data.ordnancesurvey.co.uk/id/7000000000041429,Scotland,http://data.ordnancesurvey.co.uk/id/country/scotland,,,
PH165PA,http://data.ordnancesurvey.co.uk/id/postcodeunit/PH165PA,PH16 5PA,,,,other,Postcode,271170.000,759696.000,3500,18000,,,,,,,,,,,,,Perth and Kinross,http://data.ordnancesurvey.co.uk/id/7000000000030110,http://data.ordnancesurvey.co.uk/ontology/admingeo/UnitaryAuthority,Scotland,http://data.ordnancesurvey.co.uk/id/7000000000041429,Scotland,http://data.ordnancesurvey.co.uk/id/country/scotland,,,
PH152PF,http://data.ordnancesurvey.co.uk/id/postcodeunit/PH152PF,PH15 2PF,,,,other,Postcode,272417.000,744519.000,3500,18000,,,,,,,Fearnan,http://data.ordnancesurvey.co.uk/id/4000000074549775,http://www.ordnancesurvey.co.uk/xml/codelists/localtype.xml#village,,,,Perth and Kinross,http://data.ordnancesurvey.co.uk/id/7000000000030110,http://data.ordnancesurvey.co.uk/ontology/admingeo/UnitaryAuthority,Scotland,http://data.ordnancesurvey.co.uk/id/7000000000041429,Scotland,http://data.ordnancesurvey.co.uk/id/country/scotland,,,
PH152HY,http://data.ordnancesurvey.co.uk/id/postcodeunit/PH152HY,PH15 2HY,,,,other,Postcode,277049.000,744859.000,3500,18000,,,,,,,Kenmore,http://data.ordnancesurvey.co.uk/id/4000000074549413,http://www.ordnancesurvey.co.uk/xml/codelists/localtype.xml#village,,,,Perth and Kinross,http://data.ordnancesurvey.co.uk/id/7000000000030110,http://data.ordnancesurvey.co.uk/ontology/admingeo/UnitaryAuthority,Scotland,http://data.ordnancesurvey.co.uk/id/7000000000041429,Scotland,http://data.ordnancesurvey.co.uk/id/country/scotland,,,
PH152HP,http://data.ordnancesurvey.co.uk/id/postcodeunit/PH152HP,PH15 2HP,,,,other,Postcode,276088.000,743943.000,3500,18000,,,,,,,Acharn,http://data.ordnancesurvey.co.uk/id/4000000074549409,http://www.ordnancesurvey.co.uk/xml/codelists/localtype.xml#village,,,,Perth and Kinross,http://data.ordnancesurvey.co.uk/id/7000000000030110,http://data.ordnancesurvey.co.uk/ontology/admingeo/UnitaryAuthority,Scotland,http://data.ordnancesurvey.co.uk/id/7000000000041429,Scotland,http://data.ordnancesurvey.co.uk/id/country/scotland,,,
PH165PG,http://data.ordnancesurvey.co.uk/id/postcodeunit/PH165PG,PH16 5PG,,,,other,Postcode,266425.000,758809.000,3500,18000,,,,,,,Kinloch Rannoch,http://data.ordnancesurvey.co.uk/id/4000000074549044,http://www.ordnancesurvey.co.uk/xml/codelists/localtype.xml#village,,,,Perth and Kinross,http://data.ordnancesurvey.co.uk/id/7000000000030110,http://data.ordnancesurvey.co.uk/ontology/admingeo/UnitaryAuthority,Scotland,http://data.ordnancesurvey.co.uk/id/7000000000041429,Scotland,http://data.ordnancesurvey.co.uk/id/country/scotland,,,
PH165QD,http://data.ordnancesurvey.co.uk/id/postcodeunit/PH165QD,PH16 5QD,,,,other,Postcode,267745.000,757695.000,3500,18000,,,,,,,,,,,,,Perth and Kinross,http://data.ordnancesurvey.co.uk/id/7000000000030110,http://data.ordnancesurvey.co.uk/ontology/admingeo/UnitaryAuthority,Scotland,http://data.ordnancesurvey.co.uk/id/7000000000041429,Scotland,http://data.ordnancesurvey.co.uk/id/country/scotland,,,
PH152PL,http://data.ordnancesurvey.co.uk/id/postcodeunit/PH152PL,PH15 2PL,,,,other,Postcode,266610.000,748406.000,3500,18000,,,,,,,Invervar,http://data.ordnancesurvey.co.uk/id/4000000074813703,http://www.ordnancesurvey.co.uk/xml/codelists/localtype.xml#hamlet,,,,Perth and Kinross,http://data.ordnancesurvey.co.uk/id/7000000000030110,http://data.ordnancesurvey.co.uk/ontology/admingeo/UnitaryAuthority,Scotland,http://data.ordnancesurvey.co.uk/id/7000000000041429,Scotland,http://data.ordnancesurvey.co.uk/id/country/scotland,,,
PH165PD,http://data.ordnancesurvey.co.uk/id/postcodeunit/PH165PD,PH16 5PD,,,,other,Postcode,269713.000,759110.000,3500,18000,,,,,,,,,,,,,Perth and Kinross,http://data.ordnancesurvey.co.uk/id/7000000000030110,http://data.ordnancesurvey.co.uk/ontology/admingeo/UnitaryAuthority,Scotland,http://data.ordnancesurvey.co.uk/id/7000000000041429,Scotland,http://data.ordnancesurvey.co.uk/id/country/scotland,,,
PH152HH,http://data.ordnancesurvey.co.uk/id/postcodeunit/PH152HH,PH15 2HH,,,,other,Postcode,277339.000,745451.000,3500,18000,,,,,,,Kenmore,http://data.ordnancesurvey.co.uk/id/4000000074549413,http://www.ordnancesurvey.co.uk/xml/codelists/localtype.xml#village,,,,Perth and Kinross,http://data.ordnancesurvey.co.uk/id/7000000000030110,http://data.ordnancesurvey.co.uk/ontology/admingeo/UnitaryAuthority,Scotland,http://data.ordnancesurvey.co.uk/id/7000000000041429,Scotland,http://data.ordnancesurvey.co.uk/id/country/scotland,,,
PH165NH,http://data.ordnancesurvey.co.uk/id/postcodeunit/PH165NH,PH16 5NH,,,,other,Postcode,278309.000,757619.000,3500,18000,,,,,,,,,,,,,Perth and Kinross,http://data.ordnancesurvey.co.uk/id/7000000000030110,http://data.ordnancesurvey.co.uk/ontology/admingeo/UnitaryAuthority,Scotland,http://data.ordnancesurvey.co.uk/id/7000000000041429,Scotland,http://data.ordnancesurvey.co.uk/id/country/scotland,,,
PH152PQ,http://data.ordnancesurvey.co.uk/id/postcodeunit/PH152PQ,PH15 2PQ,,,,other,Postcode,271017.000,743840.000,3500,18000,,,,,,,,,,,,,Perth and Kinross,http://data.ordnancesurvey.co.uk/id/7000000000030110,http://data.ordnancesurvey.co.uk/ontology/admingeo/UnitaryAuthority,Scotland,http://data.ordnancesurvey.co.uk/id/7000000000041429,Scotland,http://data.ordnancesurvey.co.uk/id/country/scotland,,,
osgb4000000004305828,http://data.ordnancesurvey.co.uk/id/4000000004305828,Bridgend Road,,,,transportNetwork,Named Road,266300.600,758592.600,1000,20000,266245.000,758564.000,266357.951,758628.578,PH16,http://data.ordnancesurvey.co.uk/id/postcodedistrict/PH16,Kinloch Rannoch,http://data.ordnancesurvey.co.uk/id/4000000074549044,http://www.ordnancesurvey.co.uk/xml/codelists/localtype.xml#village,,,,Perth and Kinross,http://data.ordnancesurvey.co.uk/id/7000000000030110,http://data.ordnancesurvey.co.uk/ontology/admingeo/UnitaryAuthority,Scotland,http://data.ordnancesurvey.co.uk/id/7000000000041429,Scotland,http://data.ordnancesurvey.co.uk/id/country/scotland,,,
osgb4000000004305827,http://data.ordnancesurvey.co.uk/id/4000000004305827,Buchannan Place,,,,transportNetwork,Named Road,266031.000,758677.000,1000,20000,266027.600,758654.600,266034.400,758712.600,PH16,http://data.ordnancesurvey.co.uk/id/postcodedistrict/PH16,Kinloch Rannoch,http://data.ordnancesurvey.co.uk/id/4000000074549044,http://www.ordnancesurvey.co.uk/xml/codelists/localtype.xml#village,,,,Perth and Kinross,http://data.ordnancesurvey.co.uk/id/7000000000030110,http://data.ordnancesurvey.co.uk/ontology/admingeo/UnitaryAuthority,Scotland,http://data.ordnancesurvey.co.uk/id/7000000000041429,Scotland,http://data.ordnancesurvey.co.uk/id/country/scotland,,,
85575566-3e6d-4e83-a8b1-fcaaab22dcc3,http://data.ordnancesurvey.co.uk/id/85575566-3e6d-4e83-a8b1-fcaaab22dcc3,Tay Sealladh,,,,transportNetwork,Section Of Named Road,272058.749,744445.529,1000,25000,272058.749,744445.529,272059.573,744446.476,PH15,http://data.ordnancesurvey.co.uk/id/postcodedistrict/PH15,Fearnan,http://data.ordnancesurvey.co.uk/id/4000000074549775,http://www.ordnancesurvey.co.uk/xml/codelists/localtype.xml#village,,,,Perth and Kinross,http://data.ordnancesurvey.co.uk/id/7000000000030110,http://data.ordnancesurvey.co.uk/ontology/admingeo/UnitaryAuthority,Scotland,http://data.ordnancesurvey.co.uk/id/7000000000041429,Scotland,http://data.ordnancesurvey.co.uk/id/country/scotland,osgb5000005102992408,,
ed7bb13f-b5bd-471f-a11e-6d55034ea4f8,http://data.ordnancesurvey.co.uk/id/ed7bb13f-b5bd-471f-a11e-6d55034ea4f8,Tigh Na Loan,,,,transportNetwork,Section Of Named Road,272047.847,744418.260,1000,25000,272035.111,744382.289,272061.178,744445.934,PH15,http://data.ordnancesurvey.co.uk/id/postcodedistrict/PH15,Fearnan,http://data.ordnancesurvey.co.uk/id/4000000074549775,http://www.ordnancesurvey.co.uk/xml/codelists/localtype.xml#village,,,,Perth and Kinross,http://data.ordnancesurvey.co.uk/id/7000000000030110,http://data.ordnancesurvey.co.uk/ontology/admingeo/UnitaryAuthority,Scotland,http://data.ordnancesurvey.co.uk/id/7000000000041429,Scotland,http://data.ordnancesurvey.co.uk/id/country/scotland,osgb5000005102992412,,
osgb4000000004305515,http://data.ordnancesurvey.co.uk/id/4000000004305515,Braes Of Taymouth,,,,transportNetwork,Named Road,277497.000,745067.000,1000,20000,277456.243,745045.970,277559.000,745077.000,PH15,http://data.ordnancesurvey.co.uk/id/postcodedistrict/PH15,Kenmore,http://data.ordnancesurvey.co.uk/id/4000000074549413,http://www.ordnancesurvey.co.uk/xml/codelists/localtype.xml#village,,,,Perth and Kinross,http://data.ordnancesurvey.co.uk/id/7000000000030110,http://data.ordnancesurvey.co.uk/ontology/admingeo/UnitaryAuthority,Scotland,http://data.ordnancesurvey.co.uk/id/7000000000041429,Scotland,http://data.ordnancesurvey.co.uk/id/country/scotland,,,
osgb4000000004305517,http://data.ordnancesurvey.co.uk/id/4000000004305517,Taymouth Drive,,,,transportNetwork,Named Road,277460.000,745554.000,1000,20000,277384.000,745502.000,277541.560,745627.299,PH15,http://data.ordnancesurvey.co.uk/id/postcodedistrict/PH15,Kenmore,http://data.ordnancesurvey.co.uk/id/4000000074549413,http://www.ordnancesurvey.co.uk/xml/codelists/localtype.xml#village,,,,Perth and Kinross,http://data.ordnancesurvey.co.uk/id/7000000000030110,http://data.ordnancesurvey.co.uk/ontology/admingeo/UnitaryAuthority,Scotland,http://data.ordnancesurvey.co.uk/id/7000000000041429,Scotland,http://data.ordnancesurvey.co.uk/id/country/scotland,,,
osgb4000000004305822,http://data.ordnancesurvey.co.uk/id/4000000004305822,Creagach,,,,transportNetwork,Named Road,272471.000,744630.000,1000,20000,272410.000,744612.000,272532.681,744682.022,PH15,http://data.ordnancesurvey.co.uk/id/postcodedistrict/PH15,Fearnan,http://data.ordnancesurvey.co.uk/id/4000000074549775,http://www.ordnancesurvey.co.uk/xml/codelists/localtype.xml#village,,,,Perth and Kinross,http://data.ordnancesurvey.co.uk/id/7000000000030110,http://data.ordnancesurvey.co.uk/ontology/admingeo/UnitaryAuthority,Scotland,http://data.ordnancesurvey.co.uk/id/7000000000041429,Scotland,http://data.ordnancesurvey.co.uk/id/country/scotland,,,
osgb4000000004305081,http://data.ordnancesurvey.co.uk/id/4000000004305081,Queen's Drive,,,,transportNetwork,Named Road,275834.486,743045.408,7000,20000,275530.339,742860.023,276552.561,743828.012,PH15,http://data.ordnancesurvey.co.uk/id/postcodedistrict/PH15,,,,,,,Perth and Kinross,http://data.ordnancesurvey.co.uk/id/7000000000030110,http://data.ordnancesurvey.co.uk/ontology/admingeo/UnitaryAuthority,Scotland,http://data.ordnancesurvey.co.uk/id/7000000000041429,Scotland,http://data.ordnancesurvey.co.uk/id/country/scotland,,,
osgb5000005102992408,http://data.ordnancesurvey.co.uk/id/5000005102992408,Tay Sealladh,,,,transportNetwork,Named Road,272067.695,744462.485,1000,20000,272058.749,744445.529,272080.522,744464.421,PH15,http://data.ordnancesurvey.co.uk/id/postcodedistrict/PH15,,,,,,,Perth and Kinross,http://data.ordnancesurvey.co.uk/id/7000000000030110,http://data.ordnancesurvey.co.uk/ontology/admingeo/UnitaryAuthority,Scotland,http://data.ordnancesurvey.co.uk/id/7000000000041429,Scotland,http://data.ordnancesurvey.co.uk/id/country/scotland,,,
f83a6950-54c4-4da0-b958-07e08ee40afc,http://data.ordnancesurvey.co.uk/id/f83a6950-54c4-4da0-b958-07e08ee40afc,Taymouth Drive,,,,transportNetwork,Section Of Named Road,277460.000,745554.000,1000,25000,277384.000,745502.000,277528.894,745627.299,PH15,http://data.ordnancesurvey.co.uk/id/postcodedistrict/PH15,Kenmore,http://data.ordnancesurvey.co.uk/id/4000000074549413,http://www.ordnancesurvey.co.uk/xml/codelists/localtype.xml#village,,,,Perth and Kinross,http://data.ordnancesurvey.co.uk/id/7000000000030110,http://data.ordnancesurvey.co.uk/ontology/admingeo/UnitaryAuthority,Scotland,http://data.ordnancesurvey.co.uk/id/7000000000041429,Scotland,http://data.ordnancesurvey.co.uk/id/country/scotland,osgb4000000004305517,,
osgb4000000004306004,http://data.ordnancesurvey.co.uk/id/4000000004306004,Bracken Gardens,,,,transportNetwork,Named Road,266440.503,758844.596,1000,20000,266440.503,758844.596,266459.000,758849.600,PH16,http://data.ordnancesurvey.co.uk/id/postcodedistrict/PH16,Kinloch Rannoch,http://data.ordnancesurvey.co.uk/id/4000000074549044,http://www.ordnancesurvey.co.uk/xml/codelists/localtype.xml#village,,,,Perth and Kinross,http://data.ordnancesurvey.co.uk/id/7000000000030110,http://data.ordnancesurvey.co.uk/ontology/admingeo/UnitaryAuthority,Scotland,http://data.ordnancesurvey.co.uk/id/7000000000041429,Scotland,http://data.ordnancesurvey.co.uk/id/country/scotland,,,
osgb4000000004315885,http://data.ordnancesurvey.co.uk/id/4000000004315885,Castle Gardens,,,,transportNetwork,Named Road,277125.658,745702.300,1000,20000,277105.829,745671.060,277158.173,745744.129,PH15,http://data.ordnancesurvey.co.uk/id/postcodedistrict/PH15,Kenmore,http://data.ordnancesurvey.co.uk/id/4000000074549413,http://www.ordnancesurvey.co.uk/xml/codelists/localtype.xml#village,,,,Perth and Kinross,http://data.ordnancesurvey.co.uk/id/7000000000030110,http://data.ordnancesurvey.co.uk/ontology/admingeo/UnitaryAuthority,Scotland,http://data.ordnancesurvey.co.uk/id/7000000000041429,Scotland,http://data.ordnancesurvey.co.uk/id/country/scotland,,,
osgb4000000004305971,http://data.ordnancesurvey.co.uk/id/4000000004305971,Schiehallion Place,,,,transportNetwork,Named Road,266459.000,758849.600,1000,20000,266457.200,758803.600,266470.000,758857.200,PH16,http://data.ordnancesurvey.co.uk/id/postcodedistrict/PH16,Kinloch Rannoch,http://data.ordnancesurvey.co.uk/id/4000000074549044,http://www.ordnancesurvey.co.uk/xml/codelists/localtype.xml#village,,,,Perth and Kinross,http://data.ordnancesurvey.co.uk/id/7000000000030110,http://data.ordnancesurvey.co.uk/ontology/admingeo/UnitaryAuthority,Scotland,http://data.ordnancesurvey.co.uk/id/7000000000041429,Scotland,http://data.ordnancesurvey.co.uk/id/country/scotland,,,
osgb4000000004305248,http://data.ordnancesurvey.co.uk/id/4000000004305248,Aberfeldy Road,,,,transportNetwork,Named Road,277451.000,745367.000,2000,20000,277342.862,745165.877,277513.112,745478.127,PH15,http://data.ordnancesurvey.co.uk/id/postcodedistrict/PH15,Kenmore,http://data.ordnancesurvey.co.uk/id/4000000074549413,http://www.ordnancesurvey.co.uk/xml/codelists/localtype.xml#village,,,,Perth and Kinross,http://data.ordnancesurvey.co.uk/id/7000000000030110,http://data.ordnancesurvey.co.uk/ontology/admingeo/UnitaryAuthority,Scotland,http://data.ordnancesurvey.co.uk/id/7000000000041429,Scotland,http://data.ordnancesurvey.co.uk/id/country/scotland,,,
osgb4000000004305825,http://data.ordnancesurvey.co.uk/id/4000000004305825,Muirlodge Place,,,,transportNetwork,Named Road,266404.000,758454.000,1000,20000,266339.800,758412.400,266501.331,758508.000,PH16,http://data.ordnancesurvey.co.uk/id/postcodedistrict/PH16,Kinloch Rannoch,http://data.ordnancesurvey.co.uk/id/4000000074549044,http://www.ordnancesurvey.co.uk/xml/codelists/localtype.xml#village,,,,Perth and Kinross,http://data.ordnancesurvey.co.uk/id/7000000000030110,http://data.ordnancesurvey.co.uk/ontology/admingeo/UnitaryAuthority,Scotland,http://data.ordnancesurvey.co.uk/id/7000000000041429,Scotland,http://data.ordnancesurvey.co.uk/id/country/scotland,,,
osgb4000000004305829,http://data.ordnancesurvey.co.uk/id/4000000004305829,Allt Mor Crescent,,,,transportNetwork,Named Road,266257.000,758788.000,1000,20000,266223.000,758772.196,266301.002,758801.400,PH16,http://data.ordnancesurvey.co.uk/id/postcodedistrict/PH16,Kinloch Rannoch,http://data.ordnancesurvey.co.uk/id/4000000074549044,http://www.ordnancesurvey.co.uk/xml/codelists/localtype.xml#village,,,,Perth and Kinross,http://data.ordnancesurvey.co.uk/id/7000000000030110,http://data.ordnancesurvey.co.uk/ontology/admingeo/UnitaryAuthority,Scotland,http://data.ordnancesurvey.co.uk/id/7000000000041429,Scotland,http://data.ordnancesurvey.co.uk/id/country/scotland,,,
osgb4000000004305970,http://data.ordnancesurvey.co.uk/id/4000000004305970,The Square,,,,transportNetwork,Named Road,277280.000,745460.000,1000,20000,277184.000,745460.000,277384.000,745502.000,PH15,http://data.ordnancesurvey.co.uk/id/postcodedistrict/PH15,Kenmore,http://data.ordnancesurvey.co.uk/id/4000000074549413,http://www.ordnancesurvey.co.uk/xml/codelists/localtype.xml#village,,,,Perth and Kinross,http://data.ordnancesurvey.co.uk/id/7000000000030110,http://data.ordnancesurvey.co.uk/ontology/admingeo/UnitaryAuthority,Scotland,http://data.ordnancesurvey.co.uk/id/7000000000041429,Scotland,http://data.ordnancesurvey.co.uk/id/country/scotland,,,
osgb4000000004306021,http://data.ordnancesurvey.co.uk/id/4000000004306021,B846,,,,transportNetwork,Numbered Road,264751.000,758921.000,250000,280000,242288.625,748545.000,285442.000,759555.000,PH16,http://data.ordnancesurvey.co.uk/id/postcodedistrict/PH16,,,,,,,Perth and Kinross,http://data.ordnancesurvey.co.uk/id/7000000000030110,http://data.ordnancesurvey.co.uk/ontology/admingeo/UnitaryAuthority,Scotland,http://data.ordnancesurvey.co.uk/id/7000000000041429,Scotland,http://data.ordnancesurvey.co.uk/id/country/scotland,,,
osgb5000005102992412,http://data.ordnancesurvey.co.uk/id/5000005102992412,Tigh Na Loan,,,,transportNetwork,Named Road,272044.112,744417.606,1000,20000,272023.891,744382.289,272061.178,744458.855,PH15,http://data.ordnancesurvey.co.uk/id/postcodedistrict/PH15,Fearnan,http://data.ordnancesurvey.co.uk/id/4000000074549775,http://www.ordnancesurvey.co.uk/xml/codelists/localtype.xml#village,,,,Perth and Kinross,http://data.ordnancesurvey.co.uk/id/7000000000030110,http://data.ordnancesurvey.co.uk/ontology/admingeo/UnitaryAuthority,Scotland,http://data.ordnancesurvey.co.uk/id/7000000000041429,Scotland,http://data.ordnancesurvey.co.uk/id/country/scotland,,,
osgb4000000004305518,http://data.ordnancesurvey.co.uk/id/4000000004305518,Dalcroy Crescent,,,,transportNetwork,Named Road,276772.000,759235.000,1000,20000,276708.000,759214.000,276845.000,759259.000,PH16,http://data.ordnancesurvey.co.uk/id/postcodedistrict/PH16,Tummel Bridge,http://data.ordnancesurvey.co.uk/id/4000000074810609,http://www.ordnancesurvey.co.uk/xml/codelists/localtype.xml#village,,,,Perth and Kinross,http://data.ordnancesurvey.co.uk/id/7000000000030110,http://data.ordnancesurvey.co.uk/ontology/admingeo/UnitaryAuthority,Scotland,http://data.ordnancesurvey.co.uk/id/7000000000041429,Scotland,http://data.ordnancesurvey.co.uk/id/country/scotland,,,
osgb4000000004305823,http://data.ordnancesurvey.co.uk/id/4000000004305823,Eddergoll,,,,transportNetwork,Named Road,275662.000,743838.000,1000,20000,275638.000,743831.696,275688.993,743850.000,PH15,http://data.ordnancesurvey.co.uk/id/postcodedistrict/PH15,Acharn,http://data.ordnancesurvey.co.uk/id/4000000074549409,http://www.ordnancesurvey.co.uk/xml/codelists/localtype.xml#village,,,,Perth and Kinross,http://data.ordnancesurvey.co.uk/id/7000000000030110,http://data.ordnancesurvey.co.uk/ontology/admingeo/UnitaryAuthority,Scotland,http://data.ordnancesurvey.co.uk/id/7000000000041429,Scotland,http://data.ordnancesurvey.co.uk/id/country/scotland,,,
osgb4000000004305826,http://data.ordnancesurvey.co.uk/id/4000000004305826,Craig Varr Place,,,,transportNetwork,Named Road,266470.000,758803.600,1000,20000,266389.784,758776.400,266511.000,758858.000,PH16,http://data.ordnancesurvey.co.uk/id/postcodedistrict/PH16,Kinloch Rannoch,http://data.ordnancesurvey.co.uk/id/4000000074549044,http://www.ordnancesurvey.co.uk/xml/codelists/localtype.xml#village,,,,Perth and Kinross,http://data.ordnancesurvey.co.uk/id/7000000000030110,http://data.ordnancesurvey.co.uk/ontology/admingeo/UnitaryAuthority,Scotland,http://data.ordnancesurvey.co.uk/id/7000000000041429,Scotland,http://data.ordnancesurvey.co.uk/id/country/scotland,,,
osgb4000000004309319,http://data.ordnancesurvey.co.uk/id/4000000004309319,Dalcharian,,,,transportNetwork,Named Road,272170.120,744725.099,1000,20000,272079.223,744595.290,272220.733,744800.429,PH15,http://data.ordnancesurvey.co.uk/id/postcodedistrict/PH15,Fearnan,http://data.ordnancesurvey.co.uk/id/4000000074549775,http://www.ordnancesurvey.co.uk/xml/codelists/localtype.xml#village,,,,Perth and Kinross,http://data.ordnancesurvey.co.uk/id/7000000000030110,http://data.ordnancesurvey.co.uk/ontology/admingeo/UnitaryAuthority,Scotland,http://data.ordnancesurvey.co.uk/id/7000000000041429,Scotland,http://data.ordnancesurvey.co.uk/id/country/scotland,,,
osgb4000000004305516,http://data.ordnancesurvey.co.uk/id/4000000004305516,Pier Road,,,,transportNetwork,Named Road,277345.000,745386.000,1000,20000,277280.000,745361.000,277399.188,745416.274,PH15,http://data.ordnancesurvey.co.uk/id/postcodedistrict/PH15,Kenmore,http://data.ordnancesurvey.co.uk/id/4000000074549413,http://www.ordnancesurvey.co.uk/xml/codelists/localtype.xml#village,,,,Perth and Kinross,http://data.ordnancesurvey.co.uk/id/7000000000030110,http://data.ordnancesurvey.co.uk/ontology/admingeo/UnitaryAuthority,Scotland,http://data.ordnancesurvey.co.uk/id/7000000000041429,Scotland,http://data.ordnancesurvey.co.uk/id/country/scotland,,,
osgb4000000004307776,http://data.ordnancesurvey.co.uk/id/4000000004307776,A827,,,,transportNetwork,Numbered Road,274962.764,744767.893,280000,1000000,254765.000,730103.000,297888.000,753476.626,PH15,http://data.ordnancesurvey.co.uk/id/postcodedistrict/PH15,,,,,,,Perth and Kinross,http://data.ordnancesurvey.co.uk/id/7000000000030110,http://data.ordnancesurvey.co.uk/ontology/admingeo/UnitaryAuthority,Scotland,http://data.ordnancesurvey.co.uk/id/7000000000041429,Scotland,http://data.ordnancesurvey.co.uk/id/country/scotland,,,
PH152PH,http://data.ordnancesurvey.co.uk/id/postcodeunit/PH152PH,PH15 2PH,,,,other,Postcode,272199.000,744810.000,3500,18000,,,,,,,Fearnan,http://data.ordnancesurvey.co.uk/id/4000000074549775,http://www.ordnancesurvey.co.uk/xml/codelists/localtype.xml#village,,,,Perth and Kinross,http://data.ordnancesurvey.co.uk/id/7000000000030110,http://data.ordnancesurvey.co.uk/ontology/admingeo/UnitaryAuthority,Scotland,http://data.ordnancesurvey.co.uk/id/7000000000041429,Scotland,http://data.ordnancesurvey.co.uk/id/country/scotland,,,
PH152NG,http://data.ordnancesurvey.co.uk/id/postcodeunit/PH152NG,PH15 2NG,,,,other,Postcode,274981.000,747058.000,3500,18000,,,,,,,Tomnacroich,http://data.ordnancesurvey.co.uk/id/4000000074541319,http://www.ordnancesurvey.co.uk/xml/codelists/localtype.xml#otherSettlement,,,,Perth and Kinross,http://data.ordnancesurvey.co.uk/id/7000000000030110,http://data.ordnancesurvey.co.uk/ontology/admingeo/UnitaryAuthority,Scotland,http://data.ordnancesurvey.co.uk/id/7000000000041429,Scotland,http://data.ordnancesurvey.co.uk/id/country/scotland,,,
PH152LJ,http://data.ordnancesurvey.co.uk/id/postcodeunit/PH152LJ,PH15 2LJ,,,,other,Postcode,275203.000,747190.000,3500,18000,,,,,,,Tomnacroich,http://data.ordnancesurvey.co.uk/id/4000000074541319,http://www.ordnancesurvey.co.uk/xml/codelists/localtype.xml#otherSettlement,,,,Perth and Kinross,http://data.ordnancesurvey.co.uk/id/7000000000030110,http://data.ordnancesurvey.co.uk/ontology/admingeo/UnitaryAuthority,Scotland,http://data.ordnancesurvey.co.uk/id/7000000000041429,Scotland,http://data.ordnancesurvey.co.uk/id/country/scotland,,,
osgb4000000004305824,http://data.ordnancesurvey.co.uk/id/4000000004305824,Ballinlaggan,,,,transportNetwork,Named Road,275642.000,743784.000,1000,20000,275613.413,743777.329,275654.000,743822.000,PH15,http://data.ordnancesurvey.co.uk/id/postcodedistrict/PH15,Acharn,http://data.ordnancesurvey.co.uk/id/4000000074549409,http://www.ordnancesurvey.co.uk/xml/codelists/localtype.xml#village,,,,Perth and Kinross,http://data.ordnancesurvey.co.uk/id/7000000000030110,http://data.ordnancesurvey.co.uk/ontology/admingeo/UnitaryAuthority,Scotland,http://data.ordnancesurvey.co.uk/id/7000000000041429,Scotland,http://data.ordnancesurvey.co.uk/id/country/scotland,,,
osgb4000000004305250,http://data.ordnancesurvey.co.uk/id/4000000004305250,Allt Mor Place,,,,transportNetwork,Named Road,266223.000,758801.400,1000,20000,266169.014,758676.947,266324.200,758884.800,PH16,http://data.ordnancesurvey.co.uk/id/postcodedistrict/PH16,Kinloch Rannoch,http://data.ordnancesurvey.co.uk/id/4000000074549044,http://www.ordnancesurvey.co.uk/xml/codelists/localtype.xml#village,,,,Perth and Kinross,http://data.ordnancesurvey.co.uk/id/7000000000030110,http://data.ordnancesurvey.co.uk/ontology/admingeo/UnitaryAuthority,Scotland,http://data.ordnancesurvey.co.uk/id/7000000000041429,Scotland,http://data.ordnancesurvey.co.uk/id/country/scotland,,,
0ba8eec1-7db7-4468-8378-0170ad0d096c,http://data.ordnancesurvey.co.uk/id/0ba8eec1-7db7-4468-8378-0170ad0d096c,Queen's Drive,,,,transportNetwork,Section Of Named Road,275568.000,743733.000,1000,25000,275530.339,743637.022,275618.989,743828.012,PH15,http://data.ordnancesurvey.co.uk/id/postcodedistrict/PH15,Acharn,http://data.ordnancesurvey.co.uk/id/4000000074549409,http://www.ordnancesurvey.co.uk/xml/codelists/localtype.xml#village,,,,Perth and Kinross,http://data.ordnancesurvey.co.uk/id/7000000000030110,http://data.ordnancesurvey.co.uk/ontology/admingeo/UnitaryAuthority,Scotland,http://data.ordnancesurvey.co.uk/id/7000000000041429,Scotland,http://data.ordnancesurvey.co.uk/id/country/scotland,osgb4000000004305081,,
osgb4000000004305249,http://data.ordnancesurvey.co.uk/id/4000000004305249,Bunrannoch Place,,,,transportNetwork,Named Road,266206.000,758304.000,2000,20000,266115.800,758153.400,266286.000,758520.000,PH16,http://data.ordnancesurvey.co.uk/id/postcodedistrict/PH16,Kinloch Rannoch,http://data.ordnancesurvey.co.uk/id/4000000074549044,http://www.ordnancesurvey.co.uk/xml/codelists/localtype.xml#village,,,,Perth and Kinross,http://data.ordnancesurvey.co.uk/id/7000000000030110,http://data.ordnancesurvey.co.uk/ontology/admingeo/UnitaryAuthority,Scotland,http://data.ordnancesurvey.co.uk/id/7000000000041429,Scotland,http://data.ordnancesurvey.co.uk/id/country/scotland,,,
