﻿osgb4000000074553467,http://data.ordnancesurvey.co.uk/id/4000000074553467,Knockrome,,,,populatedPlace,Hamlet,155422.000,671801.000,5000,25000,155066.922,671514.364,155596.279,672014.364,PA60,http://data.ordnancesurvey.co.uk/id/postcodedistrict/PA60,,,,,,,Argyll and Bute,http://data.ordnancesurvey.co.uk/id/7000000000030106,http://data.ordnancesurvey.co.uk/ontology/admingeo/UnitaryAuthority,Scotland,http://data.ordnancesurvey.co.uk/id/7000000000041429,Scotland,http://data.ordnancesurvey.co.uk/id/country/scotland,,,
osgb4000000074553466,http://data.ordnancesurvey.co.uk/id/4000000074553466,Ardfernal,,,,populatedPlace,Hamlet,155995.000,671621.000,5000,25000,155747.332,671416.806,156247.332,671916.806,PA60,http://data.ordnancesurvey.co.uk/id/postcodedistrict/PA60,,,,,,,Argyll and Bute,http://data.ordnancesurvey.co.uk/id/7000000000030106,http://data.ordnancesurvey.co.uk/ontology/admingeo/UnitaryAuthority,Scotland,http://data.ordnancesurvey.co.uk/id/7000000000041429,Scotland,http://data.ordnancesurvey.co.uk/id/country/scotland,,http://dbpedia.org/resource/Ardfernal,
osgb4000000074548970,http://data.ordnancesurvey.co.uk/id/4000000074548970,Ardfin,,,,populatedPlace,Other Settlement,148721.750,663744.240,15000,25000,148050.952,663479.870,149148.485,664163.474,PA60,http://data.ordnancesurvey.co.uk/id/postcodedistrict/PA60,,,,,,,Argyll and Bute,http://data.ordnancesurvey.co.uk/id/7000000000030106,http://data.ordnancesurvey.co.uk/ontology/admingeo/UnitaryAuthority,Scotland,http://data.ordnancesurvey.co.uk/id/7000000000041429,Scotland,http://data.ordnancesurvey.co.uk/id/country/scotland,,,http://sws.geonames.org/2657183
osgb4000000074550716,http://data.ordnancesurvey.co.uk/id/4000000074550716,Keils,,,,populatedPlace,Hamlet,152614.800,668262.600,5000,25000,152427.573,668054.924,152927.573,668554.924,PA60,http://data.ordnancesurvey.co.uk/id/postcodedistrict/PA60,,,,,,,Argyll and Bute,http://data.ordnancesurvey.co.uk/id/7000000000030106,http://data.ordnancesurvey.co.uk/ontology/admingeo/UnitaryAuthority,Scotland,http://data.ordnancesurvey.co.uk/id/7000000000041429,Scotland,http://data.ordnancesurvey.co.uk/id/country/scotland,,,
osgb4000000074549353,http://data.ordnancesurvey.co.uk/id/4000000074549353,Keills,,,,populatedPlace,Village,141721.000,668652.000,4000,250000,141375.519,668311.670,141915.934,668811.670,PA46,http://data.ordnancesurvey.co.uk/id/postcodedistrict/PA46,,,,,,,Argyll and Bute,http://data.ordnancesurvey.co.uk/id/7000000000030106,http://data.ordnancesurvey.co.uk/ontology/admingeo/UnitaryAuthority,Scotland,http://data.ordnancesurvey.co.uk/id/7000000000041429,Scotland,http://data.ordnancesurvey.co.uk/id/country/scotland,,,
osgb4000000074549355,http://data.ordnancesurvey.co.uk/id/4000000074549355,Caol Ila,,,,populatedPlace,Hamlet,142750.790,669844.930,5000,25000,142596.926,669574.339,143102.670,670074.339,PA46,http://data.ordnancesurvey.co.uk/id/postcodedistrict/PA46,,,,,,,Argyll and Bute,http://data.ordnancesurvey.co.uk/id/7000000000030106,http://data.ordnancesurvey.co.uk/ontology/admingeo/UnitaryAuthority,Scotland,http://data.ordnancesurvey.co.uk/id/7000000000041429,Scotland,http://data.ordnancesurvey.co.uk/id/country/scotland,,,
osgb4000000074548589,http://data.ordnancesurvey.co.uk/id/4000000074548589,Lagg,,,,populatedPlace,Other Settlement,159395.000,678509.540,15000,25000,159177.100,678228.292,159677.100,678728.292,PA60,http://data.ordnancesurvey.co.uk/id/postcodedistrict/PA60,,,,,,,Argyll and Bute,http://data.ordnancesurvey.co.uk/id/7000000000030106,http://data.ordnancesurvey.co.uk/ontology/admingeo/UnitaryAuthority,Scotland,http://data.ordnancesurvey.co.uk/id/7000000000041429,Scotland,http://data.ordnancesurvey.co.uk/id/country/scotland,,,http://sws.geonames.org/2645047
osgb4000000074542975,http://data.ordnancesurvey.co.uk/id/4000000074542975,Port Asgaig,gla,Port Askaig,eng,populatedPlace,Hamlet,143008.170,669159.170,5000,25000,142716.744,668727.638,143256.548,669525.909,PA46,http://data.ordnancesurvey.co.uk/id/postcodedistrict/PA46,,,,,,,Argyll and Bute,http://data.ordnancesurvey.co.uk/id/7000000000030106,http://data.ordnancesurvey.co.uk/ontology/admingeo/UnitaryAuthority,Scotland,http://data.ordnancesurvey.co.uk/id/7000000000041429,Scotland,http://data.ordnancesurvey.co.uk/id/country/scotland,,,http://sws.geonames.org/2640080
osgb4000000074553465,http://data.ordnancesurvey.co.uk/id/4000000074553465,Craighouse,,,,populatedPlace,Village,152962.630,668280.240,12000,250000,152153.925,666757.092,153162.651,668542.971,PA60,http://data.ordnancesurvey.co.uk/id/postcodedistrict/PA60,,,,,,,Argyll and Bute,http://data.ordnancesurvey.co.uk/id/7000000000030106,http://data.ordnancesurvey.co.uk/ontology/admingeo/UnitaryAuthority,Scotland,http://data.ordnancesurvey.co.uk/id/7000000000041429,Scotland,http://data.ordnancesurvey.co.uk/id/country/scotland,,,http://sws.geonames.org/2652136
osgb4000000074549356,http://data.ordnancesurvey.co.uk/id/4000000074549356,Bunnahabhain,,,,populatedPlace,Hamlet,142162.000,673168.000,5000,25000,141778.038,672955.556,142278.038,673455.556,PA46,http://data.ordnancesurvey.co.uk/id/postcodedistrict/PA46,,,,,,,Argyll and Bute,http://data.ordnancesurvey.co.uk/id/7000000000030106,http://data.ordnancesurvey.co.uk/ontology/admingeo/UnitaryAuthority,Scotland,http://data.ordnancesurvey.co.uk/id/7000000000041429,Scotland,http://data.ordnancesurvey.co.uk/id/country/scotland,,,
PA607XA,http://data.ordnancesurvey.co.uk/id/postcodeunit/PA607XA,PA60 7XA,,,,other,Postcode,152975.000,668320.000,3500,18000,,,,,,,Craighouse,http://data.ordnancesurvey.co.uk/id/4000000074553465,http://www.ordnancesurvey.co.uk/xml/codelists/localtype.xml#village,,,,Argyll and Bute,http://data.ordnancesurvey.co.uk/id/7000000000030106,http://data.ordnancesurvey.co.uk/ontology/admingeo/UnitaryAuthority,Scotland,http://data.ordnancesurvey.co.uk/id/7000000000041429,Scotland,http://data.ordnancesurvey.co.uk/id/country/scotland,,,
PA467RN,http://data.ordnancesurvey.co.uk/id/postcodeunit/PA467RN,PA46 7RN,,,,other,Postcode,142811.000,671295.000,3500,18000,,,,,,,,,,,,,Argyll and Bute,http://data.ordnancesurvey.co.uk/id/7000000000030106,http://data.ordnancesurvey.co.uk/ontology/admingeo/UnitaryAuthority,Scotland,http://data.ordnancesurvey.co.uk/id/7000000000041429,Scotland,http://data.ordnancesurvey.co.uk/id/country/scotland,,,
PA607XR,http://data.ordnancesurvey.co.uk/id/postcodeunit/PA607XR,PA60 7XR,,,,other,Postcode,152710.000,667503.000,3500,18000,,,,,,,Craighouse,http://data.ordnancesurvey.co.uk/id/4000000074553465,http://www.ordnancesurvey.co.uk/xml/codelists/localtype.xml#village,,,,Argyll and Bute,http://data.ordnancesurvey.co.uk/id/7000000000030106,http://data.ordnancesurvey.co.uk/ontology/admingeo/UnitaryAuthority,Scotland,http://data.ordnancesurvey.co.uk/id/7000000000041429,Scotland,http://data.ordnancesurvey.co.uk/id/country/scotland,,,
PA607XY,http://data.ordnancesurvey.co.uk/id/postcodeunit/PA607XY,PA60 7XY,,,,other,Postcode,148551.000,663631.000,3500,18000,,,,,,,Ardfin,http://data.ordnancesurvey.co.uk/id/4000000074548970,http://www.ordnancesurvey.co.uk/xml/codelists/localtype.xml#otherSettlement,,,,Argyll and Bute,http://data.ordnancesurvey.co.uk/id/7000000000030106,http://data.ordnancesurvey.co.uk/ontology/admingeo/UnitaryAuthority,Scotland,http://data.ordnancesurvey.co.uk/id/7000000000041429,Scotland,http://data.ordnancesurvey.co.uk/id/country/scotland,,,
PA467RS,http://data.ordnancesurvey.co.uk/id/postcodeunit/PA467RS,PA46 7RS,,,,other,Postcode,141913.000,673249.000,3500,18000,,,,,,,Bunnahabhain,http://data.ordnancesurvey.co.uk/id/4000000074549356,http://www.ordnancesurvey.co.uk/xml/codelists/localtype.xml#hamlet,,,,Argyll and Bute,http://data.ordnancesurvey.co.uk/id/7000000000030106,http://data.ordnancesurvey.co.uk/ontology/admingeo/UnitaryAuthority,Scotland,http://data.ordnancesurvey.co.uk/id/7000000000041429,Scotland,http://data.ordnancesurvey.co.uk/id/country/scotland,,,
PA467RD,http://data.ordnancesurvey.co.uk/id/postcodeunit/PA467RD,PA46 7RD,,,,other,Postcode,143116.000,669233.000,3500,18000,,,,,,,Port Asgaig / Port Askaig,http://data.ordnancesurvey.co.uk/id/4000000074542975,http://www.ordnancesurvey.co.uk/xml/codelists/localtype.xml#hamlet,,,,Argyll and Bute,http://data.ordnancesurvey.co.uk/id/7000000000030106,http://data.ordnancesurvey.co.uk/ontology/admingeo/UnitaryAuthority,Scotland,http://data.ordnancesurvey.co.uk/id/7000000000041429,Scotland,http://data.ordnancesurvey.co.uk/id/country/scotland,,,
PA467RP,http://data.ordnancesurvey.co.uk/id/postcodeunit/PA467RP,PA46 7RP,,,,other,Postcode,142038.000,673268.000,3500,18000,,,,,,,Bunnahabhain,http://data.ordnancesurvey.co.uk/id/4000000074549356,http://www.ordnancesurvey.co.uk/xml/codelists/localtype.xml#hamlet,,,,Argyll and Bute,http://data.ordnancesurvey.co.uk/id/7000000000030106,http://data.ordnancesurvey.co.uk/ontology/admingeo/UnitaryAuthority,Scotland,http://data.ordnancesurvey.co.uk/id/7000000000041429,Scotland,http://data.ordnancesurvey.co.uk/id/country/scotland,,,
PA467RQ,http://data.ordnancesurvey.co.uk/id/postcodeunit/PA467RQ,PA46 7RQ,,,,other,Postcode,141683.000,668664.000,3500,18000,,,,,,,Keills,http://data.ordnancesurvey.co.uk/id/4000000074549353,http://www.ordnancesurvey.co.uk/xml/codelists/localtype.xml#village,,,,Argyll and Bute,http://data.ordnancesurvey.co.uk/id/7000000000030106,http://data.ordnancesurvey.co.uk/ontology/admingeo/UnitaryAuthority,Scotland,http://data.ordnancesurvey.co.uk/id/7000000000041429,Scotland,http://data.ordnancesurvey.co.uk/id/country/scotland,,,
PA607XQ,http://data.ordnancesurvey.co.uk/id/postcodeunit/PA607XQ,PA60 7XQ,,,,other,Postcode,159484.000,678545.000,3500,18000,,,,,,,Lagg,http://data.ordnancesurvey.co.uk/id/4000000074548589,http://www.ordnancesurvey.co.uk/xml/codelists/localtype.xml#otherSettlement,,,,Argyll and Bute,http://data.ordnancesurvey.co.uk/id/7000000000030106,http://data.ordnancesurvey.co.uk/ontology/admingeo/UnitaryAuthority,Scotland,http://data.ordnancesurvey.co.uk/id/7000000000041429,Scotland,http://data.ordnancesurvey.co.uk/id/country/scotland,,,
PA467RL,http://data.ordnancesurvey.co.uk/id/postcodeunit/PA467RL,PA46 7RL,,,,other,Postcode,142902.000,670031.000,3500,18000,,,,,,,Caol Ila,http://data.ordnancesurvey.co.uk/id/4000000074549355,http://www.ordnancesurvey.co.uk/xml/codelists/localtype.xml#hamlet,,,,Argyll and Bute,http://data.ordnancesurvey.co.uk/id/7000000000030106,http://data.ordnancesurvey.co.uk/ontology/admingeo/UnitaryAuthority,Scotland,http://data.ordnancesurvey.co.uk/id/7000000000041429,Scotland,http://data.ordnancesurvey.co.uk/id/country/scotland,,,
PA607XB,http://data.ordnancesurvey.co.uk/id/postcodeunit/PA607XB,PA60 7XB,,,,other,Postcode,152846.000,667868.000,3500,18000,,,,,,,Craighouse,http://data.ordnancesurvey.co.uk/id/4000000074553465,http://www.ordnancesurvey.co.uk/xml/codelists/localtype.xml#village,,,,Argyll and Bute,http://data.ordnancesurvey.co.uk/id/7000000000030106,http://data.ordnancesurvey.co.uk/ontology/admingeo/UnitaryAuthority,Scotland,http://data.ordnancesurvey.co.uk/id/7000000000041429,Scotland,http://data.ordnancesurvey.co.uk/id/country/scotland,,,
PA607XG,http://data.ordnancesurvey.co.uk/id/postcodeunit/PA607XG,PA60 7XG,,,,other,Postcode,153019.000,669213.000,3500,18000,,,,,,,,,,,,,Argyll and Bute,http://data.ordnancesurvey.co.uk/id/7000000000030106,http://data.ordnancesurvey.co.uk/ontology/admingeo/UnitaryAuthority,Scotland,http://data.ordnancesurvey.co.uk/id/7000000000041429,Scotland,http://data.ordnancesurvey.co.uk/id/country/scotland,,,
PA607XU,http://data.ordnancesurvey.co.uk/id/postcodeunit/PA607XU,PA60 7XU,,,,other,Postcode,152722.000,666989.000,3500,18000,,,,,,,Craighouse,http://data.ordnancesurvey.co.uk/id/4000000074553465,http://www.ordnancesurvey.co.uk/xml/codelists/localtype.xml#village,,,,Argyll and Bute,http://data.ordnancesurvey.co.uk/id/7000000000030106,http://data.ordnancesurvey.co.uk/ontology/admingeo/UnitaryAuthority,Scotland,http://data.ordnancesurvey.co.uk/id/7000000000041429,Scotland,http://data.ordnancesurvey.co.uk/id/country/scotland,,,
PA607XZ,http://data.ordnancesurvey.co.uk/id/postcodeunit/PA607XZ,PA60 7XZ,,,,other,Postcode,155514.000,671854.000,3500,18000,,,,,,,Knockrome,http://data.ordnancesurvey.co.uk/id/4000000074553467,http://www.ordnancesurvey.co.uk/xml/codelists/localtype.xml#hamlet,,,,Argyll and Bute,http://data.ordnancesurvey.co.uk/id/7000000000030106,http://data.ordnancesurvey.co.uk/ontology/admingeo/UnitaryAuthority,Scotland,http://data.ordnancesurvey.co.uk/id/7000000000041429,Scotland,http://data.ordnancesurvey.co.uk/id/country/scotland,,,
PA467RE,http://data.ordnancesurvey.co.uk/id/postcodeunit/PA467RE,PA46 7RE,,,,other,Postcode,143176.000,669011.000,3500,18000,,,,,,,Port Asgaig / Port Askaig,http://data.ordnancesurvey.co.uk/id/4000000074542975,http://www.ordnancesurvey.co.uk/xml/codelists/localtype.xml#hamlet,,,,Argyll and Bute,http://data.ordnancesurvey.co.uk/id/7000000000030106,http://data.ordnancesurvey.co.uk/ontology/admingeo/UnitaryAuthority,Scotland,http://data.ordnancesurvey.co.uk/id/7000000000041429,Scotland,http://data.ordnancesurvey.co.uk/id/country/scotland,,,
PA607XT,http://data.ordnancesurvey.co.uk/id/postcodeunit/PA607XT,PA60 7XT,,,,other,Postcode,152652.000,667016.000,3500,18000,,,,,,,Craighouse,http://data.ordnancesurvey.co.uk/id/4000000074553465,http://www.ordnancesurvey.co.uk/xml/codelists/localtype.xml#village,,,,Argyll and Bute,http://data.ordnancesurvey.co.uk/id/7000000000030106,http://data.ordnancesurvey.co.uk/ontology/admingeo/UnitaryAuthority,Scotland,http://data.ordnancesurvey.co.uk/id/7000000000041429,Scotland,http://data.ordnancesurvey.co.uk/id/country/scotland,,,
PA457QL,http://data.ordnancesurvey.co.uk/id/postcodeunit/PA457QL,PA45 7QL,,,,other,Postcode,140723.000,665757.000,3500,18000,,,,,,,,,,,,,Argyll and Bute,http://data.ordnancesurvey.co.uk/id/7000000000030106,http://data.ordnancesurvey.co.uk/ontology/admingeo/UnitaryAuthority,Scotland,http://data.ordnancesurvey.co.uk/id/7000000000041429,Scotland,http://data.ordnancesurvey.co.uk/id/country/scotland,,,
PA607XX,http://data.ordnancesurvey.co.uk/id/postcodeunit/PA607XX,PA60 7XX,,,,other,Postcode,149041.000,664014.000,3500,18000,,,,,,,Ardfin,http://data.ordnancesurvey.co.uk/id/4000000074548970,http://www.ordnancesurvey.co.uk/xml/codelists/localtype.xml#otherSettlement,,,,Argyll and Bute,http://data.ordnancesurvey.co.uk/id/7000000000030106,http://data.ordnancesurvey.co.uk/ontology/admingeo/UnitaryAuthority,Scotland,http://data.ordnancesurvey.co.uk/id/7000000000041429,Scotland,http://data.ordnancesurvey.co.uk/id/country/scotland,,,
PA467RR,http://data.ordnancesurvey.co.uk/id/postcodeunit/PA467RR,PA46 7RR,,,,other,Postcode,142190.000,673155.000,3500,18000,,,,,,,Bunnahabhain,http://data.ordnancesurvey.co.uk/id/4000000074549356,http://www.ordnancesurvey.co.uk/xml/codelists/localtype.xml#hamlet,,,,Argyll and Bute,http://data.ordnancesurvey.co.uk/id/7000000000030106,http://data.ordnancesurvey.co.uk/ontology/admingeo/UnitaryAuthority,Scotland,http://data.ordnancesurvey.co.uk/id/7000000000041429,Scotland,http://data.ordnancesurvey.co.uk/id/country/scotland,,,
PA467RU,http://data.ordnancesurvey.co.uk/id/postcodeunit/PA467RU,PA46 7RU,,,,other,Postcode,142079.000,673066.000,3500,18000,,,,,,,Bunnahabhain,http://data.ordnancesurvey.co.uk/id/4000000074549356,http://www.ordnancesurvey.co.uk/xml/codelists/localtype.xml#hamlet,,,,Argyll and Bute,http://data.ordnancesurvey.co.uk/id/7000000000030106,http://data.ordnancesurvey.co.uk/ontology/admingeo/UnitaryAuthority,Scotland,http://data.ordnancesurvey.co.uk/id/7000000000041429,Scotland,http://data.ordnancesurvey.co.uk/id/country/scotland,,,
PA467RB,http://data.ordnancesurvey.co.uk/id/postcodeunit/PA467RB,PA46 7RB,,,,other,Postcode,142373.000,669664.000,3500,18000,,,,,,,,,,,,,Argyll and Bute,http://data.ordnancesurvey.co.uk/id/7000000000030106,http://data.ordnancesurvey.co.uk/ontology/admingeo/UnitaryAuthority,Scotland,http://data.ordnancesurvey.co.uk/id/7000000000041429,Scotland,http://data.ordnancesurvey.co.uk/id/country/scotland,,,
PA467RG,http://data.ordnancesurvey.co.uk/id/postcodeunit/PA467RG,PA46 7RG,,,,other,Postcode,141632.000,668565.000,3500,18000,,,,,,,Keills,http://data.ordnancesurvey.co.uk/id/4000000074549353,http://www.ordnancesurvey.co.uk/xml/codelists/localtype.xml#village,,,,Argyll and Bute,http://data.ordnancesurvey.co.uk/id/7000000000030106,http://data.ordnancesurvey.co.uk/ontology/admingeo/UnitaryAuthority,Scotland,http://data.ordnancesurvey.co.uk/id/7000000000041429,Scotland,http://data.ordnancesurvey.co.uk/id/country/scotland,,,
PA607XD,http://data.ordnancesurvey.co.uk/id/postcodeunit/PA607XD,PA60 7XD,,,,other,Postcode,152941.000,668269.000,3500,18000,,,,,,,Craighouse,http://data.ordnancesurvey.co.uk/id/4000000074553465,http://www.ordnancesurvey.co.uk/xml/codelists/localtype.xml#village,,,,Argyll and Bute,http://data.ordnancesurvey.co.uk/id/7000000000030106,http://data.ordnancesurvey.co.uk/ontology/admingeo/UnitaryAuthority,Scotland,http://data.ordnancesurvey.co.uk/id/7000000000041429,Scotland,http://data.ordnancesurvey.co.uk/id/country/scotland,,,
PA467RT,http://data.ordnancesurvey.co.uk/id/postcodeunit/PA467RT,PA46 7RT,,,,other,Postcode,142013.000,673174.000,3500,18000,,,,,,,Bunnahabhain,http://data.ordnancesurvey.co.uk/id/4000000074549356,http://www.ordnancesurvey.co.uk/xml/codelists/localtype.xml#hamlet,,,,Argyll and Bute,http://data.ordnancesurvey.co.uk/id/7000000000030106,http://data.ordnancesurvey.co.uk/ontology/admingeo/UnitaryAuthority,Scotland,http://data.ordnancesurvey.co.uk/id/7000000000041429,Scotland,http://data.ordnancesurvey.co.uk/id/country/scotland,,,
PA607XP,http://data.ordnancesurvey.co.uk/id/postcodeunit/PA607XP,PA60 7XP,,,,other,Postcode,152996.000,668228.000,3500,18000,,,,,,,Craighouse,http://data.ordnancesurvey.co.uk/id/4000000074553465,http://www.ordnancesurvey.co.uk/xml/codelists/localtype.xml#village,,,,Argyll and Bute,http://data.ordnancesurvey.co.uk/id/7000000000030106,http://data.ordnancesurvey.co.uk/ontology/admingeo/UnitaryAuthority,Scotland,http://data.ordnancesurvey.co.uk/id/7000000000041429,Scotland,http://data.ordnancesurvey.co.uk/id/country/scotland,,,
PA607YA,http://data.ordnancesurvey.co.uk/id/postcodeunit/PA607YA,PA60 7YA,,,,other,Postcode,152636.000,666882.000,3500,18000,,,,,,,Craighouse,http://data.ordnancesurvey.co.uk/id/4000000074553465,http://www.ordnancesurvey.co.uk/xml/codelists/localtype.xml#village,,,,Argyll and Bute,http://data.ordnancesurvey.co.uk/id/7000000000030106,http://data.ordnancesurvey.co.uk/ontology/admingeo/UnitaryAuthority,Scotland,http://data.ordnancesurvey.co.uk/id/7000000000041429,Scotland,http://data.ordnancesurvey.co.uk/id/country/scotland,,,
PA607XF,http://data.ordnancesurvey.co.uk/id/postcodeunit/PA607XF,PA60 7XF,,,,other,Postcode,152927.000,668042.000,3500,18000,,,,,,,Craighouse,http://data.ordnancesurvey.co.uk/id/4000000074553465,http://www.ordnancesurvey.co.uk/xml/codelists/localtype.xml#village,,,,Argyll and Bute,http://data.ordnancesurvey.co.uk/id/7000000000030106,http://data.ordnancesurvey.co.uk/ontology/admingeo/UnitaryAuthority,Scotland,http://data.ordnancesurvey.co.uk/id/7000000000041429,Scotland,http://data.ordnancesurvey.co.uk/id/country/scotland,,,
osgb4000000004876352,http://data.ordnancesurvey.co.uk/id/4000000004876352,A846,,,,transportNetwork,Numbered Road,146456.000,665105.000,271000,1000000,130873.000,645202.000,163606.000,686898.000,PA60,http://data.ordnancesurvey.co.uk/id/postcodedistrict/PA60,,,,,,,Argyll and Bute,http://data.ordnancesurvey.co.uk/id/7000000000030106,http://data.ordnancesurvey.co.uk/ontology/admingeo/UnitaryAuthority,Scotland,http://data.ordnancesurvey.co.uk/id/7000000000041429,Scotland,http://data.ordnancesurvey.co.uk/id/country/scotland,,,
e833ff15-bfd4-432c-893c-ac7cafe8ea79,http://data.ordnancesurvey.co.uk/id/e833ff15-bfd4-432c-893c-ac7cafe8ea79,Bealach Ruadh,,,,transportNetwork,Section Of Named Road,142782.669,669203.877,1000,25000,142774.599,669203.877,142782.669,669204.040,PA46,http://data.ordnancesurvey.co.uk/id/postcodedistrict/PA46,Port Asgaig / Port Askaig,http://data.ordnancesurvey.co.uk/id/4000000074542975,http://www.ordnancesurvey.co.uk/xml/codelists/localtype.xml#hamlet,,,,Argyll and Bute,http://data.ordnancesurvey.co.uk/id/7000000000030106,http://data.ordnancesurvey.co.uk/ontology/admingeo/UnitaryAuthority,Scotland,http://data.ordnancesurvey.co.uk/id/7000000000041429,Scotland,http://data.ordnancesurvey.co.uk/id/country/scotland,osgb4000000004875958,,
osgb4000000004878401,http://data.ordnancesurvey.co.uk/id/4000000004878401,Croft Park,,,,transportNetwork,Named Road,152992.004,668297.318,1000,20000,152950.912,668270.924,153046.892,668340.359,PA60,http://data.ordnancesurvey.co.uk/id/postcodedistrict/PA60,Craighouse,http://data.ordnancesurvey.co.uk/id/4000000074553465,http://www.ordnancesurvey.co.uk/xml/codelists/localtype.xml#village,,,,Argyll and Bute,http://data.ordnancesurvey.co.uk/id/7000000000030106,http://data.ordnancesurvey.co.uk/ontology/admingeo/UnitaryAuthority,Scotland,http://data.ordnancesurvey.co.uk/id/7000000000041429,Scotland,http://data.ordnancesurvey.co.uk/id/country/scotland,,,
osgb4000000004875958,http://data.ordnancesurvey.co.uk/id/4000000004875958,Bealach Ruadh,,,,transportNetwork,Named Road,142443.000,669073.000,4000,20000,142123.550,668886.085,142782.669,669206.039,PA46,http://data.ordnancesurvey.co.uk/id/postcodedistrict/PA46,,,,,,,Argyll and Bute,http://data.ordnancesurvey.co.uk/id/7000000000030106,http://data.ordnancesurvey.co.uk/ontology/admingeo/UnitaryAuthority,Scotland,http://data.ordnancesurvey.co.uk/id/7000000000041429,Scotland,http://data.ordnancesurvey.co.uk/id/country/scotland,,,
osgb4000000004874618,http://data.ordnancesurvey.co.uk/id/4000000004874618,Shore Road,,,,transportNetwork,Named Road,142199.000,673162.000,1000,20000,142162.000,673162.000,142232.803,673168.000,PA46,http://data.ordnancesurvey.co.uk/id/postcodedistrict/PA46,Bunnahabhain,http://data.ordnancesurvey.co.uk/id/4000000074549356,http://www.ordnancesurvey.co.uk/xml/codelists/localtype.xml#hamlet,,,,Argyll and Bute,http://data.ordnancesurvey.co.uk/id/7000000000030106,http://data.ordnancesurvey.co.uk/ontology/admingeo/UnitaryAuthority,Scotland,http://data.ordnancesurvey.co.uk/id/7000000000041429,Scotland,http://data.ordnancesurvey.co.uk/id/country/scotland,,,
osgb4000000004874543,http://data.ordnancesurvey.co.uk/id/4000000004874543,Bealach Askaig,,,,transportNetwork,Named Road,142937.622,669270.863,2000,20000,142782.669,669198.800,143117.700,669374.737,PA46,http://data.ordnancesurvey.co.uk/id/postcodedistrict/PA46,Port Asgaig / Port Askaig,http://data.ordnancesurvey.co.uk/id/4000000074542975,http://www.ordnancesurvey.co.uk/xml/codelists/localtype.xml#hamlet,,,,Argyll and Bute,http://data.ordnancesurvey.co.uk/id/7000000000030106,http://data.ordnancesurvey.co.uk/ontology/admingeo/UnitaryAuthority,Scotland,http://data.ordnancesurvey.co.uk/id/7000000000041429,Scotland,http://data.ordnancesurvey.co.uk/id/country/scotland,,,
osgb4000000004874542,http://data.ordnancesurvey.co.uk/id/4000000004874542,Laoigan Place,,,,transportNetwork,Named Road,141676.000,668637.000,1000,20000,141622.113,668619.000,141749.000,668669.602,PA46,http://data.ordnancesurvey.co.uk/id/postcodedistrict/PA46,Keills,http://data.ordnancesurvey.co.uk/id/4000000074549353,http://www.ordnancesurvey.co.uk/xml/codelists/localtype.xml#village,,,,Argyll and Bute,http://data.ordnancesurvey.co.uk/id/7000000000030106,http://data.ordnancesurvey.co.uk/ontology/admingeo/UnitaryAuthority,Scotland,http://data.ordnancesurvey.co.uk/id/7000000000041429,Scotland,http://data.ordnancesurvey.co.uk/id/country/scotland,,,
PA607XS,http://data.ordnancesurvey.co.uk/id/postcodeunit/PA607XS,PA60 7XS,,,,other,Postcode,152642.000,667113.000,3500,18000,,,,,,,Craighouse,http://data.ordnancesurvey.co.uk/id/4000000074553465,http://www.ordnancesurvey.co.uk/xml/codelists/localtype.xml#village,,,,Argyll and Bute,http://data.ordnancesurvey.co.uk/id/7000000000030106,http://data.ordnancesurvey.co.uk/ontology/admingeo/UnitaryAuthority,Scotland,http://data.ordnancesurvey.co.uk/id/7000000000041429,Scotland,http://data.ordnancesurvey.co.uk/id/country/scotland,,,
PA467RW,http://data.ordnancesurvey.co.uk/id/postcodeunit/PA467RW,PA46 7RW,,,,other,Postcode,141869.000,673404.000,3500,18000,,,,,,,Bunnahabhain,http://data.ordnancesurvey.co.uk/id/4000000074549356,http://www.ordnancesurvey.co.uk/xml/codelists/localtype.xml#hamlet,,,,Argyll and Bute,http://data.ordnancesurvey.co.uk/id/7000000000030106,http://data.ordnancesurvey.co.uk/ontology/admingeo/UnitaryAuthority,Scotland,http://data.ordnancesurvey.co.uk/id/7000000000041429,Scotland,http://data.ordnancesurvey.co.uk/id/country/scotland,,,
PA467RJ,http://data.ordnancesurvey.co.uk/id/postcodeunit/PA467RJ,PA46 7RJ,,,,other,Postcode,142828.000,669844.000,3500,18000,,,,,,,Caol Ila,http://data.ordnancesurvey.co.uk/id/4000000074549355,http://www.ordnancesurvey.co.uk/xml/codelists/localtype.xml#hamlet,,,,Argyll and Bute,http://data.ordnancesurvey.co.uk/id/7000000000030106,http://data.ordnancesurvey.co.uk/ontology/admingeo/UnitaryAuthority,Scotland,http://data.ordnancesurvey.co.uk/id/7000000000041429,Scotland,http://data.ordnancesurvey.co.uk/id/country/scotland,,,
PA467RF,http://data.ordnancesurvey.co.uk/id/postcodeunit/PA467RF,PA46 7RF,,,,other,Postcode,141644.000,668470.000,3500,18000,,,,,,,Keills,http://data.ordnancesurvey.co.uk/id/4000000074549353,http://www.ordnancesurvey.co.uk/xml/codelists/localtype.xml#village,,,,Argyll and Bute,http://data.ordnancesurvey.co.uk/id/7000000000030106,http://data.ordnancesurvey.co.uk/ontology/admingeo/UnitaryAuthority,Scotland,http://data.ordnancesurvey.co.uk/id/7000000000041429,Scotland,http://data.ordnancesurvey.co.uk/id/country/scotland,,,
