﻿osgb4000000074550461,http://data.ordnancesurvey.co.uk/id/4000000074550461,Glenramskill,,,,populatedPlace,Suburban Area,173812.160,619122.560,5000,25000,173271.291,618800.953,174057.606,619300.953,PA28,http://data.ordnancesurvey.co.uk/id/postcodedistrict/PA28,,,,,,,Argyll and Bute,http://data.ordnancesurvey.co.uk/id/7000000000030106,http://data.ordnancesurvey.co.uk/ontology/admingeo/UnitaryAuthority,Scotland,http://data.ordnancesurvey.co.uk/id/7000000000041429,Scotland,http://data.ordnancesurvey.co.uk/id/country/scotland,,,
osgb4000000074550843,http://data.ordnancesurvey.co.uk/id/4000000074550843,Drumlemble,,,,populatedPlace,Village,166313.000,619733.000,3000,250000,165928.453,619431.113,166428.453,619931.113,PA28,http://data.ordnancesurvey.co.uk/id/postcodedistrict/PA28,,,,,,,Argyll and Bute,http://data.ordnancesurvey.co.uk/id/7000000000030106,http://data.ordnancesurvey.co.uk/ontology/admingeo/UnitaryAuthority,Scotland,http://data.ordnancesurvey.co.uk/id/7000000000041429,Scotland,http://data.ordnancesurvey.co.uk/id/country/scotland,,,http://sws.geonames.org/2650931
osgb4000000074550465,http://data.ordnancesurvey.co.uk/id/4000000074550465,Stewarton,,,,populatedPlace,Village,169616.000,619812.000,4000,250000,169228.210,619460.351,169775.806,620061.439,PA28,http://data.ordnancesurvey.co.uk/id/postcodedistrict/PA28,,,,,,,Argyll and Bute,http://data.ordnancesurvey.co.uk/id/7000000000030106,http://data.ordnancesurvey.co.uk/ontology/admingeo/UnitaryAuthority,Scotland,http://data.ordnancesurvey.co.uk/id/7000000000041429,Scotland,http://data.ordnancesurvey.co.uk/id/country/scotland,,,
osgb4000000074550462,http://data.ordnancesurvey.co.uk/id/4000000074550462,Kilkerran,,,,populatedPlace,Suburban Area,172346.760,619964.130,10000,25000,171826.187,619019.227,173332.379,620253.334,PA28,http://data.ordnancesurvey.co.uk/id/postcodedistrict/PA28,,,,,,,Argyll and Bute,http://data.ordnancesurvey.co.uk/id/7000000000030106,http://data.ordnancesurvey.co.uk/ontology/admingeo/UnitaryAuthority,Scotland,http://data.ordnancesurvey.co.uk/id/7000000000041429,Scotland,http://data.ordnancesurvey.co.uk/id/country/scotland,,,
osgb4000000074550090,http://data.ordnancesurvey.co.uk/id/4000000074550090,Southend,,,,populatedPlace,Village,169323.000,608591.000,17000,250000,167639.931,607777.105,170290.767,609873.675,PA28,http://data.ordnancesurvey.co.uk/id/postcodedistrict/PA28,,,,,,,Argyll and Bute,http://data.ordnancesurvey.co.uk/id/7000000000030106,http://data.ordnancesurvey.co.uk/ontology/admingeo/UnitaryAuthority,Scotland,http://data.ordnancesurvey.co.uk/id/7000000000041429,Scotland,http://data.ordnancesurvey.co.uk/id/country/scotland,,"http://dbpedia.org/resource/Southend,_Argyll",http://sws.geonames.org/2637434
PA286RS,http://data.ordnancesurvey.co.uk/id/postcodeunit/PA286RS,PA28 6RS,,,,other,Postcode,172473.000,604830.000,3500,18000,,,,,,,,,,,,,Argyll and Bute,http://data.ordnancesurvey.co.uk/id/7000000000030106,http://data.ordnancesurvey.co.uk/ontology/admingeo/UnitaryAuthority,Scotland,http://data.ordnancesurvey.co.uk/id/7000000000041429,Scotland,http://data.ordnancesurvey.co.uk/id/country/scotland,,,
PA286RD,http://data.ordnancesurvey.co.uk/id/postcodeunit/PA286RD,PA28 6RD,,,,other,Postcode,174012.000,619101.000,3500,18000,,,,,,,Campbeltown / Ceann Loch Chille Chiarain,http://data.ordnancesurvey.co.uk/id/4000000074550463,http://www.ordnancesurvey.co.uk/xml/codelists/localtype.xml#town,,,,Argyll and Bute,http://data.ordnancesurvey.co.uk/id/7000000000030106,http://data.ordnancesurvey.co.uk/ontology/admingeo/UnitaryAuthority,Scotland,http://data.ordnancesurvey.co.uk/id/7000000000041429,Scotland,http://data.ordnancesurvey.co.uk/id/country/scotland,,,
PA286RU,http://data.ordnancesurvey.co.uk/id/postcodeunit/PA286RU,PA28 6RU,,,,other,Postcode,165998.000,608435.000,3500,18000,,,,,,,,,,,,,Argyll and Bute,http://data.ordnancesurvey.co.uk/id/7000000000030106,http://data.ordnancesurvey.co.uk/ontology/admingeo/UnitaryAuthority,Scotland,http://data.ordnancesurvey.co.uk/id/7000000000041429,Scotland,http://data.ordnancesurvey.co.uk/id/country/scotland,,,
PA286PJ,http://data.ordnancesurvey.co.uk/id/postcodeunit/PA286PJ,PA28 6PJ,,,,other,Postcode,169471.000,612589.000,3500,18000,,,,,,,,,,,,,Argyll and Bute,http://data.ordnancesurvey.co.uk/id/7000000000030106,http://data.ordnancesurvey.co.uk/ontology/admingeo/UnitaryAuthority,Scotland,http://data.ordnancesurvey.co.uk/id/7000000000041429,Scotland,http://data.ordnancesurvey.co.uk/id/country/scotland,,,
PA286TE,http://data.ordnancesurvey.co.uk/id/postcodeunit/PA286TE,PA28 6TE,,,,other,Postcode,172199.000,619648.000,3500,18000,,,,,,,Campbeltown / Ceann Loch Chille Chiarain,http://data.ordnancesurvey.co.uk/id/4000000074550463,http://www.ordnancesurvey.co.uk/xml/codelists/localtype.xml#town,,,,Argyll and Bute,http://data.ordnancesurvey.co.uk/id/7000000000030106,http://data.ordnancesurvey.co.uk/ontology/admingeo/UnitaryAuthority,Scotland,http://data.ordnancesurvey.co.uk/id/7000000000041429,Scotland,http://data.ordnancesurvey.co.uk/id/country/scotland,,,
PA286RP,http://data.ordnancesurvey.co.uk/id/postcodeunit/PA286RP,PA28 6RP,,,,other,Postcode,169295.000,608542.000,3500,18000,,,,,,,Southend,http://data.ordnancesurvey.co.uk/id/4000000074550090,http://www.ordnancesurvey.co.uk/xml/codelists/localtype.xml#village,,,,Argyll and Bute,http://data.ordnancesurvey.co.uk/id/7000000000030106,http://data.ordnancesurvey.co.uk/ontology/admingeo/UnitaryAuthority,Scotland,http://data.ordnancesurvey.co.uk/id/7000000000041429,Scotland,http://data.ordnancesurvey.co.uk/id/country/scotland,,,
PA286JW,http://data.ordnancesurvey.co.uk/id/postcodeunit/PA286JW,PA28 6JW,,,,other,Postcode,172275.000,619698.000,3500,18000,,,,,,,Campbeltown / Ceann Loch Chille Chiarain,http://data.ordnancesurvey.co.uk/id/4000000074550463,http://www.ordnancesurvey.co.uk/xml/codelists/localtype.xml#town,,,,Argyll and Bute,http://data.ordnancesurvey.co.uk/id/7000000000030106,http://data.ordnancesurvey.co.uk/ontology/admingeo/UnitaryAuthority,Scotland,http://data.ordnancesurvey.co.uk/id/7000000000041429,Scotland,http://data.ordnancesurvey.co.uk/id/country/scotland,,,
PA286LQ,http://data.ordnancesurvey.co.uk/id/postcodeunit/PA286LQ,PA28 6LQ,,,,other,Postcode,171384.000,619782.000,3500,18000,,,,,,,Campbeltown / Ceann Loch Chille Chiarain,http://data.ordnancesurvey.co.uk/id/4000000074550463,http://www.ordnancesurvey.co.uk/xml/codelists/localtype.xml#town,,,,Argyll and Bute,http://data.ordnancesurvey.co.uk/id/7000000000030106,http://data.ordnancesurvey.co.uk/ontology/admingeo/UnitaryAuthority,Scotland,http://data.ordnancesurvey.co.uk/id/7000000000041429,Scotland,http://data.ordnancesurvey.co.uk/id/country/scotland,,,
PA286LG,http://data.ordnancesurvey.co.uk/id/postcodeunit/PA286LG,PA28 6LG,,,,other,Postcode,171490.000,619737.000,3500,18000,,,,,,,Campbeltown / Ceann Loch Chille Chiarain,http://data.ordnancesurvey.co.uk/id/4000000074550463,http://www.ordnancesurvey.co.uk/xml/codelists/localtype.xml#town,,,,Argyll and Bute,http://data.ordnancesurvey.co.uk/id/7000000000030106,http://data.ordnancesurvey.co.uk/ontology/admingeo/UnitaryAuthority,Scotland,http://data.ordnancesurvey.co.uk/id/7000000000041429,Scotland,http://data.ordnancesurvey.co.uk/id/country/scotland,,,
PA286PH,http://data.ordnancesurvey.co.uk/id/postcodeunit/PA286PH,PA28 6PH,,,,other,Postcode,169034.000,617410.000,3500,18000,,,,,,,,,,,,,Argyll and Bute,http://data.ordnancesurvey.co.uk/id/7000000000030106,http://data.ordnancesurvey.co.uk/ontology/admingeo/UnitaryAuthority,Scotland,http://data.ordnancesurvey.co.uk/id/7000000000041429,Scotland,http://data.ordnancesurvey.co.uk/id/country/scotland,,,
PA286PN,http://data.ordnancesurvey.co.uk/id/postcodeunit/PA286PN,PA28 6PN,,,,other,Postcode,167935.000,619909.000,3500,18000,,,,,,,,,,,,,Argyll and Bute,http://data.ordnancesurvey.co.uk/id/7000000000030106,http://data.ordnancesurvey.co.uk/ontology/admingeo/UnitaryAuthority,Scotland,http://data.ordnancesurvey.co.uk/id/7000000000041429,Scotland,http://data.ordnancesurvey.co.uk/id/country/scotland,,,
PA286JR,http://data.ordnancesurvey.co.uk/id/postcodeunit/PA286JR,PA28 6JR,,,,other,Postcode,172214.000,619734.000,3500,18000,,,,,,,Campbeltown / Ceann Loch Chille Chiarain,http://data.ordnancesurvey.co.uk/id/4000000074550463,http://www.ordnancesurvey.co.uk/xml/codelists/localtype.xml#town,,,,Argyll and Bute,http://data.ordnancesurvey.co.uk/id/7000000000030106,http://data.ordnancesurvey.co.uk/ontology/admingeo/UnitaryAuthority,Scotland,http://data.ordnancesurvey.co.uk/id/7000000000041429,Scotland,http://data.ordnancesurvey.co.uk/id/country/scotland,,,
PA286LW,http://data.ordnancesurvey.co.uk/id/postcodeunit/PA286LW,PA28 6LW,,,,other,Postcode,171451.000,619899.000,3500,18000,,,,,,,Campbeltown / Ceann Loch Chille Chiarain,http://data.ordnancesurvey.co.uk/id/4000000074550463,http://www.ordnancesurvey.co.uk/xml/codelists/localtype.xml#town,,,,Argyll and Bute,http://data.ordnancesurvey.co.uk/id/7000000000030106,http://data.ordnancesurvey.co.uk/ontology/admingeo/UnitaryAuthority,Scotland,http://data.ordnancesurvey.co.uk/id/7000000000041429,Scotland,http://data.ordnancesurvey.co.uk/id/country/scotland,,,
PA286RG,http://data.ordnancesurvey.co.uk/id/postcodeunit/PA286RG,PA28 6RG,,,,other,Postcode,171032.000,609598.000,3500,18000,,,,,,,,,,,,,Argyll and Bute,http://data.ordnancesurvey.co.uk/id/7000000000030106,http://data.ordnancesurvey.co.uk/ontology/admingeo/UnitaryAuthority,Scotland,http://data.ordnancesurvey.co.uk/id/7000000000041429,Scotland,http://data.ordnancesurvey.co.uk/id/country/scotland,,,
PA286RL,http://data.ordnancesurvey.co.uk/id/postcodeunit/PA286RL,PA28 6RL,,,,other,Postcode,165904.000,616005.000,3500,18000,,,,,,,,,,,,,Argyll and Bute,http://data.ordnancesurvey.co.uk/id/7000000000030106,http://data.ordnancesurvey.co.uk/ontology/admingeo/UnitaryAuthority,Scotland,http://data.ordnancesurvey.co.uk/id/7000000000041429,Scotland,http://data.ordnancesurvey.co.uk/id/country/scotland,,,
PA286TG,http://data.ordnancesurvey.co.uk/id/postcodeunit/PA286TG,PA28 6TG,,,,other,Postcode,169354.000,608551.000,3500,18000,,,,,,,Southend,http://data.ordnancesurvey.co.uk/id/4000000074550090,http://www.ordnancesurvey.co.uk/xml/codelists/localtype.xml#village,,,,Argyll and Bute,http://data.ordnancesurvey.co.uk/id/7000000000030106,http://data.ordnancesurvey.co.uk/ontology/admingeo/UnitaryAuthority,Scotland,http://data.ordnancesurvey.co.uk/id/7000000000041429,Scotland,http://data.ordnancesurvey.co.uk/id/country/scotland,,,
PA286RB,http://data.ordnancesurvey.co.uk/id/postcodeunit/PA286RB,PA28 6RB,,,,other,Postcode,172934.000,619341.000,3500,18000,,,,,,,Campbeltown / Ceann Loch Chille Chiarain,http://data.ordnancesurvey.co.uk/id/4000000074550463,http://www.ordnancesurvey.co.uk/xml/codelists/localtype.xml#town,,,,Argyll and Bute,http://data.ordnancesurvey.co.uk/id/7000000000030106,http://data.ordnancesurvey.co.uk/ontology/admingeo/UnitaryAuthority,Scotland,http://data.ordnancesurvey.co.uk/id/7000000000041429,Scotland,http://data.ordnancesurvey.co.uk/id/country/scotland,,,
PA286RJ,http://data.ordnancesurvey.co.uk/id/postcodeunit/PA286RJ,PA28 6RJ,,,,other,Postcode,167926.000,616555.000,3500,18000,,,,,,,,,,,,,Argyll and Bute,http://data.ordnancesurvey.co.uk/id/7000000000030106,http://data.ordnancesurvey.co.uk/ontology/admingeo/UnitaryAuthority,Scotland,http://data.ordnancesurvey.co.uk/id/7000000000041429,Scotland,http://data.ordnancesurvey.co.uk/id/country/scotland,,,
PA286RE,http://data.ordnancesurvey.co.uk/id/postcodeunit/PA286RE,PA28 6RE,,,,other,Postcode,175482.000,618347.000,3500,18000,,,,,,,,,,,,,Argyll and Bute,http://data.ordnancesurvey.co.uk/id/7000000000030106,http://data.ordnancesurvey.co.uk/ontology/admingeo/UnitaryAuthority,Scotland,http://data.ordnancesurvey.co.uk/id/7000000000041429,Scotland,http://data.ordnancesurvey.co.uk/id/country/scotland,,,
PA286PE,http://data.ordnancesurvey.co.uk/id/postcodeunit/PA286PE,PA28 6PE,,,,other,Postcode,171059.000,619515.000,3500,18000,,,,,,,,,,,,,Argyll and Bute,http://data.ordnancesurvey.co.uk/id/7000000000030106,http://data.ordnancesurvey.co.uk/ontology/admingeo/UnitaryAuthority,Scotland,http://data.ordnancesurvey.co.uk/id/7000000000041429,Scotland,http://data.ordnancesurvey.co.uk/id/country/scotland,,,
PA286PR,http://data.ordnancesurvey.co.uk/id/postcodeunit/PA286PR,PA28 6PR,,,,other,Postcode,166225.000,619542.000,3500,18000,,,,,,,Drumlemble,http://data.ordnancesurvey.co.uk/id/4000000074550843,http://www.ordnancesurvey.co.uk/xml/codelists/localtype.xml#village,,,,Argyll and Bute,http://data.ordnancesurvey.co.uk/id/7000000000030106,http://data.ordnancesurvey.co.uk/ontology/admingeo/UnitaryAuthority,Scotland,http://data.ordnancesurvey.co.uk/id/7000000000041429,Scotland,http://data.ordnancesurvey.co.uk/id/country/scotland,,,
PA286JS,http://data.ordnancesurvey.co.uk/id/postcodeunit/PA286JS,PA28 6JS,,,,other,Postcode,172049.000,619709.000,3500,18000,,,,,,,Campbeltown / Ceann Loch Chille Chiarain,http://data.ordnancesurvey.co.uk/id/4000000074550463,http://www.ordnancesurvey.co.uk/xml/codelists/localtype.xml#town,,,,Argyll and Bute,http://data.ordnancesurvey.co.uk/id/7000000000030106,http://data.ordnancesurvey.co.uk/ontology/admingeo/UnitaryAuthority,Scotland,http://data.ordnancesurvey.co.uk/id/7000000000041429,Scotland,http://data.ordnancesurvey.co.uk/id/country/scotland,,,
PA286PP,http://data.ordnancesurvey.co.uk/id/postcodeunit/PA286PP,PA28 6PP,,,,other,Postcode,166252.000,619674.000,3500,18000,,,,,,,Drumlemble,http://data.ordnancesurvey.co.uk/id/4000000074550843,http://www.ordnancesurvey.co.uk/xml/codelists/localtype.xml#village,,,,Argyll and Bute,http://data.ordnancesurvey.co.uk/id/7000000000030106,http://data.ordnancesurvey.co.uk/ontology/admingeo/UnitaryAuthority,Scotland,http://data.ordnancesurvey.co.uk/id/7000000000041429,Scotland,http://data.ordnancesurvey.co.uk/id/country/scotland,,,
PA286LJ,http://data.ordnancesurvey.co.uk/id/postcodeunit/PA286LJ,PA28 6LJ,,,,other,Postcode,171431.000,619849.000,3500,18000,,,,,,,Campbeltown / Ceann Loch Chille Chiarain,http://data.ordnancesurvey.co.uk/id/4000000074550463,http://www.ordnancesurvey.co.uk/xml/codelists/localtype.xml#town,,,,Argyll and Bute,http://data.ordnancesurvey.co.uk/id/7000000000030106,http://data.ordnancesurvey.co.uk/ontology/admingeo/UnitaryAuthority,Scotland,http://data.ordnancesurvey.co.uk/id/7000000000041429,Scotland,http://data.ordnancesurvey.co.uk/id/country/scotland,,,
PA286RH,http://data.ordnancesurvey.co.uk/id/postcodeunit/PA286RH,PA28 6RH,,,,other,Postcode,170166.000,609204.000,3500,18000,,,,,,,Southend,http://data.ordnancesurvey.co.uk/id/4000000074550090,http://www.ordnancesurvey.co.uk/xml/codelists/localtype.xml#village,,,,Argyll and Bute,http://data.ordnancesurvey.co.uk/id/7000000000030106,http://data.ordnancesurvey.co.uk/ontology/admingeo/UnitaryAuthority,Scotland,http://data.ordnancesurvey.co.uk/id/7000000000041429,Scotland,http://data.ordnancesurvey.co.uk/id/country/scotland,,,
PA286LH,http://data.ordnancesurvey.co.uk/id/postcodeunit/PA286LH,PA28 6LH,,,,other,Postcode,171670.000,619791.000,3500,18000,,,,,,,Campbeltown / Ceann Loch Chille Chiarain,http://data.ordnancesurvey.co.uk/id/4000000074550463,http://www.ordnancesurvey.co.uk/xml/codelists/localtype.xml#town,,,,Argyll and Bute,http://data.ordnancesurvey.co.uk/id/7000000000030106,http://data.ordnancesurvey.co.uk/ontology/admingeo/UnitaryAuthority,Scotland,http://data.ordnancesurvey.co.uk/id/7000000000041429,Scotland,http://data.ordnancesurvey.co.uk/id/country/scotland,,,
PA286LN,http://data.ordnancesurvey.co.uk/id/postcodeunit/PA286LN,PA28 6LN,,,,other,Postcode,171683.000,619861.000,3500,18000,,,,,,,Campbeltown / Ceann Loch Chille Chiarain,http://data.ordnancesurvey.co.uk/id/4000000074550463,http://www.ordnancesurvey.co.uk/xml/codelists/localtype.xml#town,,,,Argyll and Bute,http://data.ordnancesurvey.co.uk/id/7000000000030106,http://data.ordnancesurvey.co.uk/ontology/admingeo/UnitaryAuthority,Scotland,http://data.ordnancesurvey.co.uk/id/7000000000041429,Scotland,http://data.ordnancesurvey.co.uk/id/country/scotland,,,
PA286DH,http://data.ordnancesurvey.co.uk/id/postcodeunit/PA286DH,PA28 6DH,,,,other,Postcode,171829.000,619695.000,3500,18000,,,,,,,Campbeltown / Ceann Loch Chille Chiarain,http://data.ordnancesurvey.co.uk/id/4000000074550463,http://www.ordnancesurvey.co.uk/xml/codelists/localtype.xml#town,,,,Argyll and Bute,http://data.ordnancesurvey.co.uk/id/7000000000030106,http://data.ordnancesurvey.co.uk/ontology/admingeo/UnitaryAuthority,Scotland,http://data.ordnancesurvey.co.uk/id/7000000000041429,Scotland,http://data.ordnancesurvey.co.uk/id/country/scotland,,,
PA286RN,http://data.ordnancesurvey.co.uk/id/postcodeunit/PA286RN,PA28 6RN,,,,other,Postcode,165879.000,610883.000,3500,18000,,,,,,,,,,,,,Argyll and Bute,http://data.ordnancesurvey.co.uk/id/7000000000030106,http://data.ordnancesurvey.co.uk/ontology/admingeo/UnitaryAuthority,Scotland,http://data.ordnancesurvey.co.uk/id/7000000000041429,Scotland,http://data.ordnancesurvey.co.uk/id/country/scotland,,,
PA286JT,http://data.ordnancesurvey.co.uk/id/postcodeunit/PA286JT,PA28 6JT,,,,other,Postcode,172121.000,619847.000,3500,18000,,,,,,,Campbeltown / Ceann Loch Chille Chiarain,http://data.ordnancesurvey.co.uk/id/4000000074550463,http://www.ordnancesurvey.co.uk/xml/codelists/localtype.xml#town,,,,Argyll and Bute,http://data.ordnancesurvey.co.uk/id/7000000000030106,http://data.ordnancesurvey.co.uk/ontology/admingeo/UnitaryAuthority,Scotland,http://data.ordnancesurvey.co.uk/id/7000000000041429,Scotland,http://data.ordnancesurvey.co.uk/id/country/scotland,,,
PA286RQ,http://data.ordnancesurvey.co.uk/id/postcodeunit/PA286RQ,PA28 6RQ,,,,other,Postcode,169819.000,609390.000,3500,18000,,,,,,,Southend,http://data.ordnancesurvey.co.uk/id/4000000074550090,http://www.ordnancesurvey.co.uk/xml/codelists/localtype.xml#village,,,,Argyll and Bute,http://data.ordnancesurvey.co.uk/id/7000000000030106,http://data.ordnancesurvey.co.uk/ontology/admingeo/UnitaryAuthority,Scotland,http://data.ordnancesurvey.co.uk/id/7000000000041429,Scotland,http://data.ordnancesurvey.co.uk/id/country/scotland,,,
PA286PW,http://data.ordnancesurvey.co.uk/id/postcodeunit/PA286PW,PA28 6PW,,,,other,Postcode,166283.000,619647.000,3500,18000,,,,,,,Drumlemble,http://data.ordnancesurvey.co.uk/id/4000000074550843,http://www.ordnancesurvey.co.uk/xml/codelists/localtype.xml#village,,,,Argyll and Bute,http://data.ordnancesurvey.co.uk/id/7000000000030106,http://data.ordnancesurvey.co.uk/ontology/admingeo/UnitaryAuthority,Scotland,http://data.ordnancesurvey.co.uk/id/7000000000041429,Scotland,http://data.ordnancesurvey.co.uk/id/country/scotland,,,
PA286RF,http://data.ordnancesurvey.co.uk/id/postcodeunit/PA286RF,PA28 6RF,,,,other,Postcode,173333.000,609629.000,3500,18000,,,,,,,,,,,,,Argyll and Bute,http://data.ordnancesurvey.co.uk/id/7000000000030106,http://data.ordnancesurvey.co.uk/ontology/admingeo/UnitaryAuthority,Scotland,http://data.ordnancesurvey.co.uk/id/7000000000041429,Scotland,http://data.ordnancesurvey.co.uk/id/country/scotland,,,
PA286PQ,http://data.ordnancesurvey.co.uk/id/postcodeunit/PA286PQ,PA28 6PQ,,,,other,Postcode,169664.000,619792.000,3500,18000,,,,,,,Stewarton,http://data.ordnancesurvey.co.uk/id/4000000074550465,http://www.ordnancesurvey.co.uk/xml/codelists/localtype.xml#village,,,,Argyll and Bute,http://data.ordnancesurvey.co.uk/id/7000000000030106,http://data.ordnancesurvey.co.uk/ontology/admingeo/UnitaryAuthority,Scotland,http://data.ordnancesurvey.co.uk/id/7000000000041429,Scotland,http://data.ordnancesurvey.co.uk/id/country/scotland,,,
PA286LL,http://data.ordnancesurvey.co.uk/id/postcodeunit/PA286LL,PA28 6LL,,,,other,Postcode,171574.000,619829.000,3500,18000,,,,,,,Campbeltown / Ceann Loch Chille Chiarain,http://data.ordnancesurvey.co.uk/id/4000000074550463,http://www.ordnancesurvey.co.uk/xml/codelists/localtype.xml#town,,,,Argyll and Bute,http://data.ordnancesurvey.co.uk/id/7000000000030106,http://data.ordnancesurvey.co.uk/ontology/admingeo/UnitaryAuthority,Scotland,http://data.ordnancesurvey.co.uk/id/7000000000041429,Scotland,http://data.ordnancesurvey.co.uk/id/country/scotland,,,
PA286LP,http://data.ordnancesurvey.co.uk/id/postcodeunit/PA286LP,PA28 6LP,,,,other,Postcode,171211.000,619829.000,3500,18000,,,,,,,Campbeltown / Ceann Loch Chille Chiarain,http://data.ordnancesurvey.co.uk/id/4000000074550463,http://www.ordnancesurvey.co.uk/xml/codelists/localtype.xml#town,,,,Argyll and Bute,http://data.ordnancesurvey.co.uk/id/7000000000030106,http://data.ordnancesurvey.co.uk/ontology/admingeo/UnitaryAuthority,Scotland,http://data.ordnancesurvey.co.uk/id/7000000000041429,Scotland,http://data.ordnancesurvey.co.uk/id/country/scotland,,,
PA286PS,http://data.ordnancesurvey.co.uk/id/postcodeunit/PA286PS,PA28 6PS,,,,other,Postcode,166244.000,619713.000,3500,18000,,,,,,,Drumlemble,http://data.ordnancesurvey.co.uk/id/4000000074550843,http://www.ordnancesurvey.co.uk/xml/codelists/localtype.xml#village,,,,Argyll and Bute,http://data.ordnancesurvey.co.uk/id/7000000000030106,http://data.ordnancesurvey.co.uk/ontology/admingeo/UnitaryAuthority,Scotland,http://data.ordnancesurvey.co.uk/id/7000000000041429,Scotland,http://data.ordnancesurvey.co.uk/id/country/scotland,,,
PA286PL,http://data.ordnancesurvey.co.uk/id/postcodeunit/PA286PL,PA28 6PL,,,,other,Postcode,169011.000,618252.000,3500,18000,,,,,,,,,,,,,Argyll and Bute,http://data.ordnancesurvey.co.uk/id/7000000000030106,http://data.ordnancesurvey.co.uk/ontology/admingeo/UnitaryAuthority,Scotland,http://data.ordnancesurvey.co.uk/id/7000000000041429,Scotland,http://data.ordnancesurvey.co.uk/id/country/scotland,,,
PA286LF,http://data.ordnancesurvey.co.uk/id/postcodeunit/PA286LF,PA28 6LF,,,,other,Postcode,171678.000,619758.000,3500,18000,,,,,,,Campbeltown / Ceann Loch Chille Chiarain,http://data.ordnancesurvey.co.uk/id/4000000074550463,http://www.ordnancesurvey.co.uk/xml/codelists/localtype.xml#town,,,,Argyll and Bute,http://data.ordnancesurvey.co.uk/id/7000000000030106,http://data.ordnancesurvey.co.uk/ontology/admingeo/UnitaryAuthority,Scotland,http://data.ordnancesurvey.co.uk/id/7000000000041429,Scotland,http://data.ordnancesurvey.co.uk/id/country/scotland,,,
PA286JP,http://data.ordnancesurvey.co.uk/id/postcodeunit/PA286JP,PA28 6JP,,,,other,Postcode,172379.000,619657.000,3500,18000,,,,,,,Campbeltown / Ceann Loch Chille Chiarain,http://data.ordnancesurvey.co.uk/id/4000000074550463,http://www.ordnancesurvey.co.uk/xml/codelists/localtype.xml#town,,,,Argyll and Bute,http://data.ordnancesurvey.co.uk/id/7000000000030106,http://data.ordnancesurvey.co.uk/ontology/admingeo/UnitaryAuthority,Scotland,http://data.ordnancesurvey.co.uk/id/7000000000041429,Scotland,http://data.ordnancesurvey.co.uk/id/country/scotland,,,
PA286UG,http://data.ordnancesurvey.co.uk/id/postcodeunit/PA286UG,PA28 6UG,,,,other,Postcode,173019.000,619282.000,3500,18000,,,,,,,Campbeltown / Ceann Loch Chille Chiarain,http://data.ordnancesurvey.co.uk/id/4000000074550463,http://www.ordnancesurvey.co.uk/xml/codelists/localtype.xml#town,,,,Argyll and Bute,http://data.ordnancesurvey.co.uk/id/7000000000030106,http://data.ordnancesurvey.co.uk/ontology/admingeo/UnitaryAuthority,Scotland,http://data.ordnancesurvey.co.uk/id/7000000000041429,Scotland,http://data.ordnancesurvey.co.uk/id/country/scotland,,,
PA286JN,http://data.ordnancesurvey.co.uk/id/postcodeunit/PA286JN,PA28 6JN,,,,other,Postcode,172603.000,619696.000,3500,18000,,,,,,,Campbeltown / Ceann Loch Chille Chiarain,http://data.ordnancesurvey.co.uk/id/4000000074550463,http://www.ordnancesurvey.co.uk/xml/codelists/localtype.xml#town,,,,Argyll and Bute,http://data.ordnancesurvey.co.uk/id/7000000000030106,http://data.ordnancesurvey.co.uk/ontology/admingeo/UnitaryAuthority,Scotland,http://data.ordnancesurvey.co.uk/id/7000000000041429,Scotland,http://data.ordnancesurvey.co.uk/id/country/scotland,,,
osgb4000000004875193,http://data.ordnancesurvey.co.uk/id/4000000004875193,Kilkerran Park,,,,transportNetwork,Named Road,172996.371,619281.000,1000,20000,172976.211,619241.080,173042.590,619320.820,PA28,http://data.ordnancesurvey.co.uk/id/postcodedistrict/PA28,Campbeltown / Ceann Loch Chille Chiarain,http://data.ordnancesurvey.co.uk/id/4000000074550463,http://www.ordnancesurvey.co.uk/xml/codelists/localtype.xml#town,,,,Argyll and Bute,http://data.ordnancesurvey.co.uk/id/7000000000030106,http://data.ordnancesurvey.co.uk/ontology/admingeo/UnitaryAuthority,Scotland,http://data.ordnancesurvey.co.uk/id/7000000000041429,Scotland,http://data.ordnancesurvey.co.uk/id/country/scotland,,,
osgb4000000004874580,http://data.ordnancesurvey.co.uk/id/4000000004874580,Hutcheon Road,,,,transportNetwork,Named Road,172190.000,619747.000,1000,20000,172150.190,619720.071,172232.000,619838.000,PA28,http://data.ordnancesurvey.co.uk/id/postcodedistrict/PA28,Campbeltown / Ceann Loch Chille Chiarain,http://data.ordnancesurvey.co.uk/id/4000000074550463,http://www.ordnancesurvey.co.uk/xml/codelists/localtype.xml#town,,,,Argyll and Bute,http://data.ordnancesurvey.co.uk/id/7000000000030106,http://data.ordnancesurvey.co.uk/ontology/admingeo/UnitaryAuthority,Scotland,http://data.ordnancesurvey.co.uk/id/7000000000041429,Scotland,http://data.ordnancesurvey.co.uk/id/country/scotland,,,
osgb4000000004874431,http://data.ordnancesurvey.co.uk/id/4000000004874431,Kilkerran Road,,,,transportNetwork,Named Road,172852.000,619487.000,11000,20000,172153.000,619121.000,173812.160,620190.000,PA28,http://data.ordnancesurvey.co.uk/id/postcodedistrict/PA28,Campbeltown / Ceann Loch Chille Chiarain,http://data.ordnancesurvey.co.uk/id/4000000074550463,http://www.ordnancesurvey.co.uk/xml/codelists/localtype.xml#town,,,,Argyll and Bute,http://data.ordnancesurvey.co.uk/id/7000000000030106,http://data.ordnancesurvey.co.uk/ontology/admingeo/UnitaryAuthority,Scotland,http://data.ordnancesurvey.co.uk/id/7000000000041429,Scotland,http://data.ordnancesurvey.co.uk/id/country/scotland,,,
osgb4000000004874456,http://data.ordnancesurvey.co.uk/id/4000000004874456,Limecraigs Road,,,,transportNetwork,Named Road,172037.000,619881.003,3000,20000,171808.000,619822.640,172232.000,619882.000,PA28,http://data.ordnancesurvey.co.uk/id/postcodedistrict/PA28,Campbeltown / Ceann Loch Chille Chiarain,http://data.ordnancesurvey.co.uk/id/4000000074550463,http://www.ordnancesurvey.co.uk/xml/codelists/localtype.xml#town,,,,Argyll and Bute,http://data.ordnancesurvey.co.uk/id/7000000000030106,http://data.ordnancesurvey.co.uk/ontology/admingeo/UnitaryAuthority,Scotland,http://data.ordnancesurvey.co.uk/id/7000000000041429,Scotland,http://data.ordnancesurvey.co.uk/id/country/scotland,,,
osgb4000000004874705,http://data.ordnancesurvey.co.uk/id/4000000004874705,B843,,,,transportNetwork,Numbered Road,166321.000,619734.000,43000,250000,162976.000,619713.000,169633.825,620776.059,PA28,http://data.ordnancesurvey.co.uk/id/postcodedistrict/PA28,Drumlemble,http://data.ordnancesurvey.co.uk/id/4000000074550843,http://www.ordnancesurvey.co.uk/xml/codelists/localtype.xml#village,,,,Argyll and Bute,http://data.ordnancesurvey.co.uk/id/7000000000030106,http://data.ordnancesurvey.co.uk/ontology/admingeo/UnitaryAuthority,Scotland,http://data.ordnancesurvey.co.uk/id/7000000000041429,Scotland,http://data.ordnancesurvey.co.uk/id/country/scotland,,,
osgb4000000004874430,http://data.ordnancesurvey.co.uk/id/4000000004874430,Tomaig Road,,,,transportNetwork,Named Road,171230.000,619852.000,5000,20000,171036.000,619495.000,171408.000,620262.000,PA28,http://data.ordnancesurvey.co.uk/id/postcodedistrict/PA28,Campbeltown / Ceann Loch Chille Chiarain,http://data.ordnancesurvey.co.uk/id/4000000074550463,http://www.ordnancesurvey.co.uk/xml/codelists/localtype.xml#town,,,,Argyll and Bute,http://data.ordnancesurvey.co.uk/id/7000000000030106,http://data.ordnancesurvey.co.uk/ontology/admingeo/UnitaryAuthority,Scotland,http://data.ordnancesurvey.co.uk/id/7000000000041429,Scotland,http://data.ordnancesurvey.co.uk/id/country/scotland,,,
osgb4000000004874443,http://data.ordnancesurvey.co.uk/id/4000000004874443,Crosshill Avenue,,,,transportNetwork,Named Road,171556.000,619811.000,3000,20000,171306.000,619762.000,171763.000,619898.000,PA28,http://data.ordnancesurvey.co.uk/id/postcodedistrict/PA28,Campbeltown / Ceann Loch Chille Chiarain,http://data.ordnancesurvey.co.uk/id/4000000074550463,http://www.ordnancesurvey.co.uk/xml/codelists/localtype.xml#town,,,,Argyll and Bute,http://data.ordnancesurvey.co.uk/id/7000000000030106,http://data.ordnancesurvey.co.uk/ontology/admingeo/UnitaryAuthority,Scotland,http://data.ordnancesurvey.co.uk/id/7000000000041429,Scotland,http://data.ordnancesurvey.co.uk/id/country/scotland,,,
osgb4000000004874578,http://data.ordnancesurvey.co.uk/id/4000000004874578,Meadowpark,,,,transportNetwork,Named Road,171755.200,619977.920,1000,20000,171719.000,619959.000,171834.000,619990.000,PA28,http://data.ordnancesurvey.co.uk/id/postcodedistrict/PA28,Campbeltown / Ceann Loch Chille Chiarain,http://data.ordnancesurvey.co.uk/id/4000000074550463,http://www.ordnancesurvey.co.uk/xml/codelists/localtype.xml#town,,,,Argyll and Bute,http://data.ordnancesurvey.co.uk/id/7000000000030106,http://data.ordnancesurvey.co.uk/ontology/admingeo/UnitaryAuthority,Scotland,http://data.ordnancesurvey.co.uk/id/7000000000041429,Scotland,http://data.ordnancesurvey.co.uk/id/country/scotland,,,
osgb5000005137107858,http://data.ordnancesurvey.co.uk/id/5000005137107858,Teapot Lane,,,,transportNetwork,Named Road,169180.538,608363.960,1000,20000,169126.000,608295.748,169224.163,608448.000,PA28,http://data.ordnancesurvey.co.uk/id/postcodedistrict/PA28,Southend,http://data.ordnancesurvey.co.uk/id/4000000074550090,http://www.ordnancesurvey.co.uk/xml/codelists/localtype.xml#village,,,,Argyll and Bute,http://data.ordnancesurvey.co.uk/id/7000000000030106,http://data.ordnancesurvey.co.uk/ontology/admingeo/UnitaryAuthority,Scotland,http://data.ordnancesurvey.co.uk/id/7000000000041429,Scotland,http://data.ordnancesurvey.co.uk/id/country/scotland,,,
osgb4000000004874510,http://data.ordnancesurvey.co.uk/id/4000000004874510,Woodlands Drive,,,,transportNetwork,Named Road,172298.000,619923.000,1000,20000,172232.000,619838.000,172346.760,619964.129,PA28,http://data.ordnancesurvey.co.uk/id/postcodedistrict/PA28,Campbeltown / Ceann Loch Chille Chiarain,http://data.ordnancesurvey.co.uk/id/4000000074550463,http://www.ordnancesurvey.co.uk/xml/codelists/localtype.xml#town,,,,Argyll and Bute,http://data.ordnancesurvey.co.uk/id/7000000000030106,http://data.ordnancesurvey.co.uk/ontology/admingeo/UnitaryAuthority,Scotland,http://data.ordnancesurvey.co.uk/id/7000000000041429,Scotland,http://data.ordnancesurvey.co.uk/id/country/scotland,,,
osgb4000000004874457,http://data.ordnancesurvey.co.uk/id/4000000004874457,Ardnacraig Avenue,,,,transportNetwork,Named Road,172385.000,619767.000,2000,20000,172265.000,619610.040,172413.002,619896.000,PA28,http://data.ordnancesurvey.co.uk/id/postcodedistrict/PA28,Campbeltown / Ceann Loch Chille Chiarain,http://data.ordnancesurvey.co.uk/id/4000000074550463,http://www.ordnancesurvey.co.uk/xml/codelists/localtype.xml#town,,,,Argyll and Bute,http://data.ordnancesurvey.co.uk/id/7000000000030106,http://data.ordnancesurvey.co.uk/ontology/admingeo/UnitaryAuthority,Scotland,http://data.ordnancesurvey.co.uk/id/7000000000041429,Scotland,http://data.ordnancesurvey.co.uk/id/country/scotland,,,
osgb4000000004874574,http://data.ordnancesurvey.co.uk/id/4000000004874574,St Columba's Way,,,,transportNetwork,Named Road,169340.000,608562.000,1000,20000,169315.581,608527.814,169341.000,608591.000,PA28,http://data.ordnancesurvey.co.uk/id/postcodedistrict/PA28,Southend,http://data.ordnancesurvey.co.uk/id/4000000074550090,http://www.ordnancesurvey.co.uk/xml/codelists/localtype.xml#village,,,,Argyll and Bute,http://data.ordnancesurvey.co.uk/id/7000000000030106,http://data.ordnancesurvey.co.uk/ontology/admingeo/UnitaryAuthority,Scotland,http://data.ordnancesurvey.co.uk/id/7000000000041429,Scotland,http://data.ordnancesurvey.co.uk/id/country/scotland,,,
osgb4000000004874442,http://data.ordnancesurvey.co.uk/id/4000000004874442,Ralston Road,,,,transportNetwork,Named Road,171536.000,619744.000,4000,20000,171226.000,619733.000,171869.000,620242.000,PA28,http://data.ordnancesurvey.co.uk/id/postcodedistrict/PA28,Campbeltown / Ceann Loch Chille Chiarain,http://data.ordnancesurvey.co.uk/id/4000000074550463,http://www.ordnancesurvey.co.uk/xml/codelists/localtype.xml#town,,,,Argyll and Bute,http://data.ordnancesurvey.co.uk/id/7000000000030106,http://data.ordnancesurvey.co.uk/ontology/admingeo/UnitaryAuthority,Scotland,http://data.ordnancesurvey.co.uk/id/7000000000041429,Scotland,http://data.ordnancesurvey.co.uk/id/country/scotland,,,
osgb4000000004874508,http://data.ordnancesurvey.co.uk/id/4000000004874508,Range Road,,,,transportNetwork,Named Road,171556.000,619811.000,1000,20000,171545.000,619742.000,171570.000,619902.000,PA28,http://data.ordnancesurvey.co.uk/id/postcodedistrict/PA28,Campbeltown / Ceann Loch Chille Chiarain,http://data.ordnancesurvey.co.uk/id/4000000074550463,http://www.ordnancesurvey.co.uk/xml/codelists/localtype.xml#town,,,,Argyll and Bute,http://data.ordnancesurvey.co.uk/id/7000000000030106,http://data.ordnancesurvey.co.uk/ontology/admingeo/UnitaryAuthority,Scotland,http://data.ordnancesurvey.co.uk/id/7000000000041429,Scotland,http://data.ordnancesurvey.co.uk/id/country/scotland,,,
osgb5000005137107856,http://data.ordnancesurvey.co.uk/id/5000005137107856,Dunaverty Court,,,,transportNetwork,Named Road,169035.992,608389.683,1000,20000,169035.992,608371.084,169047.387,608389.683,PA28,http://data.ordnancesurvey.co.uk/id/postcodedistrict/PA28,Southend,http://data.ordnancesurvey.co.uk/id/4000000074550090,http://www.ordnancesurvey.co.uk/xml/codelists/localtype.xml#village,,,,Argyll and Bute,http://data.ordnancesurvey.co.uk/id/7000000000030106,http://data.ordnancesurvey.co.uk/ontology/admingeo/UnitaryAuthority,Scotland,http://data.ordnancesurvey.co.uk/id/7000000000041429,Scotland,http://data.ordnancesurvey.co.uk/id/country/scotland,,,
osgb4000000004874444,http://data.ordnancesurvey.co.uk/id/4000000004874444,Meadows Avenue,,,,transportNetwork,Named Road,171570.000,619902.000,3000,20000,171329.000,619862.000,171813.000,619942.000,PA28,http://data.ordnancesurvey.co.uk/id/postcodedistrict/PA28,Campbeltown / Ceann Loch Chille Chiarain,http://data.ordnancesurvey.co.uk/id/4000000074550463,http://www.ordnancesurvey.co.uk/xml/codelists/localtype.xml#town,,,,Argyll and Bute,http://data.ordnancesurvey.co.uk/id/7000000000030106,http://data.ordnancesurvey.co.uk/ontology/admingeo/UnitaryAuthority,Scotland,http://data.ordnancesurvey.co.uk/id/7000000000041429,Scotland,http://data.ordnancesurvey.co.uk/id/country/scotland,,,
PA286RW,http://data.ordnancesurvey.co.uk/id/postcodeunit/PA286RW,PA28 6RW,,,,other,Postcode,168802.000,608262.000,3500,18000,,,,,,,Southend,http://data.ordnancesurvey.co.uk/id/4000000074550090,http://www.ordnancesurvey.co.uk/xml/codelists/localtype.xml#village,,,,Argyll and Bute,http://data.ordnancesurvey.co.uk/id/7000000000030106,http://data.ordnancesurvey.co.uk/ontology/admingeo/UnitaryAuthority,Scotland,http://data.ordnancesurvey.co.uk/id/7000000000041429,Scotland,http://data.ordnancesurvey.co.uk/id/country/scotland,,,
PA286RX,http://data.ordnancesurvey.co.uk/id/postcodeunit/PA286RX,PA28 6RX,,,,other,Postcode,168843.000,608228.000,3500,18000,,,,,,,Southend,http://data.ordnancesurvey.co.uk/id/4000000074550090,http://www.ordnancesurvey.co.uk/xml/codelists/localtype.xml#village,,,,Argyll and Bute,http://data.ordnancesurvey.co.uk/id/7000000000030106,http://data.ordnancesurvey.co.uk/ontology/admingeo/UnitaryAuthority,Scotland,http://data.ordnancesurvey.co.uk/id/7000000000041429,Scotland,http://data.ordnancesurvey.co.uk/id/country/scotland,,,
PA286PG,http://data.ordnancesurvey.co.uk/id/postcodeunit/PA286PG,PA28 6PG,,,,other,Postcode,169562.000,619864.000,3500,18000,,,,,,,Stewarton,http://data.ordnancesurvey.co.uk/id/4000000074550465,http://www.ordnancesurvey.co.uk/xml/codelists/localtype.xml#village,,,,Argyll and Bute,http://data.ordnancesurvey.co.uk/id/7000000000030106,http://data.ordnancesurvey.co.uk/ontology/admingeo/UnitaryAuthority,Scotland,http://data.ordnancesurvey.co.uk/id/7000000000041429,Scotland,http://data.ordnancesurvey.co.uk/id/country/scotland,,,
osgb4000000004874576,http://data.ordnancesurvey.co.uk/id/4000000004874576,Burnbank Cottages,,,,transportNetwork,Named Road,166230.000,619656.100,1000,20000,166209.000,619656.000,166300.000,619664.000,PA28,http://data.ordnancesurvey.co.uk/id/postcodedistrict/PA28,Drumlemble,http://data.ordnancesurvey.co.uk/id/4000000074550843,http://www.ordnancesurvey.co.uk/xml/codelists/localtype.xml#village,,,,Argyll and Bute,http://data.ordnancesurvey.co.uk/id/7000000000030106,http://data.ordnancesurvey.co.uk/ontology/admingeo/UnitaryAuthority,Scotland,http://data.ordnancesurvey.co.uk/id/7000000000041429,Scotland,http://data.ordnancesurvey.co.uk/id/country/scotland,,,
osgb4000000004874575,http://data.ordnancesurvey.co.uk/id/4000000004874575,Rhudal Cottages,,,,transportNetwork,Named Road,166230.000,619559.882,1000,20000,166192.800,619500.800,166278.000,619564.148,PA28,http://data.ordnancesurvey.co.uk/id/postcodedistrict/PA28,Drumlemble,http://data.ordnancesurvey.co.uk/id/4000000074550843,http://www.ordnancesurvey.co.uk/xml/codelists/localtype.xml#village,,,,Argyll and Bute,http://data.ordnancesurvey.co.uk/id/7000000000030106,http://data.ordnancesurvey.co.uk/ontology/admingeo/UnitaryAuthority,Scotland,http://data.ordnancesurvey.co.uk/id/7000000000041429,Scotland,http://data.ordnancesurvey.co.uk/id/country/scotland,,,
osgb4000000004874506,http://data.ordnancesurvey.co.uk/id/4000000004874506,Kintyre Gardens,,,,transportNetwork,Named Road,171816.000,619725.000,1000,20000,171793.000,619656.160,171857.600,619790.000,PA28,http://data.ordnancesurvey.co.uk/id/postcodedistrict/PA28,Campbeltown / Ceann Loch Chille Chiarain,http://data.ordnancesurvey.co.uk/id/4000000074550463,http://www.ordnancesurvey.co.uk/xml/codelists/localtype.xml#town,,,,Argyll and Bute,http://data.ordnancesurvey.co.uk/id/7000000000030106,http://data.ordnancesurvey.co.uk/ontology/admingeo/UnitaryAuthority,Scotland,http://data.ordnancesurvey.co.uk/id/7000000000041429,Scotland,http://data.ordnancesurvey.co.uk/id/country/scotland,,,
