﻿osgb4000000074552726,http://data.ordnancesurvey.co.uk/id/4000000074552726,Tighnabruaich,,,,populatedPlace,Village,198019.870,672921.820,16000,250000,197277.083,671720.501,199291.888,674127.372,PA21,http://data.ordnancesurvey.co.uk/id/postcodedistrict/PA21,,,,,,,Argyll and Bute,http://data.ordnancesurvey.co.uk/id/7000000000030106,http://data.ordnancesurvey.co.uk/ontology/admingeo/UnitaryAuthority,Scotland,http://data.ordnancesurvey.co.uk/id/7000000000041429,Scotland,http://data.ordnancesurvey.co.uk/id/country/scotland,,,http://sws.geonames.org/2635840
osgb4000000074553103,http://data.ordnancesurvey.co.uk/id/4000000074553103,West Tarbert,,,,populatedPlace,Hamlet,184836.230,667701.650,5000,25000,184613.971,667442.595,185113.971,667942.595,PA29,http://data.ordnancesurvey.co.uk/id/postcodedistrict/PA29,,,,,,,Argyll and Bute,http://data.ordnancesurvey.co.uk/id/7000000000030106,http://data.ordnancesurvey.co.uk/ontology/admingeo/UnitaryAuthority,Scotland,http://data.ordnancesurvey.co.uk/id/7000000000041429,Scotland,http://data.ordnancesurvey.co.uk/id/country/scotland,,,http://sws.geonames.org/2634255
osgb4000000074553100,http://data.ordnancesurvey.co.uk/id/4000000074553100,Melldalloch,,,,populatedPlace,Hamlet,192563.000,674662.000,5000,25000,192256.410,674420.858,193304.003,674972.130,PA21,http://data.ordnancesurvey.co.uk/id/postcodedistrict/PA21,,,,,,,Argyll and Bute,http://data.ordnancesurvey.co.uk/id/7000000000030106,http://data.ordnancesurvey.co.uk/ontology/admingeo/UnitaryAuthority,Scotland,http://data.ordnancesurvey.co.uk/id/7000000000041429,Scotland,http://data.ordnancesurvey.co.uk/id/country/scotland,,,
osgb4000000074552725,http://data.ordnancesurvey.co.uk/id/4000000074552725,Millhouse,,,,populatedPlace,Hamlet,195618.000,670544.000,5000,25000,195374.593,670250.942,196051.702,670810.002,PA21,http://data.ordnancesurvey.co.uk/id/postcodedistrict/PA21,,,,,,,Argyll and Bute,http://data.ordnancesurvey.co.uk/id/7000000000030106,http://data.ordnancesurvey.co.uk/ontology/admingeo/UnitaryAuthority,Scotland,http://data.ordnancesurvey.co.uk/id/7000000000041429,Scotland,http://data.ordnancesurvey.co.uk/id/country/scotland,,,
osgb4000000074553102,http://data.ordnancesurvey.co.uk/id/4000000074553102,Tarbert,eng,An Tairbeart,gla,populatedPlace,Village,186351.000,668629.000,16000,250000,185746.885,668107.376,188134.176,669476.614,PA29,http://data.ordnancesurvey.co.uk/id/postcodedistrict/PA29,,,,,,,Argyll and Bute,http://data.ordnancesurvey.co.uk/id/7000000000030106,http://data.ordnancesurvey.co.uk/ontology/admingeo/UnitaryAuthority,Scotland,http://data.ordnancesurvey.co.uk/id/7000000000041429,Scotland,http://data.ordnancesurvey.co.uk/id/country/scotland,,"http://dbpedia.org/resource/Tarbert,_Argyll_and_Bute",http://sws.geonames.org/2636241
osgb4000000074552724,http://data.ordnancesurvey.co.uk/id/4000000074552724,Kames,,,,populatedPlace,Village,197574.000,670894.000,11000,250000,196867.098,670036.153,198024.110,671677.314,PA21,http://data.ordnancesurvey.co.uk/id/postcodedistrict/PA21,,,,,,,Argyll and Bute,http://data.ordnancesurvey.co.uk/id/7000000000030106,http://data.ordnancesurvey.co.uk/ontology/admingeo/UnitaryAuthority,Scotland,http://data.ordnancesurvey.co.uk/id/7000000000041429,Scotland,http://data.ordnancesurvey.co.uk/id/country/scotland,,,
osgb4000000074553468,http://data.ordnancesurvey.co.uk/id/4000000074553468,Kilfinan,,,,populatedPlace,Hamlet,193458.620,678888.480,5000,25000,193015.170,678557.664,193560.449,679348.638,PA21,http://data.ordnancesurvey.co.uk/id/postcodedistrict/PA21,,,,,,,Argyll and Bute,http://data.ordnancesurvey.co.uk/id/7000000000030106,http://data.ordnancesurvey.co.uk/ontology/admingeo/UnitaryAuthority,Scotland,http://data.ordnancesurvey.co.uk/id/7000000000041429,Scotland,http://data.ordnancesurvey.co.uk/id/country/scotland,,,http://sws.geonames.org/2645668
osgb4000000074553101,http://data.ordnancesurvey.co.uk/id/4000000074553101,Torinturk,,,,populatedPlace,Hamlet,181248.000,664266.000,5000,25000,181020.946,663986.715,181520.946,664587.123,PA29,http://data.ordnancesurvey.co.uk/id/postcodedistrict/PA29,,,,,,,Argyll and Bute,http://data.ordnancesurvey.co.uk/id/7000000000030106,http://data.ordnancesurvey.co.uk/ontology/admingeo/UnitaryAuthority,Scotland,http://data.ordnancesurvey.co.uk/id/7000000000041429,Scotland,http://data.ordnancesurvey.co.uk/id/country/scotland,,,
PA296TP,http://data.ordnancesurvey.co.uk/id/postcodeunit/PA296TP,PA29 6TP,,,,other,Postcode,186418.000,668585.000,3500,18000,,,,,,,Tarbert / An Tairbeart,http://data.ordnancesurvey.co.uk/id/4000000074553102,http://www.ordnancesurvey.co.uk/xml/codelists/localtype.xml#village,,,,Argyll and Bute,http://data.ordnancesurvey.co.uk/id/7000000000030106,http://data.ordnancesurvey.co.uk/ontology/admingeo/UnitaryAuthority,Scotland,http://data.ordnancesurvey.co.uk/id/7000000000041429,Scotland,http://data.ordnancesurvey.co.uk/id/country/scotland,,,
PA296SU,http://data.ordnancesurvey.co.uk/id/postcodeunit/PA296SU,PA29 6SU,,,,other,Postcode,185857.000,668311.000,3500,18000,,,,,,,Tarbert / An Tairbeart,http://data.ordnancesurvey.co.uk/id/4000000074553102,http://www.ordnancesurvey.co.uk/xml/codelists/localtype.xml#village,,,,Argyll and Bute,http://data.ordnancesurvey.co.uk/id/7000000000030106,http://data.ordnancesurvey.co.uk/ontology/admingeo/UnitaryAuthority,Scotland,http://data.ordnancesurvey.co.uk/id/7000000000041429,Scotland,http://data.ordnancesurvey.co.uk/id/country/scotland,,,
PA296TF,http://data.ordnancesurvey.co.uk/id/postcodeunit/PA296TF,PA29 6TF,,,,other,Postcode,186634.000,668475.000,3500,18000,,,,,,,Tarbert / An Tairbeart,http://data.ordnancesurvey.co.uk/id/4000000074553102,http://www.ordnancesurvey.co.uk/xml/codelists/localtype.xml#village,,,,Argyll and Bute,http://data.ordnancesurvey.co.uk/id/7000000000030106,http://data.ordnancesurvey.co.uk/ontology/admingeo/UnitaryAuthority,Scotland,http://data.ordnancesurvey.co.uk/id/7000000000041429,Scotland,http://data.ordnancesurvey.co.uk/id/country/scotland,,,
PA296XY,http://data.ordnancesurvey.co.uk/id/postcodeunit/PA296XY,PA29 6XY,,,,other,Postcode,185298.000,668476.000,3500,18000,,,,,,,,,,,,,Argyll and Bute,http://data.ordnancesurvey.co.uk/id/7000000000030106,http://data.ordnancesurvey.co.uk/ontology/admingeo/UnitaryAuthority,Scotland,http://data.ordnancesurvey.co.uk/id/7000000000041429,Scotland,http://data.ordnancesurvey.co.uk/id/country/scotland,,,
PA296YL,http://data.ordnancesurvey.co.uk/id/postcodeunit/PA296YL,PA29 6YL,,,,other,Postcode,186136.000,675277.000,3500,18000,,,,,,,,,,,,,Argyll and Bute,http://data.ordnancesurvey.co.uk/id/7000000000030106,http://data.ordnancesurvey.co.uk/ontology/admingeo/UnitaryAuthority,Scotland,http://data.ordnancesurvey.co.uk/id/7000000000041429,Scotland,http://data.ordnancesurvey.co.uk/id/country/scotland,,,
PA296YH,http://data.ordnancesurvey.co.uk/id/postcodeunit/PA296YH,PA29 6YH,,,,other,Postcode,186961.000,669752.000,3500,18000,,,,,,,,,,,,,Argyll and Bute,http://data.ordnancesurvey.co.uk/id/7000000000030106,http://data.ordnancesurvey.co.uk/ontology/admingeo/UnitaryAuthority,Scotland,http://data.ordnancesurvey.co.uk/id/7000000000041429,Scotland,http://data.ordnancesurvey.co.uk/id/country/scotland,,,
PA212BD,http://data.ordnancesurvey.co.uk/id/postcodeunit/PA212BD,PA21 2BD,,,,other,Postcode,197671.000,672809.000,3500,18000,,,,,,,Tighnabruaich,http://data.ordnancesurvey.co.uk/id/4000000074552726,http://www.ordnancesurvey.co.uk/xml/codelists/localtype.xml#village,,,,Argyll and Bute,http://data.ordnancesurvey.co.uk/id/7000000000030106,http://data.ordnancesurvey.co.uk/ontology/admingeo/UnitaryAuthority,Scotland,http://data.ordnancesurvey.co.uk/id/7000000000041429,Scotland,http://data.ordnancesurvey.co.uk/id/country/scotland,,,
PA296WX,http://data.ordnancesurvey.co.uk/id/postcodeunit/PA296WX,PA29 6WX,,,,other,Postcode,181740.000,661448.000,3500,18000,,,,,,,Glac a' Mhuilinn / Whitehouse,http://data.ordnancesurvey.co.uk/id/4000000074580561,http://www.ordnancesurvey.co.uk/xml/codelists/localtype.xml#village,,,,Argyll and Bute,http://data.ordnancesurvey.co.uk/id/7000000000030106,http://data.ordnancesurvey.co.uk/ontology/admingeo/UnitaryAuthority,Scotland,http://data.ordnancesurvey.co.uk/id/7000000000041429,Scotland,http://data.ordnancesurvey.co.uk/id/country/scotland,,,
PA296TE,http://data.ordnancesurvey.co.uk/id/postcodeunit/PA296TE,PA29 6TE,,,,other,Postcode,186443.000,668483.000,3500,18000,,,,,,,Tarbert / An Tairbeart,http://data.ordnancesurvey.co.uk/id/4000000074553102,http://www.ordnancesurvey.co.uk/xml/codelists/localtype.xml#village,,,,Argyll and Bute,http://data.ordnancesurvey.co.uk/id/7000000000030106,http://data.ordnancesurvey.co.uk/ontology/admingeo/UnitaryAuthority,Scotland,http://data.ordnancesurvey.co.uk/id/7000000000041429,Scotland,http://data.ordnancesurvey.co.uk/id/country/scotland,,,
PA296WU,http://data.ordnancesurvey.co.uk/id/postcodeunit/PA296WU,PA29 6WU,,,,other,Postcode,186418.000,668585.000,3500,18000,,,,,,,Tarbert / An Tairbeart,http://data.ordnancesurvey.co.uk/id/4000000074553102,http://www.ordnancesurvey.co.uk/xml/codelists/localtype.xml#village,,,,Argyll and Bute,http://data.ordnancesurvey.co.uk/id/7000000000030106,http://data.ordnancesurvey.co.uk/ontology/admingeo/UnitaryAuthority,Scotland,http://data.ordnancesurvey.co.uk/id/7000000000041429,Scotland,http://data.ordnancesurvey.co.uk/id/country/scotland,,,
PA296TQ,http://data.ordnancesurvey.co.uk/id/postcodeunit/PA296TQ,PA29 6TQ,,,,other,Postcode,186547.000,668391.000,3500,18000,,,,,,,Tarbert / An Tairbeart,http://data.ordnancesurvey.co.uk/id/4000000074553102,http://www.ordnancesurvey.co.uk/xml/codelists/localtype.xml#village,,,,Argyll and Bute,http://data.ordnancesurvey.co.uk/id/7000000000030106,http://data.ordnancesurvey.co.uk/ontology/admingeo/UnitaryAuthority,Scotland,http://data.ordnancesurvey.co.uk/id/7000000000041429,Scotland,http://data.ordnancesurvey.co.uk/id/country/scotland,,,
PA212BA,http://data.ordnancesurvey.co.uk/id/postcodeunit/PA212BA,PA21 2BA,,,,other,Postcode,197933.000,672824.000,3500,18000,,,,,,,Tighnabruaich,http://data.ordnancesurvey.co.uk/id/4000000074552726,http://www.ordnancesurvey.co.uk/xml/codelists/localtype.xml#village,,,,Argyll and Bute,http://data.ordnancesurvey.co.uk/id/7000000000030106,http://data.ordnancesurvey.co.uk/ontology/admingeo/UnitaryAuthority,Scotland,http://data.ordnancesurvey.co.uk/id/7000000000041429,Scotland,http://data.ordnancesurvey.co.uk/id/country/scotland,,,
PA296UR,http://data.ordnancesurvey.co.uk/id/postcodeunit/PA296UR,PA29 6UR,,,,other,Postcode,186352.000,668503.000,3500,18000,,,,,,,Tarbert / An Tairbeart,http://data.ordnancesurvey.co.uk/id/4000000074553102,http://www.ordnancesurvey.co.uk/xml/codelists/localtype.xml#village,,,,Argyll and Bute,http://data.ordnancesurvey.co.uk/id/7000000000030106,http://data.ordnancesurvey.co.uk/ontology/admingeo/UnitaryAuthority,Scotland,http://data.ordnancesurvey.co.uk/id/7000000000041429,Scotland,http://data.ordnancesurvey.co.uk/id/country/scotland,,,
PA296TZ,http://data.ordnancesurvey.co.uk/id/postcodeunit/PA296TZ,PA29 6TZ,,,,other,Postcode,186389.000,668622.000,3500,18000,,,,,,,Tarbert / An Tairbeart,http://data.ordnancesurvey.co.uk/id/4000000074553102,http://www.ordnancesurvey.co.uk/xml/codelists/localtype.xml#village,,,,Argyll and Bute,http://data.ordnancesurvey.co.uk/id/7000000000030106,http://data.ordnancesurvey.co.uk/ontology/admingeo/UnitaryAuthority,Scotland,http://data.ordnancesurvey.co.uk/id/7000000000041429,Scotland,http://data.ordnancesurvey.co.uk/id/country/scotland,,,
PA296UE,http://data.ordnancesurvey.co.uk/id/postcodeunit/PA296UE,PA29 6UE,,,,other,Postcode,186860.000,668782.000,3500,18000,,,,,,,Tarbert / An Tairbeart,http://data.ordnancesurvey.co.uk/id/4000000074553102,http://www.ordnancesurvey.co.uk/xml/codelists/localtype.xml#village,,,,Argyll and Bute,http://data.ordnancesurvey.co.uk/id/7000000000030106,http://data.ordnancesurvey.co.uk/ontology/admingeo/UnitaryAuthority,Scotland,http://data.ordnancesurvey.co.uk/id/7000000000041429,Scotland,http://data.ordnancesurvey.co.uk/id/country/scotland,,,
PA212DY,http://data.ordnancesurvey.co.uk/id/postcodeunit/PA212DY,PA21 2DY,,,,other,Postcode,198419.000,673319.000,3500,18000,,,,,,,Tighnabruaich,http://data.ordnancesurvey.co.uk/id/4000000074552726,http://www.ordnancesurvey.co.uk/xml/codelists/localtype.xml#village,,,,Argyll and Bute,http://data.ordnancesurvey.co.uk/id/7000000000030106,http://data.ordnancesurvey.co.uk/ontology/admingeo/UnitaryAuthority,Scotland,http://data.ordnancesurvey.co.uk/id/7000000000041429,Scotland,http://data.ordnancesurvey.co.uk/id/country/scotland,,,
PA296TH,http://data.ordnancesurvey.co.uk/id/postcodeunit/PA296TH,PA29 6TH,,,,other,Postcode,186567.000,668360.000,3500,18000,,,,,,,Tarbert / An Tairbeart,http://data.ordnancesurvey.co.uk/id/4000000074553102,http://www.ordnancesurvey.co.uk/xml/codelists/localtype.xml#village,,,,Argyll and Bute,http://data.ordnancesurvey.co.uk/id/7000000000030106,http://data.ordnancesurvey.co.uk/ontology/admingeo/UnitaryAuthority,Scotland,http://data.ordnancesurvey.co.uk/id/7000000000041429,Scotland,http://data.ordnancesurvey.co.uk/id/country/scotland,,,
PA296SY,http://data.ordnancesurvey.co.uk/id/postcodeunit/PA296SY,PA29 6SY,,,,other,Postcode,186095.000,668420.000,3500,18000,,,,,,,Tarbert / An Tairbeart,http://data.ordnancesurvey.co.uk/id/4000000074553102,http://www.ordnancesurvey.co.uk/xml/codelists/localtype.xml#village,,,,Argyll and Bute,http://data.ordnancesurvey.co.uk/id/7000000000030106,http://data.ordnancesurvey.co.uk/ontology/admingeo/UnitaryAuthority,Scotland,http://data.ordnancesurvey.co.uk/id/7000000000041429,Scotland,http://data.ordnancesurvey.co.uk/id/country/scotland,,,
PA296XX,http://data.ordnancesurvey.co.uk/id/postcodeunit/PA296XX,PA29 6XX,,,,other,Postcode,183133.000,666707.000,3500,18000,,,,,,,,,,,,,Argyll and Bute,http://data.ordnancesurvey.co.uk/id/7000000000030106,http://data.ordnancesurvey.co.uk/ontology/admingeo/UnitaryAuthority,Scotland,http://data.ordnancesurvey.co.uk/id/7000000000041429,Scotland,http://data.ordnancesurvey.co.uk/id/country/scotland,,,
PA296TT,http://data.ordnancesurvey.co.uk/id/postcodeunit/PA296TT,PA29 6TT,,,,other,Postcode,186536.000,669124.000,3500,18000,,,,,,,Tarbert / An Tairbeart,http://data.ordnancesurvey.co.uk/id/4000000074553102,http://www.ordnancesurvey.co.uk/xml/codelists/localtype.xml#village,,,,Argyll and Bute,http://data.ordnancesurvey.co.uk/id/7000000000030106,http://data.ordnancesurvey.co.uk/ontology/admingeo/UnitaryAuthority,Scotland,http://data.ordnancesurvey.co.uk/id/7000000000041429,Scotland,http://data.ordnancesurvey.co.uk/id/country/scotland,,,
PA296AB,http://data.ordnancesurvey.co.uk/id/postcodeunit/PA296AB,PA29 6AB,,,,other,Postcode,186051.000,668370.000,3500,18000,,,,,,,Tarbert / An Tairbeart,http://data.ordnancesurvey.co.uk/id/4000000074553102,http://www.ordnancesurvey.co.uk/xml/codelists/localtype.xml#village,,,,Argyll and Bute,http://data.ordnancesurvey.co.uk/id/7000000000030106,http://data.ordnancesurvey.co.uk/ontology/admingeo/UnitaryAuthority,Scotland,http://data.ordnancesurvey.co.uk/id/7000000000041429,Scotland,http://data.ordnancesurvey.co.uk/id/country/scotland,,,
PA296SX,http://data.ordnancesurvey.co.uk/id/postcodeunit/PA296SX,PA29 6SX,,,,other,Postcode,186066.000,668448.000,3500,18000,,,,,,,Tarbert / An Tairbeart,http://data.ordnancesurvey.co.uk/id/4000000074553102,http://www.ordnancesurvey.co.uk/xml/codelists/localtype.xml#village,,,,Argyll and Bute,http://data.ordnancesurvey.co.uk/id/7000000000030106,http://data.ordnancesurvey.co.uk/ontology/admingeo/UnitaryAuthority,Scotland,http://data.ordnancesurvey.co.uk/id/7000000000041429,Scotland,http://data.ordnancesurvey.co.uk/id/country/scotland,,,
PA296XH,http://data.ordnancesurvey.co.uk/id/postcodeunit/PA296XH,PA29 6XH,,,,other,Postcode,186478.000,668559.000,3500,18000,,,,,,,Tarbert / An Tairbeart,http://data.ordnancesurvey.co.uk/id/4000000074553102,http://www.ordnancesurvey.co.uk/xml/codelists/localtype.xml#village,,,,Argyll and Bute,http://data.ordnancesurvey.co.uk/id/7000000000030106,http://data.ordnancesurvey.co.uk/ontology/admingeo/UnitaryAuthority,Scotland,http://data.ordnancesurvey.co.uk/id/7000000000041429,Scotland,http://data.ordnancesurvey.co.uk/id/country/scotland,,,
PA296UQ,http://data.ordnancesurvey.co.uk/id/postcodeunit/PA296UQ,PA29 6UQ,,,,other,Postcode,186971.000,668713.000,3500,18000,,,,,,,Tarbert / An Tairbeart,http://data.ordnancesurvey.co.uk/id/4000000074553102,http://www.ordnancesurvey.co.uk/xml/codelists/localtype.xml#village,,,,Argyll and Bute,http://data.ordnancesurvey.co.uk/id/7000000000030106,http://data.ordnancesurvey.co.uk/ontology/admingeo/UnitaryAuthority,Scotland,http://data.ordnancesurvey.co.uk/id/7000000000041429,Scotland,http://data.ordnancesurvey.co.uk/id/country/scotland,,,
PA212AF,http://data.ordnancesurvey.co.uk/id/postcodeunit/PA212AF,PA21 2AF,,,,other,Postcode,197449.000,671154.000,3500,18000,,,,,,,Kames,http://data.ordnancesurvey.co.uk/id/4000000074552724,http://www.ordnancesurvey.co.uk/xml/codelists/localtype.xml#village,,,,Argyll and Bute,http://data.ordnancesurvey.co.uk/id/7000000000030106,http://data.ordnancesurvey.co.uk/ontology/admingeo/UnitaryAuthority,Scotland,http://data.ordnancesurvey.co.uk/id/7000000000041429,Scotland,http://data.ordnancesurvey.co.uk/id/country/scotland,,,
PA296UN,http://data.ordnancesurvey.co.uk/id/postcodeunit/PA296UN,PA29 6UN,,,,other,Postcode,186381.000,668583.000,3500,18000,,,,,,,Tarbert / An Tairbeart,http://data.ordnancesurvey.co.uk/id/4000000074553102,http://www.ordnancesurvey.co.uk/xml/codelists/localtype.xml#village,,,,Argyll and Bute,http://data.ordnancesurvey.co.uk/id/7000000000030106,http://data.ordnancesurvey.co.uk/ontology/admingeo/UnitaryAuthority,Scotland,http://data.ordnancesurvey.co.uk/id/7000000000041429,Scotland,http://data.ordnancesurvey.co.uk/id/country/scotland,,,
PA296UP,http://data.ordnancesurvey.co.uk/id/postcodeunit/PA296UP,PA29 6UP,,,,other,Postcode,186332.000,668557.000,3500,18000,,,,,,,Tarbert / An Tairbeart,http://data.ordnancesurvey.co.uk/id/4000000074553102,http://www.ordnancesurvey.co.uk/xml/codelists/localtype.xml#village,,,,Argyll and Bute,http://data.ordnancesurvey.co.uk/id/7000000000030106,http://data.ordnancesurvey.co.uk/ontology/admingeo/UnitaryAuthority,Scotland,http://data.ordnancesurvey.co.uk/id/7000000000041429,Scotland,http://data.ordnancesurvey.co.uk/id/country/scotland,,,
PA296YJ,http://data.ordnancesurvey.co.uk/id/postcodeunit/PA296YJ,PA29 6YJ,,,,other,Postcode,186331.000,671481.000,3500,18000,,,,,,,,,,,,,Argyll and Bute,http://data.ordnancesurvey.co.uk/id/7000000000030106,http://data.ordnancesurvey.co.uk/ontology/admingeo/UnitaryAuthority,Scotland,http://data.ordnancesurvey.co.uk/id/7000000000041429,Scotland,http://data.ordnancesurvey.co.uk/id/country/scotland,,,
PA212BH,http://data.ordnancesurvey.co.uk/id/postcodeunit/PA212BH,PA21 2BH,,,,other,Postcode,197158.000,671568.000,3500,18000,,,,,,,Kames,http://data.ordnancesurvey.co.uk/id/4000000074552724,http://www.ordnancesurvey.co.uk/xml/codelists/localtype.xml#village,,,,Argyll and Bute,http://data.ordnancesurvey.co.uk/id/7000000000030106,http://data.ordnancesurvey.co.uk/ontology/admingeo/UnitaryAuthority,Scotland,http://data.ordnancesurvey.co.uk/id/7000000000041429,Scotland,http://data.ordnancesurvey.co.uk/id/country/scotland,,,
PA296UG,http://data.ordnancesurvey.co.uk/id/postcodeunit/PA296UG,PA29 6UG,,,,other,Postcode,187704.000,668624.000,3500,18000,,,,,,,Tarbert / An Tairbeart,http://data.ordnancesurvey.co.uk/id/4000000074553102,http://www.ordnancesurvey.co.uk/xml/codelists/localtype.xml#village,,,,Argyll and Bute,http://data.ordnancesurvey.co.uk/id/7000000000030106,http://data.ordnancesurvey.co.uk/ontology/admingeo/UnitaryAuthority,Scotland,http://data.ordnancesurvey.co.uk/id/7000000000041429,Scotland,http://data.ordnancesurvey.co.uk/id/country/scotland,,,
PA296UD,http://data.ordnancesurvey.co.uk/id/postcodeunit/PA296UD,PA29 6UD,,,,other,Postcode,186619.000,668685.000,3500,18000,,,,,,,Tarbert / An Tairbeart,http://data.ordnancesurvey.co.uk/id/4000000074553102,http://www.ordnancesurvey.co.uk/xml/codelists/localtype.xml#village,,,,Argyll and Bute,http://data.ordnancesurvey.co.uk/id/7000000000030106,http://data.ordnancesurvey.co.uk/ontology/admingeo/UnitaryAuthority,Scotland,http://data.ordnancesurvey.co.uk/id/7000000000041429,Scotland,http://data.ordnancesurvey.co.uk/id/country/scotland,,,
PA212BB,http://data.ordnancesurvey.co.uk/id/postcodeunit/PA212BB,PA21 2BB,,,,other,Postcode,197818.000,672738.000,3500,18000,,,,,,,Tighnabruaich,http://data.ordnancesurvey.co.uk/id/4000000074552726,http://www.ordnancesurvey.co.uk/xml/codelists/localtype.xml#village,,,,Argyll and Bute,http://data.ordnancesurvey.co.uk/id/7000000000030106,http://data.ordnancesurvey.co.uk/ontology/admingeo/UnitaryAuthority,Scotland,http://data.ordnancesurvey.co.uk/id/7000000000041429,Scotland,http://data.ordnancesurvey.co.uk/id/country/scotland,,,
PA296XS,http://data.ordnancesurvey.co.uk/id/postcodeunit/PA296XS,PA29 6XS,,,,other,Postcode,180722.000,660754.000,3500,18000,,,,,,,,,,,,,Argyll and Bute,http://data.ordnancesurvey.co.uk/id/7000000000030106,http://data.ordnancesurvey.co.uk/ontology/admingeo/UnitaryAuthority,Scotland,http://data.ordnancesurvey.co.uk/id/7000000000041429,Scotland,http://data.ordnancesurvey.co.uk/id/country/scotland,,,
PA212EG,http://data.ordnancesurvey.co.uk/id/postcodeunit/PA212EG,PA21 2EG,,,,other,Postcode,199086.000,674054.000,3500,18000,,,,,,,Tighnabruaich,http://data.ordnancesurvey.co.uk/id/4000000074552726,http://www.ordnancesurvey.co.uk/xml/codelists/localtype.xml#village,,,,Argyll and Bute,http://data.ordnancesurvey.co.uk/id/7000000000030106,http://data.ordnancesurvey.co.uk/ontology/admingeo/UnitaryAuthority,Scotland,http://data.ordnancesurvey.co.uk/id/7000000000041429,Scotland,http://data.ordnancesurvey.co.uk/id/country/scotland,,,
PA212DU,http://data.ordnancesurvey.co.uk/id/postcodeunit/PA212DU,PA21 2DU,,,,other,Postcode,197981.000,673098.000,3500,18000,,,,,,,Tighnabruaich,http://data.ordnancesurvey.co.uk/id/4000000074552726,http://www.ordnancesurvey.co.uk/xml/codelists/localtype.xml#village,,,,Argyll and Bute,http://data.ordnancesurvey.co.uk/id/7000000000030106,http://data.ordnancesurvey.co.uk/ontology/admingeo/UnitaryAuthority,Scotland,http://data.ordnancesurvey.co.uk/id/7000000000041429,Scotland,http://data.ordnancesurvey.co.uk/id/country/scotland,,,
PA212BX,http://data.ordnancesurvey.co.uk/id/postcodeunit/PA212BX,PA21 2BX,,,,other,Postcode,193564.000,670389.000,3500,18000,,,,,,,,,,,,,Argyll and Bute,http://data.ordnancesurvey.co.uk/id/7000000000030106,http://data.ordnancesurvey.co.uk/ontology/admingeo/UnitaryAuthority,Scotland,http://data.ordnancesurvey.co.uk/id/7000000000041429,Scotland,http://data.ordnancesurvey.co.uk/id/country/scotland,,,
PA212EP,http://data.ordnancesurvey.co.uk/id/postcodeunit/PA212EP,PA21 2EP,,,,other,Postcode,193139.000,678630.000,3500,18000,,,,,,,Kilfinan,http://data.ordnancesurvey.co.uk/id/4000000074553468,http://www.ordnancesurvey.co.uk/xml/codelists/localtype.xml#hamlet,,,,Argyll and Bute,http://data.ordnancesurvey.co.uk/id/7000000000030106,http://data.ordnancesurvey.co.uk/ontology/admingeo/UnitaryAuthority,Scotland,http://data.ordnancesurvey.co.uk/id/7000000000041429,Scotland,http://data.ordnancesurvey.co.uk/id/country/scotland,,,
PA212DT,http://data.ordnancesurvey.co.uk/id/postcodeunit/PA212DT,PA21 2DT,,,,other,Postcode,197945.000,672921.000,3500,18000,,,,,,,Tighnabruaich,http://data.ordnancesurvey.co.uk/id/4000000074552726,http://www.ordnancesurvey.co.uk/xml/codelists/localtype.xml#village,,,,Argyll and Bute,http://data.ordnancesurvey.co.uk/id/7000000000030106,http://data.ordnancesurvey.co.uk/ontology/admingeo/UnitaryAuthority,Scotland,http://data.ordnancesurvey.co.uk/id/7000000000041429,Scotland,http://data.ordnancesurvey.co.uk/id/country/scotland,,,
PA212ER,http://data.ordnancesurvey.co.uk/id/postcodeunit/PA212ER,PA21 2ER,,,,other,Postcode,192435.000,674528.000,3500,18000,,,,,,,Melldalloch,http://data.ordnancesurvey.co.uk/id/4000000074553100,http://www.ordnancesurvey.co.uk/xml/codelists/localtype.xml#hamlet,,,,Argyll and Bute,http://data.ordnancesurvey.co.uk/id/7000000000030106,http://data.ordnancesurvey.co.uk/ontology/admingeo/UnitaryAuthority,Scotland,http://data.ordnancesurvey.co.uk/id/7000000000041429,Scotland,http://data.ordnancesurvey.co.uk/id/country/scotland,,,
PA296WA,http://data.ordnancesurvey.co.uk/id/postcodeunit/PA296WA,PA29 6WA,,,,other,Postcode,186402.000,668599.000,3500,18000,,,,,,,Tarbert / An Tairbeart,http://data.ordnancesurvey.co.uk/id/4000000074553102,http://www.ordnancesurvey.co.uk/xml/codelists/localtype.xml#village,,,,Argyll and Bute,http://data.ordnancesurvey.co.uk/id/7000000000030106,http://data.ordnancesurvey.co.uk/ontology/admingeo/UnitaryAuthority,Scotland,http://data.ordnancesurvey.co.uk/id/7000000000041429,Scotland,http://data.ordnancesurvey.co.uk/id/country/scotland,,,
PA212AQ,http://data.ordnancesurvey.co.uk/id/postcodeunit/PA212AQ,PA21 2AQ,,,,other,Postcode,197336.000,671261.000,3500,18000,,,,,,,Kames,http://data.ordnancesurvey.co.uk/id/4000000074552724,http://www.ordnancesurvey.co.uk/xml/codelists/localtype.xml#village,,,,Argyll and Bute,http://data.ordnancesurvey.co.uk/id/7000000000030106,http://data.ordnancesurvey.co.uk/ontology/admingeo/UnitaryAuthority,Scotland,http://data.ordnancesurvey.co.uk/id/7000000000041429,Scotland,http://data.ordnancesurvey.co.uk/id/country/scotland,,,
PA296YX,http://data.ordnancesurvey.co.uk/id/postcodeunit/PA296YX,PA29 6YX,,,,other,Postcode,182325.000,661776.000,3500,18000,,,,,,,,,,,,,Argyll and Bute,http://data.ordnancesurvey.co.uk/id/7000000000030106,http://data.ordnancesurvey.co.uk/ontology/admingeo/UnitaryAuthority,Scotland,http://data.ordnancesurvey.co.uk/id/7000000000041429,Scotland,http://data.ordnancesurvey.co.uk/id/country/scotland,,,
PA212BU,http://data.ordnancesurvey.co.uk/id/postcodeunit/PA212BU,PA21 2BU,,,,other,Postcode,195328.000,671635.000,3500,18000,,,,,,,,,,,,,Argyll and Bute,http://data.ordnancesurvey.co.uk/id/7000000000030106,http://data.ordnancesurvey.co.uk/ontology/admingeo/UnitaryAuthority,Scotland,http://data.ordnancesurvey.co.uk/id/7000000000041429,Scotland,http://data.ordnancesurvey.co.uk/id/country/scotland,,,
PA212EA,http://data.ordnancesurvey.co.uk/id/postcodeunit/PA212EA,PA21 2EA,,,,other,Postcode,198562.000,673386.000,3500,18000,,,,,,,Tighnabruaich,http://data.ordnancesurvey.co.uk/id/4000000074552726,http://www.ordnancesurvey.co.uk/xml/codelists/localtype.xml#village,,,,Argyll and Bute,http://data.ordnancesurvey.co.uk/id/7000000000030106,http://data.ordnancesurvey.co.uk/ontology/admingeo/UnitaryAuthority,Scotland,http://data.ordnancesurvey.co.uk/id/7000000000041429,Scotland,http://data.ordnancesurvey.co.uk/id/country/scotland,,,
PA212BQ,http://data.ordnancesurvey.co.uk/id/postcodeunit/PA212BQ,PA21 2BQ,,,,other,Postcode,197013.000,671470.000,3500,18000,,,,,,,Kames,http://data.ordnancesurvey.co.uk/id/4000000074552724,http://www.ordnancesurvey.co.uk/xml/codelists/localtype.xml#village,,,,Argyll and Bute,http://data.ordnancesurvey.co.uk/id/7000000000030106,http://data.ordnancesurvey.co.uk/ontology/admingeo/UnitaryAuthority,Scotland,http://data.ordnancesurvey.co.uk/id/7000000000041429,Scotland,http://data.ordnancesurvey.co.uk/id/country/scotland,,,
PA212AD,http://data.ordnancesurvey.co.uk/id/postcodeunit/PA212AD,PA21 2AD,,,,other,Postcode,197321.000,671322.000,3500,18000,,,,,,,Kames,http://data.ordnancesurvey.co.uk/id/4000000074552724,http://www.ordnancesurvey.co.uk/xml/codelists/localtype.xml#village,,,,Argyll and Bute,http://data.ordnancesurvey.co.uk/id/7000000000030106,http://data.ordnancesurvey.co.uk/ontology/admingeo/UnitaryAuthority,Scotland,http://data.ordnancesurvey.co.uk/id/7000000000041429,Scotland,http://data.ordnancesurvey.co.uk/id/country/scotland,,,
PA212DS,http://data.ordnancesurvey.co.uk/id/postcodeunit/PA212DS,PA21 2DS,,,,other,Postcode,197950.000,672985.000,3500,18000,,,,,,,Tighnabruaich,http://data.ordnancesurvey.co.uk/id/4000000074552726,http://www.ordnancesurvey.co.uk/xml/codelists/localtype.xml#village,,,,Argyll and Bute,http://data.ordnancesurvey.co.uk/id/7000000000030106,http://data.ordnancesurvey.co.uk/ontology/admingeo/UnitaryAuthority,Scotland,http://data.ordnancesurvey.co.uk/id/7000000000041429,Scotland,http://data.ordnancesurvey.co.uk/id/country/scotland,,,
PA296UA,http://data.ordnancesurvey.co.uk/id/postcodeunit/PA296UA,PA29 6UA,,,,other,Postcode,186388.000,668616.000,3500,18000,,,,,,,Tarbert / An Tairbeart,http://data.ordnancesurvey.co.uk/id/4000000074553102,http://www.ordnancesurvey.co.uk/xml/codelists/localtype.xml#village,,,,Argyll and Bute,http://data.ordnancesurvey.co.uk/id/7000000000030106,http://data.ordnancesurvey.co.uk/ontology/admingeo/UnitaryAuthority,Scotland,http://data.ordnancesurvey.co.uk/id/7000000000041429,Scotland,http://data.ordnancesurvey.co.uk/id/country/scotland,,,
PA212EB,http://data.ordnancesurvey.co.uk/id/postcodeunit/PA212EB,PA21 2EB,,,,other,Postcode,198811.000,673626.000,3500,18000,,,,,,,Tighnabruaich,http://data.ordnancesurvey.co.uk/id/4000000074552726,http://www.ordnancesurvey.co.uk/xml/codelists/localtype.xml#village,,,,Argyll and Bute,http://data.ordnancesurvey.co.uk/id/7000000000030106,http://data.ordnancesurvey.co.uk/ontology/admingeo/UnitaryAuthority,Scotland,http://data.ordnancesurvey.co.uk/id/7000000000041429,Scotland,http://data.ordnancesurvey.co.uk/id/country/scotland,,,
PA296TX,http://data.ordnancesurvey.co.uk/id/postcodeunit/PA296TX,PA29 6TX,,,,other,Postcode,186026.000,668625.000,3500,18000,,,,,,,Tarbert / An Tairbeart,http://data.ordnancesurvey.co.uk/id/4000000074553102,http://www.ordnancesurvey.co.uk/xml/codelists/localtype.xml#village,,,,Argyll and Bute,http://data.ordnancesurvey.co.uk/id/7000000000030106,http://data.ordnancesurvey.co.uk/ontology/admingeo/UnitaryAuthority,Scotland,http://data.ordnancesurvey.co.uk/id/7000000000041429,Scotland,http://data.ordnancesurvey.co.uk/id/country/scotland,,,
PA212DR,http://data.ordnancesurvey.co.uk/id/postcodeunit/PA212DR,PA21 2DR,,,,other,Postcode,198005.000,672890.000,3500,18000,,,,,,,Tighnabruaich,http://data.ordnancesurvey.co.uk/id/4000000074552726,http://www.ordnancesurvey.co.uk/xml/codelists/localtype.xml#village,,,,Argyll and Bute,http://data.ordnancesurvey.co.uk/id/7000000000030106,http://data.ordnancesurvey.co.uk/ontology/admingeo/UnitaryAuthority,Scotland,http://data.ordnancesurvey.co.uk/id/7000000000041429,Scotland,http://data.ordnancesurvey.co.uk/id/country/scotland,,,
PA296YE,http://data.ordnancesurvey.co.uk/id/postcodeunit/PA296YE,PA29 6YE,,,,other,Postcode,181273.000,664344.000,3500,18000,,,,,,,Torinturk,http://data.ordnancesurvey.co.uk/id/4000000074553101,http://www.ordnancesurvey.co.uk/xml/codelists/localtype.xml#hamlet,,,,Argyll and Bute,http://data.ordnancesurvey.co.uk/id/7000000000030106,http://data.ordnancesurvey.co.uk/ontology/admingeo/UnitaryAuthority,Scotland,http://data.ordnancesurvey.co.uk/id/7000000000041429,Scotland,http://data.ordnancesurvey.co.uk/id/country/scotland,,,
PA212EJ,http://data.ordnancesurvey.co.uk/id/postcodeunit/PA212EJ,PA21 2EJ,,,,other,Postcode,198760.000,673682.000,3500,18000,,,,,,,Tighnabruaich,http://data.ordnancesurvey.co.uk/id/4000000074552726,http://www.ordnancesurvey.co.uk/xml/codelists/localtype.xml#village,,,,Argyll and Bute,http://data.ordnancesurvey.co.uk/id/7000000000030106,http://data.ordnancesurvey.co.uk/ontology/admingeo/UnitaryAuthority,Scotland,http://data.ordnancesurvey.co.uk/id/7000000000041429,Scotland,http://data.ordnancesurvey.co.uk/id/country/scotland,,,
PA296XR,http://data.ordnancesurvey.co.uk/id/postcodeunit/PA296XR,PA29 6XR,,,,other,Postcode,181814.000,661410.000,3500,18000,,,,,,,Glac a' Mhuilinn / Whitehouse,http://data.ordnancesurvey.co.uk/id/4000000074580561,http://www.ordnancesurvey.co.uk/xml/codelists/localtype.xml#village,,,,Argyll and Bute,http://data.ordnancesurvey.co.uk/id/7000000000030106,http://data.ordnancesurvey.co.uk/ontology/admingeo/UnitaryAuthority,Scotland,http://data.ordnancesurvey.co.uk/id/7000000000041429,Scotland,http://data.ordnancesurvey.co.uk/id/country/scotland,,,
PA212BW,http://data.ordnancesurvey.co.uk/id/postcodeunit/PA212BW,PA21 2BW,,,,other,Postcode,195623.000,670456.000,3500,18000,,,,,,,Millhouse,http://data.ordnancesurvey.co.uk/id/4000000074552725,http://www.ordnancesurvey.co.uk/xml/codelists/localtype.xml#hamlet,,,,Argyll and Bute,http://data.ordnancesurvey.co.uk/id/7000000000030106,http://data.ordnancesurvey.co.uk/ontology/admingeo/UnitaryAuthority,Scotland,http://data.ordnancesurvey.co.uk/id/7000000000041429,Scotland,http://data.ordnancesurvey.co.uk/id/country/scotland,,,
PA296YF,http://data.ordnancesurvey.co.uk/id/postcodeunit/PA296YF,PA29 6YF,,,,other,Postcode,183835.000,665375.000,3500,18000,,,,,,,,,,,,,Argyll and Bute,http://data.ordnancesurvey.co.uk/id/7000000000030106,http://data.ordnancesurvey.co.uk/ontology/admingeo/UnitaryAuthority,Scotland,http://data.ordnancesurvey.co.uk/id/7000000000041429,Scotland,http://data.ordnancesurvey.co.uk/id/country/scotland,,,
PA212BS,http://data.ordnancesurvey.co.uk/id/postcodeunit/PA212BS,PA21 2BS,,,,other,Postcode,196149.000,669867.000,3500,18000,,,,,,,,,,,,,Argyll and Bute,http://data.ordnancesurvey.co.uk/id/7000000000030106,http://data.ordnancesurvey.co.uk/ontology/admingeo/UnitaryAuthority,Scotland,http://data.ordnancesurvey.co.uk/id/7000000000041429,Scotland,http://data.ordnancesurvey.co.uk/id/country/scotland,,,
PA296TD,http://data.ordnancesurvey.co.uk/id/postcodeunit/PA296TD,PA29 6TD,,,,other,Postcode,186124.000,668301.000,3500,18000,,,,,,,Tarbert / An Tairbeart,http://data.ordnancesurvey.co.uk/id/4000000074553102,http://www.ordnancesurvey.co.uk/xml/codelists/localtype.xml#village,,,,Argyll and Bute,http://data.ordnancesurvey.co.uk/id/7000000000030106,http://data.ordnancesurvey.co.uk/ontology/admingeo/UnitaryAuthority,Scotland,http://data.ordnancesurvey.co.uk/id/7000000000041429,Scotland,http://data.ordnancesurvey.co.uk/id/country/scotland,,,
PA212AA,http://data.ordnancesurvey.co.uk/id/postcodeunit/PA212AA,PA21 2AA,,,,other,Postcode,197184.000,671448.000,3500,18000,,,,,,,Kames,http://data.ordnancesurvey.co.uk/id/4000000074552724,http://www.ordnancesurvey.co.uk/xml/codelists/localtype.xml#village,,,,Argyll and Bute,http://data.ordnancesurvey.co.uk/id/7000000000030106,http://data.ordnancesurvey.co.uk/ontology/admingeo/UnitaryAuthority,Scotland,http://data.ordnancesurvey.co.uk/id/7000000000041429,Scotland,http://data.ordnancesurvey.co.uk/id/country/scotland,,,
PA212AH,http://data.ordnancesurvey.co.uk/id/postcodeunit/PA212AH,PA21 2AH,,,,other,Postcode,197766.000,666893.000,3500,18000,,,,,,,,,,,,,Argyll and Bute,http://data.ordnancesurvey.co.uk/id/7000000000030106,http://data.ordnancesurvey.co.uk/ontology/admingeo/UnitaryAuthority,Scotland,http://data.ordnancesurvey.co.uk/id/7000000000041429,Scotland,http://data.ordnancesurvey.co.uk/id/country/scotland,,,
PA296TN,http://data.ordnancesurvey.co.uk/id/postcodeunit/PA296TN,PA29 6TN,,,,other,Postcode,186318.000,668619.000,3500,18000,,,,,,,Tarbert / An Tairbeart,http://data.ordnancesurvey.co.uk/id/4000000074553102,http://www.ordnancesurvey.co.uk/xml/codelists/localtype.xml#village,,,,Argyll and Bute,http://data.ordnancesurvey.co.uk/id/7000000000030106,http://data.ordnancesurvey.co.uk/ontology/admingeo/UnitaryAuthority,Scotland,http://data.ordnancesurvey.co.uk/id/7000000000041429,Scotland,http://data.ordnancesurvey.co.uk/id/country/scotland,,,
PA212BE,http://data.ordnancesurvey.co.uk/id/postcodeunit/PA212BE,PA21 2BE,,,,other,Postcode,197449.000,672186.000,3500,18000,,,,,,,Tighnabruaich,http://data.ordnancesurvey.co.uk/id/4000000074552726,http://www.ordnancesurvey.co.uk/xml/codelists/localtype.xml#village,,,,Argyll and Bute,http://data.ordnancesurvey.co.uk/id/7000000000030106,http://data.ordnancesurvey.co.uk/ontology/admingeo/UnitaryAuthority,Scotland,http://data.ordnancesurvey.co.uk/id/7000000000041429,Scotland,http://data.ordnancesurvey.co.uk/id/country/scotland,,,
PA296UB,http://data.ordnancesurvey.co.uk/id/postcodeunit/PA296UB,PA29 6UB,,,,other,Postcode,186494.000,668611.000,3500,18000,,,,,,,Tarbert / An Tairbeart,http://data.ordnancesurvey.co.uk/id/4000000074553102,http://www.ordnancesurvey.co.uk/xml/codelists/localtype.xml#village,,,,Argyll and Bute,http://data.ordnancesurvey.co.uk/id/7000000000030106,http://data.ordnancesurvey.co.uk/ontology/admingeo/UnitaryAuthority,Scotland,http://data.ordnancesurvey.co.uk/id/7000000000041429,Scotland,http://data.ordnancesurvey.co.uk/id/country/scotland,,,
PA212BP,http://data.ordnancesurvey.co.uk/id/postcodeunit/PA212BP,PA21 2BP,,,,other,Postcode,195706.000,669550.000,3500,18000,,,,,,,,,,,,,Argyll and Bute,http://data.ordnancesurvey.co.uk/id/7000000000030106,http://data.ordnancesurvey.co.uk/ontology/admingeo/UnitaryAuthority,Scotland,http://data.ordnancesurvey.co.uk/id/7000000000041429,Scotland,http://data.ordnancesurvey.co.uk/id/country/scotland,,,
PA212BF,http://data.ordnancesurvey.co.uk/id/postcodeunit/PA212BF,PA21 2BF,,,,other,Postcode,197765.000,672722.000,3500,18000,,,,,,,Tighnabruaich,http://data.ordnancesurvey.co.uk/id/4000000074552726,http://www.ordnancesurvey.co.uk/xml/codelists/localtype.xml#village,,,,Argyll and Bute,http://data.ordnancesurvey.co.uk/id/7000000000030106,http://data.ordnancesurvey.co.uk/ontology/admingeo/UnitaryAuthority,Scotland,http://data.ordnancesurvey.co.uk/id/7000000000041429,Scotland,http://data.ordnancesurvey.co.uk/id/country/scotland,,,
PA296TW,http://data.ordnancesurvey.co.uk/id/postcodeunit/PA296TW,PA29 6TW,,,,other,Postcode,186394.000,668731.000,3500,18000,,,,,,,Tarbert / An Tairbeart,http://data.ordnancesurvey.co.uk/id/4000000074553102,http://www.ordnancesurvey.co.uk/xml/codelists/localtype.xml#village,,,,Argyll and Bute,http://data.ordnancesurvey.co.uk/id/7000000000030106,http://data.ordnancesurvey.co.uk/ontology/admingeo/UnitaryAuthority,Scotland,http://data.ordnancesurvey.co.uk/id/7000000000041429,Scotland,http://data.ordnancesurvey.co.uk/id/country/scotland,,,
PA212DX,http://data.ordnancesurvey.co.uk/id/postcodeunit/PA212DX,PA21 2DX,,,,other,Postcode,198199.000,673051.000,3500,18000,,,,,,,Tighnabruaich,http://data.ordnancesurvey.co.uk/id/4000000074552726,http://www.ordnancesurvey.co.uk/xml/codelists/localtype.xml#village,,,,Argyll and Bute,http://data.ordnancesurvey.co.uk/id/7000000000030106,http://data.ordnancesurvey.co.uk/ontology/admingeo/UnitaryAuthority,Scotland,http://data.ordnancesurvey.co.uk/id/7000000000041429,Scotland,http://data.ordnancesurvey.co.uk/id/country/scotland,,,
PA308ET,http://data.ordnancesurvey.co.uk/id/postcodeunit/PA308ET,PA30 8ET,,,,other,Postcode,184972.000,679755.000,3500,18000,,,,,,,,,,,,,Argyll and Bute,http://data.ordnancesurvey.co.uk/id/7000000000030106,http://data.ordnancesurvey.co.uk/ontology/admingeo/UnitaryAuthority,Scotland,http://data.ordnancesurvey.co.uk/id/7000000000041429,Scotland,http://data.ordnancesurvey.co.uk/id/country/scotland,,,
PA212BZ,http://data.ordnancesurvey.co.uk/id/postcodeunit/PA212BZ,PA21 2BZ,,,,other,Postcode,197100.000,671572.000,3500,18000,,,,,,,Kames,http://data.ordnancesurvey.co.uk/id/4000000074552724,http://www.ordnancesurvey.co.uk/xml/codelists/localtype.xml#village,,,,Argyll and Bute,http://data.ordnancesurvey.co.uk/id/7000000000030106,http://data.ordnancesurvey.co.uk/ontology/admingeo/UnitaryAuthority,Scotland,http://data.ordnancesurvey.co.uk/id/7000000000041429,Scotland,http://data.ordnancesurvey.co.uk/id/country/scotland,,,
PA296UL,http://data.ordnancesurvey.co.uk/id/postcodeunit/PA296UL,PA29 6UL,,,,other,Postcode,186414.000,668573.000,3500,18000,,,,,,,Tarbert / An Tairbeart,http://data.ordnancesurvey.co.uk/id/4000000074553102,http://www.ordnancesurvey.co.uk/xml/codelists/localtype.xml#village,,,,Argyll and Bute,http://data.ordnancesurvey.co.uk/id/7000000000030106,http://data.ordnancesurvey.co.uk/ontology/admingeo/UnitaryAuthority,Scotland,http://data.ordnancesurvey.co.uk/id/7000000000041429,Scotland,http://data.ordnancesurvey.co.uk/id/country/scotland,,,
PA212ED,http://data.ordnancesurvey.co.uk/id/postcodeunit/PA212ED,PA21 2ED,,,,other,Postcode,198990.000,673915.000,3500,18000,,,,,,,Tighnabruaich,http://data.ordnancesurvey.co.uk/id/4000000074552726,http://www.ordnancesurvey.co.uk/xml/codelists/localtype.xml#village,,,,Argyll and Bute,http://data.ordnancesurvey.co.uk/id/7000000000030106,http://data.ordnancesurvey.co.uk/ontology/admingeo/UnitaryAuthority,Scotland,http://data.ordnancesurvey.co.uk/id/7000000000041429,Scotland,http://data.ordnancesurvey.co.uk/id/country/scotland,,,
PA212DA,http://data.ordnancesurvey.co.uk/id/postcodeunit/PA212DA,PA21 2DA,,,,other,Postcode,193245.000,669210.000,3500,18000,,,,,,,,,,,,,Argyll and Bute,http://data.ordnancesurvey.co.uk/id/7000000000030106,http://data.ordnancesurvey.co.uk/ontology/admingeo/UnitaryAuthority,Scotland,http://data.ordnancesurvey.co.uk/id/7000000000041429,Scotland,http://data.ordnancesurvey.co.uk/id/country/scotland,,,
PA296UW,http://data.ordnancesurvey.co.uk/id/postcodeunit/PA296UW,PA29 6UW,,,,other,Postcode,186364.000,668590.000,3500,18000,,,,,,,Tarbert / An Tairbeart,http://data.ordnancesurvey.co.uk/id/4000000074553102,http://www.ordnancesurvey.co.uk/xml/codelists/localtype.xml#village,,,,Argyll and Bute,http://data.ordnancesurvey.co.uk/id/7000000000030106,http://data.ordnancesurvey.co.uk/ontology/admingeo/UnitaryAuthority,Scotland,http://data.ordnancesurvey.co.uk/id/7000000000041429,Scotland,http://data.ordnancesurvey.co.uk/id/country/scotland,,,
PA212BY,http://data.ordnancesurvey.co.uk/id/postcodeunit/PA212BY,PA21 2BY,,,,other,Postcode,194519.000,670336.000,3500,18000,,,,,,,,,,,,,Argyll and Bute,http://data.ordnancesurvey.co.uk/id/7000000000030106,http://data.ordnancesurvey.co.uk/ontology/admingeo/UnitaryAuthority,Scotland,http://data.ordnancesurvey.co.uk/id/7000000000041429,Scotland,http://data.ordnancesurvey.co.uk/id/country/scotland,,,
PA212BL,http://data.ordnancesurvey.co.uk/id/postcodeunit/PA212BL,PA21 2BL,,,,other,Postcode,196021.000,670758.000,3500,18000,,,,,,,Millhouse,http://data.ordnancesurvey.co.uk/id/4000000074552725,http://www.ordnancesurvey.co.uk/xml/codelists/localtype.xml#hamlet,,,,Argyll and Bute,http://data.ordnancesurvey.co.uk/id/7000000000030106,http://data.ordnancesurvey.co.uk/ontology/admingeo/UnitaryAuthority,Scotland,http://data.ordnancesurvey.co.uk/id/7000000000041429,Scotland,http://data.ordnancesurvey.co.uk/id/country/scotland,,,
PA212AB,http://data.ordnancesurvey.co.uk/id/postcodeunit/PA212AB,PA21 2AB,,,,other,Postcode,197136.000,671283.000,3500,18000,,,,,,,Kames,http://data.ordnancesurvey.co.uk/id/4000000074552724,http://www.ordnancesurvey.co.uk/xml/codelists/localtype.xml#village,,,,Argyll and Bute,http://data.ordnancesurvey.co.uk/id/7000000000030106,http://data.ordnancesurvey.co.uk/ontology/admingeo/UnitaryAuthority,Scotland,http://data.ordnancesurvey.co.uk/id/7000000000041429,Scotland,http://data.ordnancesurvey.co.uk/id/country/scotland,,,
PA296TG,http://data.ordnancesurvey.co.uk/id/postcodeunit/PA296TG,PA29 6TG,,,,other,Postcode,186618.000,668536.000,3500,18000,,,,,,,Tarbert / An Tairbeart,http://data.ordnancesurvey.co.uk/id/4000000074553102,http://www.ordnancesurvey.co.uk/xml/codelists/localtype.xml#village,,,,Argyll and Bute,http://data.ordnancesurvey.co.uk/id/7000000000030106,http://data.ordnancesurvey.co.uk/ontology/admingeo/UnitaryAuthority,Scotland,http://data.ordnancesurvey.co.uk/id/7000000000041429,Scotland,http://data.ordnancesurvey.co.uk/id/country/scotland,,,
PA212BJ,http://data.ordnancesurvey.co.uk/id/postcodeunit/PA212BJ,PA21 2BJ,,,,other,Postcode,196935.000,671920.000,3500,18000,,,,,,,,,,,,,Argyll and Bute,http://data.ordnancesurvey.co.uk/id/7000000000030106,http://data.ordnancesurvey.co.uk/ontology/admingeo/UnitaryAuthority,Scotland,http://data.ordnancesurvey.co.uk/id/7000000000041429,Scotland,http://data.ordnancesurvey.co.uk/id/country/scotland,,,
PA296TL,http://data.ordnancesurvey.co.uk/id/postcodeunit/PA296TL,PA29 6TL,,,,other,Postcode,186455.000,668228.000,3500,18000,,,,,,,Tarbert / An Tairbeart,http://data.ordnancesurvey.co.uk/id/4000000074553102,http://www.ordnancesurvey.co.uk/xml/codelists/localtype.xml#village,,,,Argyll and Bute,http://data.ordnancesurvey.co.uk/id/7000000000030106,http://data.ordnancesurvey.co.uk/ontology/admingeo/UnitaryAuthority,Scotland,http://data.ordnancesurvey.co.uk/id/7000000000041429,Scotland,http://data.ordnancesurvey.co.uk/id/country/scotland,,,
PA296TJ,http://data.ordnancesurvey.co.uk/id/postcodeunit/PA296TJ,PA29 6TJ,,,,other,Postcode,186496.000,668321.000,3500,18000,,,,,,,Tarbert / An Tairbeart,http://data.ordnancesurvey.co.uk/id/4000000074553102,http://www.ordnancesurvey.co.uk/xml/codelists/localtype.xml#village,,,,Argyll and Bute,http://data.ordnancesurvey.co.uk/id/7000000000030106,http://data.ordnancesurvey.co.uk/ontology/admingeo/UnitaryAuthority,Scotland,http://data.ordnancesurvey.co.uk/id/7000000000041429,Scotland,http://data.ordnancesurvey.co.uk/id/country/scotland,,,
PA296UH,http://data.ordnancesurvey.co.uk/id/postcodeunit/PA296UH,PA29 6UH,,,,other,Postcode,186511.000,668588.000,3500,18000,,,,,,,Tarbert / An Tairbeart,http://data.ordnancesurvey.co.uk/id/4000000074553102,http://www.ordnancesurvey.co.uk/xml/codelists/localtype.xml#village,,,,Argyll and Bute,http://data.ordnancesurvey.co.uk/id/7000000000030106,http://data.ordnancesurvey.co.uk/ontology/admingeo/UnitaryAuthority,Scotland,http://data.ordnancesurvey.co.uk/id/7000000000041429,Scotland,http://data.ordnancesurvey.co.uk/id/country/scotland,,,
PA212BG,http://data.ordnancesurvey.co.uk/id/postcodeunit/PA212BG,PA21 2BG,,,,other,Postcode,197517.000,672391.000,3500,18000,,,,,,,Tighnabruaich,http://data.ordnancesurvey.co.uk/id/4000000074552726,http://www.ordnancesurvey.co.uk/xml/codelists/localtype.xml#village,,,,Argyll and Bute,http://data.ordnancesurvey.co.uk/id/7000000000030106,http://data.ordnancesurvey.co.uk/ontology/admingeo/UnitaryAuthority,Scotland,http://data.ordnancesurvey.co.uk/id/7000000000041429,Scotland,http://data.ordnancesurvey.co.uk/id/country/scotland,,,
PA212AE,http://data.ordnancesurvey.co.uk/id/postcodeunit/PA212AE,PA21 2AE,,,,other,Postcode,197402.000,671114.000,3500,18000,,,,,,,Kames,http://data.ordnancesurvey.co.uk/id/4000000074552724,http://www.ordnancesurvey.co.uk/xml/codelists/localtype.xml#village,,,,Argyll and Bute,http://data.ordnancesurvey.co.uk/id/7000000000030106,http://data.ordnancesurvey.co.uk/ontology/admingeo/UnitaryAuthority,Scotland,http://data.ordnancesurvey.co.uk/id/7000000000041429,Scotland,http://data.ordnancesurvey.co.uk/id/country/scotland,,,
PA212EH,http://data.ordnancesurvey.co.uk/id/postcodeunit/PA212EH,PA21 2EH,,,,other,Postcode,199806.000,674671.000,3500,18000,,,,,,,,,,,,,Argyll and Bute,http://data.ordnancesurvey.co.uk/id/7000000000030106,http://data.ordnancesurvey.co.uk/ontology/admingeo/UnitaryAuthority,Scotland,http://data.ordnancesurvey.co.uk/id/7000000000041429,Scotland,http://data.ordnancesurvey.co.uk/id/country/scotland,,,
osgb4000000004874477,http://data.ordnancesurvey.co.uk/id/4000000004874477,School Road,,,,transportNetwork,Named Road,186468.000,668400.000,3000,20000,186428.000,668217.850,186537.000,668626.675,PA29,http://data.ordnancesurvey.co.uk/id/postcodedistrict/PA29,Tarbert / An Tairbeart,http://data.ordnancesurvey.co.uk/id/4000000074553102,http://www.ordnancesurvey.co.uk/xml/codelists/localtype.xml#village,,,,Argyll and Bute,http://data.ordnancesurvey.co.uk/id/7000000000030106,http://data.ordnancesurvey.co.uk/ontology/admingeo/UnitaryAuthority,Scotland,http://data.ordnancesurvey.co.uk/id/7000000000041429,Scotland,http://data.ordnancesurvey.co.uk/id/country/scotland,,,
osgb4000000004874626,http://data.ordnancesurvey.co.uk/id/4000000004874626,Brunswick Street,,,,transportNetwork,Named Road,186382.400,668590.000,1000,20000,186374.000,668558.000,186405.000,668634.000,PA29,http://data.ordnancesurvey.co.uk/id/postcodedistrict/PA29,Tarbert / An Tairbeart,http://data.ordnancesurvey.co.uk/id/4000000074553102,http://www.ordnancesurvey.co.uk/xml/codelists/localtype.xml#village,,,,Argyll and Bute,http://data.ordnancesurvey.co.uk/id/7000000000030106,http://data.ordnancesurvey.co.uk/ontology/admingeo/UnitaryAuthority,Scotland,http://data.ordnancesurvey.co.uk/id/7000000000041429,Scotland,http://data.ordnancesurvey.co.uk/id/country/scotland,,,
osgb4000000004876358,http://data.ordnancesurvey.co.uk/id/4000000004876358,A8003,,,,transportNetwork,Numbered Road,199670.000,677121.000,68000,1000000,197490.000,672371.000,200812.000,682901.000,PA22,http://data.ordnancesurvey.co.uk/id/postcodedistrict/PA22,,,,,,,Argyll and Bute,http://data.ordnancesurvey.co.uk/id/7000000000030106,http://data.ordnancesurvey.co.uk/ontology/admingeo/UnitaryAuthority,Scotland,http://data.ordnancesurvey.co.uk/id/7000000000041429,Scotland,http://data.ordnancesurvey.co.uk/id/country/scotland,,,
osgb4000000004874547,http://data.ordnancesurvey.co.uk/id/4000000004874547,Cowal Terrace,,,,transportNetwork,Named Road,197100.000,671533.000,1000,20000,197100.000,671533.000,197159.338,671600.250,PA21,http://data.ordnancesurvey.co.uk/id/postcodedistrict/PA21,Kames,http://data.ordnancesurvey.co.uk/id/4000000074552724,http://www.ordnancesurvey.co.uk/xml/codelists/localtype.xml#village,,,,Argyll and Bute,http://data.ordnancesurvey.co.uk/id/7000000000030106,http://data.ordnancesurvey.co.uk/ontology/admingeo/UnitaryAuthority,Scotland,http://data.ordnancesurvey.co.uk/id/7000000000041429,Scotland,http://data.ordnancesurvey.co.uk/id/country/scotland,,,
osgb4000000004874659,http://data.ordnancesurvey.co.uk/id/4000000004874659,Lochgair Place,,,,transportNetwork,Named Road,186463.000,668547.000,1000,20000,186463.000,668547.000,186467.000,668585.000,PA29,http://data.ordnancesurvey.co.uk/id/postcodedistrict/PA29,Tarbert / An Tairbeart,http://data.ordnancesurvey.co.uk/id/4000000074553102,http://www.ordnancesurvey.co.uk/xml/codelists/localtype.xml#village,,,,Argyll and Bute,http://data.ordnancesurvey.co.uk/id/7000000000030106,http://data.ordnancesurvey.co.uk/ontology/admingeo/UnitaryAuthority,Scotland,http://data.ordnancesurvey.co.uk/id/7000000000041429,Scotland,http://data.ordnancesurvey.co.uk/id/country/scotland,,,
osgb4000000004879527,http://data.ordnancesurvey.co.uk/id/4000000004879527,Poltalloch Road,,,,transportNetwork,Named Road,197330.000,672193.000,5000,20000,197325.000,671795.000,197478.168,672602.533,PA21,http://data.ordnancesurvey.co.uk/id/postcodedistrict/PA21,,,,,,,Argyll and Bute,http://data.ordnancesurvey.co.uk/id/7000000000030106,http://data.ordnancesurvey.co.uk/ontology/admingeo/UnitaryAuthority,Scotland,http://data.ordnancesurvey.co.uk/id/7000000000041429,Scotland,http://data.ordnancesurvey.co.uk/id/country/scotland,,,
osgb4000000004874627,http://data.ordnancesurvey.co.uk/id/4000000004874627,Pier Road,,,,transportNetwork,Named Road,187378.000,668823.000,7000,20000,186811.000,668541.000,187937.793,668871.000,PA29,http://data.ordnancesurvey.co.uk/id/postcodedistrict/PA29,Tarbert / An Tairbeart,http://data.ordnancesurvey.co.uk/id/4000000074553102,http://www.ordnancesurvey.co.uk/xml/codelists/localtype.xml#village,,,,Argyll and Bute,http://data.ordnancesurvey.co.uk/id/7000000000030106,http://data.ordnancesurvey.co.uk/ontology/admingeo/UnitaryAuthority,Scotland,http://data.ordnancesurvey.co.uk/id/7000000000041429,Scotland,http://data.ordnancesurvey.co.uk/id/country/scotland,,,
osgb4000000004874621,http://data.ordnancesurvey.co.uk/id/4000000004874621,Eastfield,,,,transportNetwork,Named Road,186481.000,668325.000,1000,20000,186454.878,668298.000,186508.000,668395.000,PA29,http://data.ordnancesurvey.co.uk/id/postcodedistrict/PA29,Tarbert / An Tairbeart,http://data.ordnancesurvey.co.uk/id/4000000074553102,http://www.ordnancesurvey.co.uk/xml/codelists/localtype.xml#village,,,,Argyll and Bute,http://data.ordnancesurvey.co.uk/id/7000000000030106,http://data.ordnancesurvey.co.uk/ontology/admingeo/UnitaryAuthority,Scotland,http://data.ordnancesurvey.co.uk/id/7000000000041429,Scotland,http://data.ordnancesurvey.co.uk/id/country/scotland,,,
osgb4000000004874546,http://data.ordnancesurvey.co.uk/id/4000000004874546,Bruce Hill,,,,transportNetwork,Named Road,186591.000,668532.000,1000,20000,186535.000,668468.428,186636.000,668619.000,PA29,http://data.ordnancesurvey.co.uk/id/postcodedistrict/PA29,Tarbert / An Tairbeart,http://data.ordnancesurvey.co.uk/id/4000000074553102,http://www.ordnancesurvey.co.uk/xml/codelists/localtype.xml#village,,,,Argyll and Bute,http://data.ordnancesurvey.co.uk/id/7000000000030106,http://data.ordnancesurvey.co.uk/ontology/admingeo/UnitaryAuthority,Scotland,http://data.ordnancesurvey.co.uk/id/7000000000041429,Scotland,http://data.ordnancesurvey.co.uk/id/country/scotland,,,
osgb4000000004874620,http://data.ordnancesurvey.co.uk/id/4000000004874620,Market Place,,,,transportNetwork,Named Road,186050.000,668385.000,1000,20000,186014.000,668360.000,186088.696,668391.349,PA29,http://data.ordnancesurvey.co.uk/id/postcodedistrict/PA29,Tarbert / An Tairbeart,http://data.ordnancesurvey.co.uk/id/4000000074553102,http://www.ordnancesurvey.co.uk/xml/codelists/localtype.xml#village,,,,Argyll and Bute,http://data.ordnancesurvey.co.uk/id/7000000000030106,http://data.ordnancesurvey.co.uk/ontology/admingeo/UnitaryAuthority,Scotland,http://data.ordnancesurvey.co.uk/id/7000000000041429,Scotland,http://data.ordnancesurvey.co.uk/id/country/scotland,,,
36fdd4f9-ed5c-4ab2-89c1-9069322b1542,http://data.ordnancesurvey.co.uk/id/36fdd4f9-ed5c-4ab2-89c1-9069322b1542,Poltalloch Road,,,,transportNetwork,Section Of Named Road,197327.426,672132.685,5000,25000,197327.426,671795.000,197478.168,672602.533,PA21,http://data.ordnancesurvey.co.uk/id/postcodedistrict/PA21,,,,,,,Argyll and Bute,http://data.ordnancesurvey.co.uk/id/7000000000030106,http://data.ordnancesurvey.co.uk/ontology/admingeo/UnitaryAuthority,Scotland,http://data.ordnancesurvey.co.uk/id/7000000000041429,Scotland,http://data.ordnancesurvey.co.uk/id/country/scotland,osgb4000000004879527,,
osgb4000000004880537,http://data.ordnancesurvey.co.uk/id/4000000004880537,Big Brae,,,,transportNetwork,Named Road,186935.000,668662.000,1000,20000,186903.371,668590.928,186954.000,668733.000,PA29,http://data.ordnancesurvey.co.uk/id/postcodedistrict/PA29,Tarbert / An Tairbeart,http://data.ordnancesurvey.co.uk/id/4000000074553102,http://www.ordnancesurvey.co.uk/xml/codelists/localtype.xml#village,,,,Argyll and Bute,http://data.ordnancesurvey.co.uk/id/7000000000030106,http://data.ordnancesurvey.co.uk/ontology/admingeo/UnitaryAuthority,Scotland,http://data.ordnancesurvey.co.uk/id/7000000000041429,Scotland,http://data.ordnancesurvey.co.uk/id/country/scotland,,,
osgb4000000004874545,http://data.ordnancesurvey.co.uk/id/4000000004874545,Back Road,,,,transportNetwork,Named Road,186365.000,668536.000,1000,20000,186304.412,668502.633,186428.000,668569.000,PA29,http://data.ordnancesurvey.co.uk/id/postcodedistrict/PA29,Tarbert / An Tairbeart,http://data.ordnancesurvey.co.uk/id/4000000074553102,http://www.ordnancesurvey.co.uk/xml/codelists/localtype.xml#village,,,,Argyll and Bute,http://data.ordnancesurvey.co.uk/id/7000000000030106,http://data.ordnancesurvey.co.uk/ontology/admingeo/UnitaryAuthority,Scotland,http://data.ordnancesurvey.co.uk/id/7000000000041429,Scotland,http://data.ordnancesurvey.co.uk/id/country/scotland,,,
osgb4000000004874623,http://data.ordnancesurvey.co.uk/id/4000000004874623,Kintyre Street,,,,transportNetwork,Named Road,186354.241,668590.000,1000,20000,186351.000,668536.000,186365.000,668629.000,PA29,http://data.ordnancesurvey.co.uk/id/postcodedistrict/PA29,Tarbert / An Tairbeart,http://data.ordnancesurvey.co.uk/id/4000000074553102,http://www.ordnancesurvey.co.uk/xml/codelists/localtype.xml#village,,,,Argyll and Bute,http://data.ordnancesurvey.co.uk/id/7000000000030106,http://data.ordnancesurvey.co.uk/ontology/admingeo/UnitaryAuthority,Scotland,http://data.ordnancesurvey.co.uk/id/7000000000041429,Scotland,http://data.ordnancesurvey.co.uk/id/country/scotland,,,
osgb4000000004874622,http://data.ordnancesurvey.co.uk/id/4000000004874622,High Park,,,,transportNetwork,Named Road,186544.157,668406.946,1000,20000,186508.000,668361.000,186566.000,668468.428,PA29,http://data.ordnancesurvey.co.uk/id/postcodedistrict/PA29,Tarbert / An Tairbeart,http://data.ordnancesurvey.co.uk/id/4000000074553102,http://www.ordnancesurvey.co.uk/xml/codelists/localtype.xml#village,,,,Argyll and Bute,http://data.ordnancesurvey.co.uk/id/7000000000030106,http://data.ordnancesurvey.co.uk/ontology/admingeo/UnitaryAuthority,Scotland,http://data.ordnancesurvey.co.uk/id/7000000000041429,Scotland,http://data.ordnancesurvey.co.uk/id/country/scotland,,,
osgb4000000004874660,http://data.ordnancesurvey.co.uk/id/4000000004874660,Church Street,,,,transportNetwork,Named Road,186467.000,668585.000,1000,20000,186430.000,668582.000,186500.000,668589.000,PA29,http://data.ordnancesurvey.co.uk/id/postcodedistrict/PA29,Tarbert / An Tairbeart,http://data.ordnancesurvey.co.uk/id/4000000074553102,http://www.ordnancesurvey.co.uk/xml/codelists/localtype.xml#village,,,,Argyll and Bute,http://data.ordnancesurvey.co.uk/id/7000000000030106,http://data.ordnancesurvey.co.uk/ontology/admingeo/UnitaryAuthority,Scotland,http://data.ordnancesurvey.co.uk/id/7000000000041429,Scotland,http://data.ordnancesurvey.co.uk/id/country/scotland,,,
osgb4000000004874625,http://data.ordnancesurvey.co.uk/id/4000000004874625,Castle Street,,,,transportNetwork,Named Road,186500.000,668582.000,1000,20000,186493.212,668539.977,186506.000,668622.000,PA29,http://data.ordnancesurvey.co.uk/id/postcodedistrict/PA29,Tarbert / An Tairbeart,http://data.ordnancesurvey.co.uk/id/4000000074553102,http://www.ordnancesurvey.co.uk/xml/codelists/localtype.xml#village,,,,Argyll and Bute,http://data.ordnancesurvey.co.uk/id/7000000000030106,http://data.ordnancesurvey.co.uk/ontology/admingeo/UnitaryAuthority,Scotland,http://data.ordnancesurvey.co.uk/id/7000000000041429,Scotland,http://data.ordnancesurvey.co.uk/id/country/scotland,,,
osgb4000000004879528,http://data.ordnancesurvey.co.uk/id/4000000004879528,School Road,,,,transportNetwork,Named Road,197418.000,672668.000,1000,20000,197306.997,672602.533,197478.168,672681.000,PA21,http://data.ordnancesurvey.co.uk/id/postcodedistrict/PA21,Tighnabruaich,http://data.ordnancesurvey.co.uk/id/4000000074552726,http://www.ordnancesurvey.co.uk/xml/codelists/localtype.xml#village,,,,Argyll and Bute,http://data.ordnancesurvey.co.uk/id/7000000000030106,http://data.ordnancesurvey.co.uk/ontology/admingeo/UnitaryAuthority,Scotland,http://data.ordnancesurvey.co.uk/id/7000000000041429,Scotland,http://data.ordnancesurvey.co.uk/id/country/scotland,,,
osgb4000000004880536,http://data.ordnancesurvey.co.uk/id/4000000004880536,Baron Road,,,,transportNetwork,Named Road,186107.000,668693.000,1000,20000,186035.000,668642.000,186220.000,668706.000,PA29,http://data.ordnancesurvey.co.uk/id/postcodedistrict/PA29,Tarbert / An Tairbeart,http://data.ordnancesurvey.co.uk/id/4000000074553102,http://www.ordnancesurvey.co.uk/xml/codelists/localtype.xml#village,,,,Argyll and Bute,http://data.ordnancesurvey.co.uk/id/7000000000030106,http://data.ordnancesurvey.co.uk/ontology/admingeo/UnitaryAuthority,Scotland,http://data.ordnancesurvey.co.uk/id/7000000000041429,Scotland,http://data.ordnancesurvey.co.uk/id/country/scotland,,,
osgb4000000004879172,http://data.ordnancesurvey.co.uk/id/4000000004879172,Burnside,,,,transportNetwork,Named Road,186322.308,668626.609,1000,20000,186321.824,668626.609,186322.308,668648.496,PA29,http://data.ordnancesurvey.co.uk/id/postcodedistrict/PA29,Tarbert / An Tairbeart,http://data.ordnancesurvey.co.uk/id/4000000074553102,http://www.ordnancesurvey.co.uk/xml/codelists/localtype.xml#village,,,,Argyll and Bute,http://data.ordnancesurvey.co.uk/id/7000000000030106,http://data.ordnancesurvey.co.uk/ontology/admingeo/UnitaryAuthority,Scotland,http://data.ordnancesurvey.co.uk/id/7000000000041429,Scotland,http://data.ordnancesurvey.co.uk/id/country/scotland,,,
osgb4000000004874716,http://data.ordnancesurvey.co.uk/id/4000000004874716,A8015,,,,transportNetwork,Numbered Road,187171.000,668866.000,10000,1000000,186380.235,668541.000,187937.793,668871.000,PA29,http://data.ordnancesurvey.co.uk/id/postcodedistrict/PA29,Tarbert / An Tairbeart,http://data.ordnancesurvey.co.uk/id/4000000074553102,http://www.ordnancesurvey.co.uk/xml/codelists/localtype.xml#village,,,,Argyll and Bute,http://data.ordnancesurvey.co.uk/id/7000000000030106,http://data.ordnancesurvey.co.uk/ontology/admingeo/UnitaryAuthority,Scotland,http://data.ordnancesurvey.co.uk/id/7000000000041429,Scotland,http://data.ordnancesurvey.co.uk/id/country/scotland,,,
osgb4000000004874714,http://data.ordnancesurvey.co.uk/id/4000000004874714,B8026,,,,transportNetwork,Numbered Road,184577.052,667516.960,4000,250000,184315.672,667207.788,184868.300,667801.969,PA29,http://data.ordnancesurvey.co.uk/id/postcodedistrict/PA29,,,,,,,Argyll and Bute,http://data.ordnancesurvey.co.uk/id/7000000000030106,http://data.ordnancesurvey.co.uk/ontology/admingeo/UnitaryAuthority,Scotland,http://data.ordnancesurvey.co.uk/id/7000000000041429,Scotland,http://data.ordnancesurvey.co.uk/id/country/scotland,,,
osgb4000000004876361,http://data.ordnancesurvey.co.uk/id/4000000004876361,Manor Way,,,,transportNetwork,Named Road,197794.762,672710.000,1000,20000,197778.878,672700.000,197802.159,672729.459,PA21,http://data.ordnancesurvey.co.uk/id/postcodedistrict/PA21,Tighnabruaich,http://data.ordnancesurvey.co.uk/id/4000000074552726,http://www.ordnancesurvey.co.uk/xml/codelists/localtype.xml#village,,,,Argyll and Bute,http://data.ordnancesurvey.co.uk/id/7000000000030106,http://data.ordnancesurvey.co.uk/ontology/admingeo/UnitaryAuthority,Scotland,http://data.ordnancesurvey.co.uk/id/7000000000041429,Scotland,http://data.ordnancesurvey.co.uk/id/country/scotland,,,
osgb4000000004874697,http://data.ordnancesurvey.co.uk/id/4000000004874697,A83,,,,transportNetwork,Numbered Road,186820.750,669847.258,600000,1000000,165516.000,620476.000,231936.929,712759.427,PA29,http://data.ordnancesurvey.co.uk/id/postcodedistrict/PA29,,,,,,,Argyll and Bute,http://data.ordnancesurvey.co.uk/id/7000000000030106,http://data.ordnancesurvey.co.uk/ontology/admingeo/UnitaryAuthority,Scotland,http://data.ordnancesurvey.co.uk/id/7000000000041429,Scotland,http://data.ordnancesurvey.co.uk/id/country/scotland,,,
osgb4000000004874671,http://data.ordnancesurvey.co.uk/id/4000000004874671,Glen Park,,,,transportNetwork,Named Road,185857.000,668325.000,1000,20000,185845.299,668314.000,185864.000,668338.000,PA29,http://data.ordnancesurvey.co.uk/id/postcodedistrict/PA29,Tarbert / An Tairbeart,http://data.ordnancesurvey.co.uk/id/4000000074553102,http://www.ordnancesurvey.co.uk/xml/codelists/localtype.xml#village,,,,Argyll and Bute,http://data.ordnancesurvey.co.uk/id/7000000000030106,http://data.ordnancesurvey.co.uk/ontology/admingeo/UnitaryAuthority,Scotland,http://data.ordnancesurvey.co.uk/id/7000000000041429,Scotland,http://data.ordnancesurvey.co.uk/id/country/scotland,,,
osgb4000000004874450,http://data.ordnancesurvey.co.uk/id/4000000004874450,Lady Ileene Road,,,,transportNetwork,Named Road,186374.000,668908.000,4000,20000,186267.000,668612.000,186559.000,669161.000,PA29,http://data.ordnancesurvey.co.uk/id/postcodedistrict/PA29,Tarbert / An Tairbeart,http://data.ordnancesurvey.co.uk/id/4000000074553102,http://www.ordnancesurvey.co.uk/xml/codelists/localtype.xml#village,,,,Argyll and Bute,http://data.ordnancesurvey.co.uk/id/7000000000030106,http://data.ordnancesurvey.co.uk/ontology/admingeo/UnitaryAuthority,Scotland,http://data.ordnancesurvey.co.uk/id/7000000000041429,Scotland,http://data.ordnancesurvey.co.uk/id/country/scotland,,,
osgb4000000004874479,http://data.ordnancesurvey.co.uk/id/4000000004874479,Harbour Street,,,,transportNetwork,Named Road,186610.000,668699.000,3000,20000,186380.235,668622.000,186811.000,668822.000,PA29,http://data.ordnancesurvey.co.uk/id/postcodedistrict/PA29,Tarbert / An Tairbeart,http://data.ordnancesurvey.co.uk/id/4000000074553102,http://www.ordnancesurvey.co.uk/xml/codelists/localtype.xml#village,,,,Argyll and Bute,http://data.ordnancesurvey.co.uk/id/7000000000030106,http://data.ordnancesurvey.co.uk/ontology/admingeo/UnitaryAuthority,Scotland,http://data.ordnancesurvey.co.uk/id/7000000000041429,Scotland,http://data.ordnancesurvey.co.uk/id/country/scotland,,,
osgb4000000004874480,http://data.ordnancesurvey.co.uk/id/4000000004874480,Garvel Road,,,,transportNetwork,Named Road,186666.798,669090.343,2000,20000,186463.000,668916.000,186841.205,669300.306,PA29,http://data.ordnancesurvey.co.uk/id/postcodedistrict/PA29,Tarbert / An Tairbeart,http://data.ordnancesurvey.co.uk/id/4000000074553102,http://www.ordnancesurvey.co.uk/xml/codelists/localtype.xml#village,,,,Argyll and Bute,http://data.ordnancesurvey.co.uk/id/7000000000030106,http://data.ordnancesurvey.co.uk/ontology/admingeo/UnitaryAuthority,Scotland,http://data.ordnancesurvey.co.uk/id/7000000000041429,Scotland,http://data.ordnancesurvey.co.uk/id/country/scotland,,,
osgb4000000004874478,http://data.ordnancesurvey.co.uk/id/4000000004874478,Campbeltown Road,,,,transportNetwork,Named Road,186230.000,668581.702,2000,20000,186093.356,668479.403,186374.000,668634.000,PA29,http://data.ordnancesurvey.co.uk/id/postcodedistrict/PA29,Tarbert / An Tairbeart,http://data.ordnancesurvey.co.uk/id/4000000074553102,http://www.ordnancesurvey.co.uk/xml/codelists/localtype.xml#village,,,,Argyll and Bute,http://data.ordnancesurvey.co.uk/id/7000000000030106,http://data.ordnancesurvey.co.uk/ontology/admingeo/UnitaryAuthority,Scotland,http://data.ordnancesurvey.co.uk/id/7000000000041429,Scotland,http://data.ordnancesurvey.co.uk/id/country/scotland,,,
PA212BN,http://data.ordnancesurvey.co.uk/id/postcodeunit/PA212BN,PA21 2BN,,,,other,Postcode,195747.000,670638.000,3500,18000,,,,,,,Millhouse,http://data.ordnancesurvey.co.uk/id/4000000074552725,http://www.ordnancesurvey.co.uk/xml/codelists/localtype.xml#hamlet,,,,Argyll and Bute,http://data.ordnancesurvey.co.uk/id/7000000000030106,http://data.ordnancesurvey.co.uk/ontology/admingeo/UnitaryAuthority,Scotland,http://data.ordnancesurvey.co.uk/id/7000000000041429,Scotland,http://data.ordnancesurvey.co.uk/id/country/scotland,,,
PA296UJ,http://data.ordnancesurvey.co.uk/id/postcodeunit/PA296UJ,PA29 6UJ,,,,other,Postcode,186414.000,668614.000,3500,18000,,,,,,,Tarbert / An Tairbeart,http://data.ordnancesurvey.co.uk/id/4000000074553102,http://www.ordnancesurvey.co.uk/xml/codelists/localtype.xml#village,,,,Argyll and Bute,http://data.ordnancesurvey.co.uk/id/7000000000030106,http://data.ordnancesurvey.co.uk/ontology/admingeo/UnitaryAuthority,Scotland,http://data.ordnancesurvey.co.uk/id/7000000000041429,Scotland,http://data.ordnancesurvey.co.uk/id/country/scotland,,,
PA296UF,http://data.ordnancesurvey.co.uk/id/postcodeunit/PA296UF,PA29 6UF,,,,other,Postcode,187265.000,668823.000,3500,18000,,,,,,,Tarbert / An Tairbeart,http://data.ordnancesurvey.co.uk/id/4000000074553102,http://www.ordnancesurvey.co.uk/xml/codelists/localtype.xml#village,,,,Argyll and Bute,http://data.ordnancesurvey.co.uk/id/7000000000030106,http://data.ordnancesurvey.co.uk/ontology/admingeo/UnitaryAuthority,Scotland,http://data.ordnancesurvey.co.uk/id/7000000000041429,Scotland,http://data.ordnancesurvey.co.uk/id/country/scotland,,,
PA212AG,http://data.ordnancesurvey.co.uk/id/postcodeunit/PA212AG,PA21 2AG,,,,other,Postcode,197656.000,670664.000,3500,18000,,,,,,,Kames,http://data.ordnancesurvey.co.uk/id/4000000074552724,http://www.ordnancesurvey.co.uk/xml/codelists/localtype.xml#village,,,,Argyll and Bute,http://data.ordnancesurvey.co.uk/id/7000000000030106,http://data.ordnancesurvey.co.uk/ontology/admingeo/UnitaryAuthority,Scotland,http://data.ordnancesurvey.co.uk/id/7000000000041429,Scotland,http://data.ordnancesurvey.co.uk/id/country/scotland,,,
PA296TA,http://data.ordnancesurvey.co.uk/id/postcodeunit/PA296TA,PA29 6TA,,,,other,Postcode,186040.000,668250.000,3500,18000,,,,,,,Tarbert / An Tairbeart,http://data.ordnancesurvey.co.uk/id/4000000074553102,http://www.ordnancesurvey.co.uk/xml/codelists/localtype.xml#village,,,,Argyll and Bute,http://data.ordnancesurvey.co.uk/id/7000000000030106,http://data.ordnancesurvey.co.uk/ontology/admingeo/UnitaryAuthority,Scotland,http://data.ordnancesurvey.co.uk/id/7000000000041429,Scotland,http://data.ordnancesurvey.co.uk/id/country/scotland,,,
PA296YW,http://data.ordnancesurvey.co.uk/id/postcodeunit/PA296YW,PA29 6YW,,,,other,Postcode,187976.000,668376.000,3500,18000,,,,,,,Tarbert / An Tairbeart,http://data.ordnancesurvey.co.uk/id/4000000074553102,http://www.ordnancesurvey.co.uk/xml/codelists/localtype.xml#village,,,,Argyll and Bute,http://data.ordnancesurvey.co.uk/id/7000000000030106,http://data.ordnancesurvey.co.uk/ontology/admingeo/UnitaryAuthority,Scotland,http://data.ordnancesurvey.co.uk/id/7000000000041429,Scotland,http://data.ordnancesurvey.co.uk/id/country/scotland,,,
PA296TB,http://data.ordnancesurvey.co.uk/id/postcodeunit/PA296TB,PA29 6TB,,,,other,Postcode,186122.000,668254.000,3500,18000,,,,,,,Tarbert / An Tairbeart,http://data.ordnancesurvey.co.uk/id/4000000074553102,http://www.ordnancesurvey.co.uk/xml/codelists/localtype.xml#village,,,,Argyll and Bute,http://data.ordnancesurvey.co.uk/id/7000000000030106,http://data.ordnancesurvey.co.uk/ontology/admingeo/UnitaryAuthority,Scotland,http://data.ordnancesurvey.co.uk/id/7000000000041429,Scotland,http://data.ordnancesurvey.co.uk/id/country/scotland,,,
PA296SZ,http://data.ordnancesurvey.co.uk/id/postcodeunit/PA296SZ,PA29 6SZ,,,,other,Postcode,185933.000,668358.000,3500,18000,,,,,,,Tarbert / An Tairbeart,http://data.ordnancesurvey.co.uk/id/4000000074553102,http://www.ordnancesurvey.co.uk/xml/codelists/localtype.xml#village,,,,Argyll and Bute,http://data.ordnancesurvey.co.uk/id/7000000000030106,http://data.ordnancesurvey.co.uk/ontology/admingeo/UnitaryAuthority,Scotland,http://data.ordnancesurvey.co.uk/id/7000000000041429,Scotland,http://data.ordnancesurvey.co.uk/id/country/scotland,,,
PA212EE,http://data.ordnancesurvey.co.uk/id/postcodeunit/PA212EE,PA21 2EE,,,,other,Postcode,198992.000,673866.000,3500,18000,,,,,,,Tighnabruaich,http://data.ordnancesurvey.co.uk/id/4000000074552726,http://www.ordnancesurvey.co.uk/xml/codelists/localtype.xml#village,,,,Argyll and Bute,http://data.ordnancesurvey.co.uk/id/7000000000030106,http://data.ordnancesurvey.co.uk/ontology/admingeo/UnitaryAuthority,Scotland,http://data.ordnancesurvey.co.uk/id/7000000000041429,Scotland,http://data.ordnancesurvey.co.uk/id/country/scotland,,,
PA296TY,http://data.ordnancesurvey.co.uk/id/postcodeunit/PA296TY,PA29 6TY,,,,other,Postcode,186217.000,668659.000,3500,18000,,,,,,,Tarbert / An Tairbeart,http://data.ordnancesurvey.co.uk/id/4000000074553102,http://www.ordnancesurvey.co.uk/xml/codelists/localtype.xml#village,,,,Argyll and Bute,http://data.ordnancesurvey.co.uk/id/7000000000030106,http://data.ordnancesurvey.co.uk/ontology/admingeo/UnitaryAuthority,Scotland,http://data.ordnancesurvey.co.uk/id/7000000000041429,Scotland,http://data.ordnancesurvey.co.uk/id/country/scotland,,,
PA296YN,http://data.ordnancesurvey.co.uk/id/postcodeunit/PA296YN,PA29 6YN,,,,other,Postcode,186689.000,669263.000,3500,18000,,,,,,,Tarbert / An Tairbeart,http://data.ordnancesurvey.co.uk/id/4000000074553102,http://www.ordnancesurvey.co.uk/xml/codelists/localtype.xml#village,,,,Argyll and Bute,http://data.ordnancesurvey.co.uk/id/7000000000030106,http://data.ordnancesurvey.co.uk/ontology/admingeo/UnitaryAuthority,Scotland,http://data.ordnancesurvey.co.uk/id/7000000000041429,Scotland,http://data.ordnancesurvey.co.uk/id/country/scotland,,,
PA296TR,http://data.ordnancesurvey.co.uk/id/postcodeunit/PA296TR,PA29 6TR,,,,other,Postcode,186660.000,669102.000,3500,18000,,,,,,,Tarbert / An Tairbeart,http://data.ordnancesurvey.co.uk/id/4000000074553102,http://www.ordnancesurvey.co.uk/xml/codelists/localtype.xml#village,,,,Argyll and Bute,http://data.ordnancesurvey.co.uk/id/7000000000030106,http://data.ordnancesurvey.co.uk/ontology/admingeo/UnitaryAuthority,Scotland,http://data.ordnancesurvey.co.uk/id/7000000000041429,Scotland,http://data.ordnancesurvey.co.uk/id/country/scotland,,,
PA296TU,http://data.ordnancesurvey.co.uk/id/postcodeunit/PA296TU,PA29 6TU,,,,other,Postcode,186396.000,668909.000,3500,18000,,,,,,,Tarbert / An Tairbeart,http://data.ordnancesurvey.co.uk/id/4000000074553102,http://www.ordnancesurvey.co.uk/xml/codelists/localtype.xml#village,,,,Argyll and Bute,http://data.ordnancesurvey.co.uk/id/7000000000030106,http://data.ordnancesurvey.co.uk/ontology/admingeo/UnitaryAuthority,Scotland,http://data.ordnancesurvey.co.uk/id/7000000000041429,Scotland,http://data.ordnancesurvey.co.uk/id/country/scotland,,,
osgb4000000004874624,http://data.ordnancesurvey.co.uk/id/4000000004874624,Kintyre Place,,,,transportNetwork,Named Road,186420.000,668590.000,1000,20000,186380.000,668589.000,186430.000,668594.000,PA29,http://data.ordnancesurvey.co.uk/id/postcodedistrict/PA29,Tarbert / An Tairbeart,http://data.ordnancesurvey.co.uk/id/4000000074553102,http://www.ordnancesurvey.co.uk/xml/codelists/localtype.xml#village,,,,Argyll and Bute,http://data.ordnancesurvey.co.uk/id/7000000000030106,http://data.ordnancesurvey.co.uk/ontology/admingeo/UnitaryAuthority,Scotland,http://data.ordnancesurvey.co.uk/id/7000000000041429,Scotland,http://data.ordnancesurvey.co.uk/id/country/scotland,,,
PA296TS,http://data.ordnancesurvey.co.uk/id/postcodeunit/PA296TS,PA29 6TS,,,,other,Postcode,186825.000,669319.000,3500,18000,,,,,,,Tarbert / An Tairbeart,http://data.ordnancesurvey.co.uk/id/4000000074553102,http://www.ordnancesurvey.co.uk/xml/codelists/localtype.xml#village,,,,Argyll and Bute,http://data.ordnancesurvey.co.uk/id/7000000000030106,http://data.ordnancesurvey.co.uk/ontology/admingeo/UnitaryAuthority,Scotland,http://data.ordnancesurvey.co.uk/id/7000000000041429,Scotland,http://data.ordnancesurvey.co.uk/id/country/scotland,,,
osgb4000000004874544,http://data.ordnancesurvey.co.uk/id/4000000004874544,Croft Park,,,,transportNetwork,Named Road,185967.000,668315.000,2000,20000,185832.000,668135.446,186123.000,668479.403,PA29,http://data.ordnancesurvey.co.uk/id/postcodedistrict/PA29,Tarbert / An Tairbeart,http://data.ordnancesurvey.co.uk/id/4000000074553102,http://www.ordnancesurvey.co.uk/xml/codelists/localtype.xml#village,,,,Argyll and Bute,http://data.ordnancesurvey.co.uk/id/7000000000030106,http://data.ordnancesurvey.co.uk/ontology/admingeo/UnitaryAuthority,Scotland,http://data.ordnancesurvey.co.uk/id/7000000000041429,Scotland,http://data.ordnancesurvey.co.uk/id/country/scotland,,,
osgb4000000004874451,http://data.ordnancesurvey.co.uk/id/4000000004874451,Barmore Road,,,,transportNetwork,Named Road,186520.000,669050.000,5000,20000,186374.000,668634.000,186694.000,669440.000,PA29,http://data.ordnancesurvey.co.uk/id/postcodedistrict/PA29,Tarbert / An Tairbeart,http://data.ordnancesurvey.co.uk/id/4000000074553102,http://www.ordnancesurvey.co.uk/xml/codelists/localtype.xml#village,,,,Argyll and Bute,http://data.ordnancesurvey.co.uk/id/7000000000030106,http://data.ordnancesurvey.co.uk/ontology/admingeo/UnitaryAuthority,Scotland,http://data.ordnancesurvey.co.uk/id/7000000000041429,Scotland,http://data.ordnancesurvey.co.uk/id/country/scotland,,,
