﻿osgb4000000074548070,http://data.ordnancesurvey.co.uk/id/4000000074548070,Leadhills,,,,populatedPlace,Village,288577.450,614954.280,9000,250000,288275.044,614264.698,288893.316,615597.776,ML12,http://data.ordnancesurvey.co.uk/id/postcodedistrict/ML12,,,,,,,South Lanarkshire,http://data.ordnancesurvey.co.uk/id/7000000000030847,http://data.ordnancesurvey.co.uk/ontology/admingeo/UnitaryAuthority,Scotland,http://data.ordnancesurvey.co.uk/id/7000000000041429,Scotland,http://data.ordnancesurvey.co.uk/id/country/scotland,,http://dbpedia.org/resource/Leadhills,http://sws.geonames.org/2644748
osgb4000000074547852,http://data.ordnancesurvey.co.uk/id/4000000074547852,Durisdeer,,,,populatedPlace,Hamlet,289388.360,603667.650,5000,25000,289148.722,603498.054,289648.722,603998.054,DG3,http://data.ordnancesurvey.co.uk/id/postcodedistrict/DG3,,,,,,,Dumfries and Galloway,http://data.ordnancesurvey.co.uk/id/7000000000031903,http://data.ordnancesurvey.co.uk/ontology/admingeo/UnitaryAuthority,Scotland,http://data.ordnancesurvey.co.uk/id/7000000000041429,Scotland,http://data.ordnancesurvey.co.uk/id/country/scotland,,,http://sws.geonames.org/2650626
osgb4000000074548069,http://data.ordnancesurvey.co.uk/id/4000000074548069,Wanlockhead,,,,populatedPlace,Village,287191.000,613019.000,11000,250000,286266.976,612636.634,287905.401,613751.295,ML12,http://data.ordnancesurvey.co.uk/id/postcodedistrict/ML12,,,,,,,Dumfries and Galloway,http://data.ordnancesurvey.co.uk/id/7000000000031903,http://data.ordnancesurvey.co.uk/ontology/admingeo/UnitaryAuthority,Scotland,http://data.ordnancesurvey.co.uk/id/7000000000041429,Scotland,http://data.ordnancesurvey.co.uk/id/country/scotland,,http://dbpedia.org/resource/Wanlockhead,http://sws.geonames.org/2634810
osgb4000000074547848,http://data.ordnancesurvey.co.uk/id/4000000074547848,Mennock,,,,populatedPlace,Hamlet,280500.000,608092.000,5000,25000,280400.598,607805.497,280989.428,608358.718,DG4,http://data.ordnancesurvey.co.uk/id/postcodedistrict/DG4,,,,,,,Dumfries and Galloway,http://data.ordnancesurvey.co.uk/id/7000000000031903,http://data.ordnancesurvey.co.uk/ontology/admingeo/UnitaryAuthority,Scotland,http://data.ordnancesurvey.co.uk/id/7000000000041429,Scotland,http://data.ordnancesurvey.co.uk/id/country/scotland,,,http://sws.geonames.org/2642747
osgb4000000074547846,http://data.ordnancesurvey.co.uk/id/4000000074547846,Durisdeermill,,,,populatedPlace,Hamlet,288398.000,604144.000,5000,25000,288258.639,603944.471,288758.639,604444.471,DG3,http://data.ordnancesurvey.co.uk/id/postcodedistrict/DG3,,,,,,,Dumfries and Galloway,http://data.ordnancesurvey.co.uk/id/7000000000031903,http://data.ordnancesurvey.co.uk/ontology/admingeo/UnitaryAuthority,Scotland,http://data.ordnancesurvey.co.uk/id/7000000000041429,Scotland,http://data.ordnancesurvey.co.uk/id/country/scotland,,,
osgb4000000074547851,http://data.ordnancesurvey.co.uk/id/4000000074547851,Elvanfoot,,,,populatedPlace,Other Settlement,295066.080,617391.910,15000,25000,294941.407,616878.740,295551.071,617935.427,ML12,http://data.ordnancesurvey.co.uk/id/postcodedistrict/ML12,,,,,,,South Lanarkshire,http://data.ordnancesurvey.co.uk/id/7000000000030847,http://data.ordnancesurvey.co.uk/ontology/admingeo/UnitaryAuthority,Scotland,http://data.ordnancesurvey.co.uk/id/7000000000041429,Scotland,http://data.ordnancesurvey.co.uk/id/country/scotland,,,http://sws.geonames.org/2650034
osgb4000000074547847,http://data.ordnancesurvey.co.uk/id/4000000074547847,Enterkinfoot,,,,populatedPlace,Hamlet,285973.000,604045.000,5000,25000,285584.148,603678.218,286084.148,604264.310,DG3,http://data.ordnancesurvey.co.uk/id/postcodedistrict/DG3,,,,,,,Dumfries and Galloway,http://data.ordnancesurvey.co.uk/id/7000000000031903,http://data.ordnancesurvey.co.uk/ontology/admingeo/UnitaryAuthority,Scotland,http://data.ordnancesurvey.co.uk/id/7000000000041429,Scotland,http://data.ordnancesurvey.co.uk/id/country/scotland,,,http://sws.geonames.org/2649976
DG35BP,http://data.ordnancesurvey.co.uk/id/postcodeunit/DG35BP,DG3 5BP,,,,other,Postcode,288609.000,606470.000,3500,18000,,,,,,,,,,,,,Dumfries and Galloway,http://data.ordnancesurvey.co.uk/id/7000000000031903,http://data.ordnancesurvey.co.uk/ontology/admingeo/UnitaryAuthority,Scotland,http://data.ordnancesurvey.co.uk/id/7000000000041429,Scotland,http://data.ordnancesurvey.co.uk/id/country/scotland,,,
ML126YE,http://data.ordnancesurvey.co.uk/id/postcodeunit/ML126YE,ML12 6YE,,,,other,Postcode,288681.000,615378.000,3500,18000,,,,,,,Leadhills,http://data.ordnancesurvey.co.uk/id/4000000074548070,http://www.ordnancesurvey.co.uk/xml/codelists/localtype.xml#village,,,,South Lanarkshire,http://data.ordnancesurvey.co.uk/id/7000000000030847,http://data.ordnancesurvey.co.uk/ontology/admingeo/UnitaryAuthority,Scotland,http://data.ordnancesurvey.co.uk/id/7000000000041429,Scotland,http://data.ordnancesurvey.co.uk/id/country/scotland,,,
DG35BY,http://data.ordnancesurvey.co.uk/id/postcodeunit/DG35BY,DG3 5BY,,,,other,Postcode,285747.000,604142.000,3500,18000,,,,,,,Enterkinfoot,http://data.ordnancesurvey.co.uk/id/4000000074547847,http://www.ordnancesurvey.co.uk/xml/codelists/localtype.xml#hamlet,,,,Dumfries and Galloway,http://data.ordnancesurvey.co.uk/id/7000000000031903,http://data.ordnancesurvey.co.uk/ontology/admingeo/UnitaryAuthority,Scotland,http://data.ordnancesurvey.co.uk/id/7000000000041429,Scotland,http://data.ordnancesurvey.co.uk/id/country/scotland,,,
ML126XB,http://data.ordnancesurvey.co.uk/id/postcodeunit/ML126XB,ML12 6XB,,,,other,Postcode,287184.000,613016.000,3500,18000,,,,,,,Wanlockhead,http://data.ordnancesurvey.co.uk/id/4000000074548069,http://www.ordnancesurvey.co.uk/xml/codelists/localtype.xml#village,,,,Dumfries and Galloway,http://data.ordnancesurvey.co.uk/id/7000000000031903,http://data.ordnancesurvey.co.uk/ontology/admingeo/UnitaryAuthority,Scotland,http://data.ordnancesurvey.co.uk/id/7000000000041429,Scotland,http://data.ordnancesurvey.co.uk/id/country/scotland,,,
ML126UY,http://data.ordnancesurvey.co.uk/id/postcodeunit/ML126UY,ML12 6UY,,,,other,Postcode,287234.000,613060.000,3500,18000,,,,,,,Wanlockhead,http://data.ordnancesurvey.co.uk/id/4000000074548069,http://www.ordnancesurvey.co.uk/xml/codelists/localtype.xml#village,,,,Dumfries and Galloway,http://data.ordnancesurvey.co.uk/id/7000000000031903,http://data.ordnancesurvey.co.uk/ontology/admingeo/UnitaryAuthority,Scotland,http://data.ordnancesurvey.co.uk/id/7000000000041429,Scotland,http://data.ordnancesurvey.co.uk/id/country/scotland,,,
ML126XZ,http://data.ordnancesurvey.co.uk/id/postcodeunit/ML126XZ,ML12 6XZ,,,,other,Postcode,288443.000,615096.000,3500,18000,,,,,,,Leadhills,http://data.ordnancesurvey.co.uk/id/4000000074548070,http://www.ordnancesurvey.co.uk/xml/codelists/localtype.xml#village,,,,South Lanarkshire,http://data.ordnancesurvey.co.uk/id/7000000000030847,http://data.ordnancesurvey.co.uk/ontology/admingeo/UnitaryAuthority,Scotland,http://data.ordnancesurvey.co.uk/id/7000000000041429,Scotland,http://data.ordnancesurvey.co.uk/id/country/scotland,,,
ML126TB,http://data.ordnancesurvey.co.uk/id/postcodeunit/ML126TB,ML12 6TB,,,,other,Postcode,288800.000,617739.000,3500,18000,,,,,,,,,,,,,South Lanarkshire,http://data.ordnancesurvey.co.uk/id/7000000000030847,http://data.ordnancesurvey.co.uk/ontology/admingeo/UnitaryAuthority,Scotland,http://data.ordnancesurvey.co.uk/id/7000000000041429,Scotland,http://data.ordnancesurvey.co.uk/id/country/scotland,,,
ML126UN,http://data.ordnancesurvey.co.uk/id/postcodeunit/ML126UN,ML12 6UN,,,,other,Postcode,287405.000,612796.000,3500,18000,,,,,,,Wanlockhead,http://data.ordnancesurvey.co.uk/id/4000000074548069,http://www.ordnancesurvey.co.uk/xml/codelists/localtype.xml#village,,,,Dumfries and Galloway,http://data.ordnancesurvey.co.uk/id/7000000000031903,http://data.ordnancesurvey.co.uk/ontology/admingeo/UnitaryAuthority,Scotland,http://data.ordnancesurvey.co.uk/id/7000000000041429,Scotland,http://data.ordnancesurvey.co.uk/id/country/scotland,,,
ML126XQ,http://data.ordnancesurvey.co.uk/id/postcodeunit/ML126XQ,ML12 6XQ,,,,other,Postcode,286743.000,613321.000,3500,18000,,,,,,,Wanlockhead,http://data.ordnancesurvey.co.uk/id/4000000074548069,http://www.ordnancesurvey.co.uk/xml/codelists/localtype.xml#village,,,,Dumfries and Galloway,http://data.ordnancesurvey.co.uk/id/7000000000031903,http://data.ordnancesurvey.co.uk/ontology/admingeo/UnitaryAuthority,Scotland,http://data.ordnancesurvey.co.uk/id/7000000000041429,Scotland,http://data.ordnancesurvey.co.uk/id/country/scotland,,,
ML126YF,http://data.ordnancesurvey.co.uk/id/postcodeunit/ML126YF,ML12 6YF,,,,other,Postcode,288829.000,615220.000,3500,18000,,,,,,,Leadhills,http://data.ordnancesurvey.co.uk/id/4000000074548070,http://www.ordnancesurvey.co.uk/xml/codelists/localtype.xml#village,,,,South Lanarkshire,http://data.ordnancesurvey.co.uk/id/7000000000030847,http://data.ordnancesurvey.co.uk/ontology/admingeo/UnitaryAuthority,Scotland,http://data.ordnancesurvey.co.uk/id/7000000000041429,Scotland,http://data.ordnancesurvey.co.uk/id/country/scotland,,,
ML126XE,http://data.ordnancesurvey.co.uk/id/postcodeunit/ML126XE,ML12 6XE,,,,other,Postcode,287135.000,613059.000,3500,18000,,,,,,,Wanlockhead,http://data.ordnancesurvey.co.uk/id/4000000074548069,http://www.ordnancesurvey.co.uk/xml/codelists/localtype.xml#village,,,,Dumfries and Galloway,http://data.ordnancesurvey.co.uk/id/7000000000031903,http://data.ordnancesurvey.co.uk/ontology/admingeo/UnitaryAuthority,Scotland,http://data.ordnancesurvey.co.uk/id/7000000000041429,Scotland,http://data.ordnancesurvey.co.uk/id/country/scotland,,,
DG35BU,http://data.ordnancesurvey.co.uk/id/postcodeunit/DG35BU,DG3 5BU,,,,other,Postcode,287010.000,604670.000,3500,18000,,,,,,,,,,,,,Dumfries and Galloway,http://data.ordnancesurvey.co.uk/id/7000000000031903,http://data.ordnancesurvey.co.uk/ontology/admingeo/UnitaryAuthority,Scotland,http://data.ordnancesurvey.co.uk/id/7000000000041429,Scotland,http://data.ordnancesurvey.co.uk/id/country/scotland,,,
DG46JB,http://data.ordnancesurvey.co.uk/id/postcodeunit/DG46JB,DG4 6JB,,,,other,Postcode,280476.000,612724.000,3500,18000,,,,,,,,,,,,,Dumfries and Galloway,http://data.ordnancesurvey.co.uk/id/7000000000031903,http://data.ordnancesurvey.co.uk/ontology/admingeo/UnitaryAuthority,Scotland,http://data.ordnancesurvey.co.uk/id/7000000000041429,Scotland,http://data.ordnancesurvey.co.uk/id/country/scotland,,,
DG46HB,http://data.ordnancesurvey.co.uk/id/postcodeunit/DG46HB,DG4 6HB,,,,other,Postcode,282767.000,618851.000,3500,18000,,,,,,,,,,,,,Dumfries and Galloway,http://data.ordnancesurvey.co.uk/id/7000000000031903,http://data.ordnancesurvey.co.uk/ontology/admingeo/UnitaryAuthority,Scotland,http://data.ordnancesurvey.co.uk/id/7000000000041429,Scotland,http://data.ordnancesurvey.co.uk/id/country/scotland,,,
ML126XR,http://data.ordnancesurvey.co.uk/id/postcodeunit/ML126XR,ML12 6XR,,,,other,Postcode,288543.000,614873.000,3500,18000,,,,,,,Leadhills,http://data.ordnancesurvey.co.uk/id/4000000074548070,http://www.ordnancesurvey.co.uk/xml/codelists/localtype.xml#village,,,,South Lanarkshire,http://data.ordnancesurvey.co.uk/id/7000000000030847,http://data.ordnancesurvey.co.uk/ontology/admingeo/UnitaryAuthority,Scotland,http://data.ordnancesurvey.co.uk/id/7000000000041429,Scotland,http://data.ordnancesurvey.co.uk/id/country/scotland,,,
DG46HX,http://data.ordnancesurvey.co.uk/id/postcodeunit/DG46HX,DG4 6HX,,,,other,Postcode,282886.000,608937.000,3500,18000,,,,,,,,,,,,,Dumfries and Galloway,http://data.ordnancesurvey.co.uk/id/7000000000031903,http://data.ordnancesurvey.co.uk/ontology/admingeo/UnitaryAuthority,Scotland,http://data.ordnancesurvey.co.uk/id/7000000000041429,Scotland,http://data.ordnancesurvey.co.uk/id/country/scotland,,,
ML126UU,http://data.ordnancesurvey.co.uk/id/postcodeunit/ML126UU,ML12 6UU,,,,other,Postcode,287573.000,613038.000,3500,18000,,,,,,,Wanlockhead,http://data.ordnancesurvey.co.uk/id/4000000074548069,http://www.ordnancesurvey.co.uk/xml/codelists/localtype.xml#village,,,,Dumfries and Galloway,http://data.ordnancesurvey.co.uk/id/7000000000031903,http://data.ordnancesurvey.co.uk/ontology/admingeo/UnitaryAuthority,Scotland,http://data.ordnancesurvey.co.uk/id/7000000000041429,Scotland,http://data.ordnancesurvey.co.uk/id/country/scotland,,,
DG46LE,http://data.ordnancesurvey.co.uk/id/postcodeunit/DG46LE,DG4 6LE,,,,other,Postcode,280689.000,607044.000,3500,18000,,,,,,,,,,,,,Dumfries and Galloway,http://data.ordnancesurvey.co.uk/id/7000000000031903,http://data.ordnancesurvey.co.uk/ontology/admingeo/UnitaryAuthority,Scotland,http://data.ordnancesurvey.co.uk/id/7000000000041429,Scotland,http://data.ordnancesurvey.co.uk/id/country/scotland,,,
DG35BW,http://data.ordnancesurvey.co.uk/id/postcodeunit/DG35BW,DG3 5BW,,,,other,Postcode,288049.000,605097.000,3500,18000,,,,,,,,,,,,,Dumfries and Galloway,http://data.ordnancesurvey.co.uk/id/7000000000031903,http://data.ordnancesurvey.co.uk/ontology/admingeo/UnitaryAuthority,Scotland,http://data.ordnancesurvey.co.uk/id/7000000000041429,Scotland,http://data.ordnancesurvey.co.uk/id/country/scotland,,,
DG46JA,http://data.ordnancesurvey.co.uk/id/postcodeunit/DG46JA,DG4 6JA,,,,other,Postcode,280174.000,611209.000,3500,18000,,,,,,,,,,,,,Dumfries and Galloway,http://data.ordnancesurvey.co.uk/id/7000000000031903,http://data.ordnancesurvey.co.uk/ontology/admingeo/UnitaryAuthority,Scotland,http://data.ordnancesurvey.co.uk/id/7000000000041429,Scotland,http://data.ordnancesurvey.co.uk/id/country/scotland,,,
DG46HZ,http://data.ordnancesurvey.co.uk/id/postcodeunit/DG46HZ,DG4 6HZ,,,,other,Postcode,281739.000,610535.000,3500,18000,,,,,,,,,,,,,Dumfries and Galloway,http://data.ordnancesurvey.co.uk/id/7000000000031903,http://data.ordnancesurvey.co.uk/ontology/admingeo/UnitaryAuthority,Scotland,http://data.ordnancesurvey.co.uk/id/7000000000041429,Scotland,http://data.ordnancesurvey.co.uk/id/country/scotland,,,
DG46EZ,http://data.ordnancesurvey.co.uk/id/postcodeunit/DG46EZ,DG4 6EZ,,,,other,Postcode,280567.000,615141.000,3500,18000,,,,,,,,,,,,,Dumfries and Galloway,http://data.ordnancesurvey.co.uk/id/7000000000031903,http://data.ordnancesurvey.co.uk/ontology/admingeo/UnitaryAuthority,Scotland,http://data.ordnancesurvey.co.uk/id/7000000000041429,Scotland,http://data.ordnancesurvey.co.uk/id/country/scotland,,,
DG35BQ,http://data.ordnancesurvey.co.uk/id/postcodeunit/DG35BQ,DG3 5BQ,,,,other,Postcode,288226.000,603694.000,3500,18000,,,,,,,,,,,,,Dumfries and Galloway,http://data.ordnancesurvey.co.uk/id/7000000000031903,http://data.ordnancesurvey.co.uk/ontology/admingeo/UnitaryAuthority,Scotland,http://data.ordnancesurvey.co.uk/id/7000000000041429,Scotland,http://data.ordnancesurvey.co.uk/id/country/scotland,,,
DG46HS,http://data.ordnancesurvey.co.uk/id/postcodeunit/DG46HS,DG4 6HS,,,,other,Postcode,280849.000,608013.000,3500,18000,,,,,,,Mennock,http://data.ordnancesurvey.co.uk/id/4000000074547848,http://www.ordnancesurvey.co.uk/xml/codelists/localtype.xml#hamlet,,,,Dumfries and Galloway,http://data.ordnancesurvey.co.uk/id/7000000000031903,http://data.ordnancesurvey.co.uk/ontology/admingeo/UnitaryAuthority,Scotland,http://data.ordnancesurvey.co.uk/id/7000000000041429,Scotland,http://data.ordnancesurvey.co.uk/id/country/scotland,,,
ML126GS,http://data.ordnancesurvey.co.uk/id/postcodeunit/ML126GS,ML12 6GS,,,,other,Postcode,299613.000,614896.000,3500,18000,,,,,,,,,,,,,South Lanarkshire,http://data.ordnancesurvey.co.uk/id/7000000000030847,http://data.ordnancesurvey.co.uk/ontology/admingeo/UnitaryAuthority,Scotland,http://data.ordnancesurvey.co.uk/id/7000000000041429,Scotland,http://data.ordnancesurvey.co.uk/id/country/scotland,,,
DG35BN,http://data.ordnancesurvey.co.uk/id/postcodeunit/DG35BN,DG3 5BN,,,,other,Postcode,288373.000,604161.000,3500,18000,,,,,,,Durisdeermill,http://data.ordnancesurvey.co.uk/id/4000000074547846,http://www.ordnancesurvey.co.uk/xml/codelists/localtype.xml#hamlet,,,,Dumfries and Galloway,http://data.ordnancesurvey.co.uk/id/7000000000031903,http://data.ordnancesurvey.co.uk/ontology/admingeo/UnitaryAuthority,Scotland,http://data.ordnancesurvey.co.uk/id/7000000000041429,Scotland,http://data.ordnancesurvey.co.uk/id/country/scotland,,,
ML126XH,http://data.ordnancesurvey.co.uk/id/postcodeunit/ML126XH,ML12 6XH,,,,other,Postcode,286684.000,613245.000,3500,18000,,,,,,,,,,,,,Dumfries and Galloway,http://data.ordnancesurvey.co.uk/id/7000000000031903,http://data.ordnancesurvey.co.uk/ontology/admingeo/UnitaryAuthority,Scotland,http://data.ordnancesurvey.co.uk/id/7000000000041429,Scotland,http://data.ordnancesurvey.co.uk/id/country/scotland,,,
ML126TD,http://data.ordnancesurvey.co.uk/id/postcodeunit/ML126TD,ML12 6TD,,,,other,Postcode,292832.000,616731.000,3500,18000,,,,,,,,,,,,,South Lanarkshire,http://data.ordnancesurvey.co.uk/id/7000000000030847,http://data.ordnancesurvey.co.uk/ontology/admingeo/UnitaryAuthority,Scotland,http://data.ordnancesurvey.co.uk/id/7000000000041429,Scotland,http://data.ordnancesurvey.co.uk/id/country/scotland,,,
DG35DA,http://data.ordnancesurvey.co.uk/id/postcodeunit/DG35DA,DG3 5DA,,,,other,Postcode,285943.000,603913.000,3500,18000,,,,,,,Enterkinfoot,http://data.ordnancesurvey.co.uk/id/4000000074547847,http://www.ordnancesurvey.co.uk/xml/codelists/localtype.xml#hamlet,,,,Dumfries and Galloway,http://data.ordnancesurvey.co.uk/id/7000000000031903,http://data.ordnancesurvey.co.uk/ontology/admingeo/UnitaryAuthority,Scotland,http://data.ordnancesurvey.co.uk/id/7000000000041429,Scotland,http://data.ordnancesurvey.co.uk/id/country/scotland,,,
DG46HR,http://data.ordnancesurvey.co.uk/id/postcodeunit/DG46HR,DG4 6HR,,,,other,Postcode,280564.000,608028.000,3500,18000,,,,,,,Mennock,http://data.ordnancesurvey.co.uk/id/4000000074547848,http://www.ordnancesurvey.co.uk/xml/codelists/localtype.xml#hamlet,,,,Dumfries and Galloway,http://data.ordnancesurvey.co.uk/id/7000000000031903,http://data.ordnancesurvey.co.uk/ontology/admingeo/UnitaryAuthority,Scotland,http://data.ordnancesurvey.co.uk/id/7000000000041429,Scotland,http://data.ordnancesurvey.co.uk/id/country/scotland,,,
DG35BE,http://data.ordnancesurvey.co.uk/id/postcodeunit/DG35BE,DG3 5BE,,,,other,Postcode,288058.000,601215.000,3500,18000,,,,,,,,,,,,,Dumfries and Galloway,http://data.ordnancesurvey.co.uk/id/7000000000031903,http://data.ordnancesurvey.co.uk/ontology/admingeo/UnitaryAuthority,Scotland,http://data.ordnancesurvey.co.uk/id/7000000000041429,Scotland,http://data.ordnancesurvey.co.uk/id/country/scotland,,,
ML126XG,http://data.ordnancesurvey.co.uk/id/postcodeunit/ML126XG,ML12 6XG,,,,other,Postcode,287004.000,613164.000,3500,18000,,,,,,,Wanlockhead,http://data.ordnancesurvey.co.uk/id/4000000074548069,http://www.ordnancesurvey.co.uk/xml/codelists/localtype.xml#village,,,,Dumfries and Galloway,http://data.ordnancesurvey.co.uk/id/7000000000031903,http://data.ordnancesurvey.co.uk/ontology/admingeo/UnitaryAuthority,Scotland,http://data.ordnancesurvey.co.uk/id/7000000000041429,Scotland,http://data.ordnancesurvey.co.uk/id/country/scotland,,,
ML126TJ,http://data.ordnancesurvey.co.uk/id/postcodeunit/ML126TJ,ML12 6TJ,,,,other,Postcode,296523.000,610139.000,3500,18000,,,,,,,,,,,,,South Lanarkshire,http://data.ordnancesurvey.co.uk/id/7000000000030847,http://data.ordnancesurvey.co.uk/ontology/admingeo/UnitaryAuthority,Scotland,http://data.ordnancesurvey.co.uk/id/7000000000041429,Scotland,http://data.ordnancesurvey.co.uk/id/country/scotland,,,
ML126XT,http://data.ordnancesurvey.co.uk/id/postcodeunit/ML126XT,ML12 6XT,,,,other,Postcode,288517.000,614932.000,3500,18000,,,,,,,Leadhills,http://data.ordnancesurvey.co.uk/id/4000000074548070,http://www.ordnancesurvey.co.uk/xml/codelists/localtype.xml#village,,,,South Lanarkshire,http://data.ordnancesurvey.co.uk/id/7000000000030847,http://data.ordnancesurvey.co.uk/ontology/admingeo/UnitaryAuthority,Scotland,http://data.ordnancesurvey.co.uk/id/7000000000041429,Scotland,http://data.ordnancesurvey.co.uk/id/country/scotland,,,
DG34AW,http://data.ordnancesurvey.co.uk/id/postcodeunit/DG34AW,DG3 4AW,,,,other,Postcode,283591.000,602011.000,3500,18000,,,,,,,,,,,,,Dumfries and Galloway,http://data.ordnancesurvey.co.uk/id/7000000000031903,http://data.ordnancesurvey.co.uk/ontology/admingeo/UnitaryAuthority,Scotland,http://data.ordnancesurvey.co.uk/id/7000000000041429,Scotland,http://data.ordnancesurvey.co.uk/id/country/scotland,,,
DG35EQ,http://data.ordnancesurvey.co.uk/id/postcodeunit/DG35EQ,DG3 5EQ,,,,other,Postcode,287769.000,600023.000,3500,18000,,,,,,,,,,,,,Dumfries and Galloway,http://data.ordnancesurvey.co.uk/id/7000000000031903,http://data.ordnancesurvey.co.uk/ontology/admingeo/UnitaryAuthority,Scotland,http://data.ordnancesurvey.co.uk/id/7000000000041429,Scotland,http://data.ordnancesurvey.co.uk/id/country/scotland,,,
ML126YD,http://data.ordnancesurvey.co.uk/id/postcodeunit/ML126YD,ML12 6YD,,,,other,Postcode,288527.000,615254.000,3500,18000,,,,,,,Leadhills,http://data.ordnancesurvey.co.uk/id/4000000074548070,http://www.ordnancesurvey.co.uk/xml/codelists/localtype.xml#village,,,,South Lanarkshire,http://data.ordnancesurvey.co.uk/id/7000000000030847,http://data.ordnancesurvey.co.uk/ontology/admingeo/UnitaryAuthority,Scotland,http://data.ordnancesurvey.co.uk/id/7000000000041429,Scotland,http://data.ordnancesurvey.co.uk/id/country/scotland,,,
DG35BZ,http://data.ordnancesurvey.co.uk/id/postcodeunit/DG35BZ,DG3 5BZ,,,,other,Postcode,285858.000,605186.000,3500,18000,,,,,,,,,,,,,Dumfries and Galloway,http://data.ordnancesurvey.co.uk/id/7000000000031903,http://data.ordnancesurvey.co.uk/ontology/admingeo/UnitaryAuthority,Scotland,http://data.ordnancesurvey.co.uk/id/7000000000041429,Scotland,http://data.ordnancesurvey.co.uk/id/country/scotland,,,
ML126XS,http://data.ordnancesurvey.co.uk/id/postcodeunit/ML126XS,ML12 6XS,,,,other,Postcode,288539.000,614572.000,3500,18000,,,,,,,Leadhills,http://data.ordnancesurvey.co.uk/id/4000000074548070,http://www.ordnancesurvey.co.uk/xml/codelists/localtype.xml#village,,,,South Lanarkshire,http://data.ordnancesurvey.co.uk/id/7000000000030847,http://data.ordnancesurvey.co.uk/ontology/admingeo/UnitaryAuthority,Scotland,http://data.ordnancesurvey.co.uk/id/7000000000041429,Scotland,http://data.ordnancesurvey.co.uk/id/country/scotland,,,
ML126XY,http://data.ordnancesurvey.co.uk/id/postcodeunit/ML126XY,ML12 6XY,,,,other,Postcode,288492.000,615088.000,3500,18000,,,,,,,Leadhills,http://data.ordnancesurvey.co.uk/id/4000000074548070,http://www.ordnancesurvey.co.uk/xml/codelists/localtype.xml#village,,,,South Lanarkshire,http://data.ordnancesurvey.co.uk/id/7000000000030847,http://data.ordnancesurvey.co.uk/ontology/admingeo/UnitaryAuthority,Scotland,http://data.ordnancesurvey.co.uk/id/7000000000041429,Scotland,http://data.ordnancesurvey.co.uk/id/country/scotland,,,
DG34AH,http://data.ordnancesurvey.co.uk/id/postcodeunit/DG34AH,DG3 4AH,,,,other,Postcode,285213.000,601256.000,3500,18000,,,,,,,,,,,,,Dumfries and Galloway,http://data.ordnancesurvey.co.uk/id/7000000000031903,http://data.ordnancesurvey.co.uk/ontology/admingeo/UnitaryAuthority,Scotland,http://data.ordnancesurvey.co.uk/id/7000000000041429,Scotland,http://data.ordnancesurvey.co.uk/id/country/scotland,,,
DG46HA,http://data.ordnancesurvey.co.uk/id/postcodeunit/DG46HA,DG4 6HA,,,,other,Postcode,280604.000,616842.000,3500,18000,,,,,,,,,,,,,Dumfries and Galloway,http://data.ordnancesurvey.co.uk/id/7000000000031903,http://data.ordnancesurvey.co.uk/ontology/admingeo/UnitaryAuthority,Scotland,http://data.ordnancesurvey.co.uk/id/7000000000041429,Scotland,http://data.ordnancesurvey.co.uk/id/country/scotland,,,
ML126UT,http://data.ordnancesurvey.co.uk/id/postcodeunit/ML126UT,ML12 6UT,,,,other,Postcode,287474.000,613031.000,3500,18000,,,,,,,Wanlockhead,http://data.ordnancesurvey.co.uk/id/4000000074548069,http://www.ordnancesurvey.co.uk/xml/codelists/localtype.xml#village,,,,Dumfries and Galloway,http://data.ordnancesurvey.co.uk/id/7000000000031903,http://data.ordnancesurvey.co.uk/ontology/admingeo/UnitaryAuthority,Scotland,http://data.ordnancesurvey.co.uk/id/7000000000041429,Scotland,http://data.ordnancesurvey.co.uk/id/country/scotland,,,
DG34AL,http://data.ordnancesurvey.co.uk/id/postcodeunit/DG34AL,DG3 4AL,,,,other,Postcode,284318.000,603840.000,3500,18000,,,,,,,,,,,,,Dumfries and Galloway,http://data.ordnancesurvey.co.uk/id/7000000000031903,http://data.ordnancesurvey.co.uk/ontology/admingeo/UnitaryAuthority,Scotland,http://data.ordnancesurvey.co.uk/id/7000000000041429,Scotland,http://data.ordnancesurvey.co.uk/id/country/scotland,,,
ML126FR,http://data.ordnancesurvey.co.uk/id/postcodeunit/ML126FR,ML12 6FR,,,,other,Postcode,287341.000,613008.000,3500,18000,,,,,,,Wanlockhead,http://data.ordnancesurvey.co.uk/id/4000000074548069,http://www.ordnancesurvey.co.uk/xml/codelists/localtype.xml#village,,,,Dumfries and Galloway,http://data.ordnancesurvey.co.uk/id/7000000000031903,http://data.ordnancesurvey.co.uk/ontology/admingeo/UnitaryAuthority,Scotland,http://data.ordnancesurvey.co.uk/id/7000000000041429,Scotland,http://data.ordnancesurvey.co.uk/id/country/scotland,,,
DG34AP,http://data.ordnancesurvey.co.uk/id/postcodeunit/DG34AP,DG3 4AP,,,,other,Postcode,283016.000,600356.000,3500,18000,,,,,,,,,,,,,Dumfries and Galloway,http://data.ordnancesurvey.co.uk/id/7000000000031903,http://data.ordnancesurvey.co.uk/ontology/admingeo/UnitaryAuthority,Scotland,http://data.ordnancesurvey.co.uk/id/7000000000041429,Scotland,http://data.ordnancesurvey.co.uk/id/country/scotland,,,
DG46HU,http://data.ordnancesurvey.co.uk/id/postcodeunit/DG46HU,DG4 6HU,,,,other,Postcode,281437.000,608926.000,3500,18000,,,,,,,,,,,,,Dumfries and Galloway,http://data.ordnancesurvey.co.uk/id/7000000000031903,http://data.ordnancesurvey.co.uk/ontology/admingeo/UnitaryAuthority,Scotland,http://data.ordnancesurvey.co.uk/id/7000000000041429,Scotland,http://data.ordnancesurvey.co.uk/id/country/scotland,,,
DG34BE,http://data.ordnancesurvey.co.uk/id/postcodeunit/DG34BE,DG3 4BE,,,,other,Postcode,285906.000,603751.000,3500,18000,,,,,,,Enterkinfoot,http://data.ordnancesurvey.co.uk/id/4000000074547847,http://www.ordnancesurvey.co.uk/xml/codelists/localtype.xml#hamlet,,,,Dumfries and Galloway,http://data.ordnancesurvey.co.uk/id/7000000000031903,http://data.ordnancesurvey.co.uk/ontology/admingeo/UnitaryAuthority,Scotland,http://data.ordnancesurvey.co.uk/id/7000000000041429,Scotland,http://data.ordnancesurvey.co.uk/id/country/scotland,,,
ML126WT,http://data.ordnancesurvey.co.uk/id/postcodeunit/ML126WT,ML12 6WT,,,,other,Postcode,287412.000,613013.000,3500,18000,,,,,,,Wanlockhead,http://data.ordnancesurvey.co.uk/id/4000000074548069,http://www.ordnancesurvey.co.uk/xml/codelists/localtype.xml#village,,,,Dumfries and Galloway,http://data.ordnancesurvey.co.uk/id/7000000000031903,http://data.ordnancesurvey.co.uk/ontology/admingeo/UnitaryAuthority,Scotland,http://data.ordnancesurvey.co.uk/id/7000000000041429,Scotland,http://data.ordnancesurvey.co.uk/id/country/scotland,,,
ML126RL,http://data.ordnancesurvey.co.uk/id/postcodeunit/ML126RL,ML12 6RL,,,,other,Postcode,296607.000,615168.000,3500,18000,,,,,,,,,,,,,South Lanarkshire,http://data.ordnancesurvey.co.uk/id/7000000000030847,http://data.ordnancesurvey.co.uk/ontology/admingeo/UnitaryAuthority,Scotland,http://data.ordnancesurvey.co.uk/id/7000000000041429,Scotland,http://data.ordnancesurvey.co.uk/id/country/scotland,,,
ML126XD,http://data.ordnancesurvey.co.uk/id/postcodeunit/ML126XD,ML12 6XD,,,,other,Postcode,287165.000,613051.000,3500,18000,,,,,,,Wanlockhead,http://data.ordnancesurvey.co.uk/id/4000000074548069,http://www.ordnancesurvey.co.uk/xml/codelists/localtype.xml#village,,,,Dumfries and Galloway,http://data.ordnancesurvey.co.uk/id/7000000000031903,http://data.ordnancesurvey.co.uk/ontology/admingeo/UnitaryAuthority,Scotland,http://data.ordnancesurvey.co.uk/id/7000000000041429,Scotland,http://data.ordnancesurvey.co.uk/id/country/scotland,,,
ML126UW,http://data.ordnancesurvey.co.uk/id/postcodeunit/ML126UW,ML12 6UW,,,,other,Postcode,287579.000,612958.000,3500,18000,,,,,,,Wanlockhead,http://data.ordnancesurvey.co.uk/id/4000000074548069,http://www.ordnancesurvey.co.uk/xml/codelists/localtype.xml#village,,,,Dumfries and Galloway,http://data.ordnancesurvey.co.uk/id/7000000000031903,http://data.ordnancesurvey.co.uk/ontology/admingeo/UnitaryAuthority,Scotland,http://data.ordnancesurvey.co.uk/id/7000000000041429,Scotland,http://data.ordnancesurvey.co.uk/id/country/scotland,,,
ML126UZ,http://data.ordnancesurvey.co.uk/id/postcodeunit/ML126UZ,ML12 6UZ,,,,other,Postcode,287246.000,612924.000,3500,18000,,,,,,,Wanlockhead,http://data.ordnancesurvey.co.uk/id/4000000074548069,http://www.ordnancesurvey.co.uk/xml/codelists/localtype.xml#village,,,,Dumfries and Galloway,http://data.ordnancesurvey.co.uk/id/7000000000031903,http://data.ordnancesurvey.co.uk/ontology/admingeo/UnitaryAuthority,Scotland,http://data.ordnancesurvey.co.uk/id/7000000000041429,Scotland,http://data.ordnancesurvey.co.uk/id/country/scotland,,,
DG46HY,http://data.ordnancesurvey.co.uk/id/postcodeunit/DG46HY,DG4 6HY,,,,other,Postcode,282219.000,609423.000,3500,18000,,,,,,,,,,,,,Dumfries and Galloway,http://data.ordnancesurvey.co.uk/id/7000000000031903,http://data.ordnancesurvey.co.uk/ontology/admingeo/UnitaryAuthority,Scotland,http://data.ordnancesurvey.co.uk/id/7000000000041429,Scotland,http://data.ordnancesurvey.co.uk/id/country/scotland,,,
ML126XP,http://data.ordnancesurvey.co.uk/id/postcodeunit/ML126XP,ML12 6XP,,,,other,Postcode,288592.000,614887.000,3500,18000,,,,,,,Leadhills,http://data.ordnancesurvey.co.uk/id/4000000074548070,http://www.ordnancesurvey.co.uk/xml/codelists/localtype.xml#village,,,,South Lanarkshire,http://data.ordnancesurvey.co.uk/id/7000000000030847,http://data.ordnancesurvey.co.uk/ontology/admingeo/UnitaryAuthority,Scotland,http://data.ordnancesurvey.co.uk/id/7000000000041429,Scotland,http://data.ordnancesurvey.co.uk/id/country/scotland,,,
ML126TG,http://data.ordnancesurvey.co.uk/id/postcodeunit/ML126TG,ML12 6TG,,,,other,Postcode,295322.000,617132.000,3500,18000,,,,,,,Elvanfoot,http://data.ordnancesurvey.co.uk/id/4000000074547851,http://www.ordnancesurvey.co.uk/xml/codelists/localtype.xml#otherSettlement,,,,South Lanarkshire,http://data.ordnancesurvey.co.uk/id/7000000000030847,http://data.ordnancesurvey.co.uk/ontology/admingeo/UnitaryAuthority,Scotland,http://data.ordnancesurvey.co.uk/id/7000000000041429,Scotland,http://data.ordnancesurvey.co.uk/id/country/scotland,,,
ML126YQ,http://data.ordnancesurvey.co.uk/id/postcodeunit/ML126YQ,ML12 6YQ,,,,other,Postcode,288777.000,614969.000,3500,18000,,,,,,,Leadhills,http://data.ordnancesurvey.co.uk/id/4000000074548070,http://www.ordnancesurvey.co.uk/xml/codelists/localtype.xml#village,,,,South Lanarkshire,http://data.ordnancesurvey.co.uk/id/7000000000030847,http://data.ordnancesurvey.co.uk/ontology/admingeo/UnitaryAuthority,Scotland,http://data.ordnancesurvey.co.uk/id/7000000000041429,Scotland,http://data.ordnancesurvey.co.uk/id/country/scotland,,,
ML126UX,http://data.ordnancesurvey.co.uk/id/postcodeunit/ML126UX,ML12 6UX,,,,other,Postcode,287647.000,613061.000,3500,18000,,,,,,,Wanlockhead,http://data.ordnancesurvey.co.uk/id/4000000074548069,http://www.ordnancesurvey.co.uk/xml/codelists/localtype.xml#village,,,,Dumfries and Galloway,http://data.ordnancesurvey.co.uk/id/7000000000031903,http://data.ordnancesurvey.co.uk/ontology/admingeo/UnitaryAuthority,Scotland,http://data.ordnancesurvey.co.uk/id/7000000000041429,Scotland,http://data.ordnancesurvey.co.uk/id/country/scotland,,,
DG34AN,http://data.ordnancesurvey.co.uk/id/postcodeunit/DG34AN,DG3 4AN,,,,other,Postcode,283460.000,605579.000,3500,18000,,,,,,,,,,,,,Dumfries and Galloway,http://data.ordnancesurvey.co.uk/id/7000000000031903,http://data.ordnancesurvey.co.uk/ontology/admingeo/UnitaryAuthority,Scotland,http://data.ordnancesurvey.co.uk/id/7000000000041429,Scotland,http://data.ordnancesurvey.co.uk/id/country/scotland,,,
DG35BT,http://data.ordnancesurvey.co.uk/id/postcodeunit/DG35BT,DG3 5BT,,,,other,Postcode,287341.000,603643.000,3500,18000,,,,,,,,,,,,,Dumfries and Galloway,http://data.ordnancesurvey.co.uk/id/7000000000031903,http://data.ordnancesurvey.co.uk/ontology/admingeo/UnitaryAuthority,Scotland,http://data.ordnancesurvey.co.uk/id/7000000000041429,Scotland,http://data.ordnancesurvey.co.uk/id/country/scotland,,,
ML126UR,http://data.ordnancesurvey.co.uk/id/postcodeunit/ML126UR,ML12 6UR,,,,other,Postcode,287657.000,613112.000,3500,18000,,,,,,,Wanlockhead,http://data.ordnancesurvey.co.uk/id/4000000074548069,http://www.ordnancesurvey.co.uk/xml/codelists/localtype.xml#village,,,,Dumfries and Galloway,http://data.ordnancesurvey.co.uk/id/7000000000031903,http://data.ordnancesurvey.co.uk/ontology/admingeo/UnitaryAuthority,Scotland,http://data.ordnancesurvey.co.uk/id/7000000000041429,Scotland,http://data.ordnancesurvey.co.uk/id/country/scotland,,,
DG35BJ,http://data.ordnancesurvey.co.uk/id/postcodeunit/DG35BJ,DG3 5BJ,,,,other,Postcode,289419.000,603706.000,3500,18000,,,,,,,Durisdeer,http://data.ordnancesurvey.co.uk/id/4000000074547852,http://www.ordnancesurvey.co.uk/xml/codelists/localtype.xml#hamlet,,,,Dumfries and Galloway,http://data.ordnancesurvey.co.uk/id/7000000000031903,http://data.ordnancesurvey.co.uk/ontology/admingeo/UnitaryAuthority,Scotland,http://data.ordnancesurvey.co.uk/id/7000000000041429,Scotland,http://data.ordnancesurvey.co.uk/id/country/scotland,,,
ML126XF,http://data.ordnancesurvey.co.uk/id/postcodeunit/ML126XF,ML12 6XF,,,,other,Postcode,287099.000,613104.000,3500,18000,,,,,,,Wanlockhead,http://data.ordnancesurvey.co.uk/id/4000000074548069,http://www.ordnancesurvey.co.uk/xml/codelists/localtype.xml#village,,,,Dumfries and Galloway,http://data.ordnancesurvey.co.uk/id/7000000000031903,http://data.ordnancesurvey.co.uk/ontology/admingeo/UnitaryAuthority,Scotland,http://data.ordnancesurvey.co.uk/id/7000000000041429,Scotland,http://data.ordnancesurvey.co.uk/id/country/scotland,,,
ML126UP,http://data.ordnancesurvey.co.uk/id/postcodeunit/ML126UP,ML12 6UP,,,,other,Postcode,287732.000,612952.000,3500,18000,,,,,,,Wanlockhead,http://data.ordnancesurvey.co.uk/id/4000000074548069,http://www.ordnancesurvey.co.uk/xml/codelists/localtype.xml#village,,,,Dumfries and Galloway,http://data.ordnancesurvey.co.uk/id/7000000000031903,http://data.ordnancesurvey.co.uk/ontology/admingeo/UnitaryAuthority,Scotland,http://data.ordnancesurvey.co.uk/id/7000000000041429,Scotland,http://data.ordnancesurvey.co.uk/id/country/scotland,,,
ML126XL,http://data.ordnancesurvey.co.uk/id/postcodeunit/ML126XL,ML12 6XL,,,,other,Postcode,287269.000,612868.000,3500,18000,,,,,,,Wanlockhead,http://data.ordnancesurvey.co.uk/id/4000000074548069,http://www.ordnancesurvey.co.uk/xml/codelists/localtype.xml#village,,,,Dumfries and Galloway,http://data.ordnancesurvey.co.uk/id/7000000000031903,http://data.ordnancesurvey.co.uk/ontology/admingeo/UnitaryAuthority,Scotland,http://data.ordnancesurvey.co.uk/id/7000000000041429,Scotland,http://data.ordnancesurvey.co.uk/id/country/scotland,,,
ML126XW,http://data.ordnancesurvey.co.uk/id/postcodeunit/ML126XW,ML12 6XW,,,,other,Postcode,289008.000,610684.000,3500,18000,,,,,,,,,,,,,Dumfries and Galloway,http://data.ordnancesurvey.co.uk/id/7000000000031903,http://data.ordnancesurvey.co.uk/ontology/admingeo/UnitaryAuthority,Scotland,http://data.ordnancesurvey.co.uk/id/7000000000041429,Scotland,http://data.ordnancesurvey.co.uk/id/country/scotland,,,
ML126GG,http://data.ordnancesurvey.co.uk/id/postcodeunit/ML126GG,ML12 6GG,,,,other,Postcode,296240.000,619538.000,3500,18000,,,,,,,,,,,,,South Lanarkshire,http://data.ordnancesurvey.co.uk/id/7000000000030847,http://data.ordnancesurvey.co.uk/ontology/admingeo/UnitaryAuthority,Scotland,http://data.ordnancesurvey.co.uk/id/7000000000041429,Scotland,http://data.ordnancesurvey.co.uk/id/country/scotland,,,
ML126YG,http://data.ordnancesurvey.co.uk/id/postcodeunit/ML126YG,ML12 6YG,,,,other,Postcode,289054.000,614999.000,3500,18000,,,,,,,,,,,,,South Lanarkshire,http://data.ordnancesurvey.co.uk/id/7000000000030847,http://data.ordnancesurvey.co.uk/ontology/admingeo/UnitaryAuthority,Scotland,http://data.ordnancesurvey.co.uk/id/7000000000041429,Scotland,http://data.ordnancesurvey.co.uk/id/country/scotland,,,
DG35BL,http://data.ordnancesurvey.co.uk/id/postcodeunit/DG35BL,DG3 5BL,,,,other,Postcode,288861.000,603808.000,3500,18000,,,,,,,,,,,,,Dumfries and Galloway,http://data.ordnancesurvey.co.uk/id/7000000000031903,http://data.ordnancesurvey.co.uk/ontology/admingeo/UnitaryAuthority,Scotland,http://data.ordnancesurvey.co.uk/id/7000000000041429,Scotland,http://data.ordnancesurvey.co.uk/id/country/scotland,,,
DG35BS,http://data.ordnancesurvey.co.uk/id/postcodeunit/DG35BS,DG3 5BS,,,,other,Postcode,290132.000,608255.000,3500,18000,,,,,,,,,,,,,Dumfries and Galloway,http://data.ordnancesurvey.co.uk/id/7000000000031903,http://data.ordnancesurvey.co.uk/ontology/admingeo/UnitaryAuthority,Scotland,http://data.ordnancesurvey.co.uk/id/7000000000041429,Scotland,http://data.ordnancesurvey.co.uk/id/country/scotland,,,
DG46HT,http://data.ordnancesurvey.co.uk/id/postcodeunit/DG46HT,DG4 6HT,,,,other,Postcode,281339.000,607734.000,3500,18000,,,,,,,,,,,,,Dumfries and Galloway,http://data.ordnancesurvey.co.uk/id/7000000000031903,http://data.ordnancesurvey.co.uk/ontology/admingeo/UnitaryAuthority,Scotland,http://data.ordnancesurvey.co.uk/id/7000000000041429,Scotland,http://data.ordnancesurvey.co.uk/id/country/scotland,,,
ML126TH,http://data.ordnancesurvey.co.uk/id/postcodeunit/ML126TH,ML12 6TH,,,,other,Postcode,293802.000,610787.000,3500,18000,,,,,,,,,,,,,South Lanarkshire,http://data.ordnancesurvey.co.uk/id/7000000000030847,http://data.ordnancesurvey.co.uk/ontology/admingeo/UnitaryAuthority,Scotland,http://data.ordnancesurvey.co.uk/id/7000000000041429,Scotland,http://data.ordnancesurvey.co.uk/id/country/scotland,,,
ML126YB,http://data.ordnancesurvey.co.uk/id/postcodeunit/ML126YB,ML12 6YB,,,,other,Postcode,288607.000,615253.000,3500,18000,,,,,,,Leadhills,http://data.ordnancesurvey.co.uk/id/4000000074548070,http://www.ordnancesurvey.co.uk/xml/codelists/localtype.xml#village,,,,South Lanarkshire,http://data.ordnancesurvey.co.uk/id/7000000000030847,http://data.ordnancesurvey.co.uk/ontology/admingeo/UnitaryAuthority,Scotland,http://data.ordnancesurvey.co.uk/id/7000000000041429,Scotland,http://data.ordnancesurvey.co.uk/id/country/scotland,,,
ML126UJ,http://data.ordnancesurvey.co.uk/id/postcodeunit/ML126UJ,ML12 6UJ,,,,other,Postcode,287357.000,612829.000,3500,18000,,,,,,,Wanlockhead,http://data.ordnancesurvey.co.uk/id/4000000074548069,http://www.ordnancesurvey.co.uk/xml/codelists/localtype.xml#village,,,,Dumfries and Galloway,http://data.ordnancesurvey.co.uk/id/7000000000031903,http://data.ordnancesurvey.co.uk/ontology/admingeo/UnitaryAuthority,Scotland,http://data.ordnancesurvey.co.uk/id/7000000000041429,Scotland,http://data.ordnancesurvey.co.uk/id/country/scotland,,,
ML126TF,http://data.ordnancesurvey.co.uk/id/postcodeunit/ML126TF,ML12 6TF,,,,other,Postcode,295196.000,617167.000,3500,18000,,,,,,,Elvanfoot,http://data.ordnancesurvey.co.uk/id/4000000074547851,http://www.ordnancesurvey.co.uk/xml/codelists/localtype.xml#otherSettlement,,,,South Lanarkshire,http://data.ordnancesurvey.co.uk/id/7000000000030847,http://data.ordnancesurvey.co.uk/ontology/admingeo/UnitaryAuthority,Scotland,http://data.ordnancesurvey.co.uk/id/7000000000041429,Scotland,http://data.ordnancesurvey.co.uk/id/country/scotland,,,
DG35EH,http://data.ordnancesurvey.co.uk/id/postcodeunit/DG35EH,DG3 5EH,,,,other,Postcode,288292.000,600689.000,3500,18000,,,,,,,,,,,,,Dumfries and Galloway,http://data.ordnancesurvey.co.uk/id/7000000000031903,http://data.ordnancesurvey.co.uk/ontology/admingeo/UnitaryAuthority,Scotland,http://data.ordnancesurvey.co.uk/id/7000000000041429,Scotland,http://data.ordnancesurvey.co.uk/id/country/scotland,,,
ML126XX,http://data.ordnancesurvey.co.uk/id/postcodeunit/ML126XX,ML12 6XX,,,,other,Postcode,288494.000,615020.000,3500,18000,,,,,,,Leadhills,http://data.ordnancesurvey.co.uk/id/4000000074548070,http://www.ordnancesurvey.co.uk/xml/codelists/localtype.xml#village,,,,South Lanarkshire,http://data.ordnancesurvey.co.uk/id/7000000000030847,http://data.ordnancesurvey.co.uk/ontology/admingeo/UnitaryAuthority,Scotland,http://data.ordnancesurvey.co.uk/id/7000000000041429,Scotland,http://data.ordnancesurvey.co.uk/id/country/scotland,,,
DG34AJ,http://data.ordnancesurvey.co.uk/id/postcodeunit/DG34AJ,DG3 4AJ,,,,other,Postcode,285278.000,602608.000,3500,18000,,,,,,,,,,,,,Dumfries and Galloway,http://data.ordnancesurvey.co.uk/id/7000000000031903,http://data.ordnancesurvey.co.uk/ontology/admingeo/UnitaryAuthority,Scotland,http://data.ordnancesurvey.co.uk/id/7000000000041429,Scotland,http://data.ordnancesurvey.co.uk/id/country/scotland,,,
DG35BG,http://data.ordnancesurvey.co.uk/id/postcodeunit/DG35BG,DG3 5BG,,,,other,Postcode,288267.000,602120.000,3500,18000,,,,,,,,,,,,,Dumfries and Galloway,http://data.ordnancesurvey.co.uk/id/7000000000031903,http://data.ordnancesurvey.co.uk/ontology/admingeo/UnitaryAuthority,Scotland,http://data.ordnancesurvey.co.uk/id/7000000000041429,Scotland,http://data.ordnancesurvey.co.uk/id/country/scotland,,,
DG35BH,http://data.ordnancesurvey.co.uk/id/postcodeunit/DG35BH,DG3 5BH,,,,other,Postcode,289137.000,602410.000,3500,18000,,,,,,,,,,,,,Dumfries and Galloway,http://data.ordnancesurvey.co.uk/id/7000000000031903,http://data.ordnancesurvey.co.uk/ontology/admingeo/UnitaryAuthority,Scotland,http://data.ordnancesurvey.co.uk/id/7000000000041429,Scotland,http://data.ordnancesurvey.co.uk/id/country/scotland,,,
ML126XU,http://data.ordnancesurvey.co.uk/id/postcodeunit/ML126XU,ML12 6XU,,,,other,Postcode,288505.000,614991.000,3500,18000,,,,,,,Leadhills,http://data.ordnancesurvey.co.uk/id/4000000074548070,http://www.ordnancesurvey.co.uk/xml/codelists/localtype.xml#village,,,,South Lanarkshire,http://data.ordnancesurvey.co.uk/id/7000000000030847,http://data.ordnancesurvey.co.uk/ontology/admingeo/UnitaryAuthority,Scotland,http://data.ordnancesurvey.co.uk/id/7000000000041429,Scotland,http://data.ordnancesurvey.co.uk/id/country/scotland,,,
DG35BX,http://data.ordnancesurvey.co.uk/id/postcodeunit/DG35BX,DG3 5BX,,,,other,Postcode,286507.000,603292.000,3500,18000,,,,,,,,,,,,,Dumfries and Galloway,http://data.ordnancesurvey.co.uk/id/7000000000031903,http://data.ordnancesurvey.co.uk/ontology/admingeo/UnitaryAuthority,Scotland,http://data.ordnancesurvey.co.uk/id/7000000000041429,Scotland,http://data.ordnancesurvey.co.uk/id/country/scotland,,,
b6e80db1-645d-4ea3-be34-b46411241a32,http://data.ordnancesurvey.co.uk/id/b6e80db1-645d-4ea3-be34-b46411241a32,Leadhills Road,,,,transportNetwork,Section Of Named Road,294999.200,617378.900,1000,25000,294941.407,617374.990,295066.084,617391.913,ML12,http://data.ordnancesurvey.co.uk/id/postcodedistrict/ML12,Elvanfoot,http://data.ordnancesurvey.co.uk/id/4000000074547851,http://www.ordnancesurvey.co.uk/xml/codelists/localtype.xml#otherSettlement,,,,South Lanarkshire,http://data.ordnancesurvey.co.uk/id/7000000000030847,http://data.ordnancesurvey.co.uk/ontology/admingeo/UnitaryAuthority,Scotland,http://data.ordnancesurvey.co.uk/id/7000000000041429,Scotland,http://data.ordnancesurvey.co.uk/id/country/scotland,osgb4000000005212042,,
osgb4000000005212042,http://data.ordnancesurvey.co.uk/id/4000000005212042,Leadhills Road,,,,transportNetwork,Named Road,294999.200,617378.900,1000,20000,294912.000,617373.000,295066.084,617391.913,ML12,http://data.ordnancesurvey.co.uk/id/postcodedistrict/ML12,Elvanfoot,http://data.ordnancesurvey.co.uk/id/4000000074547851,http://www.ordnancesurvey.co.uk/xml/codelists/localtype.xml#otherSettlement,,,,South Lanarkshire,http://data.ordnancesurvey.co.uk/id/7000000000030847,http://data.ordnancesurvey.co.uk/ontology/admingeo/UnitaryAuthority,Scotland,http://data.ordnancesurvey.co.uk/id/7000000000041429,Scotland,http://data.ordnancesurvey.co.uk/id/country/scotland,,,
osgb4000000005206053,http://data.ordnancesurvey.co.uk/id/4000000005206053,Lowther View,,,,transportNetwork,Named Road,288425.000,615000.000,2000,20000,288406.000,614875.644,288455.000,615139.000,ML12,http://data.ordnancesurvey.co.uk/id/postcodedistrict/ML12,Leadhills,http://data.ordnancesurvey.co.uk/id/4000000074548070,http://www.ordnancesurvey.co.uk/xml/codelists/localtype.xml#village,,,,South Lanarkshire,http://data.ordnancesurvey.co.uk/id/7000000000030847,http://data.ordnancesurvey.co.uk/ontology/admingeo/UnitaryAuthority,Scotland,http://data.ordnancesurvey.co.uk/id/7000000000041429,Scotland,http://data.ordnancesurvey.co.uk/id/country/scotland,,,
osgb4000000005229129,http://data.ordnancesurvey.co.uk/id/4000000005229129,Bell View,,,,transportNetwork,Named Road,288518.008,615024.428,1000,20000,288511.000,614990.703,288519.611,615045.000,ML12,http://data.ordnancesurvey.co.uk/id/postcodedistrict/ML12,Leadhills,http://data.ordnancesurvey.co.uk/id/4000000074548070,http://www.ordnancesurvey.co.uk/xml/codelists/localtype.xml#village,,,,South Lanarkshire,http://data.ordnancesurvey.co.uk/id/7000000000030847,http://data.ordnancesurvey.co.uk/ontology/admingeo/UnitaryAuthority,Scotland,http://data.ordnancesurvey.co.uk/id/7000000000041429,Scotland,http://data.ordnancesurvey.co.uk/id/country/scotland,,,
1b184a69-bba1-47dd-b80b-105824045ae8,http://data.ordnancesurvey.co.uk/id/1b184a69-bba1-47dd-b80b-105824045ae8,Church Street,,,,transportNetwork,Section Of Named Road,286995.000,613175.000,10000,25000,286309.153,612953.000,287840.000,613721.144,ML12,http://data.ordnancesurvey.co.uk/id/postcodedistrict/ML12,Wanlockhead,http://data.ordnancesurvey.co.uk/id/4000000074548069,http://www.ordnancesurvey.co.uk/xml/codelists/localtype.xml#village,,,,Dumfries and Galloway,http://data.ordnancesurvey.co.uk/id/7000000000031903,http://data.ordnancesurvey.co.uk/ontology/admingeo/UnitaryAuthority,Scotland,http://data.ordnancesurvey.co.uk/id/7000000000041429,Scotland,http://data.ordnancesurvey.co.uk/id/country/scotland,osgb4000000005284710,,
osgb4000000005212041,http://data.ordnancesurvey.co.uk/id/4000000005212041,Horner's Place,,,,transportNetwork,Named Road,288704.000,614899.000,1000,20000,288604.000,614874.000,288791.435,614975.021,ML12,http://data.ordnancesurvey.co.uk/id/postcodedistrict/ML12,,,,,,,South Lanarkshire,http://data.ordnancesurvey.co.uk/id/7000000000030847,http://data.ordnancesurvey.co.uk/ontology/admingeo/UnitaryAuthority,Scotland,http://data.ordnancesurvey.co.uk/id/7000000000041429,Scotland,http://data.ordnancesurvey.co.uk/id/country/scotland,,,
osgb4000000005212043,http://data.ordnancesurvey.co.uk/id/4000000005212043,Station Road,,,,transportNetwork,Named Road,295390.000,617156.658,1000,20000,295315.100,617105.650,295395.270,617160.293,ML12,http://data.ordnancesurvey.co.uk/id/postcodedistrict/ML12,,,,,,,South Lanarkshire,http://data.ordnancesurvey.co.uk/id/7000000000030847,http://data.ordnancesurvey.co.uk/ontology/admingeo/UnitaryAuthority,Scotland,http://data.ordnancesurvey.co.uk/id/7000000000041429,Scotland,http://data.ordnancesurvey.co.uk/id/country/scotland,,,
c3ec1515-0c99-4582-b9bc-58e8b67c0a12,http://data.ordnancesurvey.co.uk/id/c3ec1515-0c99-4582-b9bc-58e8b67c0a12,Elvanfoot Road,,,,transportNetwork,Section Of Named Road,288793.000,615242.000,1000,25000,288700.000,615234.000,288887.176,615261.000,ML12,http://data.ordnancesurvey.co.uk/id/postcodedistrict/ML12,Leadhills,http://data.ordnancesurvey.co.uk/id/4000000074548070,http://www.ordnancesurvey.co.uk/xml/codelists/localtype.xml#village,,,,South Lanarkshire,http://data.ordnancesurvey.co.uk/id/7000000000030847,http://data.ordnancesurvey.co.uk/ontology/admingeo/UnitaryAuthority,Scotland,http://data.ordnancesurvey.co.uk/id/7000000000041429,Scotland,http://data.ordnancesurvey.co.uk/id/country/scotland,osgb4000000005203657,,
osgb4000000005229130,http://data.ordnancesurvey.co.uk/id/4000000005229130,Hopetoun Place,,,,transportNetwork,Named Road,288547.970,615245.481,1000,20000,288544.883,615210.865,288558.190,615280.155,ML12,http://data.ordnancesurvey.co.uk/id/postcodedistrict/ML12,Leadhills,http://data.ordnancesurvey.co.uk/id/4000000074548070,http://www.ordnancesurvey.co.uk/xml/codelists/localtype.xml#village,,,,South Lanarkshire,http://data.ordnancesurvey.co.uk/id/7000000000030847,http://data.ordnancesurvey.co.uk/ontology/admingeo/UnitaryAuthority,Scotland,http://data.ordnancesurvey.co.uk/id/7000000000041429,Scotland,http://data.ordnancesurvey.co.uk/id/country/scotland,,,
osgb4000000005206054,http://data.ordnancesurvey.co.uk/id/4000000005206054,Dumfries Road,,,,transportNetwork,Named Road,295175.400,617253.600,2000,20000,295028.000,617105.650,295315.100,617391.913,ML12,http://data.ordnancesurvey.co.uk/id/postcodedistrict/ML12,Elvanfoot,http://data.ordnancesurvey.co.uk/id/4000000074547851,http://www.ordnancesurvey.co.uk/xml/codelists/localtype.xml#otherSettlement,,,,South Lanarkshire,http://data.ordnancesurvey.co.uk/id/7000000000030847,http://data.ordnancesurvey.co.uk/ontology/admingeo/UnitaryAuthority,Scotland,http://data.ordnancesurvey.co.uk/id/7000000000041429,Scotland,http://data.ordnancesurvey.co.uk/id/country/scotland,,,
osgb4000000005221378,http://data.ordnancesurvey.co.uk/id/4000000005221378,Menzies Place,,,,transportNetwork,Named Road,288493.583,615097.906,1000,20000,288455.000,615045.000,288511.000,615139.000,ML12,http://data.ordnancesurvey.co.uk/id/postcodedistrict/ML12,Leadhills,http://data.ordnancesurvey.co.uk/id/4000000074548070,http://www.ordnancesurvey.co.uk/xml/codelists/localtype.xml#village,,,,South Lanarkshire,http://data.ordnancesurvey.co.uk/id/7000000000030847,http://data.ordnancesurvey.co.uk/ontology/admingeo/UnitaryAuthority,Scotland,http://data.ordnancesurvey.co.uk/id/7000000000041429,Scotland,http://data.ordnancesurvey.co.uk/id/country/scotland,,,
osgb4000000005203657,http://data.ordnancesurvey.co.uk/id/4000000005203657,Elvanfoot Road,,,,transportNetwork,Named Road,289000.000,615184.000,3000,20000,288700.000,615034.827,289183.900,615261.000,ML12,http://data.ordnancesurvey.co.uk/id/postcodedistrict/ML12,,,,,,,South Lanarkshire,http://data.ordnancesurvey.co.uk/id/7000000000030847,http://data.ordnancesurvey.co.uk/ontology/admingeo/UnitaryAuthority,Scotland,http://data.ordnancesurvey.co.uk/id/7000000000041429,Scotland,http://data.ordnancesurvey.co.uk/id/country/scotland,,,
osgb4000000005232595,http://data.ordnancesurvey.co.uk/id/4000000005232595,B7040,,,,transportNetwork,Numbered Road,291736.000,616380.000,41000,250000,288700.000,614949.660,295066.084,617571.574,ML12,http://data.ordnancesurvey.co.uk/id/postcodedistrict/ML12,,,,,,,South Lanarkshire,http://data.ordnancesurvey.co.uk/id/7000000000030847,http://data.ordnancesurvey.co.uk/ontology/admingeo/UnitaryAuthority,Scotland,http://data.ordnancesurvey.co.uk/id/7000000000041429,Scotland,http://data.ordnancesurvey.co.uk/id/country/scotland,,,
osgb4000000005206050,http://data.ordnancesurvey.co.uk/id/4000000005206050,Station Road,,,,transportNetwork,Named Road,288541.216,614648.038,2000,20000,288512.000,614461.316,288559.000,614825.000,ML12,http://data.ordnancesurvey.co.uk/id/postcodedistrict/ML12,Leadhills,http://data.ordnancesurvey.co.uk/id/4000000074548070,http://www.ordnancesurvey.co.uk/xml/codelists/localtype.xml#village,,,,South Lanarkshire,http://data.ordnancesurvey.co.uk/id/7000000000030847,http://data.ordnancesurvey.co.uk/ontology/admingeo/UnitaryAuthority,Scotland,http://data.ordnancesurvey.co.uk/id/7000000000041429,Scotland,http://data.ordnancesurvey.co.uk/id/country/scotland,,,
osgb4000000005284710,http://data.ordnancesurvey.co.uk/id/4000000005284710,Church Street,,,,transportNetwork,Named Road,285776.000,614027.000,20000,23000,284324.000,612953.000,287840.000,615774.000,ML12,http://data.ordnancesurvey.co.uk/id/postcodedistrict/ML12,,,,,,,Dumfries and Galloway,http://data.ordnancesurvey.co.uk/id/7000000000031903,http://data.ordnancesurvey.co.uk/ontology/admingeo/UnitaryAuthority,Scotland,http://data.ordnancesurvey.co.uk/id/7000000000041429,Scotland,http://data.ordnancesurvey.co.uk/id/country/scotland,,,
a9e3cd76-0f8f-4d01-aa49-695dd0f16dd0,http://data.ordnancesurvey.co.uk/id/a9e3cd76-0f8f-4d01-aa49-695dd0f16dd0,Horner's Place,,,,transportNetwork,Section Of Named Road,288661.000,614885.000,1000,25000,288604.000,614875.856,288791.435,614975.021,ML12,http://data.ordnancesurvey.co.uk/id/postcodedistrict/ML12,Leadhills,http://data.ordnancesurvey.co.uk/id/4000000074548070,http://www.ordnancesurvey.co.uk/xml/codelists/localtype.xml#village,,,,South Lanarkshire,http://data.ordnancesurvey.co.uk/id/7000000000030847,http://data.ordnancesurvey.co.uk/ontology/admingeo/UnitaryAuthority,Scotland,http://data.ordnancesurvey.co.uk/id/7000000000041429,Scotland,http://data.ordnancesurvey.co.uk/id/country/scotland,osgb4000000005212041,,
osgb4000000005206051,http://data.ordnancesurvey.co.uk/id/4000000005206051,Ramsay Road,,,,transportNetwork,Named Road,288569.556,614961.458,3000,20000,288504.000,614728.000,288623.000,615186.000,ML12,http://data.ordnancesurvey.co.uk/id/postcodedistrict/ML12,Leadhills,http://data.ordnancesurvey.co.uk/id/4000000074548070,http://www.ordnancesurvey.co.uk/xml/codelists/localtype.xml#village,,,,South Lanarkshire,http://data.ordnancesurvey.co.uk/id/7000000000030847,http://data.ordnancesurvey.co.uk/ontology/admingeo/UnitaryAuthority,Scotland,http://data.ordnancesurvey.co.uk/id/7000000000041429,Scotland,http://data.ordnancesurvey.co.uk/id/country/scotland,,,
osgb4000000005229128,http://data.ordnancesurvey.co.uk/id/4000000005229128,Curfew Place,,,,transportNetwork,Named Road,288507.000,615037.000,1000,20000,288492.000,614997.462,288517.680,615045.000,ML12,http://data.ordnancesurvey.co.uk/id/postcodedistrict/ML12,Leadhills,http://data.ordnancesurvey.co.uk/id/4000000074548070,http://www.ordnancesurvey.co.uk/xml/codelists/localtype.xml#village,,,,South Lanarkshire,http://data.ordnancesurvey.co.uk/id/7000000000030847,http://data.ordnancesurvey.co.uk/ontology/admingeo/UnitaryAuthority,Scotland,http://data.ordnancesurvey.co.uk/id/7000000000041429,Scotland,http://data.ordnancesurvey.co.uk/id/country/scotland,,,
osgb4000000005202844,http://data.ordnancesurvey.co.uk/id/4000000005202844,Main Street,,,,transportNetwork,Named Road,288508.000,614733.000,6000,20000,288346.000,614313.000,288700.000,615234.000,ML12,http://data.ordnancesurvey.co.uk/id/postcodedistrict/ML12,Leadhills,http://data.ordnancesurvey.co.uk/id/4000000074548070,http://www.ordnancesurvey.co.uk/xml/codelists/localtype.xml#village,,,,South Lanarkshire,http://data.ordnancesurvey.co.uk/id/7000000000030847,http://data.ordnancesurvey.co.uk/ontology/admingeo/UnitaryAuthority,Scotland,http://data.ordnancesurvey.co.uk/id/7000000000041429,Scotland,http://data.ordnancesurvey.co.uk/id/country/scotland,,,
osgb4000000005206052,http://data.ordnancesurvey.co.uk/id/4000000005206052,Symington Street,,,,transportNetwork,Named Road,288715.000,615399.000,2000,20000,288618.000,615234.000,288715.000,615566.000,ML12,http://data.ordnancesurvey.co.uk/id/postcodedistrict/ML12,Leadhills,http://data.ordnancesurvey.co.uk/id/4000000074548070,http://www.ordnancesurvey.co.uk/xml/codelists/localtype.xml#village,,,,South Lanarkshire,http://data.ordnancesurvey.co.uk/id/7000000000030847,http://data.ordnancesurvey.co.uk/ontology/admingeo/UnitaryAuthority,Scotland,http://data.ordnancesurvey.co.uk/id/7000000000041429,Scotland,http://data.ordnancesurvey.co.uk/id/country/scotland,,,
osgb4000000005278311,http://data.ordnancesurvey.co.uk/id/4000000005278311,B740,,,,transportNetwork,Numbered Road,283079.000,618392.000,99000,250000,277376.000,610751.000,289117.595,626010.510,DG4,http://data.ordnancesurvey.co.uk/id/postcodedistrict/DG4,,,,,,,Dumfries and Galloway,http://data.ordnancesurvey.co.uk/id/7000000000031903,http://data.ordnancesurvey.co.uk/ontology/admingeo/UnitaryAuthority,Scotland,http://data.ordnancesurvey.co.uk/id/7000000000041429,Scotland,http://data.ordnancesurvey.co.uk/id/country/scotland,,,
osgb4000000005278291,http://data.ordnancesurvey.co.uk/id/4000000005278291,B797,,,,transportNetwork,Numbered Road,288539.000,615865.000,100000,250000,281027.245,607717.744,293022.000,623116.000,ML12,http://data.ordnancesurvey.co.uk/id/postcodedistrict/ML12,,,,,,,South Lanarkshire,http://data.ordnancesurvey.co.uk/id/7000000000030847,http://data.ordnancesurvey.co.uk/ontology/admingeo/UnitaryAuthority,Scotland,http://data.ordnancesurvey.co.uk/id/7000000000041429,Scotland,http://data.ordnancesurvey.co.uk/id/country/scotland,,,
osgb4000000005221376,http://data.ordnancesurvey.co.uk/id/4000000005221376,Manse Road,,,,transportNetwork,Named Road,287279.000,613043.000,1000,20000,287154.000,612970.000,287383.000,613086.000,ML12,http://data.ordnancesurvey.co.uk/id/postcodedistrict/ML12,Wanlockhead,http://data.ordnancesurvey.co.uk/id/4000000074548069,http://www.ordnancesurvey.co.uk/xml/codelists/localtype.xml#village,,,,Dumfries and Galloway,http://data.ordnancesurvey.co.uk/id/7000000000031903,http://data.ordnancesurvey.co.uk/ontology/admingeo/UnitaryAuthority,Scotland,http://data.ordnancesurvey.co.uk/id/7000000000041429,Scotland,http://data.ordnancesurvey.co.uk/id/country/scotland,,,
osgb4000000005221377,http://data.ordnancesurvey.co.uk/id/4000000005221377,California Place,,,,transportNetwork,Named Road,288525.000,614950.000,1000,20000,288519.000,614878.000,288567.000,614990.703,ML12,http://data.ordnancesurvey.co.uk/id/postcodedistrict/ML12,Leadhills,http://data.ordnancesurvey.co.uk/id/4000000074548070,http://www.ordnancesurvey.co.uk/xml/codelists/localtype.xml#village,,,,South Lanarkshire,http://data.ordnancesurvey.co.uk/id/7000000000030847,http://data.ordnancesurvey.co.uk/ontology/admingeo/UnitaryAuthority,Scotland,http://data.ordnancesurvey.co.uk/id/7000000000041429,Scotland,http://data.ordnancesurvey.co.uk/id/country/scotland,,,
058df458-ff04-4f8b-b81f-3125b167576f,http://data.ordnancesurvey.co.uk/id/058df458-ff04-4f8b-b81f-3125b167576f,Station Road,,,,transportNetwork,Section Of Named Road,295377.272,617147.990,1000,25000,295315.100,617105.650,295377.272,617147.990,ML12,http://data.ordnancesurvey.co.uk/id/postcodedistrict/ML12,,,,,,,South Lanarkshire,http://data.ordnancesurvey.co.uk/id/7000000000030847,http://data.ordnancesurvey.co.uk/ontology/admingeo/UnitaryAuthority,Scotland,http://data.ordnancesurvey.co.uk/id/7000000000041429,Scotland,http://data.ordnancesurvey.co.uk/id/country/scotland,osgb4000000005212043,,
osgb4000000005221379,http://data.ordnancesurvey.co.uk/id/4000000005221379,Gowanbank,,,,transportNetwork,Named Road,288610.200,615246.800,1000,20000,288593.400,615222.400,288632.600,615298.000,ML12,http://data.ordnancesurvey.co.uk/id/postcodedistrict/ML12,Leadhills,http://data.ordnancesurvey.co.uk/id/4000000074548070,http://www.ordnancesurvey.co.uk/xml/codelists/localtype.xml#village,,,,South Lanarkshire,http://data.ordnancesurvey.co.uk/id/7000000000030847,http://data.ordnancesurvey.co.uk/ontology/admingeo/UnitaryAuthority,Scotland,http://data.ordnancesurvey.co.uk/id/7000000000041429,Scotland,http://data.ordnancesurvey.co.uk/id/country/scotland,,,
ML126TQ,http://data.ordnancesurvey.co.uk/id/postcodeunit/ML126TQ,ML12 6TQ,,,,other,Postcode,295306.000,617596.000,3500,18000,,,,,,,Elvanfoot,http://data.ordnancesurvey.co.uk/id/4000000074547851,http://www.ordnancesurvey.co.uk/xml/codelists/localtype.xml#otherSettlement,,,,South Lanarkshire,http://data.ordnancesurvey.co.uk/id/7000000000030847,http://data.ordnancesurvey.co.uk/ontology/admingeo/UnitaryAuthority,Scotland,http://data.ordnancesurvey.co.uk/id/7000000000041429,Scotland,http://data.ordnancesurvey.co.uk/id/country/scotland,,,
ML126XJ,http://data.ordnancesurvey.co.uk/id/postcodeunit/ML126XJ,ML12 6XJ,,,,other,Postcode,286335.000,613709.000,3500,18000,,,,,,,Wanlockhead,http://data.ordnancesurvey.co.uk/id/4000000074548069,http://www.ordnancesurvey.co.uk/xml/codelists/localtype.xml#village,,,,Dumfries and Galloway,http://data.ordnancesurvey.co.uk/id/7000000000031903,http://data.ordnancesurvey.co.uk/ontology/admingeo/UnitaryAuthority,Scotland,http://data.ordnancesurvey.co.uk/id/7000000000041429,Scotland,http://data.ordnancesurvey.co.uk/id/country/scotland,,,
ML126YA,http://data.ordnancesurvey.co.uk/id/postcodeunit/ML126YA,ML12 6YA,,,,other,Postcode,288537.000,614922.000,3500,18000,,,,,,,Leadhills,http://data.ordnancesurvey.co.uk/id/4000000074548070,http://www.ordnancesurvey.co.uk/xml/codelists/localtype.xml#village,,,,South Lanarkshire,http://data.ordnancesurvey.co.uk/id/7000000000030847,http://data.ordnancesurvey.co.uk/ontology/admingeo/UnitaryAuthority,Scotland,http://data.ordnancesurvey.co.uk/id/7000000000041429,Scotland,http://data.ordnancesurvey.co.uk/id/country/scotland,,,
ML126TE,http://data.ordnancesurvey.co.uk/id/postcodeunit/ML126TE,ML12 6TE,,,,other,Postcode,295029.000,617364.000,3500,18000,,,,,,,Elvanfoot,http://data.ordnancesurvey.co.uk/id/4000000074547851,http://www.ordnancesurvey.co.uk/xml/codelists/localtype.xml#otherSettlement,,,,South Lanarkshire,http://data.ordnancesurvey.co.uk/id/7000000000030847,http://data.ordnancesurvey.co.uk/ontology/admingeo/UnitaryAuthority,Scotland,http://data.ordnancesurvey.co.uk/id/7000000000041429,Scotland,http://data.ordnancesurvey.co.uk/id/country/scotland,,,
ML126UH,http://data.ordnancesurvey.co.uk/id/postcodeunit/ML126UH,ML12 6UH,,,,other,Postcode,287257.000,612695.000,3500,18000,,,,,,,Wanlockhead,http://data.ordnancesurvey.co.uk/id/4000000074548069,http://www.ordnancesurvey.co.uk/xml/codelists/localtype.xml#village,,,,Dumfries and Galloway,http://data.ordnancesurvey.co.uk/id/7000000000031903,http://data.ordnancesurvey.co.uk/ontology/admingeo/UnitaryAuthority,Scotland,http://data.ordnancesurvey.co.uk/id/7000000000041429,Scotland,http://data.ordnancesurvey.co.uk/id/country/scotland,,,
ML126XA,http://data.ordnancesurvey.co.uk/id/postcodeunit/ML126XA,ML12 6XA,,,,other,Postcode,287168.000,613097.000,3500,18000,,,,,,,Wanlockhead,http://data.ordnancesurvey.co.uk/id/4000000074548069,http://www.ordnancesurvey.co.uk/xml/codelists/localtype.xml#village,,,,Dumfries and Galloway,http://data.ordnancesurvey.co.uk/id/7000000000031903,http://data.ordnancesurvey.co.uk/ontology/admingeo/UnitaryAuthority,Scotland,http://data.ordnancesurvey.co.uk/id/7000000000041429,Scotland,http://data.ordnancesurvey.co.uk/id/country/scotland,,,
