﻿DG98TQ,http://data.ordnancesurvey.co.uk/id/postcodeunit/DG98TQ,DG9 8TQ,,,,other,Postcode,199715.000,554321.000,3500,18000,,,,,,,Portpatrick,http://data.ordnancesurvey.co.uk/id/4000000074566345,http://www.ordnancesurvey.co.uk/xml/codelists/localtype.xml#village,,,,Dumfries and Galloway,http://data.ordnancesurvey.co.uk/id/7000000000031903,http://data.ordnancesurvey.co.uk/ontology/admingeo/UnitaryAuthority,Scotland,http://data.ordnancesurvey.co.uk/id/7000000000041429,Scotland,http://data.ordnancesurvey.co.uk/id/country/scotland,,,
DG90ND,http://data.ordnancesurvey.co.uk/id/postcodeunit/DG90ND,DG9 0ND,,,,other,Postcode,198911.000,559549.000,3500,18000,,,,,,,,,,,,,Dumfries and Galloway,http://data.ordnancesurvey.co.uk/id/7000000000031903,http://data.ordnancesurvey.co.uk/ontology/admingeo/UnitaryAuthority,Scotland,http://data.ordnancesurvey.co.uk/id/7000000000041429,Scotland,http://data.ordnancesurvey.co.uk/id/country/scotland,,,
DG90LZ,http://data.ordnancesurvey.co.uk/id/postcodeunit/DG90LZ,DG9 0LZ,,,,other,Postcode,198354.000,559749.000,3500,18000,,,,,,,,,,,,,Dumfries and Galloway,http://data.ordnancesurvey.co.uk/id/7000000000031903,http://data.ordnancesurvey.co.uk/ontology/admingeo/UnitaryAuthority,Scotland,http://data.ordnancesurvey.co.uk/id/7000000000041429,Scotland,http://data.ordnancesurvey.co.uk/id/country/scotland,,,
DG90NB,http://data.ordnancesurvey.co.uk/id/postcodeunit/DG90NB,DG9 0NB,,,,other,Postcode,199018.000,557991.000,3500,18000,,,,,,,,,,,,,Dumfries and Galloway,http://data.ordnancesurvey.co.uk/id/7000000000031903,http://data.ordnancesurvey.co.uk/ontology/admingeo/UnitaryAuthority,Scotland,http://data.ordnancesurvey.co.uk/id/7000000000041429,Scotland,http://data.ordnancesurvey.co.uk/id/country/scotland,,,
DG98TW,http://data.ordnancesurvey.co.uk/id/postcodeunit/DG98TW,DG9 8TW,,,,other,Postcode,199094.000,556959.000,3500,18000,,,,,,,,,,,,,Dumfries and Galloway,http://data.ordnancesurvey.co.uk/id/7000000000031903,http://data.ordnancesurvey.co.uk/ontology/admingeo/UnitaryAuthority,Scotland,http://data.ordnancesurvey.co.uk/id/7000000000041429,Scotland,http://data.ordnancesurvey.co.uk/id/country/scotland,,,
DG98TZ,http://data.ordnancesurvey.co.uk/id/postcodeunit/DG98TZ,DG9 8TZ,,,,other,Postcode,199869.000,554296.000,3500,18000,,,,,,,Portpatrick,http://data.ordnancesurvey.co.uk/id/4000000074566345,http://www.ordnancesurvey.co.uk/xml/codelists/localtype.xml#village,,,,Dumfries and Galloway,http://data.ordnancesurvey.co.uk/id/7000000000031903,http://data.ordnancesurvey.co.uk/ontology/admingeo/UnitaryAuthority,Scotland,http://data.ordnancesurvey.co.uk/id/7000000000041429,Scotland,http://data.ordnancesurvey.co.uk/id/country/scotland,,,
DG98DN,http://data.ordnancesurvey.co.uk/id/postcodeunit/DG98DN,DG9 8DN,,,,other,Postcode,199718.000,554534.000,3500,18000,,,,,,,,,,,,,Dumfries and Galloway,http://data.ordnancesurvey.co.uk/id/7000000000031903,http://data.ordnancesurvey.co.uk/ontology/admingeo/UnitaryAuthority,Scotland,http://data.ordnancesurvey.co.uk/id/7000000000041429,Scotland,http://data.ordnancesurvey.co.uk/id/country/scotland,,,
DG98AN,http://data.ordnancesurvey.co.uk/id/postcodeunit/DG98AN,DG9 8AN,,,,other,Postcode,199748.000,554193.000,3500,18000,,,,,,,Portpatrick,http://data.ordnancesurvey.co.uk/id/4000000074566345,http://www.ordnancesurvey.co.uk/xml/codelists/localtype.xml#village,,,,Dumfries and Galloway,http://data.ordnancesurvey.co.uk/id/7000000000031903,http://data.ordnancesurvey.co.uk/ontology/admingeo/UnitaryAuthority,Scotland,http://data.ordnancesurvey.co.uk/id/7000000000041429,Scotland,http://data.ordnancesurvey.co.uk/id/country/scotland,,,
DG98SY,http://data.ordnancesurvey.co.uk/id/postcodeunit/DG98SY,DG9 8SY,,,,other,Postcode,199922.000,554223.000,3500,18000,,,,,,,Portpatrick,http://data.ordnancesurvey.co.uk/id/4000000074566345,http://www.ordnancesurvey.co.uk/xml/codelists/localtype.xml#village,,,,Dumfries and Galloway,http://data.ordnancesurvey.co.uk/id/7000000000031903,http://data.ordnancesurvey.co.uk/ontology/admingeo/UnitaryAuthority,Scotland,http://data.ordnancesurvey.co.uk/id/7000000000041429,Scotland,http://data.ordnancesurvey.co.uk/id/country/scotland,,,
DG90NE,http://data.ordnancesurvey.co.uk/id/postcodeunit/DG90NE,DG9 0NE,,,,other,Postcode,199486.000,559672.000,3500,18000,,,,,,,,,,,,,Dumfries and Galloway,http://data.ordnancesurvey.co.uk/id/7000000000031903,http://data.ordnancesurvey.co.uk/ontology/admingeo/UnitaryAuthority,Scotland,http://data.ordnancesurvey.co.uk/id/7000000000041429,Scotland,http://data.ordnancesurvey.co.uk/id/country/scotland,,,
DG98TF,http://data.ordnancesurvey.co.uk/id/postcodeunit/DG98TF,DG9 8TF,,,,other,Postcode,199587.000,554474.000,3500,18000,,,,,,,Portpatrick,http://data.ordnancesurvey.co.uk/id/4000000074566345,http://www.ordnancesurvey.co.uk/xml/codelists/localtype.xml#village,,,,Dumfries and Galloway,http://data.ordnancesurvey.co.uk/id/7000000000031903,http://data.ordnancesurvey.co.uk/ontology/admingeo/UnitaryAuthority,Scotland,http://data.ordnancesurvey.co.uk/id/7000000000041429,Scotland,http://data.ordnancesurvey.co.uk/id/country/scotland,,,
DG98TA,http://data.ordnancesurvey.co.uk/id/postcodeunit/DG98TA,DG9 8TA,,,,other,Postcode,199995.000,554349.000,3500,18000,,,,,,,Portpatrick,http://data.ordnancesurvey.co.uk/id/4000000074566345,http://www.ordnancesurvey.co.uk/xml/codelists/localtype.xml#village,,,,Dumfries and Galloway,http://data.ordnancesurvey.co.uk/id/7000000000031903,http://data.ordnancesurvey.co.uk/ontology/admingeo/UnitaryAuthority,Scotland,http://data.ordnancesurvey.co.uk/id/7000000000041429,Scotland,http://data.ordnancesurvey.co.uk/id/country/scotland,,,
DG98SX,http://data.ordnancesurvey.co.uk/id/postcodeunit/DG98SX,DG9 8SX,,,,other,Postcode,199908.000,554167.000,3500,18000,,,,,,,Portpatrick,http://data.ordnancesurvey.co.uk/id/4000000074566345,http://www.ordnancesurvey.co.uk/xml/codelists/localtype.xml#village,,,,Dumfries and Galloway,http://data.ordnancesurvey.co.uk/id/7000000000031903,http://data.ordnancesurvey.co.uk/ontology/admingeo/UnitaryAuthority,Scotland,http://data.ordnancesurvey.co.uk/id/7000000000041429,Scotland,http://data.ordnancesurvey.co.uk/id/country/scotland,,,
DG98SZ,http://data.ordnancesurvey.co.uk/id/postcodeunit/DG98SZ,DG9 8SZ,,,,other,Postcode,199945.000,554271.000,3500,18000,,,,,,,Portpatrick,http://data.ordnancesurvey.co.uk/id/4000000074566345,http://www.ordnancesurvey.co.uk/xml/codelists/localtype.xml#village,,,,Dumfries and Galloway,http://data.ordnancesurvey.co.uk/id/7000000000031903,http://data.ordnancesurvey.co.uk/ontology/admingeo/UnitaryAuthority,Scotland,http://data.ordnancesurvey.co.uk/id/7000000000041429,Scotland,http://data.ordnancesurvey.co.uk/id/country/scotland,,,
DG98TE,http://data.ordnancesurvey.co.uk/id/postcodeunit/DG98TE,DG9 8TE,,,,other,Postcode,199588.000,554387.000,3500,18000,,,,,,,Portpatrick,http://data.ordnancesurvey.co.uk/id/4000000074566345,http://www.ordnancesurvey.co.uk/xml/codelists/localtype.xml#village,,,,Dumfries and Galloway,http://data.ordnancesurvey.co.uk/id/7000000000031903,http://data.ordnancesurvey.co.uk/ontology/admingeo/UnitaryAuthority,Scotland,http://data.ordnancesurvey.co.uk/id/7000000000041429,Scotland,http://data.ordnancesurvey.co.uk/id/country/scotland,,,
DG90NA,http://data.ordnancesurvey.co.uk/id/postcodeunit/DG90NA,DG9 0NA,,,,other,Postcode,198818.000,559009.000,3500,18000,,,,,,,,,,,,,Dumfries and Galloway,http://data.ordnancesurvey.co.uk/id/7000000000031903,http://data.ordnancesurvey.co.uk/ontology/admingeo/UnitaryAuthority,Scotland,http://data.ordnancesurvey.co.uk/id/7000000000041429,Scotland,http://data.ordnancesurvey.co.uk/id/country/scotland,,,
DG98JS,http://data.ordnancesurvey.co.uk/id/postcodeunit/DG98JS,DG9 8JS,,,,other,Postcode,199985.000,553916.000,3500,18000,,,,,,,Portpatrick,http://data.ordnancesurvey.co.uk/id/4000000074566345,http://www.ordnancesurvey.co.uk/xml/codelists/localtype.xml#village,,,,Dumfries and Galloway,http://data.ordnancesurvey.co.uk/id/7000000000031903,http://data.ordnancesurvey.co.uk/ontology/admingeo/UnitaryAuthority,Scotland,http://data.ordnancesurvey.co.uk/id/7000000000041429,Scotland,http://data.ordnancesurvey.co.uk/id/country/scotland,,,
osgb4000000006850304,http://data.ordnancesurvey.co.uk/id/4000000006850304,South Crescent,,,,transportNetwork,Named Road,199954.000,553970.000,2000,20000,199906.232,553785.000,200008.000,554146.762,DG9,http://data.ordnancesurvey.co.uk/id/postcodedistrict/DG9,Portpatrick,http://data.ordnancesurvey.co.uk/id/4000000074566345,http://www.ordnancesurvey.co.uk/xml/codelists/localtype.xml#village,,,,Dumfries and Galloway,http://data.ordnancesurvey.co.uk/id/7000000000031903,http://data.ordnancesurvey.co.uk/ontology/admingeo/UnitaryAuthority,Scotland,http://data.ordnancesurvey.co.uk/id/7000000000041429,Scotland,http://data.ordnancesurvey.co.uk/id/country/scotland,,,
osgb4000000006850306,http://data.ordnancesurvey.co.uk/id/4000000006850306,Blair Terrace,,,,transportNetwork,Named Road,199911.000,554223.000,1000,20000,199887.000,554160.000,199920.000,554265.000,DG9,http://data.ordnancesurvey.co.uk/id/postcodedistrict/DG9,Portpatrick,http://data.ordnancesurvey.co.uk/id/4000000074566345,http://www.ordnancesurvey.co.uk/xml/codelists/localtype.xml#village,,,,Dumfries and Galloway,http://data.ordnancesurvey.co.uk/id/7000000000031903,http://data.ordnancesurvey.co.uk/ontology/admingeo/UnitaryAuthority,Scotland,http://data.ordnancesurvey.co.uk/id/7000000000041429,Scotland,http://data.ordnancesurvey.co.uk/id/country/scotland,,,
osgb4000000006850308,http://data.ordnancesurvey.co.uk/id/4000000006850308,Dean Place,,,,transportNetwork,Named Road,199906.279,554279.543,1000,20000,199895.300,554279.543,199906.279,554312.046,DG9,http://data.ordnancesurvey.co.uk/id/postcodedistrict/DG9,Portpatrick,http://data.ordnancesurvey.co.uk/id/4000000074566345,http://www.ordnancesurvey.co.uk/xml/codelists/localtype.xml#village,,,,Dumfries and Galloway,http://data.ordnancesurvey.co.uk/id/7000000000031903,http://data.ordnancesurvey.co.uk/ontology/admingeo/UnitaryAuthority,Scotland,http://data.ordnancesurvey.co.uk/id/7000000000041429,Scotland,http://data.ordnancesurvey.co.uk/id/country/scotland,,,
osgb4000000006850305,http://data.ordnancesurvey.co.uk/id/4000000006850305,Welsh Place,,,,transportNetwork,Named Road,199869.138,554284.056,1000,20000,199823.118,554261.182,199906.279,554284.403,DG9,http://data.ordnancesurvey.co.uk/id/postcodedistrict/DG9,Portpatrick,http://data.ordnancesurvey.co.uk/id/4000000074566345,http://www.ordnancesurvey.co.uk/xml/codelists/localtype.xml#village,,,,Dumfries and Galloway,http://data.ordnancesurvey.co.uk/id/7000000000031903,http://data.ordnancesurvey.co.uk/ontology/admingeo/UnitaryAuthority,Scotland,http://data.ordnancesurvey.co.uk/id/7000000000041429,Scotland,http://data.ordnancesurvey.co.uk/id/country/scotland,,,
osgb4000000006895569,http://data.ordnancesurvey.co.uk/id/4000000006895569,Dunskey Street,,,,transportNetwork,Named Road,199978.000,553953.000,1000,20000,199950.572,553854.628,199999.000,554044.000,DG9,http://data.ordnancesurvey.co.uk/id/postcodedistrict/DG9,Portpatrick,http://data.ordnancesurvey.co.uk/id/4000000074566345,http://www.ordnancesurvey.co.uk/xml/codelists/localtype.xml#village,,,,Dumfries and Galloway,http://data.ordnancesurvey.co.uk/id/7000000000031903,http://data.ordnancesurvey.co.uk/ontology/admingeo/UnitaryAuthority,Scotland,http://data.ordnancesurvey.co.uk/id/7000000000041429,Scotland,http://data.ordnancesurvey.co.uk/id/country/scotland,,,
osgb4000000006895572,http://data.ordnancesurvey.co.uk/id/4000000006895572,Dinvin Street,,,,transportNetwork,Named Road,199988.000,554265.000,1000,20000,199906.279,554257.383,200063.382,554279.543,DG9,http://data.ordnancesurvey.co.uk/id/postcodedistrict/DG9,Portpatrick,http://data.ordnancesurvey.co.uk/id/4000000074566345,http://www.ordnancesurvey.co.uk/xml/codelists/localtype.xml#village,,,,Dumfries and Galloway,http://data.ordnancesurvey.co.uk/id/7000000000031903,http://data.ordnancesurvey.co.uk/ontology/admingeo/UnitaryAuthority,Scotland,http://data.ordnancesurvey.co.uk/id/7000000000041429,Scotland,http://data.ordnancesurvey.co.uk/id/country/scotland,,,
2e453819-0958-4f79-b55e-6844f2eb9fb8,http://data.ordnancesurvey.co.uk/id/2e453819-0958-4f79-b55e-6844f2eb9fb8,South Crescent,,,,transportNetwork,Section Of Named Road,199978.000,554000.000,2000,25000,199906.232,553891.511,199988.000,554146.762,DG9,http://data.ordnancesurvey.co.uk/id/postcodedistrict/DG9,Portpatrick,http://data.ordnancesurvey.co.uk/id/4000000074566345,http://www.ordnancesurvey.co.uk/xml/codelists/localtype.xml#village,,,,Dumfries and Galloway,http://data.ordnancesurvey.co.uk/id/7000000000031903,http://data.ordnancesurvey.co.uk/ontology/admingeo/UnitaryAuthority,Scotland,http://data.ordnancesurvey.co.uk/id/7000000000041429,Scotland,http://data.ordnancesurvey.co.uk/id/country/scotland,osgb4000000006850304,,
osgb4000000006895570,http://data.ordnancesurvey.co.uk/id/4000000006895570,Braefield Road,,,,transportNetwork,Named Road,199971.000,554405.000,1000,20000,199947.000,554315.000,200088.000,554444.000,DG9,http://data.ordnancesurvey.co.uk/id/postcodedistrict/DG9,Portpatrick,http://data.ordnancesurvey.co.uk/id/4000000074566345,http://www.ordnancesurvey.co.uk/xml/codelists/localtype.xml#village,,,,Dumfries and Galloway,http://data.ordnancesurvey.co.uk/id/7000000000031903,http://data.ordnancesurvey.co.uk/ontology/admingeo/UnitaryAuthority,Scotland,http://data.ordnancesurvey.co.uk/id/7000000000041429,Scotland,http://data.ordnancesurvey.co.uk/id/country/scotland,,,
63119e33-5139-486a-a22f-29f556f65ce6,http://data.ordnancesurvey.co.uk/id/63119e33-5139-486a-a22f-29f556f65ce6,Chalet Road,,,,transportNetwork,Section Of Named Road,199789.166,554439.799,1000,25000,199763.435,554399.741,199811.217,554485.293,DG9,http://data.ordnancesurvey.co.uk/id/postcodedistrict/DG9,Portpatrick,http://data.ordnancesurvey.co.uk/id/4000000074566345,http://www.ordnancesurvey.co.uk/xml/codelists/localtype.xml#village,,,,Dumfries and Galloway,http://data.ordnancesurvey.co.uk/id/7000000000031903,http://data.ordnancesurvey.co.uk/ontology/admingeo/UnitaryAuthority,Scotland,http://data.ordnancesurvey.co.uk/id/7000000000041429,Scotland,http://data.ordnancesurvey.co.uk/id/country/scotland,osgb5000005161536473,,
osgb4000000006850307,http://data.ordnancesurvey.co.uk/id/4000000006850307,North Crescent,,,,transportNetwork,Named Road,199863.000,554171.000,1000,20000,199820.000,554146.762,199906.232,554241.000,DG9,http://data.ordnancesurvey.co.uk/id/postcodedistrict/DG9,Portpatrick,http://data.ordnancesurvey.co.uk/id/4000000074566345,http://www.ordnancesurvey.co.uk/xml/codelists/localtype.xml#village,,,,Dumfries and Galloway,http://data.ordnancesurvey.co.uk/id/7000000000031903,http://data.ordnancesurvey.co.uk/ontology/admingeo/UnitaryAuthority,Scotland,http://data.ordnancesurvey.co.uk/id/7000000000041429,Scotland,http://data.ordnancesurvey.co.uk/id/country/scotland,,,
osgb5000005161536473,http://data.ordnancesurvey.co.uk/id/5000005161536473,Chalet Road,,,,transportNetwork,Named Road,199775.569,554463.083,1000,20000,199708.058,554399.741,199811.217,554510.406,DG9,http://data.ordnancesurvey.co.uk/id/postcodedistrict/DG9,Portpatrick,http://data.ordnancesurvey.co.uk/id/4000000074566345,http://www.ordnancesurvey.co.uk/xml/codelists/localtype.xml#village,,,,Dumfries and Galloway,http://data.ordnancesurvey.co.uk/id/7000000000031903,http://data.ordnancesurvey.co.uk/ontology/admingeo/UnitaryAuthority,Scotland,http://data.ordnancesurvey.co.uk/id/7000000000041429,Scotland,http://data.ordnancesurvey.co.uk/id/country/scotland,,,
02c63138-8c8a-460f-b3df-42c73891237d,http://data.ordnancesurvey.co.uk/id/02c63138-8c8a-460f-b3df-42c73891237d,Dunskey Street,,,,transportNetwork,Section Of Named Road,199978.000,553953.000,1000,25000,199954.860,553861.257,199999.000,554044.000,DG9,http://data.ordnancesurvey.co.uk/id/postcodedistrict/DG9,Portpatrick,http://data.ordnancesurvey.co.uk/id/4000000074566345,http://www.ordnancesurvey.co.uk/xml/codelists/localtype.xml#village,,,,Dumfries and Galloway,http://data.ordnancesurvey.co.uk/id/7000000000031903,http://data.ordnancesurvey.co.uk/ontology/admingeo/UnitaryAuthority,Scotland,http://data.ordnancesurvey.co.uk/id/7000000000041429,Scotland,http://data.ordnancesurvey.co.uk/id/country/scotland,osgb4000000006895569,,
DG98TX,http://data.ordnancesurvey.co.uk/id/postcodeunit/DG98TX,DG9 8TX,,,,other,Postcode,199923.000,554327.000,3500,18000,,,,,,,Portpatrick,http://data.ordnancesurvey.co.uk/id/4000000074566345,http://www.ordnancesurvey.co.uk/xml/codelists/localtype.xml#village,,,,Dumfries and Galloway,http://data.ordnancesurvey.co.uk/id/7000000000031903,http://data.ordnancesurvey.co.uk/ontology/admingeo/UnitaryAuthority,Scotland,http://data.ordnancesurvey.co.uk/id/7000000000041429,Scotland,http://data.ordnancesurvey.co.uk/id/country/scotland,,,
DG98JL,http://data.ordnancesurvey.co.uk/id/postcodeunit/DG98JL,DG9 8JL,,,,other,Postcode,199995.000,554127.000,3500,18000,,,,,,,Portpatrick,http://data.ordnancesurvey.co.uk/id/4000000074566345,http://www.ordnancesurvey.co.uk/xml/codelists/localtype.xml#village,,,,Dumfries and Galloway,http://data.ordnancesurvey.co.uk/id/7000000000031903,http://data.ordnancesurvey.co.uk/ontology/admingeo/UnitaryAuthority,Scotland,http://data.ordnancesurvey.co.uk/id/7000000000041429,Scotland,http://data.ordnancesurvey.co.uk/id/country/scotland,,,
