﻿osgb4000000074566338,http://data.ordnancesurvey.co.uk/id/4000000074566338,Drummore,,,,populatedPlace,Village,213663.000,536756.000,6000,250000,213242.762,536300.175,214139.701,537078.052,DG9,http://data.ordnancesurvey.co.uk/id/postcodedistrict/DG9,,,,,,,Dumfries and Galloway,http://data.ordnancesurvey.co.uk/id/7000000000031903,http://data.ordnancesurvey.co.uk/ontology/admingeo/UnitaryAuthority,Scotland,http://data.ordnancesurvey.co.uk/id/7000000000041429,Scotland,http://data.ordnancesurvey.co.uk/id/country/scotland,,http://dbpedia.org/resource/Drummore,http://sws.geonames.org/2650921
osgb4000000074566663,http://data.ordnancesurvey.co.uk/id/4000000074566663,Kirkmaiden,,,,populatedPlace,Hamlet,212397.350,536847.230,5000,25000,212150.063,536600.512,212650.063,537100.512,DG9,http://data.ordnancesurvey.co.uk/id/postcodedistrict/DG9,,,,,,,Dumfries and Galloway,http://data.ordnancesurvey.co.uk/id/7000000000031903,http://data.ordnancesurvey.co.uk/ontology/admingeo/UnitaryAuthority,Scotland,http://data.ordnancesurvey.co.uk/id/7000000000041429,Scotland,http://data.ordnancesurvey.co.uk/id/country/scotland,,http://dbpedia.org/resource/Kirkmaiden,http://sws.geonames.org/2645248
osgb4000000074543003,http://data.ordnancesurvey.co.uk/id/4000000074543003,Mull of Galloway,,,,populatedPlace,Other Settlement,214293.000,530886.000,15000,25000,213526.103,530318.867,215811.964,532276.777,DG9,http://data.ordnancesurvey.co.uk/id/postcodedistrict/DG9,,,,,,,Dumfries and Galloway,http://data.ordnancesurvey.co.uk/id/7000000000031903,http://data.ordnancesurvey.co.uk/ontology/admingeo/UnitaryAuthority,Scotland,http://data.ordnancesurvey.co.uk/id/7000000000041429,Scotland,http://data.ordnancesurvey.co.uk/id/country/scotland,,http://dbpedia.org/resource/Mull_of_Galloway,
osgb4000000074566337,http://data.ordnancesurvey.co.uk/id/4000000074566337,Damnaglaur,,,,populatedPlace,Hamlet,212729.000,535551.000,5000,25000,212489.025,535367.990,212989.025,535867.990,DG9,http://data.ordnancesurvey.co.uk/id/postcodedistrict/DG9,,,,,,,Dumfries and Galloway,http://data.ordnancesurvey.co.uk/id/7000000000031903,http://data.ordnancesurvey.co.uk/ontology/admingeo/UnitaryAuthority,Scotland,http://data.ordnancesurvey.co.uk/id/7000000000041429,Scotland,http://data.ordnancesurvey.co.uk/id/country/scotland,,,
osgb4000000074338356,http://data.ordnancesurvey.co.uk/id/4000000074338356,Clanyard,,,,populatedPlace,Hamlet,210810.000,537387.000,5000,25000,210423.654,537043.691,210923.654,537543.691,DG9,http://data.ordnancesurvey.co.uk/id/postcodedistrict/DG9,,,,,,,Dumfries and Galloway,http://data.ordnancesurvey.co.uk/id/7000000000031903,http://data.ordnancesurvey.co.uk/ontology/admingeo/UnitaryAuthority,Scotland,http://data.ordnancesurvey.co.uk/id/7000000000041429,Scotland,http://data.ordnancesurvey.co.uk/id/country/scotland,,,
DG99QY,http://data.ordnancesurvey.co.uk/id/postcodeunit/DG99QY,DG9 9QY,,,,other,Postcode,214102.000,536617.000,3500,18000,,,,,,,Drummore,http://data.ordnancesurvey.co.uk/id/4000000074566338,http://www.ordnancesurvey.co.uk/xml/codelists/localtype.xml#village,,,,Dumfries and Galloway,http://data.ordnancesurvey.co.uk/id/7000000000031903,http://data.ordnancesurvey.co.uk/ontology/admingeo/UnitaryAuthority,Scotland,http://data.ordnancesurvey.co.uk/id/7000000000041429,Scotland,http://data.ordnancesurvey.co.uk/id/country/scotland,,,
DG99HS,http://data.ordnancesurvey.co.uk/id/postcodeunit/DG99HS,DG9 9HS,,,,other,Postcode,213002.000,536378.000,3500,18000,,,,,,,,,,,,,Dumfries and Galloway,http://data.ordnancesurvey.co.uk/id/7000000000031903,http://data.ordnancesurvey.co.uk/ontology/admingeo/UnitaryAuthority,Scotland,http://data.ordnancesurvey.co.uk/id/7000000000041429,Scotland,http://data.ordnancesurvey.co.uk/id/country/scotland,,,
DG99HA,http://data.ordnancesurvey.co.uk/id/postcodeunit/DG99HA,DG9 9HA,,,,other,Postcode,212496.000,539265.000,3500,18000,,,,,,,,,,,,,Dumfries and Galloway,http://data.ordnancesurvey.co.uk/id/7000000000031903,http://data.ordnancesurvey.co.uk/ontology/admingeo/UnitaryAuthority,Scotland,http://data.ordnancesurvey.co.uk/id/7000000000041429,Scotland,http://data.ordnancesurvey.co.uk/id/country/scotland,,,
DG99QF,http://data.ordnancesurvey.co.uk/id/postcodeunit/DG99QF,DG9 9QF,,,,other,Postcode,213902.000,536813.000,3500,18000,,,,,,,Drummore,http://data.ordnancesurvey.co.uk/id/4000000074566338,http://www.ordnancesurvey.co.uk/xml/codelists/localtype.xml#village,,,,Dumfries and Galloway,http://data.ordnancesurvey.co.uk/id/7000000000031903,http://data.ordnancesurvey.co.uk/ontology/admingeo/UnitaryAuthority,Scotland,http://data.ordnancesurvey.co.uk/id/7000000000041429,Scotland,http://data.ordnancesurvey.co.uk/id/country/scotland,,,
DG99QS,http://data.ordnancesurvey.co.uk/id/postcodeunit/DG99QS,DG9 9QS,,,,other,Postcode,212037.000,537505.000,3500,18000,,,,,,,,,,,,,Dumfries and Galloway,http://data.ordnancesurvey.co.uk/id/7000000000031903,http://data.ordnancesurvey.co.uk/ontology/admingeo/UnitaryAuthority,Scotland,http://data.ordnancesurvey.co.uk/id/7000000000041429,Scotland,http://data.ordnancesurvey.co.uk/id/country/scotland,,,
DG99QP,http://data.ordnancesurvey.co.uk/id/postcodeunit/DG99QP,DG9 9QP,,,,other,Postcode,212400.000,536900.000,3500,18000,,,,,,,Kirkmaiden,http://data.ordnancesurvey.co.uk/id/4000000074566663,http://www.ordnancesurvey.co.uk/xml/codelists/localtype.xml#hamlet,,,,Dumfries and Galloway,http://data.ordnancesurvey.co.uk/id/7000000000031903,http://data.ordnancesurvey.co.uk/ontology/admingeo/UnitaryAuthority,Scotland,http://data.ordnancesurvey.co.uk/id/7000000000041429,Scotland,http://data.ordnancesurvey.co.uk/id/country/scotland,,,
DG99PX,http://data.ordnancesurvey.co.uk/id/postcodeunit/DG99PX,DG9 9PX,,,,other,Postcode,213890.000,536693.000,3500,18000,,,,,,,Drummore,http://data.ordnancesurvey.co.uk/id/4000000074566338,http://www.ordnancesurvey.co.uk/xml/codelists/localtype.xml#village,,,,Dumfries and Galloway,http://data.ordnancesurvey.co.uk/id/7000000000031903,http://data.ordnancesurvey.co.uk/ontology/admingeo/UnitaryAuthority,Scotland,http://data.ordnancesurvey.co.uk/id/7000000000041429,Scotland,http://data.ordnancesurvey.co.uk/id/country/scotland,,,
DG99QW,http://data.ordnancesurvey.co.uk/id/postcodeunit/DG99QW,DG9 9QW,,,,other,Postcode,212512.000,536124.000,3500,18000,,,,,,,,,,,,,Dumfries and Galloway,http://data.ordnancesurvey.co.uk/id/7000000000031903,http://data.ordnancesurvey.co.uk/ontology/admingeo/UnitaryAuthority,Scotland,http://data.ordnancesurvey.co.uk/id/7000000000041429,Scotland,http://data.ordnancesurvey.co.uk/id/country/scotland,,,
DG99HQ,http://data.ordnancesurvey.co.uk/id/postcodeunit/DG99HQ,DG9 9HQ,,,,other,Postcode,210916.000,534345.000,3500,18000,,,,,,,,,,,,,Dumfries and Galloway,http://data.ordnancesurvey.co.uk/id/7000000000031903,http://data.ordnancesurvey.co.uk/ontology/admingeo/UnitaryAuthority,Scotland,http://data.ordnancesurvey.co.uk/id/7000000000041429,Scotland,http://data.ordnancesurvey.co.uk/id/country/scotland,,,
DG99HH,http://data.ordnancesurvey.co.uk/id/postcodeunit/DG99HH,DG9 9HH,,,,other,Postcode,211509.000,534249.000,3500,18000,,,,,,,,,,,,,Dumfries and Galloway,http://data.ordnancesurvey.co.uk/id/7000000000031903,http://data.ordnancesurvey.co.uk/ontology/admingeo/UnitaryAuthority,Scotland,http://data.ordnancesurvey.co.uk/id/7000000000041429,Scotland,http://data.ordnancesurvey.co.uk/id/country/scotland,,,
DG99QG,http://data.ordnancesurvey.co.uk/id/postcodeunit/DG99QG,DG9 9QG,,,,other,Postcode,213521.000,536752.000,3500,18000,,,,,,,Drummore,http://data.ordnancesurvey.co.uk/id/4000000074566338,http://www.ordnancesurvey.co.uk/xml/codelists/localtype.xml#village,,,,Dumfries and Galloway,http://data.ordnancesurvey.co.uk/id/7000000000031903,http://data.ordnancesurvey.co.uk/ontology/admingeo/UnitaryAuthority,Scotland,http://data.ordnancesurvey.co.uk/id/7000000000041429,Scotland,http://data.ordnancesurvey.co.uk/id/country/scotland,,,
DG99PY,http://data.ordnancesurvey.co.uk/id/postcodeunit/DG99PY,DG9 9PY,,,,other,Postcode,213579.000,536579.000,3500,18000,,,,,,,Drummore,http://data.ordnancesurvey.co.uk/id/4000000074566338,http://www.ordnancesurvey.co.uk/xml/codelists/localtype.xml#village,,,,Dumfries and Galloway,http://data.ordnancesurvey.co.uk/id/7000000000031903,http://data.ordnancesurvey.co.uk/ontology/admingeo/UnitaryAuthority,Scotland,http://data.ordnancesurvey.co.uk/id/7000000000041429,Scotland,http://data.ordnancesurvey.co.uk/id/country/scotland,,,
DG99QA,http://data.ordnancesurvey.co.uk/id/postcodeunit/DG99QA,DG9 9QA,,,,other,Postcode,213499.000,536384.000,3500,18000,,,,,,,Drummore,http://data.ordnancesurvey.co.uk/id/4000000074566338,http://www.ordnancesurvey.co.uk/xml/codelists/localtype.xml#village,,,,Dumfries and Galloway,http://data.ordnancesurvey.co.uk/id/7000000000031903,http://data.ordnancesurvey.co.uk/ontology/admingeo/UnitaryAuthority,Scotland,http://data.ordnancesurvey.co.uk/id/7000000000041429,Scotland,http://data.ordnancesurvey.co.uk/id/country/scotland,,,
DG99QT,http://data.ordnancesurvey.co.uk/id/postcodeunit/DG99QT,DG9 9QT,,,,other,Postcode,212614.000,538214.000,3500,18000,,,,,,,,,,,,,Dumfries and Galloway,http://data.ordnancesurvey.co.uk/id/7000000000031903,http://data.ordnancesurvey.co.uk/ontology/admingeo/UnitaryAuthority,Scotland,http://data.ordnancesurvey.co.uk/id/7000000000041429,Scotland,http://data.ordnancesurvey.co.uk/id/country/scotland,,,
DG99NP,http://data.ordnancesurvey.co.uk/id/postcodeunit/DG99NP,DG9 9NP,,,,other,Postcode,211312.000,539885.000,3500,18000,,,,,,,,,,,,,Dumfries and Galloway,http://data.ordnancesurvey.co.uk/id/7000000000031903,http://data.ordnancesurvey.co.uk/ontology/admingeo/UnitaryAuthority,Scotland,http://data.ordnancesurvey.co.uk/id/7000000000041429,Scotland,http://data.ordnancesurvey.co.uk/id/country/scotland,,,
DG99HD,http://data.ordnancesurvey.co.uk/id/postcodeunit/DG99HD,DG9 9HD,,,,other,Postcode,212395.000,536717.000,3500,18000,,,,,,,Kirkmaiden,http://data.ordnancesurvey.co.uk/id/4000000074566663,http://www.ordnancesurvey.co.uk/xml/codelists/localtype.xml#hamlet,,,,Dumfries and Galloway,http://data.ordnancesurvey.co.uk/id/7000000000031903,http://data.ordnancesurvey.co.uk/ontology/admingeo/UnitaryAuthority,Scotland,http://data.ordnancesurvey.co.uk/id/7000000000041429,Scotland,http://data.ordnancesurvey.co.uk/id/country/scotland,,,
DG99QR,http://data.ordnancesurvey.co.uk/id/postcodeunit/DG99QR,DG9 9QR,,,,other,Postcode,212460.000,537157.000,3500,18000,,,,,,,,,,,,,Dumfries and Galloway,http://data.ordnancesurvey.co.uk/id/7000000000031903,http://data.ordnancesurvey.co.uk/ontology/admingeo/UnitaryAuthority,Scotland,http://data.ordnancesurvey.co.uk/id/7000000000041429,Scotland,http://data.ordnancesurvey.co.uk/id/country/scotland,,,
DG99HE,http://data.ordnancesurvey.co.uk/id/postcodeunit/DG99HE,DG9 9HE,,,,other,Postcode,211556.000,536986.000,3500,18000,,,,,,,,,,,,,Dumfries and Galloway,http://data.ordnancesurvey.co.uk/id/7000000000031903,http://data.ordnancesurvey.co.uk/ontology/admingeo/UnitaryAuthority,Scotland,http://data.ordnancesurvey.co.uk/id/7000000000041429,Scotland,http://data.ordnancesurvey.co.uk/id/country/scotland,,,
DG99HF,http://data.ordnancesurvey.co.uk/id/postcodeunit/DG99HF,DG9 9HF,,,,other,Postcode,210787.000,537434.000,3500,18000,,,,,,,Clanyard,http://data.ordnancesurvey.co.uk/id/4000000074338356,http://www.ordnancesurvey.co.uk/xml/codelists/localtype.xml#hamlet,,,,Dumfries and Galloway,http://data.ordnancesurvey.co.uk/id/7000000000031903,http://data.ordnancesurvey.co.uk/ontology/admingeo/UnitaryAuthority,Scotland,http://data.ordnancesurvey.co.uk/id/7000000000041429,Scotland,http://data.ordnancesurvey.co.uk/id/country/scotland,,,
DG99PT,http://data.ordnancesurvey.co.uk/id/postcodeunit/DG99PT,DG9 9PT,,,,other,Postcode,213422.000,536804.000,3500,18000,,,,,,,Drummore,http://data.ordnancesurvey.co.uk/id/4000000074566338,http://www.ordnancesurvey.co.uk/xml/codelists/localtype.xml#village,,,,Dumfries and Galloway,http://data.ordnancesurvey.co.uk/id/7000000000031903,http://data.ordnancesurvey.co.uk/ontology/admingeo/UnitaryAuthority,Scotland,http://data.ordnancesurvey.co.uk/id/7000000000041429,Scotland,http://data.ordnancesurvey.co.uk/id/country/scotland,,,
DG99NN,http://data.ordnancesurvey.co.uk/id/postcodeunit/DG99NN,DG9 9NN,,,,other,Postcode,210109.000,539687.000,3500,18000,,,,,,,,,,,,,Dumfries and Galloway,http://data.ordnancesurvey.co.uk/id/7000000000031903,http://data.ordnancesurvey.co.uk/ontology/admingeo/UnitaryAuthority,Scotland,http://data.ordnancesurvey.co.uk/id/7000000000041429,Scotland,http://data.ordnancesurvey.co.uk/id/country/scotland,,,
DG99PZ,http://data.ordnancesurvey.co.uk/id/postcodeunit/DG99PZ,DG9 9PZ,,,,other,Postcode,213755.000,536709.000,3500,18000,,,,,,,Drummore,http://data.ordnancesurvey.co.uk/id/4000000074566338,http://www.ordnancesurvey.co.uk/xml/codelists/localtype.xml#village,,,,Dumfries and Galloway,http://data.ordnancesurvey.co.uk/id/7000000000031903,http://data.ordnancesurvey.co.uk/ontology/admingeo/UnitaryAuthority,Scotland,http://data.ordnancesurvey.co.uk/id/7000000000041429,Scotland,http://data.ordnancesurvey.co.uk/id/country/scotland,,,
DG99HN,http://data.ordnancesurvey.co.uk/id/postcodeunit/DG99HN,DG9 9HN,,,,other,Postcode,212884.000,532369.000,3500,18000,,,,,,,,,,,,,Dumfries and Galloway,http://data.ordnancesurvey.co.uk/id/7000000000031903,http://data.ordnancesurvey.co.uk/ontology/admingeo/UnitaryAuthority,Scotland,http://data.ordnancesurvey.co.uk/id/7000000000041429,Scotland,http://data.ordnancesurvey.co.uk/id/country/scotland,,,
DG99HG,http://data.ordnancesurvey.co.uk/id/postcodeunit/DG99HG,DG9 9HG,,,,other,Postcode,209361.000,534878.000,3500,18000,,,,,,,,,,,,,Dumfries and Galloway,http://data.ordnancesurvey.co.uk/id/7000000000031903,http://data.ordnancesurvey.co.uk/ontology/admingeo/UnitaryAuthority,Scotland,http://data.ordnancesurvey.co.uk/id/7000000000041429,Scotland,http://data.ordnancesurvey.co.uk/id/country/scotland,,,
DG99QD,http://data.ordnancesurvey.co.uk/id/postcodeunit/DG99QD,DG9 9QD,,,,other,Postcode,213341.000,536659.000,3500,18000,,,,,,,,,,,,,Dumfries and Galloway,http://data.ordnancesurvey.co.uk/id/7000000000031903,http://data.ordnancesurvey.co.uk/ontology/admingeo/UnitaryAuthority,Scotland,http://data.ordnancesurvey.co.uk/id/7000000000041429,Scotland,http://data.ordnancesurvey.co.uk/id/country/scotland,,,
DG99HR,http://data.ordnancesurvey.co.uk/id/postcodeunit/DG99HR,DG9 9HR,,,,other,Postcode,212827.000,534687.000,3500,18000,,,,,,,,,,,,,Dumfries and Galloway,http://data.ordnancesurvey.co.uk/id/7000000000031903,http://data.ordnancesurvey.co.uk/ontology/admingeo/UnitaryAuthority,Scotland,http://data.ordnancesurvey.co.uk/id/7000000000041429,Scotland,http://data.ordnancesurvey.co.uk/id/country/scotland,,,
DG99QL,http://data.ordnancesurvey.co.uk/id/postcodeunit/DG99QL,DG9 9QL,,,,other,Postcode,212851.000,535718.000,3500,18000,,,,,,,Damnaglaur,http://data.ordnancesurvey.co.uk/id/4000000074566337,http://www.ordnancesurvey.co.uk/xml/codelists/localtype.xml#hamlet,,,,Dumfries and Galloway,http://data.ordnancesurvey.co.uk/id/7000000000031903,http://data.ordnancesurvey.co.uk/ontology/admingeo/UnitaryAuthority,Scotland,http://data.ordnancesurvey.co.uk/id/7000000000041429,Scotland,http://data.ordnancesurvey.co.uk/id/country/scotland,,,
DG99PS,http://data.ordnancesurvey.co.uk/id/postcodeunit/DG99PS,DG9 9PS,,,,other,Postcode,213536.000,536613.000,3500,18000,,,,,,,Drummore,http://data.ordnancesurvey.co.uk/id/4000000074566338,http://www.ordnancesurvey.co.uk/xml/codelists/localtype.xml#village,,,,Dumfries and Galloway,http://data.ordnancesurvey.co.uk/id/7000000000031903,http://data.ordnancesurvey.co.uk/ontology/admingeo/UnitaryAuthority,Scotland,http://data.ordnancesurvey.co.uk/id/7000000000041429,Scotland,http://data.ordnancesurvey.co.uk/id/country/scotland,,,
DG99QZ,http://data.ordnancesurvey.co.uk/id/postcodeunit/DG99QZ,DG9 9QZ,,,,other,Postcode,214535.000,535734.000,3500,18000,,,,,,,,,,,,,Dumfries and Galloway,http://data.ordnancesurvey.co.uk/id/7000000000031903,http://data.ordnancesurvey.co.uk/ontology/admingeo/UnitaryAuthority,Scotland,http://data.ordnancesurvey.co.uk/id/7000000000041429,Scotland,http://data.ordnancesurvey.co.uk/id/country/scotland,,,
DG99HB,http://data.ordnancesurvey.co.uk/id/postcodeunit/DG99HB,DG9 9HB,,,,other,Postcode,212864.000,536944.000,3500,18000,,,,,,,,,,,,,Dumfries and Galloway,http://data.ordnancesurvey.co.uk/id/7000000000031903,http://data.ordnancesurvey.co.uk/ontology/admingeo/UnitaryAuthority,Scotland,http://data.ordnancesurvey.co.uk/id/7000000000041429,Scotland,http://data.ordnancesurvey.co.uk/id/country/scotland,,,
DG99QN,http://data.ordnancesurvey.co.uk/id/postcodeunit/DG99QN,DG9 9QN,,,,other,Postcode,212678.000,535630.000,3500,18000,,,,,,,Damnaglaur,http://data.ordnancesurvey.co.uk/id/4000000074566337,http://www.ordnancesurvey.co.uk/xml/codelists/localtype.xml#hamlet,,,,Dumfries and Galloway,http://data.ordnancesurvey.co.uk/id/7000000000031903,http://data.ordnancesurvey.co.uk/ontology/admingeo/UnitaryAuthority,Scotland,http://data.ordnancesurvey.co.uk/id/7000000000041429,Scotland,http://data.ordnancesurvey.co.uk/id/country/scotland,,,
DG99HJ,http://data.ordnancesurvey.co.uk/id/postcodeunit/DG99HJ,DG9 9HJ,,,,other,Postcode,212365.000,535451.000,3500,18000,,,,,,,,,,,,,Dumfries and Galloway,http://data.ordnancesurvey.co.uk/id/7000000000031903,http://data.ordnancesurvey.co.uk/ontology/admingeo/UnitaryAuthority,Scotland,http://data.ordnancesurvey.co.uk/id/7000000000041429,Scotland,http://data.ordnancesurvey.co.uk/id/country/scotland,,,
DG99NW,http://data.ordnancesurvey.co.uk/id/postcodeunit/DG99NW,DG9 9NW,,,,other,Postcode,211306.000,538649.000,3500,18000,,,,,,,,,,,,,Dumfries and Galloway,http://data.ordnancesurvey.co.uk/id/7000000000031903,http://data.ordnancesurvey.co.uk/ontology/admingeo/UnitaryAuthority,Scotland,http://data.ordnancesurvey.co.uk/id/7000000000041429,Scotland,http://data.ordnancesurvey.co.uk/id/country/scotland,,,
DG99QU,http://data.ordnancesurvey.co.uk/id/postcodeunit/DG99QU,DG9 9QU,,,,other,Postcode,212708.000,537652.000,3500,18000,,,,,,,,,,,,,Dumfries and Galloway,http://data.ordnancesurvey.co.uk/id/7000000000031903,http://data.ordnancesurvey.co.uk/ontology/admingeo/UnitaryAuthority,Scotland,http://data.ordnancesurvey.co.uk/id/7000000000041429,Scotland,http://data.ordnancesurvey.co.uk/id/country/scotland,,,
DG99QQ,http://data.ordnancesurvey.co.uk/id/postcodeunit/DG99QQ,DG9 9QQ,,,,other,Postcode,213537.000,536471.000,3500,18000,,,,,,,Drummore,http://data.ordnancesurvey.co.uk/id/4000000074566338,http://www.ordnancesurvey.co.uk/xml/codelists/localtype.xml#village,,,,Dumfries and Galloway,http://data.ordnancesurvey.co.uk/id/7000000000031903,http://data.ordnancesurvey.co.uk/ontology/admingeo/UnitaryAuthority,Scotland,http://data.ordnancesurvey.co.uk/id/7000000000041429,Scotland,http://data.ordnancesurvey.co.uk/id/country/scotland,,,
DG99HW,http://data.ordnancesurvey.co.uk/id/postcodeunit/DG99HW,DG9 9HW,,,,other,Postcode,212985.000,533756.000,3500,18000,,,,,,,,,,,,,Dumfries and Galloway,http://data.ordnancesurvey.co.uk/id/7000000000031903,http://data.ordnancesurvey.co.uk/ontology/admingeo/UnitaryAuthority,Scotland,http://data.ordnancesurvey.co.uk/id/7000000000041429,Scotland,http://data.ordnancesurvey.co.uk/id/country/scotland,,,
DG99QX,http://data.ordnancesurvey.co.uk/id/postcodeunit/DG99QX,DG9 9QX,,,,other,Postcode,213918.000,536797.000,3500,18000,,,,,,,Drummore,http://data.ordnancesurvey.co.uk/id/4000000074566338,http://www.ordnancesurvey.co.uk/xml/codelists/localtype.xml#village,,,,Dumfries and Galloway,http://data.ordnancesurvey.co.uk/id/7000000000031903,http://data.ordnancesurvey.co.uk/ontology/admingeo/UnitaryAuthority,Scotland,http://data.ordnancesurvey.co.uk/id/7000000000041429,Scotland,http://data.ordnancesurvey.co.uk/id/country/scotland,,,
DG99RD,http://data.ordnancesurvey.co.uk/id/postcodeunit/DG99RD,DG9 9RD,,,,other,Postcode,213926.000,534298.000,3500,18000,,,,,,,,,,,,,Dumfries and Galloway,http://data.ordnancesurvey.co.uk/id/7000000000031903,http://data.ordnancesurvey.co.uk/ontology/admingeo/UnitaryAuthority,Scotland,http://data.ordnancesurvey.co.uk/id/7000000000041429,Scotland,http://data.ordnancesurvey.co.uk/id/country/scotland,,,
DG99HL,http://data.ordnancesurvey.co.uk/id/postcodeunit/DG99HL,DG9 9HL,,,,other,Postcode,212052.000,533009.000,3500,18000,,,,,,,,,,,,,Dumfries and Galloway,http://data.ordnancesurvey.co.uk/id/7000000000031903,http://data.ordnancesurvey.co.uk/ontology/admingeo/UnitaryAuthority,Scotland,http://data.ordnancesurvey.co.uk/id/7000000000041429,Scotland,http://data.ordnancesurvey.co.uk/id/country/scotland,,,
DG99RB,http://data.ordnancesurvey.co.uk/id/postcodeunit/DG99RB,DG9 9RB,,,,other,Postcode,213927.000,535464.000,3500,18000,,,,,,,,,,,,,Dumfries and Galloway,http://data.ordnancesurvey.co.uk/id/7000000000031903,http://data.ordnancesurvey.co.uk/ontology/admingeo/UnitaryAuthority,Scotland,http://data.ordnancesurvey.co.uk/id/7000000000041429,Scotland,http://data.ordnancesurvey.co.uk/id/country/scotland,,,
DG99PU,http://data.ordnancesurvey.co.uk/id/postcodeunit/DG99PU,DG9 9PU,,,,other,Postcode,213562.000,536768.000,3500,18000,,,,,,,Drummore,http://data.ordnancesurvey.co.uk/id/4000000074566338,http://www.ordnancesurvey.co.uk/xml/codelists/localtype.xml#village,,,,Dumfries and Galloway,http://data.ordnancesurvey.co.uk/id/7000000000031903,http://data.ordnancesurvey.co.uk/ontology/admingeo/UnitaryAuthority,Scotland,http://data.ordnancesurvey.co.uk/id/7000000000041429,Scotland,http://data.ordnancesurvey.co.uk/id/country/scotland,,,
DG99QE,http://data.ordnancesurvey.co.uk/id/postcodeunit/DG99QE,DG9 9QE,,,,other,Postcode,213287.000,537049.000,3500,18000,,,,,,,Drummore,http://data.ordnancesurvey.co.uk/id/4000000074566338,http://www.ordnancesurvey.co.uk/xml/codelists/localtype.xml#village,,,,Dumfries and Galloway,http://data.ordnancesurvey.co.uk/id/7000000000031903,http://data.ordnancesurvey.co.uk/ontology/admingeo/UnitaryAuthority,Scotland,http://data.ordnancesurvey.co.uk/id/7000000000041429,Scotland,http://data.ordnancesurvey.co.uk/id/country/scotland,,,
osgb4000000006897264,http://data.ordnancesurvey.co.uk/id/4000000006897264,B7065,,,,transportNetwork,Numbered Road,211180.000,539497.000,52000,250000,209730.000,535551.000,212729.000,543518.000,DG9,http://data.ordnancesurvey.co.uk/id/postcodedistrict/DG9,,,,,,,Dumfries and Galloway,http://data.ordnancesurvey.co.uk/id/7000000000031903,http://data.ordnancesurvey.co.uk/ontology/admingeo/UnitaryAuthority,Scotland,http://data.ordnancesurvey.co.uk/id/7000000000041429,Scotland,http://data.ordnancesurvey.co.uk/id/country/scotland,,,
osgb5000005109859642,http://data.ordnancesurvey.co.uk/id/5000005109859642,Craig Street,,,,transportNetwork,Named Road,213540.428,536733.180,1000,20000,213511.823,536682.000,213613.000,536751.643,DG9,http://data.ordnancesurvey.co.uk/id/postcodedistrict/DG9,Drummore,http://data.ordnancesurvey.co.uk/id/4000000074566338,http://www.ordnancesurvey.co.uk/xml/codelists/localtype.xml#village,,,,Dumfries and Galloway,http://data.ordnancesurvey.co.uk/id/7000000000031903,http://data.ordnancesurvey.co.uk/ontology/admingeo/UnitaryAuthority,Scotland,http://data.ordnancesurvey.co.uk/id/7000000000041429,Scotland,http://data.ordnancesurvey.co.uk/id/country/scotland,,,
df5eeedb-0ddf-471a-9d98-a4fdc83882bb,http://data.ordnancesurvey.co.uk/id/df5eeedb-0ddf-471a-9d98-a4fdc83882bb,Cailiness Road,,,,transportNetwork,Section Of Named Road,214123.759,536609.143,3000,25000,213894.000,536397.501,214136.987,536854.000,DG9,http://data.ordnancesurvey.co.uk/id/postcodedistrict/DG9,Drummore,http://data.ordnancesurvey.co.uk/id/4000000074566338,http://www.ordnancesurvey.co.uk/xml/codelists/localtype.xml#village,,,,Dumfries and Galloway,http://data.ordnancesurvey.co.uk/id/7000000000031903,http://data.ordnancesurvey.co.uk/ontology/admingeo/UnitaryAuthority,Scotland,http://data.ordnancesurvey.co.uk/id/7000000000041429,Scotland,http://data.ordnancesurvey.co.uk/id/country/scotland,osgb4000000006895084,,
osgb4000000006895084,http://data.ordnancesurvey.co.uk/id/4000000006895084,Cailiness Road,,,,transportNetwork,Named Road,214123.872,536413.329,5000,20000,213894.000,536024.421,214435.575,536854.000,DG9,http://data.ordnancesurvey.co.uk/id/postcodedistrict/DG9,Drummore,http://data.ordnancesurvey.co.uk/id/4000000074566338,http://www.ordnancesurvey.co.uk/xml/codelists/localtype.xml#village,,,,Dumfries and Galloway,http://data.ordnancesurvey.co.uk/id/7000000000031903,http://data.ordnancesurvey.co.uk/ontology/admingeo/UnitaryAuthority,Scotland,http://data.ordnancesurvey.co.uk/id/7000000000041429,Scotland,http://data.ordnancesurvey.co.uk/id/country/scotland,,,
osgb4000000006896261,http://data.ordnancesurvey.co.uk/id/4000000006896261,Harbour Terrace,,,,transportNetwork,Named Road,213798.000,536706.000,1000,20000,213699.673,536691.000,213874.810,536765.497,DG9,http://data.ordnancesurvey.co.uk/id/postcodedistrict/DG9,Drummore,http://data.ordnancesurvey.co.uk/id/4000000074566338,http://www.ordnancesurvey.co.uk/xml/codelists/localtype.xml#village,,,,Dumfries and Galloway,http://data.ordnancesurvey.co.uk/id/7000000000031903,http://data.ordnancesurvey.co.uk/ontology/admingeo/UnitaryAuthority,Scotland,http://data.ordnancesurvey.co.uk/id/7000000000041429,Scotland,http://data.ordnancesurvey.co.uk/id/country/scotland,,,
osgb4000000006895211,http://data.ordnancesurvey.co.uk/id/4000000006895211,Mill Street,,,,transportNetwork,Named Road,213559.768,536619.929,2000,20000,213447.009,536496.025,213663.000,536756.000,DG9,http://data.ordnancesurvey.co.uk/id/postcodedistrict/DG9,Drummore,http://data.ordnancesurvey.co.uk/id/4000000074566338,http://www.ordnancesurvey.co.uk/xml/codelists/localtype.xml#village,,,,Dumfries and Galloway,http://data.ordnancesurvey.co.uk/id/7000000000031903,http://data.ordnancesurvey.co.uk/ontology/admingeo/UnitaryAuthority,Scotland,http://data.ordnancesurvey.co.uk/id/7000000000041429,Scotland,http://data.ordnancesurvey.co.uk/id/country/scotland,,,
osgb4000000006895585,http://data.ordnancesurvey.co.uk/id/4000000006895585,Shore Street,,,,transportNetwork,Named Road,213577.000,536769.000,1000,20000,213487.163,536756.000,213663.000,536827.746,DG9,http://data.ordnancesurvey.co.uk/id/postcodedistrict/DG9,Drummore,http://data.ordnancesurvey.co.uk/id/4000000074566338,http://www.ordnancesurvey.co.uk/xml/codelists/localtype.xml#village,,,,Dumfries and Galloway,http://data.ordnancesurvey.co.uk/id/7000000000031903,http://data.ordnancesurvey.co.uk/ontology/admingeo/UnitaryAuthority,Scotland,http://data.ordnancesurvey.co.uk/id/7000000000041429,Scotland,http://data.ordnancesurvey.co.uk/id/country/scotland,,,
osgb4000000006896262,http://data.ordnancesurvey.co.uk/id/4000000006896262,Shaw Lane,,,,transportNetwork,Named Road,213602.872,536579.775,1000,20000,213559.768,536577.559,213605.476,536619.929,DG9,http://data.ordnancesurvey.co.uk/id/postcodedistrict/DG9,Drummore,http://data.ordnancesurvey.co.uk/id/4000000074566338,http://www.ordnancesurvey.co.uk/xml/codelists/localtype.xml#village,,,,Dumfries and Galloway,http://data.ordnancesurvey.co.uk/id/7000000000031903,http://data.ordnancesurvey.co.uk/ontology/admingeo/UnitaryAuthority,Scotland,http://data.ordnancesurvey.co.uk/id/7000000000041429,Scotland,http://data.ordnancesurvey.co.uk/id/country/scotland,,,
osgb4000000006897290,http://data.ordnancesurvey.co.uk/id/4000000006897290,B7041,,,,transportNetwork,Numbered Road,212788.616,535088.187,20000,250000,212726.860,533621.514,213648.926,536637.000,DG9,http://data.ordnancesurvey.co.uk/id/postcodedistrict/DG9,,,,,,,Dumfries and Galloway,http://data.ordnancesurvey.co.uk/id/7000000000031903,http://data.ordnancesurvey.co.uk/ontology/admingeo/UnitaryAuthority,Scotland,http://data.ordnancesurvey.co.uk/id/7000000000041429,Scotland,http://data.ordnancesurvey.co.uk/id/country/scotland,,,
osgb4000000006904148,http://data.ordnancesurvey.co.uk/id/4000000006904148,Ward Place,,,,transportNetwork,Named Road,213872.737,536700.111,1000,20000,213866.888,536700.111,213887.134,536710.759,DG9,http://data.ordnancesurvey.co.uk/id/postcodedistrict/DG9,Drummore,http://data.ordnancesurvey.co.uk/id/4000000074566338,http://www.ordnancesurvey.co.uk/xml/codelists/localtype.xml#village,,,,Dumfries and Galloway,http://data.ordnancesurvey.co.uk/id/7000000000031903,http://data.ordnancesurvey.co.uk/ontology/admingeo/UnitaryAuthority,Scotland,http://data.ordnancesurvey.co.uk/id/7000000000041429,Scotland,http://data.ordnancesurvey.co.uk/id/country/scotland,,,
osgb4000000006895583,http://data.ordnancesurvey.co.uk/id/4000000006895583,Harbour Road,,,,transportNetwork,Named Road,213798.502,536759.198,2000,20000,213663.000,536754.000,213894.000,536852.000,DG9,http://data.ordnancesurvey.co.uk/id/postcodedistrict/DG9,Drummore,http://data.ordnancesurvey.co.uk/id/4000000074566338,http://www.ordnancesurvey.co.uk/xml/codelists/localtype.xml#village,,,,Dumfries and Galloway,http://data.ordnancesurvey.co.uk/id/7000000000031903,http://data.ordnancesurvey.co.uk/ontology/admingeo/UnitaryAuthority,Scotland,http://data.ordnancesurvey.co.uk/id/7000000000041429,Scotland,http://data.ordnancesurvey.co.uk/id/country/scotland,,,
DG99HP,http://data.ordnancesurvey.co.uk/id/postcodeunit/DG99HP,DG9 9HP,,,,other,Postcode,213690.000,531942.000,3500,18000,,,,,,,Mull of Galloway,http://data.ordnancesurvey.co.uk/id/4000000074543003,http://www.ordnancesurvey.co.uk/xml/codelists/localtype.xml#otherSettlement,,,,Dumfries and Galloway,http://data.ordnancesurvey.co.uk/id/7000000000031903,http://data.ordnancesurvey.co.uk/ontology/admingeo/UnitaryAuthority,Scotland,http://data.ordnancesurvey.co.uk/id/7000000000041429,Scotland,http://data.ordnancesurvey.co.uk/id/country/scotland,,,
osgb4000000006895210,http://data.ordnancesurvey.co.uk/id/4000000006895210,Stair Street,,,,transportNetwork,Named Road,213424.000,536780.000,2000,20000,213315.000,536637.000,213574.000,536984.000,DG9,http://data.ordnancesurvey.co.uk/id/postcodedistrict/DG9,Drummore,http://data.ordnancesurvey.co.uk/id/4000000074566338,http://www.ordnancesurvey.co.uk/xml/codelists/localtype.xml#village,,,,Dumfries and Galloway,http://data.ordnancesurvey.co.uk/id/7000000000031903,http://data.ordnancesurvey.co.uk/ontology/admingeo/UnitaryAuthority,Scotland,http://data.ordnancesurvey.co.uk/id/7000000000041429,Scotland,http://data.ordnancesurvey.co.uk/id/country/scotland,,,
