﻿osgb4000000074563471,http://data.ordnancesurvey.co.uk/id/4000000074563471,Glentrool Village,,,,populatedPlace,Village,236023.000,578492.000,5000,250000,235635.540,578190.504,236175.863,579007.890,DG8,http://data.ordnancesurvey.co.uk/id/postcodedistrict/DG8,,,,,,,Dumfries and Galloway,http://data.ordnancesurvey.co.uk/id/7000000000031903,http://data.ordnancesurvey.co.uk/ontology/admingeo/UnitaryAuthority,Scotland,http://data.ordnancesurvey.co.uk/id/7000000000041429,Scotland,http://data.ordnancesurvey.co.uk/id/country/scotland,,,
osgb4000000074566012,http://data.ordnancesurvey.co.uk/id/4000000074566012,Knowe,,,,populatedPlace,Other Settlement,231328.000,571394.000,15000,25000,231074.445,571137.996,231574.445,571637.996,DG8,http://data.ordnancesurvey.co.uk/id/postcodedistrict/DG8,,,,,,,Dumfries and Galloway,http://data.ordnancesurvey.co.uk/id/7000000000031903,http://data.ordnancesurvey.co.uk/ontology/admingeo/UnitaryAuthority,Scotland,http://data.ordnancesurvey.co.uk/id/7000000000041429,Scotland,http://data.ordnancesurvey.co.uk/id/country/scotland,,,
osgb4000000074337499,http://data.ordnancesurvey.co.uk/id/4000000074337499,Penninghame,,,,populatedPlace,Hamlet,238199.680,569544.710,5000,25000,237919.257,569160.699,238481.059,569919.691,DG8,http://data.ordnancesurvey.co.uk/id/postcodedistrict/DG8,,,,,,,Dumfries and Galloway,http://data.ordnancesurvey.co.uk/id/7000000000031903,http://data.ordnancesurvey.co.uk/ontology/admingeo/UnitaryAuthority,Scotland,http://data.ordnancesurvey.co.uk/id/7000000000041429,Scotland,http://data.ordnancesurvey.co.uk/id/country/scotland,,,
osgb4000000074565687,http://data.ordnancesurvey.co.uk/id/4000000074565687,Kirkcowan,,,,populatedPlace,Village,232931.560,560684.050,7000,250000,232584.109,560174.441,233396.915,561263.819,DG8,http://data.ordnancesurvey.co.uk/id/postcodedistrict/DG8,,,,,,,Dumfries and Galloway,http://data.ordnancesurvey.co.uk/id/7000000000031903,http://data.ordnancesurvey.co.uk/ontology/admingeo/UnitaryAuthority,Scotland,http://data.ordnancesurvey.co.uk/id/7000000000041429,Scotland,http://data.ordnancesurvey.co.uk/id/country/scotland,,,http://sws.geonames.org/2645288
osgb4000000074565691,http://data.ordnancesurvey.co.uk/id/4000000074565691,Challoch,,,,populatedPlace,Hamlet,238750.000,567183.000,5000,25000,238157.976,566871.004,238912.135,567511.021,DG8,http://data.ordnancesurvey.co.uk/id/postcodedistrict/DG8,,,,,,,Dumfries and Galloway,http://data.ordnancesurvey.co.uk/id/7000000000031903,http://data.ordnancesurvey.co.uk/ontology/admingeo/UnitaryAuthority,Scotland,http://data.ordnancesurvey.co.uk/id/7000000000041429,Scotland,http://data.ordnancesurvey.co.uk/id/country/scotland,,,http://sws.geonames.org/2653387
osgb4000000074563470,http://data.ordnancesurvey.co.uk/id/4000000074563470,Bargrennan,,,,populatedPlace,Other Settlement,235141.180,577095.100,15000,25000,234623.656,576343.923,235215.561,577283.304,DG8,http://data.ordnancesurvey.co.uk/id/postcodedistrict/DG8,,,,,,,Dumfries and Galloway,http://data.ordnancesurvey.co.uk/id/7000000000031903,http://data.ordnancesurvey.co.uk/ontology/admingeo/UnitaryAuthority,Scotland,http://data.ordnancesurvey.co.uk/id/7000000000041429,Scotland,http://data.ordnancesurvey.co.uk/id/country/scotland,,,http://sws.geonames.org/2656339
DG86SY,http://data.ordnancesurvey.co.uk/id/postcodeunit/DG86SY,DG8 6SY,,,,other,Postcode,235811.000,578343.000,3500,18000,,,,,,,Glentrool Village,http://data.ordnancesurvey.co.uk/id/4000000074563471,http://www.ordnancesurvey.co.uk/xml/codelists/localtype.xml#village,,,,Dumfries and Galloway,http://data.ordnancesurvey.co.uk/id/7000000000031903,http://data.ordnancesurvey.co.uk/ontology/admingeo/UnitaryAuthority,Scotland,http://data.ordnancesurvey.co.uk/id/7000000000041429,Scotland,http://data.ordnancesurvey.co.uk/id/country/scotland,,,
DG80NB,http://data.ordnancesurvey.co.uk/id/postcodeunit/DG80NB,DG8 0NB,,,,other,Postcode,220242.000,565973.000,3500,18000,,,,,,,,,,,,,Dumfries and Galloway,http://data.ordnancesurvey.co.uk/id/7000000000031903,http://data.ordnancesurvey.co.uk/ontology/admingeo/UnitaryAuthority,Scotland,http://data.ordnancesurvey.co.uk/id/7000000000041429,Scotland,http://data.ordnancesurvey.co.uk/id/country/scotland,,,
DG80HN,http://data.ordnancesurvey.co.uk/id/postcodeunit/DG80HN,DG8 0HN,,,,other,Postcode,233131.000,560532.000,3500,18000,,,,,,,Kirkcowan,http://data.ordnancesurvey.co.uk/id/4000000074565687,http://www.ordnancesurvey.co.uk/xml/codelists/localtype.xml#village,,,,Dumfries and Galloway,http://data.ordnancesurvey.co.uk/id/7000000000031903,http://data.ordnancesurvey.co.uk/ontology/admingeo/UnitaryAuthority,Scotland,http://data.ordnancesurvey.co.uk/id/7000000000041429,Scotland,http://data.ordnancesurvey.co.uk/id/country/scotland,,,
DG80HQ,http://data.ordnancesurvey.co.uk/id/postcodeunit/DG80HQ,DG8 0HQ,,,,other,Postcode,232883.000,560787.000,3500,18000,,,,,,,Kirkcowan,http://data.ordnancesurvey.co.uk/id/4000000074565687,http://www.ordnancesurvey.co.uk/xml/codelists/localtype.xml#village,,,,Dumfries and Galloway,http://data.ordnancesurvey.co.uk/id/7000000000031903,http://data.ordnancesurvey.co.uk/ontology/admingeo/UnitaryAuthority,Scotland,http://data.ordnancesurvey.co.uk/id/7000000000041429,Scotland,http://data.ordnancesurvey.co.uk/id/country/scotland,,,
DG86RZ,http://data.ordnancesurvey.co.uk/id/postcodeunit/DG86RZ,DG8 6RZ,,,,other,Postcode,228297.000,572986.000,3500,18000,,,,,,,,,,,,,Dumfries and Galloway,http://data.ordnancesurvey.co.uk/id/7000000000031903,http://data.ordnancesurvey.co.uk/ontology/admingeo/UnitaryAuthority,Scotland,http://data.ordnancesurvey.co.uk/id/7000000000041429,Scotland,http://data.ordnancesurvey.co.uk/id/country/scotland,,,
DG80BW,http://data.ordnancesurvey.co.uk/id/postcodeunit/DG80BW,DG8 0BW,,,,other,Postcode,234014.000,560303.000,3500,18000,,,,,,,,,,,,,Dumfries and Galloway,http://data.ordnancesurvey.co.uk/id/7000000000031903,http://data.ordnancesurvey.co.uk/ontology/admingeo/UnitaryAuthority,Scotland,http://data.ordnancesurvey.co.uk/id/7000000000041429,Scotland,http://data.ordnancesurvey.co.uk/id/country/scotland,,,
DG80QY,http://data.ordnancesurvey.co.uk/id/postcodeunit/DG80QY,DG8 0QY,,,,other,Postcode,224573.000,564111.000,3500,18000,,,,,,,,,,,,,Dumfries and Galloway,http://data.ordnancesurvey.co.uk/id/7000000000031903,http://data.ordnancesurvey.co.uk/ontology/admingeo/UnitaryAuthority,Scotland,http://data.ordnancesurvey.co.uk/id/7000000000041429,Scotland,http://data.ordnancesurvey.co.uk/id/country/scotland,,,
DG80PB,http://data.ordnancesurvey.co.uk/id/postcodeunit/DG80PB,DG8 0PB,,,,other,Postcode,224428.000,563833.000,3500,18000,,,,,,,,,,,,,Dumfries and Galloway,http://data.ordnancesurvey.co.uk/id/7000000000031903,http://data.ordnancesurvey.co.uk/ontology/admingeo/UnitaryAuthority,Scotland,http://data.ordnancesurvey.co.uk/id/7000000000041429,Scotland,http://data.ordnancesurvey.co.uk/id/country/scotland,,,
DG80HP,http://data.ordnancesurvey.co.uk/id/postcodeunit/DG80HP,DG8 0HP,,,,other,Postcode,232682.000,561029.000,3500,18000,,,,,,,Kirkcowan,http://data.ordnancesurvey.co.uk/id/4000000074565687,http://www.ordnancesurvey.co.uk/xml/codelists/localtype.xml#village,,,,Dumfries and Galloway,http://data.ordnancesurvey.co.uk/id/7000000000031903,http://data.ordnancesurvey.co.uk/ontology/admingeo/UnitaryAuthority,Scotland,http://data.ordnancesurvey.co.uk/id/7000000000041429,Scotland,http://data.ordnancesurvey.co.uk/id/country/scotland,,,
DG86QG,http://data.ordnancesurvey.co.uk/id/postcodeunit/DG86QG,DG8 6QG,,,,other,Postcode,238862.000,563310.000,3500,18000,,,,,,,,,,,,,Dumfries and Galloway,http://data.ordnancesurvey.co.uk/id/7000000000031903,http://data.ordnancesurvey.co.uk/ontology/admingeo/UnitaryAuthority,Scotland,http://data.ordnancesurvey.co.uk/id/7000000000041429,Scotland,http://data.ordnancesurvey.co.uk/id/country/scotland,,,
DG80EG,http://data.ordnancesurvey.co.uk/id/postcodeunit/DG80EG,DG8 0EG,,,,other,Postcode,234017.000,564308.000,3500,18000,,,,,,,,,,,,,Dumfries and Galloway,http://data.ordnancesurvey.co.uk/id/7000000000031903,http://data.ordnancesurvey.co.uk/ontology/admingeo/UnitaryAuthority,Scotland,http://data.ordnancesurvey.co.uk/id/7000000000041429,Scotland,http://data.ordnancesurvey.co.uk/id/country/scotland,,,
DG80EH,http://data.ordnancesurvey.co.uk/id/postcodeunit/DG80EH,DG8 0EH,,,,other,Postcode,232775.000,566626.000,3500,18000,,,,,,,,,,,,,Dumfries and Galloway,http://data.ordnancesurvey.co.uk/id/7000000000031903,http://data.ordnancesurvey.co.uk/ontology/admingeo/UnitaryAuthority,Scotland,http://data.ordnancesurvey.co.uk/id/7000000000041429,Scotland,http://data.ordnancesurvey.co.uk/id/country/scotland,,,
DG80EA,http://data.ordnancesurvey.co.uk/id/postcodeunit/DG80EA,DG8 0EA,,,,other,Postcode,233804.000,561915.000,3500,18000,,,,,,,,,,,,,Dumfries and Galloway,http://data.ordnancesurvey.co.uk/id/7000000000031903,http://data.ordnancesurvey.co.uk/ontology/admingeo/UnitaryAuthority,Scotland,http://data.ordnancesurvey.co.uk/id/7000000000041429,Scotland,http://data.ordnancesurvey.co.uk/id/country/scotland,,,
DG86SP,http://data.ordnancesurvey.co.uk/id/postcodeunit/DG86SP,DG8 6SP,,,,other,Postcode,236972.000,572548.000,3500,18000,,,,,,,,,,,,,Dumfries and Galloway,http://data.ordnancesurvey.co.uk/id/7000000000031903,http://data.ordnancesurvey.co.uk/ontology/admingeo/UnitaryAuthority,Scotland,http://data.ordnancesurvey.co.uk/id/7000000000041429,Scotland,http://data.ordnancesurvey.co.uk/id/country/scotland,,,
DG86RW,http://data.ordnancesurvey.co.uk/id/postcodeunit/DG86RW,DG8 6RW,,,,other,Postcode,234173.000,578485.000,3500,18000,,,,,,,,,,,,,Dumfries and Galloway,http://data.ordnancesurvey.co.uk/id/7000000000031903,http://data.ordnancesurvey.co.uk/ontology/admingeo/UnitaryAuthority,Scotland,http://data.ordnancesurvey.co.uk/id/7000000000041429,Scotland,http://data.ordnancesurvey.co.uk/id/country/scotland,,,
DG80PA,http://data.ordnancesurvey.co.uk/id/postcodeunit/DG80PA,DG8 0PA,,,,other,Postcode,221586.000,561797.000,3500,18000,,,,,,,,,,,,,Dumfries and Galloway,http://data.ordnancesurvey.co.uk/id/7000000000031903,http://data.ordnancesurvey.co.uk/ontology/admingeo/UnitaryAuthority,Scotland,http://data.ordnancesurvey.co.uk/id/7000000000041429,Scotland,http://data.ordnancesurvey.co.uk/id/country/scotland,,,
DG80HR,http://data.ordnancesurvey.co.uk/id/postcodeunit/DG80HR,DG8 0HR,,,,other,Postcode,232105.000,561023.000,3500,18000,,,,,,,,,,,,,Dumfries and Galloway,http://data.ordnancesurvey.co.uk/id/7000000000031903,http://data.ordnancesurvey.co.uk/ontology/admingeo/UnitaryAuthority,Scotland,http://data.ordnancesurvey.co.uk/id/7000000000041429,Scotland,http://data.ordnancesurvey.co.uk/id/country/scotland,,,
DG86RJ,http://data.ordnancesurvey.co.uk/id/postcodeunit/DG86RJ,DG8 6RJ,,,,other,Postcode,237473.000,571302.000,3500,18000,,,,,,,,,,,,,Dumfries and Galloway,http://data.ordnancesurvey.co.uk/id/7000000000031903,http://data.ordnancesurvey.co.uk/ontology/admingeo/UnitaryAuthority,Scotland,http://data.ordnancesurvey.co.uk/id/7000000000041429,Scotland,http://data.ordnancesurvey.co.uk/id/country/scotland,,,
DG80PE,http://data.ordnancesurvey.co.uk/id/postcodeunit/DG80PE,DG8 0PE,,,,other,Postcode,226137.000,566533.000,3500,18000,,,,,,,,,,,,,Dumfries and Galloway,http://data.ordnancesurvey.co.uk/id/7000000000031903,http://data.ordnancesurvey.co.uk/ontology/admingeo/UnitaryAuthority,Scotland,http://data.ordnancesurvey.co.uk/id/7000000000041429,Scotland,http://data.ordnancesurvey.co.uk/id/country/scotland,,,
DG80NU,http://data.ordnancesurvey.co.uk/id/postcodeunit/DG80NU,DG8 0NU,,,,other,Postcode,224081.000,561455.000,3500,18000,,,,,,,,,,,,,Dumfries and Galloway,http://data.ordnancesurvey.co.uk/id/7000000000031903,http://data.ordnancesurvey.co.uk/ontology/admingeo/UnitaryAuthority,Scotland,http://data.ordnancesurvey.co.uk/id/7000000000041429,Scotland,http://data.ordnancesurvey.co.uk/id/country/scotland,,,
DG86RA,http://data.ordnancesurvey.co.uk/id/postcodeunit/DG86RA,DG8 6RA,,,,other,Postcode,239742.000,566833.000,3500,18000,,,,,,,,,,,,,Dumfries and Galloway,http://data.ordnancesurvey.co.uk/id/7000000000031903,http://data.ordnancesurvey.co.uk/ontology/admingeo/UnitaryAuthority,Scotland,http://data.ordnancesurvey.co.uk/id/7000000000041429,Scotland,http://data.ordnancesurvey.co.uk/id/country/scotland,,,
KA260RB,http://data.ordnancesurvey.co.uk/id/postcodeunit/KA260RB,KA26 0RB,,,,other,Postcode,229482.000,576892.000,3500,18000,,,,,,,,,,,,,South Ayrshire,http://data.ordnancesurvey.co.uk/id/7000000000043391,http://data.ordnancesurvey.co.uk/ontology/admingeo/UnitaryAuthority,Scotland,http://data.ordnancesurvey.co.uk/id/7000000000041429,Scotland,http://data.ordnancesurvey.co.uk/id/country/scotland,,,
DG80HD,http://data.ordnancesurvey.co.uk/id/postcodeunit/DG80HD,DG8 0HD,,,,other,Postcode,232904.000,561135.000,3500,18000,,,,,,,Kirkcowan,http://data.ordnancesurvey.co.uk/id/4000000074565687,http://www.ordnancesurvey.co.uk/xml/codelists/localtype.xml#village,,,,Dumfries and Galloway,http://data.ordnancesurvey.co.uk/id/7000000000031903,http://data.ordnancesurvey.co.uk/ontology/admingeo/UnitaryAuthority,Scotland,http://data.ordnancesurvey.co.uk/id/7000000000041429,Scotland,http://data.ordnancesurvey.co.uk/id/country/scotland,,,
DG86RN,http://data.ordnancesurvey.co.uk/id/postcodeunit/DG86RN,DG8 6RN,,,,other,Postcode,234990.000,576691.000,3500,18000,,,,,,,Bargrennan,http://data.ordnancesurvey.co.uk/id/4000000074563470,http://www.ordnancesurvey.co.uk/xml/codelists/localtype.xml#otherSettlement,,,,Dumfries and Galloway,http://data.ordnancesurvey.co.uk/id/7000000000031903,http://data.ordnancesurvey.co.uk/ontology/admingeo/UnitaryAuthority,Scotland,http://data.ordnancesurvey.co.uk/id/7000000000041429,Scotland,http://data.ordnancesurvey.co.uk/id/country/scotland,,,
DG80HG,http://data.ordnancesurvey.co.uk/id/postcodeunit/DG80HG,DG8 0HG,,,,other,Postcode,232868.000,560767.000,3500,18000,,,,,,,Kirkcowan,http://data.ordnancesurvey.co.uk/id/4000000074565687,http://www.ordnancesurvey.co.uk/xml/codelists/localtype.xml#village,,,,Dumfries and Galloway,http://data.ordnancesurvey.co.uk/id/7000000000031903,http://data.ordnancesurvey.co.uk/ontology/admingeo/UnitaryAuthority,Scotland,http://data.ordnancesurvey.co.uk/id/7000000000041429,Scotland,http://data.ordnancesurvey.co.uk/id/country/scotland,,,
DG80HF,http://data.ordnancesurvey.co.uk/id/postcodeunit/DG80HF,DG8 0HF,,,,other,Postcode,232979.000,560823.000,3500,18000,,,,,,,Kirkcowan,http://data.ordnancesurvey.co.uk/id/4000000074565687,http://www.ordnancesurvey.co.uk/xml/codelists/localtype.xml#village,,,,Dumfries and Galloway,http://data.ordnancesurvey.co.uk/id/7000000000031903,http://data.ordnancesurvey.co.uk/ontology/admingeo/UnitaryAuthority,Scotland,http://data.ordnancesurvey.co.uk/id/7000000000041429,Scotland,http://data.ordnancesurvey.co.uk/id/country/scotland,,,
DG86SW,http://data.ordnancesurvey.co.uk/id/postcodeunit/DG86SW,DG8 6SW,,,,other,Postcode,238856.000,570221.000,3500,18000,,,,,,,,,,,,,Dumfries and Galloway,http://data.ordnancesurvey.co.uk/id/7000000000031903,http://data.ordnancesurvey.co.uk/ontology/admingeo/UnitaryAuthority,Scotland,http://data.ordnancesurvey.co.uk/id/7000000000041429,Scotland,http://data.ordnancesurvey.co.uk/id/country/scotland,,,
DG86RB,http://data.ordnancesurvey.co.uk/id/postcodeunit/DG86RB,DG8 6RB,,,,other,Postcode,238468.000,567332.000,3500,18000,,,,,,,Challoch,http://data.ordnancesurvey.co.uk/id/4000000074565691,http://www.ordnancesurvey.co.uk/xml/codelists/localtype.xml#hamlet,,,,Dumfries and Galloway,http://data.ordnancesurvey.co.uk/id/7000000000031903,http://data.ordnancesurvey.co.uk/ontology/admingeo/UnitaryAuthority,Scotland,http://data.ordnancesurvey.co.uk/id/7000000000041429,Scotland,http://data.ordnancesurvey.co.uk/id/country/scotland,,,
DG86QL,http://data.ordnancesurvey.co.uk/id/postcodeunit/DG86QL,DG8 6QL,,,,other,Postcode,238208.000,564091.000,3500,18000,,,,,,,,,,,,,Dumfries and Galloway,http://data.ordnancesurvey.co.uk/id/7000000000031903,http://data.ordnancesurvey.co.uk/ontology/admingeo/UnitaryAuthority,Scotland,http://data.ordnancesurvey.co.uk/id/7000000000041429,Scotland,http://data.ordnancesurvey.co.uk/id/country/scotland,,,
DG80QZ,http://data.ordnancesurvey.co.uk/id/postcodeunit/DG80QZ,DG8 0QZ,,,,other,Postcode,224533.000,564131.000,3500,18000,,,,,,,,,,,,,Dumfries and Galloway,http://data.ordnancesurvey.co.uk/id/7000000000031903,http://data.ordnancesurvey.co.uk/ontology/admingeo/UnitaryAuthority,Scotland,http://data.ordnancesurvey.co.uk/id/7000000000041429,Scotland,http://data.ordnancesurvey.co.uk/id/country/scotland,,,
DG80HT,http://data.ordnancesurvey.co.uk/id/postcodeunit/DG80HT,DG8 0HT,,,,other,Postcode,232457.000,561447.000,3500,18000,,,,,,,,,,,,,Dumfries and Galloway,http://data.ordnancesurvey.co.uk/id/7000000000031903,http://data.ordnancesurvey.co.uk/ontology/admingeo/UnitaryAuthority,Scotland,http://data.ordnancesurvey.co.uk/id/7000000000041429,Scotland,http://data.ordnancesurvey.co.uk/id/country/scotland,,,
DG86SN,http://data.ordnancesurvey.co.uk/id/postcodeunit/DG86SN,DG8 6SN,,,,other,Postcode,238758.000,569006.000,3500,18000,,,,,,,,,,,,,Dumfries and Galloway,http://data.ordnancesurvey.co.uk/id/7000000000031903,http://data.ordnancesurvey.co.uk/ontology/admingeo/UnitaryAuthority,Scotland,http://data.ordnancesurvey.co.uk/id/7000000000041429,Scotland,http://data.ordnancesurvey.co.uk/id/country/scotland,,,
KA260QG,http://data.ordnancesurvey.co.uk/id/postcodeunit/KA260QG,KA26 0QG,,,,other,Postcode,223163.000,578197.000,3500,18000,,,,,,,,,,,,,South Ayrshire,http://data.ordnancesurvey.co.uk/id/7000000000043391,http://data.ordnancesurvey.co.uk/ontology/admingeo/UnitaryAuthority,Scotland,http://data.ordnancesurvey.co.uk/id/7000000000041429,Scotland,http://data.ordnancesurvey.co.uk/id/country/scotland,,,
DG80EQ,http://data.ordnancesurvey.co.uk/id/postcodeunit/DG80EQ,DG8 0EQ,,,,other,Postcode,232997.000,563788.000,3500,18000,,,,,,,,,,,,,Dumfries and Galloway,http://data.ordnancesurvey.co.uk/id/7000000000031903,http://data.ordnancesurvey.co.uk/ontology/admingeo/UnitaryAuthority,Scotland,http://data.ordnancesurvey.co.uk/id/7000000000041429,Scotland,http://data.ordnancesurvey.co.uk/id/country/scotland,,,
DG80DN,http://data.ordnancesurvey.co.uk/id/postcodeunit/DG80DN,DG8 0DN,,,,other,Postcode,227682.000,560389.000,3500,18000,,,,,,,,,,,,,Dumfries and Galloway,http://data.ordnancesurvey.co.uk/id/7000000000031903,http://data.ordnancesurvey.co.uk/ontology/admingeo/UnitaryAuthority,Scotland,http://data.ordnancesurvey.co.uk/id/7000000000041429,Scotland,http://data.ordnancesurvey.co.uk/id/country/scotland,,,
DG86SA,http://data.ordnancesurvey.co.uk/id/postcodeunit/DG86SA,DG8 6SA,,,,other,Postcode,233669.000,569555.000,3500,18000,,,,,,,,,,,,,Dumfries and Galloway,http://data.ordnancesurvey.co.uk/id/7000000000031903,http://data.ordnancesurvey.co.uk/ontology/admingeo/UnitaryAuthority,Scotland,http://data.ordnancesurvey.co.uk/id/7000000000041429,Scotland,http://data.ordnancesurvey.co.uk/id/country/scotland,,,
DG80BJ,http://data.ordnancesurvey.co.uk/id/postcodeunit/DG80BJ,DG8 0BJ,,,,other,Postcode,232260.000,560370.000,3500,18000,,,,,,,,,,,,,Dumfries and Galloway,http://data.ordnancesurvey.co.uk/id/7000000000031903,http://data.ordnancesurvey.co.uk/ontology/admingeo/UnitaryAuthority,Scotland,http://data.ordnancesurvey.co.uk/id/7000000000041429,Scotland,http://data.ordnancesurvey.co.uk/id/country/scotland,,,
DG86RS,http://data.ordnancesurvey.co.uk/id/postcodeunit/DG86RS,DG8 6RS,,,,other,Postcode,232293.000,574327.000,3500,18000,,,,,,,,,,,,,Dumfries and Galloway,http://data.ordnancesurvey.co.uk/id/7000000000031903,http://data.ordnancesurvey.co.uk/ontology/admingeo/UnitaryAuthority,Scotland,http://data.ordnancesurvey.co.uk/id/7000000000041429,Scotland,http://data.ordnancesurvey.co.uk/id/country/scotland,,,
DG86RU,http://data.ordnancesurvey.co.uk/id/postcodeunit/DG86RU,DG8 6RU,,,,other,Postcode,231298.000,571418.000,3500,18000,,,,,,,Knowe,http://data.ordnancesurvey.co.uk/id/4000000074566012,http://www.ordnancesurvey.co.uk/xml/codelists/localtype.xml#otherSettlement,,,,Dumfries and Galloway,http://data.ordnancesurvey.co.uk/id/7000000000031903,http://data.ordnancesurvey.co.uk/ontology/admingeo/UnitaryAuthority,Scotland,http://data.ordnancesurvey.co.uk/id/7000000000041429,Scotland,http://data.ordnancesurvey.co.uk/id/country/scotland,,,
DG86RX,http://data.ordnancesurvey.co.uk/id/postcodeunit/DG86RX,DG8 6RX,,,,other,Postcode,231075.000,572589.000,3500,18000,,,,,,,,,,,,,Dumfries and Galloway,http://data.ordnancesurvey.co.uk/id/7000000000031903,http://data.ordnancesurvey.co.uk/ontology/admingeo/UnitaryAuthority,Scotland,http://data.ordnancesurvey.co.uk/id/7000000000041429,Scotland,http://data.ordnancesurvey.co.uk/id/country/scotland,,,
KA260QZ,http://data.ordnancesurvey.co.uk/id/postcodeunit/KA260QZ,KA26 0QZ,,,,other,Postcode,227959.000,578049.000,3500,18000,,,,,,,,,,,,,South Ayrshire,http://data.ordnancesurvey.co.uk/id/7000000000043391,http://data.ordnancesurvey.co.uk/ontology/admingeo/UnitaryAuthority,Scotland,http://data.ordnancesurvey.co.uk/id/7000000000041429,Scotland,http://data.ordnancesurvey.co.uk/id/country/scotland,,,
DG80HB,http://data.ordnancesurvey.co.uk/id/postcodeunit/DG80HB,DG8 0HB,,,,other,Postcode,232847.000,561071.000,3500,18000,,,,,,,Kirkcowan,http://data.ordnancesurvey.co.uk/id/4000000074565687,http://www.ordnancesurvey.co.uk/xml/codelists/localtype.xml#village,,,,Dumfries and Galloway,http://data.ordnancesurvey.co.uk/id/7000000000031903,http://data.ordnancesurvey.co.uk/ontology/admingeo/UnitaryAuthority,Scotland,http://data.ordnancesurvey.co.uk/id/7000000000041429,Scotland,http://data.ordnancesurvey.co.uk/id/country/scotland,,,
DG80HL,http://data.ordnancesurvey.co.uk/id/postcodeunit/DG80HL,DG8 0HL,,,,other,Postcode,233009.000,560482.000,3500,18000,,,,,,,Kirkcowan,http://data.ordnancesurvey.co.uk/id/4000000074565687,http://www.ordnancesurvey.co.uk/xml/codelists/localtype.xml#village,,,,Dumfries and Galloway,http://data.ordnancesurvey.co.uk/id/7000000000031903,http://data.ordnancesurvey.co.uk/ontology/admingeo/UnitaryAuthority,Scotland,http://data.ordnancesurvey.co.uk/id/7000000000041429,Scotland,http://data.ordnancesurvey.co.uk/id/country/scotland,,,
DG80HX,http://data.ordnancesurvey.co.uk/id/postcodeunit/DG80HX,DG8 0HX,,,,other,Postcode,232368.000,562995.000,3500,18000,,,,,,,,,,,,,Dumfries and Galloway,http://data.ordnancesurvey.co.uk/id/7000000000031903,http://data.ordnancesurvey.co.uk/ontology/admingeo/UnitaryAuthority,Scotland,http://data.ordnancesurvey.co.uk/id/7000000000041429,Scotland,http://data.ordnancesurvey.co.uk/id/country/scotland,,,
DG86QQ,http://data.ordnancesurvey.co.uk/id/postcodeunit/DG86QQ,DG8 6QQ,,,,other,Postcode,238485.000,561771.000,3500,18000,,,,,,,,,,,,,Dumfries and Galloway,http://data.ordnancesurvey.co.uk/id/7000000000031903,http://data.ordnancesurvey.co.uk/ontology/admingeo/UnitaryAuthority,Scotland,http://data.ordnancesurvey.co.uk/id/7000000000041429,Scotland,http://data.ordnancesurvey.co.uk/id/country/scotland,,,
DG80EN,http://data.ordnancesurvey.co.uk/id/postcodeunit/DG80EN,DG8 0EN,,,,other,Postcode,229287.000,567805.000,3500,18000,,,,,,,,,,,,,Dumfries and Galloway,http://data.ordnancesurvey.co.uk/id/7000000000031903,http://data.ordnancesurvey.co.uk/ontology/admingeo/UnitaryAuthority,Scotland,http://data.ordnancesurvey.co.uk/id/7000000000041429,Scotland,http://data.ordnancesurvey.co.uk/id/country/scotland,,,
DG86RD,http://data.ordnancesurvey.co.uk/id/postcodeunit/DG86RD,DG8 6RD,,,,other,Postcode,238243.000,569579.000,3500,18000,,,,,,,Penninghame,http://data.ordnancesurvey.co.uk/id/4000000074337499,http://www.ordnancesurvey.co.uk/xml/codelists/localtype.xml#hamlet,,,,Dumfries and Galloway,http://data.ordnancesurvey.co.uk/id/7000000000031903,http://data.ordnancesurvey.co.uk/ontology/admingeo/UnitaryAuthority,Scotland,http://data.ordnancesurvey.co.uk/id/7000000000041429,Scotland,http://data.ordnancesurvey.co.uk/id/country/scotland,,,
DG86SR,http://data.ordnancesurvey.co.uk/id/postcodeunit/DG86SR,DG8 6SR,,,,other,Postcode,236035.000,574499.000,3500,18000,,,,,,,,,,,,,Dumfries and Galloway,http://data.ordnancesurvey.co.uk/id/7000000000031903,http://data.ordnancesurvey.co.uk/ontology/admingeo/UnitaryAuthority,Scotland,http://data.ordnancesurvey.co.uk/id/7000000000041429,Scotland,http://data.ordnancesurvey.co.uk/id/country/scotland,,,
DG80EB,http://data.ordnancesurvey.co.uk/id/postcodeunit/DG80EB,DG8 0EB,,,,other,Postcode,234521.000,560202.000,3500,18000,,,,,,,,,,,,,Dumfries and Galloway,http://data.ordnancesurvey.co.uk/id/7000000000031903,http://data.ordnancesurvey.co.uk/ontology/admingeo/UnitaryAuthority,Scotland,http://data.ordnancesurvey.co.uk/id/7000000000041429,Scotland,http://data.ordnancesurvey.co.uk/id/country/scotland,,,
DG86SZ,http://data.ordnancesurvey.co.uk/id/postcodeunit/DG86SZ,DG8 6SZ,,,,other,Postcode,236123.000,578869.000,3500,18000,,,,,,,Glentrool Village,http://data.ordnancesurvey.co.uk/id/4000000074563471,http://www.ordnancesurvey.co.uk/xml/codelists/localtype.xml#village,,,,Dumfries and Galloway,http://data.ordnancesurvey.co.uk/id/7000000000031903,http://data.ordnancesurvey.co.uk/ontology/admingeo/UnitaryAuthority,Scotland,http://data.ordnancesurvey.co.uk/id/7000000000041429,Scotland,http://data.ordnancesurvey.co.uk/id/country/scotland,,,
DG80BL,http://data.ordnancesurvey.co.uk/id/postcodeunit/DG80BL,DG8 0BL,,,,other,Postcode,233087.000,560087.000,3500,18000,,,,,,,,,,,,,Dumfries and Galloway,http://data.ordnancesurvey.co.uk/id/7000000000031903,http://data.ordnancesurvey.co.uk/ontology/admingeo/UnitaryAuthority,Scotland,http://data.ordnancesurvey.co.uk/id/7000000000041429,Scotland,http://data.ordnancesurvey.co.uk/id/country/scotland,,,
DG86RE,http://data.ordnancesurvey.co.uk/id/postcodeunit/DG86RE,DG8 6RE,,,,other,Postcode,238288.000,569271.000,3500,18000,,,,,,,Penninghame,http://data.ordnancesurvey.co.uk/id/4000000074337499,http://www.ordnancesurvey.co.uk/xml/codelists/localtype.xml#hamlet,,,,Dumfries and Galloway,http://data.ordnancesurvey.co.uk/id/7000000000031903,http://data.ordnancesurvey.co.uk/ontology/admingeo/UnitaryAuthority,Scotland,http://data.ordnancesurvey.co.uk/id/7000000000041429,Scotland,http://data.ordnancesurvey.co.uk/id/country/scotland,,,
DG86RR,http://data.ordnancesurvey.co.uk/id/postcodeunit/DG86RR,DG8 6RR,,,,other,Postcode,234562.000,575451.000,3500,18000,,,,,,,,,,,,,Dumfries and Galloway,http://data.ordnancesurvey.co.uk/id/7000000000031903,http://data.ordnancesurvey.co.uk/ontology/admingeo/UnitaryAuthority,Scotland,http://data.ordnancesurvey.co.uk/id/7000000000041429,Scotland,http://data.ordnancesurvey.co.uk/id/country/scotland,,,
DG86QH,http://data.ordnancesurvey.co.uk/id/postcodeunit/DG86QH,DG8 6QH,,,,other,Postcode,238742.000,560554.000,3500,18000,,,,,,,,,,,,,Dumfries and Galloway,http://data.ordnancesurvey.co.uk/id/7000000000031903,http://data.ordnancesurvey.co.uk/ontology/admingeo/UnitaryAuthority,Scotland,http://data.ordnancesurvey.co.uk/id/7000000000041429,Scotland,http://data.ordnancesurvey.co.uk/id/country/scotland,,,
DG80DJ,http://data.ordnancesurvey.co.uk/id/postcodeunit/DG80DJ,DG8 0DJ,,,,other,Postcode,229926.000,561632.000,3500,18000,,,,,,,,,,,,,Dumfries and Galloway,http://data.ordnancesurvey.co.uk/id/7000000000031903,http://data.ordnancesurvey.co.uk/ontology/admingeo/UnitaryAuthority,Scotland,http://data.ordnancesurvey.co.uk/id/7000000000041429,Scotland,http://data.ordnancesurvey.co.uk/id/country/scotland,,,
DG80PD,http://data.ordnancesurvey.co.uk/id/postcodeunit/DG80PD,DG8 0PD,,,,other,Postcode,223686.000,566109.000,3500,18000,,,,,,,,,,,,,Dumfries and Galloway,http://data.ordnancesurvey.co.uk/id/7000000000031903,http://data.ordnancesurvey.co.uk/ontology/admingeo/UnitaryAuthority,Scotland,http://data.ordnancesurvey.co.uk/id/7000000000041429,Scotland,http://data.ordnancesurvey.co.uk/id/country/scotland,,,
DG86RT,http://data.ordnancesurvey.co.uk/id/postcodeunit/DG86RT,DG8 6RT,,,,other,Postcode,232210.000,572511.000,3500,18000,,,,,,,,,,,,,Dumfries and Galloway,http://data.ordnancesurvey.co.uk/id/7000000000031903,http://data.ordnancesurvey.co.uk/ontology/admingeo/UnitaryAuthority,Scotland,http://data.ordnancesurvey.co.uk/id/7000000000041429,Scotland,http://data.ordnancesurvey.co.uk/id/country/scotland,,,
KA260RA,http://data.ordnancesurvey.co.uk/id/postcodeunit/KA260RA,KA26 0RA,,,,other,Postcode,226968.000,576760.000,3500,18000,,,,,,,,,,,,,South Ayrshire,http://data.ordnancesurvey.co.uk/id/7000000000043391,http://data.ordnancesurvey.co.uk/ontology/admingeo/UnitaryAuthority,Scotland,http://data.ordnancesurvey.co.uk/id/7000000000041429,Scotland,http://data.ordnancesurvey.co.uk/id/country/scotland,,,
DG86QN,http://data.ordnancesurvey.co.uk/id/postcodeunit/DG86QN,DG8 6QN,,,,other,Postcode,237495.000,563987.000,3500,18000,,,,,,,,,,,,,Dumfries and Galloway,http://data.ordnancesurvey.co.uk/id/7000000000031903,http://data.ordnancesurvey.co.uk/ontology/admingeo/UnitaryAuthority,Scotland,http://data.ordnancesurvey.co.uk/id/7000000000041429,Scotland,http://data.ordnancesurvey.co.uk/id/country/scotland,,,
DG80EE,http://data.ordnancesurvey.co.uk/id/postcodeunit/DG80EE,DG8 0EE,,,,other,Postcode,236449.000,563483.000,3500,18000,,,,,,,,,,,,,Dumfries and Galloway,http://data.ordnancesurvey.co.uk/id/7000000000031903,http://data.ordnancesurvey.co.uk/ontology/admingeo/UnitaryAuthority,Scotland,http://data.ordnancesurvey.co.uk/id/7000000000041429,Scotland,http://data.ordnancesurvey.co.uk/id/country/scotland,,,
DG80EJ,http://data.ordnancesurvey.co.uk/id/postcodeunit/DG80EJ,DG8 0EJ,,,,other,Postcode,231638.000,567559.000,3500,18000,,,,,,,,,,,,,Dumfries and Galloway,http://data.ordnancesurvey.co.uk/id/7000000000031903,http://data.ordnancesurvey.co.uk/ontology/admingeo/UnitaryAuthority,Scotland,http://data.ordnancesurvey.co.uk/id/7000000000041429,Scotland,http://data.ordnancesurvey.co.uk/id/country/scotland,,,
DG80HA,http://data.ordnancesurvey.co.uk/id/postcodeunit/DG80HA,DG8 0HA,,,,other,Postcode,232935.000,560988.000,3500,18000,,,,,,,Kirkcowan,http://data.ordnancesurvey.co.uk/id/4000000074565687,http://www.ordnancesurvey.co.uk/xml/codelists/localtype.xml#village,,,,Dumfries and Galloway,http://data.ordnancesurvey.co.uk/id/7000000000031903,http://data.ordnancesurvey.co.uk/ontology/admingeo/UnitaryAuthority,Scotland,http://data.ordnancesurvey.co.uk/id/7000000000041429,Scotland,http://data.ordnancesurvey.co.uk/id/country/scotland,,,
DG80EF,http://data.ordnancesurvey.co.uk/id/postcodeunit/DG80EF,DG8 0EF,,,,other,Postcode,234834.000,561832.000,3500,18000,,,,,,,,,,,,,Dumfries and Galloway,http://data.ordnancesurvey.co.uk/id/7000000000031903,http://data.ordnancesurvey.co.uk/ontology/admingeo/UnitaryAuthority,Scotland,http://data.ordnancesurvey.co.uk/id/7000000000041429,Scotland,http://data.ordnancesurvey.co.uk/id/country/scotland,,,
DG80EL,http://data.ordnancesurvey.co.uk/id/postcodeunit/DG80EL,DG8 0EL,,,,other,Postcode,232521.000,568599.000,3500,18000,,,,,,,,,,,,,Dumfries and Galloway,http://data.ordnancesurvey.co.uk/id/7000000000031903,http://data.ordnancesurvey.co.uk/ontology/admingeo/UnitaryAuthority,Scotland,http://data.ordnancesurvey.co.uk/id/7000000000041429,Scotland,http://data.ordnancesurvey.co.uk/id/country/scotland,,,
DG80HS,http://data.ordnancesurvey.co.uk/id/postcodeunit/DG80HS,DG8 0HS,,,,other,Postcode,233087.000,560721.000,3500,18000,,,,,,,Kirkcowan,http://data.ordnancesurvey.co.uk/id/4000000074565687,http://www.ordnancesurvey.co.uk/xml/codelists/localtype.xml#village,,,,Dumfries and Galloway,http://data.ordnancesurvey.co.uk/id/7000000000031903,http://data.ordnancesurvey.co.uk/ontology/admingeo/UnitaryAuthority,Scotland,http://data.ordnancesurvey.co.uk/id/7000000000041429,Scotland,http://data.ordnancesurvey.co.uk/id/country/scotland,,,
KA260QY,http://data.ordnancesurvey.co.uk/id/postcodeunit/KA260QY,KA26 0QY,,,,other,Postcode,226200.000,579144.000,3500,18000,,,,,,,,,,,,,South Ayrshire,http://data.ordnancesurvey.co.uk/id/7000000000043391,http://data.ordnancesurvey.co.uk/ontology/admingeo/UnitaryAuthority,Scotland,http://data.ordnancesurvey.co.uk/id/7000000000041429,Scotland,http://data.ordnancesurvey.co.uk/id/country/scotland,,,
DG86SS,http://data.ordnancesurvey.co.uk/id/postcodeunit/DG86SS,DG8 6SS,,,,other,Postcode,237604.000,577037.000,3500,18000,,,,,,,,,,,,,Dumfries and Galloway,http://data.ordnancesurvey.co.uk/id/7000000000031903,http://data.ordnancesurvey.co.uk/ontology/admingeo/UnitaryAuthority,Scotland,http://data.ordnancesurvey.co.uk/id/7000000000041429,Scotland,http://data.ordnancesurvey.co.uk/id/country/scotland,,,
DG80ED,http://data.ordnancesurvey.co.uk/id/postcodeunit/DG80ED,DG8 0ED,,,,other,Postcode,235328.000,563326.000,3500,18000,,,,,,,,,,,,,Dumfries and Galloway,http://data.ordnancesurvey.co.uk/id/7000000000031903,http://data.ordnancesurvey.co.uk/ontology/admingeo/UnitaryAuthority,Scotland,http://data.ordnancesurvey.co.uk/id/7000000000041429,Scotland,http://data.ordnancesurvey.co.uk/id/country/scotland,,,
DG86RL,http://data.ordnancesurvey.co.uk/id/postcodeunit/DG86RL,DG8 6RL,,,,other,Postcode,235477.000,574941.000,3500,18000,,,,,,,,,,,,,Dumfries and Galloway,http://data.ordnancesurvey.co.uk/id/7000000000031903,http://data.ordnancesurvey.co.uk/ontology/admingeo/UnitaryAuthority,Scotland,http://data.ordnancesurvey.co.uk/id/7000000000041429,Scotland,http://data.ordnancesurvey.co.uk/id/country/scotland,,,
DG80HE,http://data.ordnancesurvey.co.uk/id/postcodeunit/DG80HE,DG8 0HE,,,,other,Postcode,232713.000,561085.000,3500,18000,,,,,,,Kirkcowan,http://data.ordnancesurvey.co.uk/id/4000000074565687,http://www.ordnancesurvey.co.uk/xml/codelists/localtype.xml#village,,,,Dumfries and Galloway,http://data.ordnancesurvey.co.uk/id/7000000000031903,http://data.ordnancesurvey.co.uk/ontology/admingeo/UnitaryAuthority,Scotland,http://data.ordnancesurvey.co.uk/id/7000000000041429,Scotland,http://data.ordnancesurvey.co.uk/id/country/scotland,,,
DG80ER,http://data.ordnancesurvey.co.uk/id/postcodeunit/DG80ER,DG8 0ER,,,,other,Postcode,226097.000,564484.000,3500,18000,,,,,,,,,,,,,Dumfries and Galloway,http://data.ordnancesurvey.co.uk/id/7000000000031903,http://data.ordnancesurvey.co.uk/ontology/admingeo/UnitaryAuthority,Scotland,http://data.ordnancesurvey.co.uk/id/7000000000041429,Scotland,http://data.ordnancesurvey.co.uk/id/country/scotland,,,
DG80DL,http://data.ordnancesurvey.co.uk/id/postcodeunit/DG80DL,DG8 0DL,,,,other,Postcode,228952.000,560882.000,3500,18000,,,,,,,,,,,,,Dumfries and Galloway,http://data.ordnancesurvey.co.uk/id/7000000000031903,http://data.ordnancesurvey.co.uk/ontology/admingeo/UnitaryAuthority,Scotland,http://data.ordnancesurvey.co.uk/id/7000000000041429,Scotland,http://data.ordnancesurvey.co.uk/id/country/scotland,,,
DG86SX,http://data.ordnancesurvey.co.uk/id/postcodeunit/DG86SX,DG8 6SX,,,,other,Postcode,236662.000,578988.000,3500,18000,,,,,,,,,,,,,Dumfries and Galloway,http://data.ordnancesurvey.co.uk/id/7000000000031903,http://data.ordnancesurvey.co.uk/ontology/admingeo/UnitaryAuthority,Scotland,http://data.ordnancesurvey.co.uk/id/7000000000041429,Scotland,http://data.ordnancesurvey.co.uk/id/country/scotland,,,
DG80HW,http://data.ordnancesurvey.co.uk/id/postcodeunit/DG80HW,DG8 0HW,,,,other,Postcode,233261.000,560364.000,3500,18000,,,,,,,Kirkcowan,http://data.ordnancesurvey.co.uk/id/4000000074565687,http://www.ordnancesurvey.co.uk/xml/codelists/localtype.xml#village,,,,Dumfries and Galloway,http://data.ordnancesurvey.co.uk/id/7000000000031903,http://data.ordnancesurvey.co.uk/ontology/admingeo/UnitaryAuthority,Scotland,http://data.ordnancesurvey.co.uk/id/7000000000041429,Scotland,http://data.ordnancesurvey.co.uk/id/country/scotland,,,
DG80ET,http://data.ordnancesurvey.co.uk/id/postcodeunit/DG80ET,DG8 0ET,,,,other,Postcode,229590.000,565344.000,3500,18000,,,,,,,,,,,,,Dumfries and Galloway,http://data.ordnancesurvey.co.uk/id/7000000000031903,http://data.ordnancesurvey.co.uk/ontology/admingeo/UnitaryAuthority,Scotland,http://data.ordnancesurvey.co.uk/id/7000000000041429,Scotland,http://data.ordnancesurvey.co.uk/id/country/scotland,,,
DG80DQ,http://data.ordnancesurvey.co.uk/id/postcodeunit/DG80DQ,DG8 0DQ,,,,other,Postcode,230651.000,561118.000,3500,18000,,,,,,,,,,,,,Dumfries and Galloway,http://data.ordnancesurvey.co.uk/id/7000000000031903,http://data.ordnancesurvey.co.uk/ontology/admingeo/UnitaryAuthority,Scotland,http://data.ordnancesurvey.co.uk/id/7000000000041429,Scotland,http://data.ordnancesurvey.co.uk/id/country/scotland,,,
DG86QW,http://data.ordnancesurvey.co.uk/id/postcodeunit/DG86QW,DG8 6QW,,,,other,Postcode,239138.000,564515.000,3500,18000,,,,,,,,,,,,,Dumfries and Galloway,http://data.ordnancesurvey.co.uk/id/7000000000031903,http://data.ordnancesurvey.co.uk/ontology/admingeo/UnitaryAuthority,Scotland,http://data.ordnancesurvey.co.uk/id/7000000000041429,Scotland,http://data.ordnancesurvey.co.uk/id/country/scotland,,,
DG80BN,http://data.ordnancesurvey.co.uk/id/postcodeunit/DG80BN,DG8 0BN,,,,other,Postcode,233546.000,560444.000,3500,18000,,,,,,,,,,,,,Dumfries and Galloway,http://data.ordnancesurvey.co.uk/id/7000000000031903,http://data.ordnancesurvey.co.uk/ontology/admingeo/UnitaryAuthority,Scotland,http://data.ordnancesurvey.co.uk/id/7000000000041429,Scotland,http://data.ordnancesurvey.co.uk/id/country/scotland,,,
DG86RY,http://data.ordnancesurvey.co.uk/id/postcodeunit/DG86RY,DG8 6RY,,,,other,Postcode,230216.000,574396.000,3500,18000,,,,,,,,,,,,,Dumfries and Galloway,http://data.ordnancesurvey.co.uk/id/7000000000031903,http://data.ordnancesurvey.co.uk/ontology/admingeo/UnitaryAuthority,Scotland,http://data.ordnancesurvey.co.uk/id/7000000000041429,Scotland,http://data.ordnancesurvey.co.uk/id/country/scotland,,,
DG86QP,http://data.ordnancesurvey.co.uk/id/postcodeunit/DG86QP,DG8 6QP,,,,other,Postcode,237435.000,566521.000,3500,18000,,,,,,,,,,,,,Dumfries and Galloway,http://data.ordnancesurvey.co.uk/id/7000000000031903,http://data.ordnancesurvey.co.uk/ontology/admingeo/UnitaryAuthority,Scotland,http://data.ordnancesurvey.co.uk/id/7000000000041429,Scotland,http://data.ordnancesurvey.co.uk/id/country/scotland,,,
DG80EP,http://data.ordnancesurvey.co.uk/id/postcodeunit/DG80EP,DG8 0EP,,,,other,Postcode,226954.000,565277.000,3500,18000,,,,,,,,,,,,,Dumfries and Galloway,http://data.ordnancesurvey.co.uk/id/7000000000031903,http://data.ordnancesurvey.co.uk/ontology/admingeo/UnitaryAuthority,Scotland,http://data.ordnancesurvey.co.uk/id/7000000000041429,Scotland,http://data.ordnancesurvey.co.uk/id/country/scotland,,,
DG80HU,http://data.ordnancesurvey.co.uk/id/postcodeunit/DG80HU,DG8 0HU,,,,other,Postcode,231231.000,562338.000,3500,18000,,,,,,,,,,,,,Dumfries and Galloway,http://data.ordnancesurvey.co.uk/id/7000000000031903,http://data.ordnancesurvey.co.uk/ontology/admingeo/UnitaryAuthority,Scotland,http://data.ordnancesurvey.co.uk/id/7000000000041429,Scotland,http://data.ordnancesurvey.co.uk/id/country/scotland,,,
DG86QF,http://data.ordnancesurvey.co.uk/id/postcodeunit/DG86QF,DG8 6QF,,,,other,Postcode,239815.000,564534.000,3500,18000,,,,,,,,,,,,,Dumfries and Galloway,http://data.ordnancesurvey.co.uk/id/7000000000031903,http://data.ordnancesurvey.co.uk/ontology/admingeo/UnitaryAuthority,Scotland,http://data.ordnancesurvey.co.uk/id/7000000000041429,Scotland,http://data.ordnancesurvey.co.uk/id/country/scotland,,,
DG80HY,http://data.ordnancesurvey.co.uk/id/postcodeunit/DG80HY,DG8 0HY,,,,other,Postcode,233025.000,560627.000,3500,18000,,,,,,,Kirkcowan,http://data.ordnancesurvey.co.uk/id/4000000074565687,http://www.ordnancesurvey.co.uk/xml/codelists/localtype.xml#village,,,,Dumfries and Galloway,http://data.ordnancesurvey.co.uk/id/7000000000031903,http://data.ordnancesurvey.co.uk/ontology/admingeo/UnitaryAuthority,Scotland,http://data.ordnancesurvey.co.uk/id/7000000000041429,Scotland,http://data.ordnancesurvey.co.uk/id/country/scotland,,,
DG80BH,http://data.ordnancesurvey.co.uk/id/postcodeunit/DG80BH,DG8 0BH,,,,other,Postcode,232879.000,560454.000,3500,18000,,,,,,,Kirkcowan,http://data.ordnancesurvey.co.uk/id/4000000074565687,http://www.ordnancesurvey.co.uk/xml/codelists/localtype.xml#village,,,,Dumfries and Galloway,http://data.ordnancesurvey.co.uk/id/7000000000031903,http://data.ordnancesurvey.co.uk/ontology/admingeo/UnitaryAuthority,Scotland,http://data.ordnancesurvey.co.uk/id/7000000000041429,Scotland,http://data.ordnancesurvey.co.uk/id/country/scotland,,,
DG86RH,http://data.ordnancesurvey.co.uk/id/postcodeunit/DG86RH,DG8 6RH,,,,other,Postcode,237992.000,569278.000,3500,18000,,,,,,,Penninghame,http://data.ordnancesurvey.co.uk/id/4000000074337499,http://www.ordnancesurvey.co.uk/xml/codelists/localtype.xml#hamlet,,,,Dumfries and Galloway,http://data.ordnancesurvey.co.uk/id/7000000000031903,http://data.ordnancesurvey.co.uk/ontology/admingeo/UnitaryAuthority,Scotland,http://data.ordnancesurvey.co.uk/id/7000000000041429,Scotland,http://data.ordnancesurvey.co.uk/id/country/scotland,,,
DG80HJ,http://data.ordnancesurvey.co.uk/id/postcodeunit/DG80HJ,DG8 0HJ,,,,other,Postcode,233041.000,560559.000,3500,18000,,,,,,,Kirkcowan,http://data.ordnancesurvey.co.uk/id/4000000074565687,http://www.ordnancesurvey.co.uk/xml/codelists/localtype.xml#village,,,,Dumfries and Galloway,http://data.ordnancesurvey.co.uk/id/7000000000031903,http://data.ordnancesurvey.co.uk/ontology/admingeo/UnitaryAuthority,Scotland,http://data.ordnancesurvey.co.uk/id/7000000000041429,Scotland,http://data.ordnancesurvey.co.uk/id/country/scotland,,,
DG80DH,http://data.ordnancesurvey.co.uk/id/postcodeunit/DG80DH,DG8 0DH,,,,other,Postcode,230576.000,561623.000,3500,18000,,,,,,,,,,,,,Dumfries and Galloway,http://data.ordnancesurvey.co.uk/id/7000000000031903,http://data.ordnancesurvey.co.uk/ontology/admingeo/UnitaryAuthority,Scotland,http://data.ordnancesurvey.co.uk/id/7000000000041429,Scotland,http://data.ordnancesurvey.co.uk/id/country/scotland,,,
osgb4000000006895247,http://data.ordnancesurvey.co.uk/id/4000000006895247,Main Street,,,,transportNetwork,Named Road,232879.000,560773.000,3000,20000,232749.000,560593.830,232999.125,560998.000,DG8,http://data.ordnancesurvey.co.uk/id/postcodedistrict/DG8,Kirkcowan,http://data.ordnancesurvey.co.uk/id/4000000074565687,http://www.ordnancesurvey.co.uk/xml/codelists/localtype.xml#village,,,,Dumfries and Galloway,http://data.ordnancesurvey.co.uk/id/7000000000031903,http://data.ordnancesurvey.co.uk/ontology/admingeo/UnitaryAuthority,Scotland,http://data.ordnancesurvey.co.uk/id/7000000000041429,Scotland,http://data.ordnancesurvey.co.uk/id/country/scotland,,,
osgb4000000006895718,http://data.ordnancesurvey.co.uk/id/4000000006895718,Meadow Park,,,,transportNetwork,Named Road,232995.133,560816.802,1000,20000,232944.230,560745.068,233033.180,560885.227,DG8,http://data.ordnancesurvey.co.uk/id/postcodedistrict/DG8,Kirkcowan,http://data.ordnancesurvey.co.uk/id/4000000074565687,http://www.ordnancesurvey.co.uk/xml/codelists/localtype.xml#village,,,,Dumfries and Galloway,http://data.ordnancesurvey.co.uk/id/7000000000031903,http://data.ordnancesurvey.co.uk/ontology/admingeo/UnitaryAuthority,Scotland,http://data.ordnancesurvey.co.uk/id/7000000000041429,Scotland,http://data.ordnancesurvey.co.uk/id/country/scotland,,,
osgb4000000006899676,http://data.ordnancesurvey.co.uk/id/4000000006899676,A714,,,,transportNetwork,Numbered Road,234910.000,576362.000,285000,1000000,218473.000,552613.763,243344.350,596413.000,DG8,http://data.ordnancesurvey.co.uk/id/postcodedistrict/DG8,,,,,,,Dumfries and Galloway,http://data.ordnancesurvey.co.uk/id/7000000000031903,http://data.ordnancesurvey.co.uk/ontology/admingeo/UnitaryAuthority,Scotland,http://data.ordnancesurvey.co.uk/id/7000000000041429,Scotland,http://data.ordnancesurvey.co.uk/id/country/scotland,,,
ac080c38-c772-4c4a-9f0d-b6af56822deb,http://data.ordnancesurvey.co.uk/id/ac080c38-c772-4c4a-9f0d-b6af56822deb,South Drive,,,,transportNetwork,Section Of Named Road,238251.000,569249.000,1000,25000,238216.875,569216.750,238318.786,569328.818,DG8,http://data.ordnancesurvey.co.uk/id/postcodedistrict/DG8,Penninghame,http://data.ordnancesurvey.co.uk/id/4000000074337499,http://www.ordnancesurvey.co.uk/xml/codelists/localtype.xml#hamlet,,,,Dumfries and Galloway,http://data.ordnancesurvey.co.uk/id/7000000000031903,http://data.ordnancesurvey.co.uk/ontology/admingeo/UnitaryAuthority,Scotland,http://data.ordnancesurvey.co.uk/id/7000000000041429,Scotland,http://data.ordnancesurvey.co.uk/id/country/scotland,osgb4000000006895422,,
osgb4000000006895248,http://data.ordnancesurvey.co.uk/id/4000000006895248,Church Street,,,,transportNetwork,Named Road,232836.315,561047.078,1000,20000,232749.000,560998.000,232964.712,561114.000,DG8,http://data.ordnancesurvey.co.uk/id/postcodedistrict/DG8,Kirkcowan,http://data.ordnancesurvey.co.uk/id/4000000074565687,http://www.ordnancesurvey.co.uk/xml/codelists/localtype.xml#village,,,,Dumfries and Galloway,http://data.ordnancesurvey.co.uk/id/7000000000031903,http://data.ordnancesurvey.co.uk/ontology/admingeo/UnitaryAuthority,Scotland,http://data.ordnancesurvey.co.uk/id/7000000000041429,Scotland,http://data.ordnancesurvey.co.uk/id/country/scotland,,,
osgb4000000006896328,http://data.ordnancesurvey.co.uk/id/4000000006896328,Neilson Place,,,,transportNetwork,Named Road,233018.381,560601.319,1000,20000,232999.125,560593.830,233042.629,560645.714,DG8,http://data.ordnancesurvey.co.uk/id/postcodedistrict/DG8,Kirkcowan,http://data.ordnancesurvey.co.uk/id/4000000074565687,http://www.ordnancesurvey.co.uk/xml/codelists/localtype.xml#village,,,,Dumfries and Galloway,http://data.ordnancesurvey.co.uk/id/7000000000031903,http://data.ordnancesurvey.co.uk/ontology/admingeo/UnitaryAuthority,Scotland,http://data.ordnancesurvey.co.uk/id/7000000000041429,Scotland,http://data.ordnancesurvey.co.uk/id/country/scotland,,,
osgb4000000006895047,http://data.ordnancesurvey.co.uk/id/4000000006895047,The Rhong,,,,transportNetwork,Named Road,229503.101,565288.940,1000,20000,229481.177,565241.000,229562.809,565345.111,DG8,http://data.ordnancesurvey.co.uk/id/postcodedistrict/DG8,,,,,,,Dumfries and Galloway,http://data.ordnancesurvey.co.uk/id/7000000000031903,http://data.ordnancesurvey.co.uk/ontology/admingeo/UnitaryAuthority,Scotland,http://data.ordnancesurvey.co.uk/id/7000000000041429,Scotland,http://data.ordnancesurvey.co.uk/id/country/scotland,,,
osgb4000000006895717,http://data.ordnancesurvey.co.uk/id/4000000006895717,Newton Stewart Road,,,,transportNetwork,Named Road,232908.737,561001.203,2000,20000,232833.000,560855.000,232964.712,561113.965,DG8,http://data.ordnancesurvey.co.uk/id/postcodedistrict/DG8,Kirkcowan,http://data.ordnancesurvey.co.uk/id/4000000074565687,http://www.ordnancesurvey.co.uk/xml/codelists/localtype.xml#village,,,,Dumfries and Galloway,http://data.ordnancesurvey.co.uk/id/7000000000031903,http://data.ordnancesurvey.co.uk/ontology/admingeo/UnitaryAuthority,Scotland,http://data.ordnancesurvey.co.uk/id/7000000000041429,Scotland,http://data.ordnancesurvey.co.uk/id/country/scotland,,,
osgb4000000006897282,http://data.ordnancesurvey.co.uk/id/4000000006897282,B735,,,,transportNetwork,Numbered Road,233385.000,561815.000,13000,250000,232833.000,560855.000,233894.000,562858.000,DG8,http://data.ordnancesurvey.co.uk/id/postcodedistrict/DG8,,,,,,,Dumfries and Galloway,http://data.ordnancesurvey.co.uk/id/7000000000031903,http://data.ordnancesurvey.co.uk/ontology/admingeo/UnitaryAuthority,Scotland,http://data.ordnancesurvey.co.uk/id/7000000000041429,Scotland,http://data.ordnancesurvey.co.uk/id/country/scotland,,,
osgb5000005179743756,http://data.ordnancesurvey.co.uk/id/5000005179743756,Pollard's Croft,,,,transportNetwork,Named Road,233070.000,560711.886,1000,20000,233033.180,560668.411,233115.699,560745.068,DG8,http://data.ordnancesurvey.co.uk/id/postcodedistrict/DG8,Kirkcowan,http://data.ordnancesurvey.co.uk/id/4000000074565687,http://www.ordnancesurvey.co.uk/xml/codelists/localtype.xml#village,,,,Dumfries and Galloway,http://data.ordnancesurvey.co.uk/id/7000000000031903,http://data.ordnancesurvey.co.uk/ontology/admingeo/UnitaryAuthority,Scotland,http://data.ordnancesurvey.co.uk/id/7000000000041429,Scotland,http://data.ordnancesurvey.co.uk/id/country/scotland,,,
osgb4000000006895105,http://data.ordnancesurvey.co.uk/id/4000000006895105,Station Road,,,,transportNetwork,Named Road,232228.000,561012.000,7000,20000,231742.000,560964.763,232749.000,561015.000,DG8,http://data.ordnancesurvey.co.uk/id/postcodedistrict/DG8,,,,,,,Dumfries and Galloway,http://data.ordnancesurvey.co.uk/id/7000000000031903,http://data.ordnancesurvey.co.uk/ontology/admingeo/UnitaryAuthority,Scotland,http://data.ordnancesurvey.co.uk/id/7000000000041429,Scotland,http://data.ordnancesurvey.co.uk/id/country/scotland,,,
6a6a895d-24b7-4512-a059-17135c7eb036,http://data.ordnancesurvey.co.uk/id/6a6a895d-24b7-4512-a059-17135c7eb036,Wellhouse Road,,,,transportNetwork,Section Of Named Road,232690.000,561095.529,1000,25000,232634.802,560998.000,232749.000,561182.242,DG8,http://data.ordnancesurvey.co.uk/id/postcodedistrict/DG8,Kirkcowan,http://data.ordnancesurvey.co.uk/id/4000000074565687,http://www.ordnancesurvey.co.uk/xml/codelists/localtype.xml#village,,,,Dumfries and Galloway,http://data.ordnancesurvey.co.uk/id/7000000000031903,http://data.ordnancesurvey.co.uk/ontology/admingeo/UnitaryAuthority,Scotland,http://data.ordnancesurvey.co.uk/id/7000000000041429,Scotland,http://data.ordnancesurvey.co.uk/id/country/scotland,osgb4000000006895249,,
osgb4000000006895719,http://data.ordnancesurvey.co.uk/id/4000000006895719,Hamilton Crescent,,,,transportNetwork,Named Road,232857.000,561122.000,1000,20000,232851.000,561069.276,232969.000,561195.000,DG8,http://data.ordnancesurvey.co.uk/id/postcodedistrict/DG8,Kirkcowan,http://data.ordnancesurvey.co.uk/id/4000000074565687,http://www.ordnancesurvey.co.uk/xml/codelists/localtype.xml#village,,,,Dumfries and Galloway,http://data.ordnancesurvey.co.uk/id/7000000000031903,http://data.ordnancesurvey.co.uk/ontology/admingeo/UnitaryAuthority,Scotland,http://data.ordnancesurvey.co.uk/id/7000000000041429,Scotland,http://data.ordnancesurvey.co.uk/id/country/scotland,,,
osgb4000000006896327,http://data.ordnancesurvey.co.uk/id/4000000006896327,Saint Couan's Crescent,,,,transportNetwork,Named Road,232986.199,560715.917,1000,20000,232912.000,560684.047,233033.180,560746.000,DG8,http://data.ordnancesurvey.co.uk/id/postcodedistrict/DG8,Kirkcowan,http://data.ordnancesurvey.co.uk/id/4000000074565687,http://www.ordnancesurvey.co.uk/xml/codelists/localtype.xml#village,,,,Dumfries and Galloway,http://data.ordnancesurvey.co.uk/id/7000000000031903,http://data.ordnancesurvey.co.uk/ontology/admingeo/UnitaryAuthority,Scotland,http://data.ordnancesurvey.co.uk/id/7000000000041429,Scotland,http://data.ordnancesurvey.co.uk/id/country/scotland,,,
5ffa9d1f-aace-468a-a743-3d9611862ccb,http://data.ordnancesurvey.co.uk/id/5ffa9d1f-aace-468a-a743-3d9611862ccb,Station Road,,,,transportNetwork,Section Of Named Road,232686.791,560987.502,1000,25000,232620.487,560980.800,232749.000,560998.000,DG8,http://data.ordnancesurvey.co.uk/id/postcodedistrict/DG8,Kirkcowan,http://data.ordnancesurvey.co.uk/id/4000000074565687,http://www.ordnancesurvey.co.uk/xml/codelists/localtype.xml#village,,,,Dumfries and Galloway,http://data.ordnancesurvey.co.uk/id/7000000000031903,http://data.ordnancesurvey.co.uk/ontology/admingeo/UnitaryAuthority,Scotland,http://data.ordnancesurvey.co.uk/id/7000000000041429,Scotland,http://data.ordnancesurvey.co.uk/id/country/scotland,osgb4000000006895105,,
osgb4000000006895422,http://data.ordnancesurvey.co.uk/id/4000000006895422,South Drive,,,,transportNetwork,Named Road,238331.895,569339.278,2000,20000,238216.875,569216.750,238497.500,569388.498,DG8,http://data.ordnancesurvey.co.uk/id/postcodedistrict/DG8,,,,,,,Dumfries and Galloway,http://data.ordnancesurvey.co.uk/id/7000000000031903,http://data.ordnancesurvey.co.uk/ontology/admingeo/UnitaryAuthority,Scotland,http://data.ordnancesurvey.co.uk/id/7000000000041429,Scotland,http://data.ordnancesurvey.co.uk/id/country/scotland,,,
osgb4000000006899683,http://data.ordnancesurvey.co.uk/id/4000000006899683,B7027,,,,transportNetwork,Numbered Road,230454.000,574720.000,97000,250000,223656.450,567312.000,238584.517,581980.813,DG8,http://data.ordnancesurvey.co.uk/id/postcodedistrict/DG8,,,,,,,Dumfries and Galloway,http://data.ordnancesurvey.co.uk/id/7000000000031903,http://data.ordnancesurvey.co.uk/ontology/admingeo/UnitaryAuthority,Scotland,http://data.ordnancesurvey.co.uk/id/7000000000041429,Scotland,http://data.ordnancesurvey.co.uk/id/country/scotland,,,
DG80HH,http://data.ordnancesurvey.co.uk/id/postcodeunit/DG80HH,DG8 0HH,,,,other,Postcode,232984.000,560739.000,3500,18000,,,,,,,Kirkcowan,http://data.ordnancesurvey.co.uk/id/4000000074565687,http://www.ordnancesurvey.co.uk/xml/codelists/localtype.xml#village,,,,Dumfries and Galloway,http://data.ordnancesurvey.co.uk/id/7000000000031903,http://data.ordnancesurvey.co.uk/ontology/admingeo/UnitaryAuthority,Scotland,http://data.ordnancesurvey.co.uk/id/7000000000041429,Scotland,http://data.ordnancesurvey.co.uk/id/country/scotland,,,
osgb4000000006895249,http://data.ordnancesurvey.co.uk/id/4000000006895249,Wellhouse Road,,,,transportNetwork,Named Road,232624.431,561198.535,3000,20000,232402.185,560998.000,232749.000,561411.657,DG8,http://data.ordnancesurvey.co.uk/id/postcodedistrict/DG8,,,,,,,Dumfries and Galloway,http://data.ordnancesurvey.co.uk/id/7000000000031903,http://data.ordnancesurvey.co.uk/ontology/admingeo/UnitaryAuthority,Scotland,http://data.ordnancesurvey.co.uk/id/7000000000041429,Scotland,http://data.ordnancesurvey.co.uk/id/country/scotland,,,
