﻿osgb4000000074549585,http://data.ordnancesurvey.co.uk/id/4000000074549585,Falstone,,,,populatedPlace,Village,372316.000,587483.000,6000,250000,371841.261,587156.557,372705.921,587940.783,NE48,http://data.ordnancesurvey.co.uk/id/postcodedistrict/NE48,,,,,,,Northumberland,http://data.ordnancesurvey.co.uk/id/7000000000043674,http://data.ordnancesurvey.co.uk/ontology/admingeo/UnitaryAuthority,North East,http://data.ordnancesurvey.co.uk/id/7000000000041422,England,http://data.ordnancesurvey.co.uk/id/country/england,,http://dbpedia.org/resource/Falstone,http://sws.geonames.org/2649713
osgb4000000074543374,http://data.ordnancesurvey.co.uk/id/4000000074543374,Butteryhaugh,,,,populatedPlace,Village,363171.400,593037.600,3000,250000,363015.033,592947.770,363515.033,593475.609,NE48,http://data.ordnancesurvey.co.uk/id/postcodedistrict/NE48,,,,,,,Northumberland,http://data.ordnancesurvey.co.uk/id/7000000000043674,http://data.ordnancesurvey.co.uk/ontology/admingeo/UnitaryAuthority,North East,http://data.ordnancesurvey.co.uk/id/7000000000041422,England,http://data.ordnancesurvey.co.uk/id/country/england,,http://dbpedia.org/resource/Butteryhaugh,http://sws.geonames.org/6957013
osgb4000000074549209,http://data.ordnancesurvey.co.uk/id/4000000074549209,Greenhaugh,,,,populatedPlace,Hamlet,379372.040,587563.070,5000,25000,379115.466,587025.855,379638.277,587598.941,NE48,http://data.ordnancesurvey.co.uk/id/postcodedistrict/NE48,,,,,,,Northumberland,http://data.ordnancesurvey.co.uk/id/7000000000043674,http://data.ordnancesurvey.co.uk/ontology/admingeo/UnitaryAuthority,North East,http://data.ordnancesurvey.co.uk/id/7000000000041422,England,http://data.ordnancesurvey.co.uk/id/country/england,,,http://sws.geonames.org/2647969
osgb4000000074549588,http://data.ordnancesurvey.co.uk/id/4000000074549588,Kielder,,,,populatedPlace,Village,362562.000,593723.000,5000,250000,362410.428,593391.506,363254.986,593891.506,NE48,http://data.ordnancesurvey.co.uk/id/postcodedistrict/NE48,,,,,,,Northumberland,http://data.ordnancesurvey.co.uk/id/7000000000043674,http://data.ordnancesurvey.co.uk/ontology/admingeo/UnitaryAuthority,North East,http://data.ordnancesurvey.co.uk/id/7000000000041422,England,http://data.ordnancesurvey.co.uk/id/country/england,,"http://dbpedia.org/resource/Kielder,_Northumberland",http://sws.geonames.org/6957014
osgb4000000074549584,http://data.ordnancesurvey.co.uk/id/4000000074549584,Stannersburn,,,,populatedPlace,Hamlet,372263.590,586610.690,5000,25000,372000.966,586313.357,372500.966,586813.357,NE48,http://data.ordnancesurvey.co.uk/id/postcodedistrict/NE48,,,,,,,Northumberland,http://data.ordnancesurvey.co.uk/id/7000000000043674,http://data.ordnancesurvey.co.uk/ontology/admingeo/UnitaryAuthority,North East,http://data.ordnancesurvey.co.uk/id/7000000000041422,England,http://data.ordnancesurvey.co.uk/id/country/england,,,http://sws.geonames.org/8199370
osgb4000000074549208,http://data.ordnancesurvey.co.uk/id/4000000074549208,Lanehead,,,,populatedPlace,Hamlet,379166.000,585726.000,5000,25000,378879.188,585648.429,379427.146,586151.135,NE48,http://data.ordnancesurvey.co.uk/id/postcodedistrict/NE48,,,,,,,Northumberland,http://data.ordnancesurvey.co.uk/id/7000000000043674,http://data.ordnancesurvey.co.uk/ontology/admingeo/UnitaryAuthority,North East,http://data.ordnancesurvey.co.uk/id/7000000000041422,England,http://data.ordnancesurvey.co.uk/id/country/england,,,
osgb4000000074549941,http://data.ordnancesurvey.co.uk/id/4000000074549941,Deadwater,,,,populatedPlace,Other Settlement,360450.640,596863.610,15000,25000,360210.780,596538.411,360710.780,597038.411,NE48,http://data.ordnancesurvey.co.uk/id/postcodedistrict/NE48,,,,,,,Northumberland,http://data.ordnancesurvey.co.uk/id/7000000000043674,http://data.ordnancesurvey.co.uk/ontology/admingeo/UnitaryAuthority,North East,http://data.ordnancesurvey.co.uk/id/7000000000041422,England,http://data.ordnancesurvey.co.uk/id/country/england,,"http://dbpedia.org/resource/Deadwater,_Northumberland",
osgb4000000074549213,http://data.ordnancesurvey.co.uk/id/4000000074549213,Donkleywood,,,,populatedPlace,Hamlet,374588.360,586390.530,5000,25000,374308.405,586112.275,374808.405,586612.275,NE48,http://data.ordnancesurvey.co.uk/id/postcodedistrict/NE48,,,,,,,Northumberland,http://data.ordnancesurvey.co.uk/id/7000000000043674,http://data.ordnancesurvey.co.uk/ontology/admingeo/UnitaryAuthority,North East,http://data.ordnancesurvey.co.uk/id/7000000000041422,England,http://data.ordnancesurvey.co.uk/id/country/england,,,
NE481RS,http://data.ordnancesurvey.co.uk/id/postcodeunit/NE481RS,NE48 1RS,,,,other,Postcode,376729.000,590104.000,3500,18000,,,,,,,,,,,,,Northumberland,http://data.ordnancesurvey.co.uk/id/7000000000043674,http://data.ordnancesurvey.co.uk/ontology/admingeo/UnitaryAuthority,North East,http://data.ordnancesurvey.co.uk/id/7000000000041422,England,http://data.ordnancesurvey.co.uk/id/country/england,,,
NE483BP,http://data.ordnancesurvey.co.uk/id/postcodeunit/NE483BP,NE48 3BP,,,,other,Postcode,378720.000,581770.000,3500,18000,,,,,,,,,,,,,Northumberland,http://data.ordnancesurvey.co.uk/id/7000000000043674,http://data.ordnancesurvey.co.uk/ontology/admingeo/UnitaryAuthority,North East,http://data.ordnancesurvey.co.uk/id/7000000000041422,England,http://data.ordnancesurvey.co.uk/id/country/england,,,
NE481PW,http://data.ordnancesurvey.co.uk/id/postcodeunit/NE481PW,NE48 1PW,,,,other,Postcode,379560.000,587269.000,3500,18000,,,,,,,Greenhaugh,http://data.ordnancesurvey.co.uk/id/4000000074549209,http://www.ordnancesurvey.co.uk/xml/codelists/localtype.xml#hamlet,,,,Northumberland,http://data.ordnancesurvey.co.uk/id/7000000000043674,http://data.ordnancesurvey.co.uk/ontology/admingeo/UnitaryAuthority,North East,http://data.ordnancesurvey.co.uk/id/7000000000041422,England,http://data.ordnancesurvey.co.uk/id/country/england,,,
NE481JZ,http://data.ordnancesurvey.co.uk/id/postcodeunit/NE481JZ,NE48 1JZ,,,,other,Postcode,378420.000,585645.000,3500,18000,,,,,,,Tarset,http://data.ordnancesurvey.co.uk/id/4000000074332534,http://www.ordnancesurvey.co.uk/xml/codelists/localtype.xml#hamlet,,,,Northumberland,http://data.ordnancesurvey.co.uk/id/7000000000043674,http://data.ordnancesurvey.co.uk/ontology/admingeo/UnitaryAuthority,North East,http://data.ordnancesurvey.co.uk/id/7000000000041422,England,http://data.ordnancesurvey.co.uk/id/country/england,,,
NE481PP,http://data.ordnancesurvey.co.uk/id/postcodeunit/NE481PP,NE48 1PP,,,,other,Postcode,379534.000,587057.000,3500,18000,,,,,,,Greenhaugh,http://data.ordnancesurvey.co.uk/id/4000000074549209,http://www.ordnancesurvey.co.uk/xml/codelists/localtype.xml#hamlet,,,,Northumberland,http://data.ordnancesurvey.co.uk/id/7000000000043674,http://data.ordnancesurvey.co.uk/ontology/admingeo/UnitaryAuthority,North East,http://data.ordnancesurvey.co.uk/id/7000000000041422,England,http://data.ordnancesurvey.co.uk/id/country/england,,,
NE481HG,http://data.ordnancesurvey.co.uk/id/postcodeunit/NE481HG,NE48 1HG,,,,other,Postcode,363203.000,593095.000,3500,18000,,,,,,,Butteryhaugh,http://data.ordnancesurvey.co.uk/id/4000000074543374,http://www.ordnancesurvey.co.uk/xml/codelists/localtype.xml#village,,,,Northumberland,http://data.ordnancesurvey.co.uk/id/7000000000043674,http://data.ordnancesurvey.co.uk/ontology/admingeo/UnitaryAuthority,North East,http://data.ordnancesurvey.co.uk/id/7000000000041422,England,http://data.ordnancesurvey.co.uk/id/country/england,,,
NE481HL,http://data.ordnancesurvey.co.uk/id/postcodeunit/NE481HL,NE48 1HL,,,,other,Postcode,364623.000,591353.000,3500,18000,,,,,,,,,,,,,Northumberland,http://data.ordnancesurvey.co.uk/id/7000000000043674,http://data.ordnancesurvey.co.uk/ontology/admingeo/UnitaryAuthority,North East,http://data.ordnancesurvey.co.uk/id/7000000000041422,England,http://data.ordnancesurvey.co.uk/id/country/england,,,
NE481EQ,http://data.ordnancesurvey.co.uk/id/postcodeunit/NE481EQ,NE48 1EQ,,,,other,Postcode,362756.000,593518.000,3500,18000,,,,,,,Kielder,http://data.ordnancesurvey.co.uk/id/4000000074549588,http://www.ordnancesurvey.co.uk/xml/codelists/localtype.xml#village,,,,Northumberland,http://data.ordnancesurvey.co.uk/id/7000000000043674,http://data.ordnancesurvey.co.uk/ontology/admingeo/UnitaryAuthority,North East,http://data.ordnancesurvey.co.uk/id/7000000000041422,England,http://data.ordnancesurvey.co.uk/id/country/england,,,
NE481AJ,http://data.ordnancesurvey.co.uk/id/postcodeunit/NE481AJ,NE48 1AJ,,,,other,Postcode,375347.000,586446.000,3500,18000,,,,,,,,,,,,,Northumberland,http://data.ordnancesurvey.co.uk/id/7000000000043674,http://data.ordnancesurvey.co.uk/ontology/admingeo/UnitaryAuthority,North East,http://data.ordnancesurvey.co.uk/id/7000000000041422,England,http://data.ordnancesurvey.co.uk/id/country/england,,,
NE481AP,http://data.ordnancesurvey.co.uk/id/postcodeunit/NE481AP,NE48 1AP,,,,other,Postcode,377321.000,586892.000,3500,18000,,,,,,,,,,,,,Northumberland,http://data.ordnancesurvey.co.uk/id/7000000000043674,http://data.ordnancesurvey.co.uk/ontology/admingeo/UnitaryAuthority,North East,http://data.ordnancesurvey.co.uk/id/7000000000041422,England,http://data.ordnancesurvey.co.uk/id/country/england,,,
NE481AD,http://data.ordnancesurvey.co.uk/id/postcodeunit/NE481AD,NE48 1AD,,,,other,Postcode,372667.000,587185.000,3500,18000,,,,,,,Falstone,http://data.ordnancesurvey.co.uk/id/4000000074549585,http://www.ordnancesurvey.co.uk/xml/codelists/localtype.xml#village,,,,Northumberland,http://data.ordnancesurvey.co.uk/id/7000000000043674,http://data.ordnancesurvey.co.uk/ontology/admingeo/UnitaryAuthority,North East,http://data.ordnancesurvey.co.uk/id/7000000000041422,England,http://data.ordnancesurvey.co.uk/id/country/england,,,
NE481AQ,http://data.ordnancesurvey.co.uk/id/postcodeunit/NE481AQ,NE48 1AQ,,,,other,Postcode,374630.000,586385.000,3500,18000,,,,,,,Donkleywood,http://data.ordnancesurvey.co.uk/id/4000000074549213,http://www.ordnancesurvey.co.uk/xml/codelists/localtype.xml#hamlet,,,,Northumberland,http://data.ordnancesurvey.co.uk/id/7000000000043674,http://data.ordnancesurvey.co.uk/ontology/admingeo/UnitaryAuthority,North East,http://data.ordnancesurvey.co.uk/id/7000000000041422,England,http://data.ordnancesurvey.co.uk/id/country/england,,,
NE481LG,http://data.ordnancesurvey.co.uk/id/postcodeunit/NE481LG,NE48 1LG,,,,other,Postcode,374358.000,585418.000,3500,18000,,,,,,,,,,,,,Northumberland,http://data.ordnancesurvey.co.uk/id/7000000000043674,http://data.ordnancesurvey.co.uk/ontology/admingeo/UnitaryAuthority,North East,http://data.ordnancesurvey.co.uk/id/7000000000041422,England,http://data.ordnancesurvey.co.uk/id/country/england,,,
NE481HF,http://data.ordnancesurvey.co.uk/id/postcodeunit/NE481HF,NE48 1HF,,,,other,Postcode,363164.000,593076.000,3500,18000,,,,,,,Butteryhaugh,http://data.ordnancesurvey.co.uk/id/4000000074543374,http://www.ordnancesurvey.co.uk/xml/codelists/localtype.xml#village,,,,Northumberland,http://data.ordnancesurvey.co.uk/id/7000000000043674,http://data.ordnancesurvey.co.uk/ontology/admingeo/UnitaryAuthority,North East,http://data.ordnancesurvey.co.uk/id/7000000000041422,England,http://data.ordnancesurvey.co.uk/id/country/england,,,
NE481PB,http://data.ordnancesurvey.co.uk/id/postcodeunit/NE481PB,NE48 1PB,,,,other,Postcode,379412.000,585063.000,3500,18000,,,,,,,,,,,,,Northumberland,http://data.ordnancesurvey.co.uk/id/7000000000043674,http://data.ordnancesurvey.co.uk/ontology/admingeo/UnitaryAuthority,North East,http://data.ordnancesurvey.co.uk/id/7000000000041422,England,http://data.ordnancesurvey.co.uk/id/country/england,,,
NE481LH,http://data.ordnancesurvey.co.uk/id/postcodeunit/NE481LH,NE48 1LH,,,,other,Postcode,377542.000,584404.000,3500,18000,,,,,,,,,,,,,Northumberland,http://data.ordnancesurvey.co.uk/id/7000000000043674,http://data.ordnancesurvey.co.uk/ontology/admingeo/UnitaryAuthority,North East,http://data.ordnancesurvey.co.uk/id/7000000000041422,England,http://data.ordnancesurvey.co.uk/id/country/england,,,
NE481EJ,http://data.ordnancesurvey.co.uk/id/postcodeunit/NE481EJ,NE48 1EJ,,,,other,Postcode,362790.000,593819.000,3500,18000,,,,,,,Kielder,http://data.ordnancesurvey.co.uk/id/4000000074549588,http://www.ordnancesurvey.co.uk/xml/codelists/localtype.xml#village,,,,Northumberland,http://data.ordnancesurvey.co.uk/id/7000000000043674,http://data.ordnancesurvey.co.uk/ontology/admingeo/UnitaryAuthority,North East,http://data.ordnancesurvey.co.uk/id/7000000000041422,England,http://data.ordnancesurvey.co.uk/id/country/england,,,
NE481ET,http://data.ordnancesurvey.co.uk/id/postcodeunit/NE481ET,NE48 1ET,,,,other,Postcode,365772.000,595901.000,3500,18000,,,,,,,,,,,,,Northumberland,http://data.ordnancesurvey.co.uk/id/7000000000043674,http://data.ordnancesurvey.co.uk/ontology/admingeo/UnitaryAuthority,North East,http://data.ordnancesurvey.co.uk/id/7000000000041422,England,http://data.ordnancesurvey.co.uk/id/country/england,,,
NE481AU,http://data.ordnancesurvey.co.uk/id/postcodeunit/NE481AU,NE48 1AU,,,,other,Postcode,369817.000,586916.000,3500,18000,,,,,,,,,,,,,Northumberland,http://data.ordnancesurvey.co.uk/id/7000000000043674,http://data.ordnancesurvey.co.uk/ontology/admingeo/UnitaryAuthority,North East,http://data.ordnancesurvey.co.uk/id/7000000000041422,England,http://data.ordnancesurvey.co.uk/id/country/england,,,
NE481BA,http://data.ordnancesurvey.co.uk/id/postcodeunit/NE481BA,NE48 1BA,,,,other,Postcode,372057.000,587793.000,3500,18000,,,,,,,Falstone,http://data.ordnancesurvey.co.uk/id/4000000074549585,http://www.ordnancesurvey.co.uk/xml/codelists/localtype.xml#village,,,,Northumberland,http://data.ordnancesurvey.co.uk/id/7000000000043674,http://data.ordnancesurvey.co.uk/ontology/admingeo/UnitaryAuthority,North East,http://data.ordnancesurvey.co.uk/id/7000000000041422,England,http://data.ordnancesurvey.co.uk/id/country/england,,,
NE481BH,http://data.ordnancesurvey.co.uk/id/postcodeunit/NE481BH,NE48 1BH,,,,other,Postcode,370858.000,587062.000,3500,18000,,,,,,,,,,,,,Northumberland,http://data.ordnancesurvey.co.uk/id/7000000000043674,http://data.ordnancesurvey.co.uk/ontology/admingeo/UnitaryAuthority,North East,http://data.ordnancesurvey.co.uk/id/7000000000041422,England,http://data.ordnancesurvey.co.uk/id/country/england,,,
NE481LB,http://data.ordnancesurvey.co.uk/id/postcodeunit/NE481LB,NE48 1LB,,,,other,Postcode,378686.000,584680.000,3500,18000,,,,,,,,,,,,,Northumberland,http://data.ordnancesurvey.co.uk/id/7000000000043674,http://data.ordnancesurvey.co.uk/ontology/admingeo/UnitaryAuthority,North East,http://data.ordnancesurvey.co.uk/id/7000000000041422,England,http://data.ordnancesurvey.co.uk/id/country/england,,,
NE481LE,http://data.ordnancesurvey.co.uk/id/postcodeunit/NE481LE,NE48 1LE,,,,other,Postcode,377514.000,585802.000,3500,18000,,,,,,,,,,,,,Northumberland,http://data.ordnancesurvey.co.uk/id/7000000000043674,http://data.ordnancesurvey.co.uk/ontology/admingeo/UnitaryAuthority,North East,http://data.ordnancesurvey.co.uk/id/7000000000041422,England,http://data.ordnancesurvey.co.uk/id/country/england,,,
NE481HQ,http://data.ordnancesurvey.co.uk/id/postcodeunit/NE481HQ,NE48 1HQ,,,,other,Postcode,363233.000,593200.000,3500,18000,,,,,,,Butteryhaugh,http://data.ordnancesurvey.co.uk/id/4000000074543374,http://www.ordnancesurvey.co.uk/xml/codelists/localtype.xml#village,,,,Northumberland,http://data.ordnancesurvey.co.uk/id/7000000000043674,http://data.ordnancesurvey.co.uk/ontology/admingeo/UnitaryAuthority,North East,http://data.ordnancesurvey.co.uk/id/7000000000041422,England,http://data.ordnancesurvey.co.uk/id/country/england,,,
NE481LF,http://data.ordnancesurvey.co.uk/id/postcodeunit/NE481LF,NE48 1LF,,,,other,Postcode,376430.000,585778.000,3500,18000,,,,,,,,,,,,,Northumberland,http://data.ordnancesurvey.co.uk/id/7000000000043674,http://data.ordnancesurvey.co.uk/ontology/admingeo/UnitaryAuthority,North East,http://data.ordnancesurvey.co.uk/id/7000000000041422,England,http://data.ordnancesurvey.co.uk/id/country/england,,,
NE481NG,http://data.ordnancesurvey.co.uk/id/postcodeunit/NE481NG,NE48 1NG,,,,other,Postcode,378810.000,588931.000,3500,18000,,,,,,,,,,,,,Northumberland,http://data.ordnancesurvey.co.uk/id/7000000000043674,http://data.ordnancesurvey.co.uk/ontology/admingeo/UnitaryAuthority,North East,http://data.ordnancesurvey.co.uk/id/7000000000041422,England,http://data.ordnancesurvey.co.uk/id/country/england,,,
NE481LY,http://data.ordnancesurvey.co.uk/id/postcodeunit/NE481LY,NE48 1LY,,,,other,Postcode,379293.000,587506.000,3500,18000,,,,,,,Greenhaugh,http://data.ordnancesurvey.co.uk/id/4000000074549209,http://www.ordnancesurvey.co.uk/xml/codelists/localtype.xml#hamlet,,,,Northumberland,http://data.ordnancesurvey.co.uk/id/7000000000043674,http://data.ordnancesurvey.co.uk/ontology/admingeo/UnitaryAuthority,North East,http://data.ordnancesurvey.co.uk/id/7000000000041422,England,http://data.ordnancesurvey.co.uk/id/country/england,,,
NE481NE,http://data.ordnancesurvey.co.uk/id/postcodeunit/NE481NE,NE48 1NE,,,,other,Postcode,377568.000,589834.000,3500,18000,,,,,,,,,,,,,Northumberland,http://data.ordnancesurvey.co.uk/id/7000000000043674,http://data.ordnancesurvey.co.uk/ontology/admingeo/UnitaryAuthority,North East,http://data.ordnancesurvey.co.uk/id/7000000000041422,England,http://data.ordnancesurvey.co.uk/id/country/england,,,
NE481BX,http://data.ordnancesurvey.co.uk/id/postcodeunit/NE481BX,NE48 1BX,,,,other,Postcode,369836.000,586829.000,3500,18000,,,,,,,,,,,,,Northumberland,http://data.ordnancesurvey.co.uk/id/7000000000043674,http://data.ordnancesurvey.co.uk/ontology/admingeo/UnitaryAuthority,North East,http://data.ordnancesurvey.co.uk/id/7000000000041422,England,http://data.ordnancesurvey.co.uk/id/country/england,,,
NE481RY,http://data.ordnancesurvey.co.uk/id/postcodeunit/NE481RY,NE48 1RY,,,,other,Postcode,372171.000,594042.000,3500,18000,,,,,,,,,,,,,Northumberland,http://data.ordnancesurvey.co.uk/id/7000000000043674,http://data.ordnancesurvey.co.uk/ontology/admingeo/UnitaryAuthority,North East,http://data.ordnancesurvey.co.uk/id/7000000000041422,England,http://data.ordnancesurvey.co.uk/id/country/england,,,
NE483BS,http://data.ordnancesurvey.co.uk/id/postcodeunit/NE483BS,NE48 3BS,,,,other,Postcode,378876.000,580052.000,3500,18000,,,,,,,,,,,,,Northumberland,http://data.ordnancesurvey.co.uk/id/7000000000043674,http://data.ordnancesurvey.co.uk/ontology/admingeo/UnitaryAuthority,North East,http://data.ordnancesurvey.co.uk/id/7000000000041422,England,http://data.ordnancesurvey.co.uk/id/country/england,,,
NE481HR,http://data.ordnancesurvey.co.uk/id/postcodeunit/NE481HR,NE48 1HR,,,,other,Postcode,363028.000,588916.000,3500,18000,,,,,,,,,,,,,Northumberland,http://data.ordnancesurvey.co.uk/id/7000000000043674,http://data.ordnancesurvey.co.uk/ontology/admingeo/UnitaryAuthority,North East,http://data.ordnancesurvey.co.uk/id/7000000000041422,England,http://data.ordnancesurvey.co.uk/id/country/england,,,
NE481EN,http://data.ordnancesurvey.co.uk/id/postcodeunit/NE481EN,NE48 1EN,,,,other,Postcode,361723.000,594947.000,3500,18000,,,,,,,,,,,,,Northumberland,http://data.ordnancesurvey.co.uk/id/7000000000043674,http://data.ordnancesurvey.co.uk/ontology/admingeo/UnitaryAuthority,North East,http://data.ordnancesurvey.co.uk/id/7000000000041422,England,http://data.ordnancesurvey.co.uk/id/country/england,,,
NE482LD,http://data.ordnancesurvey.co.uk/id/postcodeunit/NE482LD,NE48 2LD,,,,other,Postcode,379144.000,583976.000,3500,18000,,,,,,,,,,,,,Northumberland,http://data.ordnancesurvey.co.uk/id/7000000000043674,http://data.ordnancesurvey.co.uk/ontology/admingeo/UnitaryAuthority,North East,http://data.ordnancesurvey.co.uk/id/7000000000041422,England,http://data.ordnancesurvey.co.uk/id/country/england,,,
NE481PD,http://data.ordnancesurvey.co.uk/id/postcodeunit/NE481PD,NE48 1PD,,,,other,Postcode,379896.000,584546.000,3500,18000,,,,,,,,,,,,,Northumberland,http://data.ordnancesurvey.co.uk/id/7000000000043674,http://data.ordnancesurvey.co.uk/ontology/admingeo/UnitaryAuthority,North East,http://data.ordnancesurvey.co.uk/id/7000000000041422,England,http://data.ordnancesurvey.co.uk/id/country/england,,,
NE481LX,http://data.ordnancesurvey.co.uk/id/postcodeunit/NE481LX,NE48 1LX,,,,other,Postcode,379420.000,587432.000,3500,18000,,,,,,,Greenhaugh,http://data.ordnancesurvey.co.uk/id/4000000074549209,http://www.ordnancesurvey.co.uk/xml/codelists/localtype.xml#hamlet,,,,Northumberland,http://data.ordnancesurvey.co.uk/id/7000000000043674,http://data.ordnancesurvey.co.uk/ontology/admingeo/UnitaryAuthority,North East,http://data.ordnancesurvey.co.uk/id/7000000000041422,England,http://data.ordnancesurvey.co.uk/id/country/england,,,
NE481JY,http://data.ordnancesurvey.co.uk/id/postcodeunit/NE481JY,NE48 1JY,,,,other,Postcode,378836.000,585360.000,3500,18000,,,,,,,Tarset,http://data.ordnancesurvey.co.uk/id/4000000074332534,http://www.ordnancesurvey.co.uk/xml/codelists/localtype.xml#hamlet,,,,Northumberland,http://data.ordnancesurvey.co.uk/id/7000000000043674,http://data.ordnancesurvey.co.uk/ontology/admingeo/UnitaryAuthority,North East,http://data.ordnancesurvey.co.uk/id/7000000000041422,England,http://data.ordnancesurvey.co.uk/id/country/england,,,
NE481LJ,http://data.ordnancesurvey.co.uk/id/postcodeunit/NE481LJ,NE48 1LJ,,,,other,Postcode,376055.000,583113.000,3500,18000,,,,,,,,,,,,,Northumberland,http://data.ordnancesurvey.co.uk/id/7000000000043674,http://data.ordnancesurvey.co.uk/ontology/admingeo/UnitaryAuthority,North East,http://data.ordnancesurvey.co.uk/id/7000000000041422,England,http://data.ordnancesurvey.co.uk/id/country/england,,,
NE481RU,http://data.ordnancesurvey.co.uk/id/postcodeunit/NE481RU,NE48 1RU,,,,other,Postcode,376702.000,590489.000,3500,18000,,,,,,,,,,,,,Northumberland,http://data.ordnancesurvey.co.uk/id/7000000000043674,http://data.ordnancesurvey.co.uk/ontology/admingeo/UnitaryAuthority,North East,http://data.ordnancesurvey.co.uk/id/7000000000041422,England,http://data.ordnancesurvey.co.uk/id/country/england,,,
NE481AL,http://data.ordnancesurvey.co.uk/id/postcodeunit/NE481AL,NE48 1AL,,,,other,Postcode,375005.000,586982.000,3500,18000,,,,,,,,,,,,,Northumberland,http://data.ordnancesurvey.co.uk/id/7000000000043674,http://data.ordnancesurvey.co.uk/ontology/admingeo/UnitaryAuthority,North East,http://data.ordnancesurvey.co.uk/id/7000000000041422,England,http://data.ordnancesurvey.co.uk/id/country/england,,,
NE481AB,http://data.ordnancesurvey.co.uk/id/postcodeunit/NE481AB,NE48 1AB,,,,other,Postcode,372603.000,587284.000,3500,18000,,,,,,,Falstone,http://data.ordnancesurvey.co.uk/id/4000000074549585,http://www.ordnancesurvey.co.uk/xml/codelists/localtype.xml#village,,,,Northumberland,http://data.ordnancesurvey.co.uk/id/7000000000043674,http://data.ordnancesurvey.co.uk/ontology/admingeo/UnitaryAuthority,North East,http://data.ordnancesurvey.co.uk/id/7000000000041422,England,http://data.ordnancesurvey.co.uk/id/country/england,,,
NE481EP,http://data.ordnancesurvey.co.uk/id/postcodeunit/NE481EP,NE48 1EP,,,,other,Postcode,363139.000,593582.000,3500,18000,,,,,,,Kielder,http://data.ordnancesurvey.co.uk/id/4000000074549588,http://www.ordnancesurvey.co.uk/xml/codelists/localtype.xml#village,,,,Northumberland,http://data.ordnancesurvey.co.uk/id/7000000000043674,http://data.ordnancesurvey.co.uk/ontology/admingeo/UnitaryAuthority,North East,http://data.ordnancesurvey.co.uk/id/7000000000041422,England,http://data.ordnancesurvey.co.uk/id/country/england,,,
NE481BT,http://data.ordnancesurvey.co.uk/id/postcodeunit/NE481BT,NE48 1BT,,,,other,Postcode,366056.000,587782.000,3500,18000,,,,,,,,,,,,,Northumberland,http://data.ordnancesurvey.co.uk/id/7000000000043674,http://data.ordnancesurvey.co.uk/ontology/admingeo/UnitaryAuthority,North East,http://data.ordnancesurvey.co.uk/id/7000000000041422,England,http://data.ordnancesurvey.co.uk/id/country/england,,,
NE481AN,http://data.ordnancesurvey.co.uk/id/postcodeunit/NE481AN,NE48 1AN,,,,other,Postcode,376201.000,586896.000,3500,18000,,,,,,,,,,,,,Northumberland,http://data.ordnancesurvey.co.uk/id/7000000000043674,http://data.ordnancesurvey.co.uk/ontology/admingeo/UnitaryAuthority,North East,http://data.ordnancesurvey.co.uk/id/7000000000041422,England,http://data.ordnancesurvey.co.uk/id/country/england,,,
NE481PS,http://data.ordnancesurvey.co.uk/id/postcodeunit/NE481PS,NE48 1PS,,,,other,Postcode,379515.000,586342.000,3500,18000,,,,,,,,,,,,,Northumberland,http://data.ordnancesurvey.co.uk/id/7000000000043674,http://data.ordnancesurvey.co.uk/ontology/admingeo/UnitaryAuthority,North East,http://data.ordnancesurvey.co.uk/id/7000000000041422,England,http://data.ordnancesurvey.co.uk/id/country/england,,,
NE481HT,http://data.ordnancesurvey.co.uk/id/postcodeunit/NE481HT,NE48 1HT,,,,other,Postcode,360944.000,586461.000,3500,18000,,,,,,,,,,,,,Northumberland,http://data.ordnancesurvey.co.uk/id/7000000000043674,http://data.ordnancesurvey.co.uk/ontology/admingeo/UnitaryAuthority,North East,http://data.ordnancesurvey.co.uk/id/7000000000041422,England,http://data.ordnancesurvey.co.uk/id/country/england,,,
NE481LQ,http://data.ordnancesurvey.co.uk/id/postcodeunit/NE481LQ,NE48 1LQ,,,,other,Postcode,374970.000,581781.000,3500,18000,,,,,,,,,,,,,Northumberland,http://data.ordnancesurvey.co.uk/id/7000000000043674,http://data.ordnancesurvey.co.uk/ontology/admingeo/UnitaryAuthority,North East,http://data.ordnancesurvey.co.uk/id/7000000000041422,England,http://data.ordnancesurvey.co.uk/id/country/england,,,
NE481BB,http://data.ordnancesurvey.co.uk/id/postcodeunit/NE481BB,NE48 1BB,,,,other,Postcode,371454.000,588138.000,3500,18000,,,,,,,,,,,,,Northumberland,http://data.ordnancesurvey.co.uk/id/7000000000043674,http://data.ordnancesurvey.co.uk/ontology/admingeo/UnitaryAuthority,North East,http://data.ordnancesurvey.co.uk/id/7000000000041422,England,http://data.ordnancesurvey.co.uk/id/country/england,,,
NE481LL,http://data.ordnancesurvey.co.uk/id/postcodeunit/NE481LL,NE48 1LL,,,,other,Postcode,377400.000,583041.000,3500,18000,,,,,,,,,,,,,Northumberland,http://data.ordnancesurvey.co.uk/id/7000000000043674,http://data.ordnancesurvey.co.uk/ontology/admingeo/UnitaryAuthority,North East,http://data.ordnancesurvey.co.uk/id/7000000000041422,England,http://data.ordnancesurvey.co.uk/id/country/england,,,
NE481HD,http://data.ordnancesurvey.co.uk/id/postcodeunit/NE481HD,NE48 1HD,,,,other,Postcode,362991.000,592753.000,3500,18000,,,,,,,,,,,,,Northumberland,http://data.ordnancesurvey.co.uk/id/7000000000043674,http://data.ordnancesurvey.co.uk/ontology/admingeo/UnitaryAuthority,North East,http://data.ordnancesurvey.co.uk/id/7000000000041422,England,http://data.ordnancesurvey.co.uk/id/country/england,,,
NE481LZ,http://data.ordnancesurvey.co.uk/id/postcodeunit/NE481LZ,NE48 1LZ,,,,other,Postcode,379207.000,588004.000,3500,18000,,,,,,,,,,,,,Northumberland,http://data.ordnancesurvey.co.uk/id/7000000000043674,http://data.ordnancesurvey.co.uk/ontology/admingeo/UnitaryAuthority,North East,http://data.ordnancesurvey.co.uk/id/7000000000041422,England,http://data.ordnancesurvey.co.uk/id/country/england,,,
NE481AA,http://data.ordnancesurvey.co.uk/id/postcodeunit/NE481AA,NE48 1AA,,,,other,Postcode,372401.000,587446.000,3500,18000,,,,,,,Falstone,http://data.ordnancesurvey.co.uk/id/4000000074549585,http://www.ordnancesurvey.co.uk/xml/codelists/localtype.xml#village,,,,Northumberland,http://data.ordnancesurvey.co.uk/id/7000000000043674,http://data.ordnancesurvey.co.uk/ontology/admingeo/UnitaryAuthority,North East,http://data.ordnancesurvey.co.uk/id/7000000000041422,England,http://data.ordnancesurvey.co.uk/id/country/england,,,
NE481RT,http://data.ordnancesurvey.co.uk/id/postcodeunit/NE481RT,NE48 1RT,,,,other,Postcode,375300.000,590604.000,3500,18000,,,,,,,,,,,,,Northumberland,http://data.ordnancesurvey.co.uk/id/7000000000043674,http://data.ordnancesurvey.co.uk/ontology/admingeo/UnitaryAuthority,North East,http://data.ordnancesurvey.co.uk/id/7000000000041422,England,http://data.ordnancesurvey.co.uk/id/country/england,,,
NE481EH,http://data.ordnancesurvey.co.uk/id/postcodeunit/NE481EH,NE48 1EH,,,,other,Postcode,362613.000,593711.000,3500,18000,,,,,,,Kielder,http://data.ordnancesurvey.co.uk/id/4000000074549588,http://www.ordnancesurvey.co.uk/xml/codelists/localtype.xml#village,,,,Northumberland,http://data.ordnancesurvey.co.uk/id/7000000000043674,http://data.ordnancesurvey.co.uk/ontology/admingeo/UnitaryAuthority,North East,http://data.ordnancesurvey.co.uk/id/7000000000041422,England,http://data.ordnancesurvey.co.uk/id/country/england,,,
NE481ER,http://data.ordnancesurvey.co.uk/id/postcodeunit/NE481ER,NE48 1ER,,,,other,Postcode,363200.000,593462.000,3500,18000,,,,,,,Kielder,http://data.ordnancesurvey.co.uk/id/4000000074549588,http://www.ordnancesurvey.co.uk/xml/codelists/localtype.xml#village,,,,Northumberland,http://data.ordnancesurvey.co.uk/id/7000000000043674,http://data.ordnancesurvey.co.uk/ontology/admingeo/UnitaryAuthority,North East,http://data.ordnancesurvey.co.uk/id/7000000000041422,England,http://data.ordnancesurvey.co.uk/id/country/england,,,
NE481AE,http://data.ordnancesurvey.co.uk/id/postcodeunit/NE481AE,NE48 1AE,,,,other,Postcode,372359.000,587456.000,3500,18000,,,,,,,Falstone,http://data.ordnancesurvey.co.uk/id/4000000074549585,http://www.ordnancesurvey.co.uk/xml/codelists/localtype.xml#village,,,,Northumberland,http://data.ordnancesurvey.co.uk/id/7000000000043674,http://data.ordnancesurvey.co.uk/ontology/admingeo/UnitaryAuthority,North East,http://data.ordnancesurvey.co.uk/id/7000000000041422,England,http://data.ordnancesurvey.co.uk/id/country/england,,,
NE481JX,http://data.ordnancesurvey.co.uk/id/postcodeunit/NE481JX,NE48 1JX,,,,other,Postcode,378964.000,585266.000,3500,18000,,,,,,,Tarset,http://data.ordnancesurvey.co.uk/id/4000000074332534,http://www.ordnancesurvey.co.uk/xml/codelists/localtype.xml#hamlet,,,,Northumberland,http://data.ordnancesurvey.co.uk/id/7000000000043674,http://data.ordnancesurvey.co.uk/ontology/admingeo/UnitaryAuthority,North East,http://data.ordnancesurvey.co.uk/id/7000000000041422,England,http://data.ordnancesurvey.co.uk/id/country/england,,,
NE481AS,http://data.ordnancesurvey.co.uk/id/postcodeunit/NE481AS,NE48 1AS,,,,other,Postcode,377362.000,586382.000,3500,18000,,,,,,,,,,,,,Northumberland,http://data.ordnancesurvey.co.uk/id/7000000000043674,http://data.ordnancesurvey.co.uk/ontology/admingeo/UnitaryAuthority,North East,http://data.ordnancesurvey.co.uk/id/7000000000041422,England,http://data.ordnancesurvey.co.uk/id/country/england,,,
NE481DD,http://data.ordnancesurvey.co.uk/id/postcodeunit/NE481DD,NE48 1DD,,,,other,Postcode,372222.000,586598.000,3500,18000,,,,,,,Stannersburn,http://data.ordnancesurvey.co.uk/id/4000000074549584,http://www.ordnancesurvey.co.uk/xml/codelists/localtype.xml#hamlet,,,,Northumberland,http://data.ordnancesurvey.co.uk/id/7000000000043674,http://data.ordnancesurvey.co.uk/ontology/admingeo/UnitaryAuthority,North East,http://data.ordnancesurvey.co.uk/id/7000000000041422,England,http://data.ordnancesurvey.co.uk/id/country/england,,,
NE481AF,http://data.ordnancesurvey.co.uk/id/postcodeunit/NE481AF,NE48 1AF,,,,other,Postcode,372937.000,586854.000,3500,18000,,,,,,,,,,,,,Northumberland,http://data.ordnancesurvey.co.uk/id/7000000000043674,http://data.ordnancesurvey.co.uk/ontology/admingeo/UnitaryAuthority,North East,http://data.ordnancesurvey.co.uk/id/7000000000041422,England,http://data.ordnancesurvey.co.uk/id/country/england,,,
NE481HX,http://data.ordnancesurvey.co.uk/id/postcodeunit/NE481HX,NE48 1HX,,,,other,Postcode,363275.000,593360.000,3500,18000,,,,,,,Butteryhaugh,http://data.ordnancesurvey.co.uk/id/4000000074543374,http://www.ordnancesurvey.co.uk/xml/codelists/localtype.xml#village,,,,Northumberland,http://data.ordnancesurvey.co.uk/id/7000000000043674,http://data.ordnancesurvey.co.uk/ontology/admingeo/UnitaryAuthority,North East,http://data.ordnancesurvey.co.uk/id/7000000000041422,England,http://data.ordnancesurvey.co.uk/id/country/england,,,
NE481EG,http://data.ordnancesurvey.co.uk/id/postcodeunit/NE481EG,NE48 1EG,,,,other,Postcode,362641.000,593520.000,3500,18000,,,,,,,Kielder,http://data.ordnancesurvey.co.uk/id/4000000074549588,http://www.ordnancesurvey.co.uk/xml/codelists/localtype.xml#village,,,,Northumberland,http://data.ordnancesurvey.co.uk/id/7000000000043674,http://data.ordnancesurvey.co.uk/ontology/admingeo/UnitaryAuthority,North East,http://data.ordnancesurvey.co.uk/id/7000000000041422,England,http://data.ordnancesurvey.co.uk/id/country/england,,,
NE481RN,http://data.ordnancesurvey.co.uk/id/postcodeunit/NE481RN,NE48 1RN,,,,other,Postcode,379236.000,588396.000,3500,18000,,,,,,,,,,,,,Northumberland,http://data.ordnancesurvey.co.uk/id/7000000000043674,http://data.ordnancesurvey.co.uk/ontology/admingeo/UnitaryAuthority,North East,http://data.ordnancesurvey.co.uk/id/7000000000041422,England,http://data.ordnancesurvey.co.uk/id/country/england,,,
NE481NU,http://data.ordnancesurvey.co.uk/id/postcodeunit/NE481NU,NE48 1NU,,,,other,Postcode,379163.000,585799.000,3500,18000,,,,,,,Lanehead,http://data.ordnancesurvey.co.uk/id/4000000074549208,http://www.ordnancesurvey.co.uk/xml/codelists/localtype.xml#hamlet,,,,Northumberland,http://data.ordnancesurvey.co.uk/id/7000000000043674,http://data.ordnancesurvey.co.uk/ontology/admingeo/UnitaryAuthority,North East,http://data.ordnancesurvey.co.uk/id/7000000000041422,England,http://data.ordnancesurvey.co.uk/id/country/england,,,
NE481AG,http://data.ordnancesurvey.co.uk/id/postcodeunit/NE481AG,NE48 1AG,,,,other,Postcode,373796.000,586134.000,3500,18000,,,,,,,,,,,,,Northumberland,http://data.ordnancesurvey.co.uk/id/7000000000043674,http://data.ordnancesurvey.co.uk/ontology/admingeo/UnitaryAuthority,North East,http://data.ordnancesurvey.co.uk/id/7000000000041422,England,http://data.ordnancesurvey.co.uk/id/country/england,,,
NE481BS,http://data.ordnancesurvey.co.uk/id/postcodeunit/NE481BS,NE48 1BS,,,,other,Postcode,363149.000,584367.000,3500,18000,,,,,,,,,,,,,Northumberland,http://data.ordnancesurvey.co.uk/id/7000000000043674,http://data.ordnancesurvey.co.uk/ontology/admingeo/UnitaryAuthority,North East,http://data.ordnancesurvey.co.uk/id/7000000000041422,England,http://data.ordnancesurvey.co.uk/id/country/england,,,
NE481RX,http://data.ordnancesurvey.co.uk/id/postcodeunit/NE481RX,NE48 1RX,,,,other,Postcode,374805.000,594849.000,3500,18000,,,,,,,,,,,,,Northumberland,http://data.ordnancesurvey.co.uk/id/7000000000043674,http://data.ordnancesurvey.co.uk/ontology/admingeo/UnitaryAuthority,North East,http://data.ordnancesurvey.co.uk/id/7000000000041422,England,http://data.ordnancesurvey.co.uk/id/country/england,,,
NE481NF,http://data.ordnancesurvey.co.uk/id/postcodeunit/NE481NF,NE48 1NF,,,,other,Postcode,377927.000,589429.000,3500,18000,,,,,,,,,,,,,Northumberland,http://data.ordnancesurvey.co.uk/id/7000000000043674,http://data.ordnancesurvey.co.uk/ontology/admingeo/UnitaryAuthority,North East,http://data.ordnancesurvey.co.uk/id/7000000000041422,England,http://data.ordnancesurvey.co.uk/id/country/england,,,
NE481BD,http://data.ordnancesurvey.co.uk/id/postcodeunit/NE481BD,NE48 1BD,,,,other,Postcode,371945.000,587853.000,3500,18000,,,,,,,Falstone,http://data.ordnancesurvey.co.uk/id/4000000074549585,http://www.ordnancesurvey.co.uk/xml/codelists/localtype.xml#village,,,,Northumberland,http://data.ordnancesurvey.co.uk/id/7000000000043674,http://data.ordnancesurvey.co.uk/ontology/admingeo/UnitaryAuthority,North East,http://data.ordnancesurvey.co.uk/id/7000000000041422,England,http://data.ordnancesurvey.co.uk/id/country/england,,,
NE481LN,http://data.ordnancesurvey.co.uk/id/postcodeunit/NE481LN,NE48 1LN,,,,other,Postcode,375673.000,583264.000,3500,18000,,,,,,,,,,,,,Northumberland,http://data.ordnancesurvey.co.uk/id/7000000000043674,http://data.ordnancesurvey.co.uk/ontology/admingeo/UnitaryAuthority,North East,http://data.ordnancesurvey.co.uk/id/7000000000041422,England,http://data.ordnancesurvey.co.uk/id/country/england,,,
NE481EW,http://data.ordnancesurvey.co.uk/id/postcodeunit/NE481EW,NE48 1EW,,,,other,Postcode,360587.000,596841.000,3500,18000,,,,,,,Deadwater,http://data.ordnancesurvey.co.uk/id/4000000074549941,http://www.ordnancesurvey.co.uk/xml/codelists/localtype.xml#otherSettlement,,,,Northumberland,http://data.ordnancesurvey.co.uk/id/7000000000043674,http://data.ordnancesurvey.co.uk/ontology/admingeo/UnitaryAuthority,North East,http://data.ordnancesurvey.co.uk/id/7000000000041422,England,http://data.ordnancesurvey.co.uk/id/country/england,,,
NE481LA,http://data.ordnancesurvey.co.uk/id/postcodeunit/NE481LA,NE48 1LA,,,,other,Postcode,378050.000,584864.000,3500,18000,,,,,,,,,,,,,Northumberland,http://data.ordnancesurvey.co.uk/id/7000000000043674,http://data.ordnancesurvey.co.uk/ontology/admingeo/UnitaryAuthority,North East,http://data.ordnancesurvey.co.uk/id/7000000000041422,England,http://data.ordnancesurvey.co.uk/id/country/england,,,
NE481EL,http://data.ordnancesurvey.co.uk/id/postcodeunit/NE481EL,NE48 1EL,,,,other,Postcode,362372.000,594203.000,3500,18000,,,,,,,,,,,,,Northumberland,http://data.ordnancesurvey.co.uk/id/7000000000043674,http://data.ordnancesurvey.co.uk/ontology/admingeo/UnitaryAuthority,North East,http://data.ordnancesurvey.co.uk/id/7000000000041422,England,http://data.ordnancesurvey.co.uk/id/country/england,,,
NE481BJ,http://data.ordnancesurvey.co.uk/id/postcodeunit/NE481BJ,NE48 1BJ,,,,other,Postcode,372202.000,587741.000,3500,18000,,,,,,,Falstone,http://data.ordnancesurvey.co.uk/id/4000000074549585,http://www.ordnancesurvey.co.uk/xml/codelists/localtype.xml#village,,,,Northumberland,http://data.ordnancesurvey.co.uk/id/7000000000043674,http://data.ordnancesurvey.co.uk/ontology/admingeo/UnitaryAuthority,North East,http://data.ordnancesurvey.co.uk/id/7000000000041422,England,http://data.ordnancesurvey.co.uk/id/country/england,,,
NE481NX,http://data.ordnancesurvey.co.uk/id/postcodeunit/NE481NX,NE48 1NX,,,,other,Postcode,378930.000,585796.000,3500,18000,,,,,,,Lanehead,http://data.ordnancesurvey.co.uk/id/4000000074549208,http://www.ordnancesurvey.co.uk/xml/codelists/localtype.xml#hamlet,,,,Northumberland,http://data.ordnancesurvey.co.uk/id/7000000000043674,http://data.ordnancesurvey.co.uk/ontology/admingeo/UnitaryAuthority,North East,http://data.ordnancesurvey.co.uk/id/7000000000041422,England,http://data.ordnancesurvey.co.uk/id/country/england,,,
NE481BQ,http://data.ordnancesurvey.co.uk/id/postcodeunit/NE481BQ,NE48 1BQ,,,,other,Postcode,371143.000,587062.000,3500,18000,,,,,,,,,,,,,Northumberland,http://data.ordnancesurvey.co.uk/id/7000000000043674,http://data.ordnancesurvey.co.uk/ontology/admingeo/UnitaryAuthority,North East,http://data.ordnancesurvey.co.uk/id/7000000000041422,England,http://data.ordnancesurvey.co.uk/id/country/england,,,
NE481NB,http://data.ordnancesurvey.co.uk/id/postcodeunit/NE481NB,NE48 1NB,,,,other,Postcode,377606.000,589082.000,3500,18000,,,,,,,,,,,,,Northumberland,http://data.ordnancesurvey.co.uk/id/7000000000043674,http://data.ordnancesurvey.co.uk/ontology/admingeo/UnitaryAuthority,North East,http://data.ordnancesurvey.co.uk/id/7000000000041422,England,http://data.ordnancesurvey.co.uk/id/country/england,,,
NE481NJ,http://data.ordnancesurvey.co.uk/id/postcodeunit/NE481NJ,NE48 1NJ,,,,other,Postcode,378101.000,592214.000,3500,18000,,,,,,,,,,,,,Northumberland,http://data.ordnancesurvey.co.uk/id/7000000000043674,http://data.ordnancesurvey.co.uk/ontology/admingeo/UnitaryAuthority,North East,http://data.ordnancesurvey.co.uk/id/7000000000041422,England,http://data.ordnancesurvey.co.uk/id/country/england,,,
NE481AH,http://data.ordnancesurvey.co.uk/id/postcodeunit/NE481AH,NE48 1AH,,,,other,Postcode,374623.000,586365.000,3500,18000,,,,,,,Donkleywood,http://data.ordnancesurvey.co.uk/id/4000000074549213,http://www.ordnancesurvey.co.uk/xml/codelists/localtype.xml#hamlet,,,,Northumberland,http://data.ordnancesurvey.co.uk/id/7000000000043674,http://data.ordnancesurvey.co.uk/ontology/admingeo/UnitaryAuthority,North East,http://data.ordnancesurvey.co.uk/id/7000000000041422,England,http://data.ordnancesurvey.co.uk/id/country/england,,,
NE481BE,http://data.ordnancesurvey.co.uk/id/postcodeunit/NE481BE,NE48 1BE,,,,other,Postcode,370692.000,586969.000,3500,18000,,,,,,,,,,,,,Northumberland,http://data.ordnancesurvey.co.uk/id/7000000000043674,http://data.ordnancesurvey.co.uk/ontology/admingeo/UnitaryAuthority,North East,http://data.ordnancesurvey.co.uk/id/7000000000041422,England,http://data.ordnancesurvey.co.uk/id/country/england,,,
NE481AW,http://data.ordnancesurvey.co.uk/id/postcodeunit/NE481AW,NE48 1AW,,,,other,Postcode,376350.000,586452.000,3500,18000,,,,,,,,,,,,,Northumberland,http://data.ordnancesurvey.co.uk/id/7000000000043674,http://data.ordnancesurvey.co.uk/ontology/admingeo/UnitaryAuthority,North East,http://data.ordnancesurvey.co.uk/id/7000000000041422,England,http://data.ordnancesurvey.co.uk/id/country/england,,,
NE481EU,http://data.ordnancesurvey.co.uk/id/postcodeunit/NE481EU,NE48 1EU,,,,other,Postcode,366414.000,597772.000,3500,18000,,,,,,,,,,,,,Northumberland,http://data.ordnancesurvey.co.uk/id/7000000000043674,http://data.ordnancesurvey.co.uk/ontology/admingeo/UnitaryAuthority,North East,http://data.ordnancesurvey.co.uk/id/7000000000041422,England,http://data.ordnancesurvey.co.uk/id/country/england,,,
NE481BG,http://data.ordnancesurvey.co.uk/id/postcodeunit/NE481BG,NE48 1BG,,,,other,Postcode,371462.000,587414.000,3500,18000,,,,,,,,,,,,,Northumberland,http://data.ordnancesurvey.co.uk/id/7000000000043674,http://data.ordnancesurvey.co.uk/ontology/admingeo/UnitaryAuthority,North East,http://data.ordnancesurvey.co.uk/id/7000000000041422,England,http://data.ordnancesurvey.co.uk/id/country/england,,,
NE481QZ,http://data.ordnancesurvey.co.uk/id/postcodeunit/NE481QZ,NE48 1QZ,,,,other,Postcode,365904.000,589344.000,3500,18000,,,,,,,,,,,,,Northumberland,http://data.ordnancesurvey.co.uk/id/7000000000043674,http://data.ordnancesurvey.co.uk/ontology/admingeo/UnitaryAuthority,North East,http://data.ordnancesurvey.co.uk/id/7000000000041422,England,http://data.ordnancesurvey.co.uk/id/country/england,,,
NE481DE,http://data.ordnancesurvey.co.uk/id/postcodeunit/NE481DE,NE48 1DE,,,,other,Postcode,373068.000,585767.000,3500,18000,,,,,,,,,,,,,Northumberland,http://data.ordnancesurvey.co.uk/id/7000000000043674,http://data.ordnancesurvey.co.uk/ontology/admingeo/UnitaryAuthority,North East,http://data.ordnancesurvey.co.uk/id/7000000000041422,England,http://data.ordnancesurvey.co.uk/id/country/england,,,
NE481AR,http://data.ordnancesurvey.co.uk/id/postcodeunit/NE481AR,NE48 1AR,,,,other,Postcode,363223.000,593293.000,3500,18000,,,,,,,Butteryhaugh,http://data.ordnancesurvey.co.uk/id/4000000074543374,http://www.ordnancesurvey.co.uk/xml/codelists/localtype.xml#village,,,,Northumberland,http://data.ordnancesurvey.co.uk/id/7000000000043674,http://data.ordnancesurvey.co.uk/ontology/admingeo/UnitaryAuthority,North East,http://data.ordnancesurvey.co.uk/id/7000000000041422,England,http://data.ordnancesurvey.co.uk/id/country/england,,,
NE481LD,http://data.ordnancesurvey.co.uk/id/postcodeunit/NE481LD,NE48 1LD,,,,other,Postcode,377696.000,585425.000,3500,18000,,,,,,,,,,,,,Northumberland,http://data.ordnancesurvey.co.uk/id/7000000000043674,http://data.ordnancesurvey.co.uk/ontology/admingeo/UnitaryAuthority,North East,http://data.ordnancesurvey.co.uk/id/7000000000041422,England,http://data.ordnancesurvey.co.uk/id/country/england,,,
NE481NT,http://data.ordnancesurvey.co.uk/id/postcodeunit/NE481NT,NE48 1NT,,,,other,Postcode,379262.000,585689.000,3500,18000,,,,,,,Lanehead,http://data.ordnancesurvey.co.uk/id/4000000074549208,http://www.ordnancesurvey.co.uk/xml/codelists/localtype.xml#hamlet,,,,Northumberland,http://data.ordnancesurvey.co.uk/id/7000000000043674,http://data.ordnancesurvey.co.uk/ontology/admingeo/UnitaryAuthority,North East,http://data.ordnancesurvey.co.uk/id/7000000000041422,England,http://data.ordnancesurvey.co.uk/id/country/england,,,
NE481NH,http://data.ordnancesurvey.co.uk/id/postcodeunit/NE481NH,NE48 1NH,,,,other,Postcode,378805.000,589451.000,3500,18000,,,,,,,,,,,,,Northumberland,http://data.ordnancesurvey.co.uk/id/7000000000043674,http://data.ordnancesurvey.co.uk/ontology/admingeo/UnitaryAuthority,North East,http://data.ordnancesurvey.co.uk/id/7000000000041422,England,http://data.ordnancesurvey.co.uk/id/country/england,,,
NE481NA,http://data.ordnancesurvey.co.uk/id/postcodeunit/NE481NA,NE48 1NA,,,,other,Postcode,378649.000,587637.000,3500,18000,,,,,,,,,,,,,Northumberland,http://data.ordnancesurvey.co.uk/id/7000000000043674,http://data.ordnancesurvey.co.uk/ontology/admingeo/UnitaryAuthority,North East,http://data.ordnancesurvey.co.uk/id/7000000000041422,England,http://data.ordnancesurvey.co.uk/id/country/england,,,
osgb4000000006295134,http://data.ordnancesurvey.co.uk/id/4000000006295134,Forest Drive,,,,transportNetwork,Named Road,373595.000,599168.000,20000,62000,368896.000,597407.000,378471.000,600251.000,NE19,http://data.ordnancesurvey.co.uk/id/postcodedistrict/NE19,,,,,,,Northumberland,http://data.ordnancesurvey.co.uk/id/7000000000043674,http://data.ordnancesurvey.co.uk/ontology/admingeo/UnitaryAuthority,North East,http://data.ordnancesurvey.co.uk/id/7000000000041422,England,http://data.ordnancesurvey.co.uk/id/country/england,,,
osgb4000000007144151,http://data.ordnancesurvey.co.uk/id/4000000007144151,North Haul Road,,,,transportNetwork,Named Road,366760.680,590660.951,11000,20000,365892.000,589968.000,367639.569,591281.030,NE48,http://data.ordnancesurvey.co.uk/id/postcodedistrict/NE48,,,,,,,Northumberland,http://data.ordnancesurvey.co.uk/id/7000000000043674,http://data.ordnancesurvey.co.uk/ontology/admingeo/UnitaryAuthority,North East,http://data.ordnancesurvey.co.uk/id/7000000000041422,England,http://data.ordnancesurvey.co.uk/id/country/england,,,
osgb4000000007160358,http://data.ordnancesurvey.co.uk/id/4000000007160358,Forest Road,,,,transportNetwork,Named Road,363856.000,594401.000,7000,20000,363444.000,593924.000,364233.000,594941.000,NE48,http://data.ordnancesurvey.co.uk/id/postcodedistrict/NE48,,,,,,,Northumberland,http://data.ordnancesurvey.co.uk/id/7000000000043674,http://data.ordnancesurvey.co.uk/ontology/admingeo/UnitaryAuthority,North East,http://data.ordnancesurvey.co.uk/id/7000000000041422,England,http://data.ordnancesurvey.co.uk/id/country/england,,,
osgb4000000007146759,http://data.ordnancesurvey.co.uk/id/4000000007146759,South Waterside,,,,transportNetwork,Named Road,363185.300,593011.600,2000,20000,363106.000,592878.513,363226.000,593118.000,NE48,http://data.ordnancesurvey.co.uk/id/postcodedistrict/NE48,Butteryhaugh,http://data.ordnancesurvey.co.uk/id/4000000074543374,http://www.ordnancesurvey.co.uk/xml/codelists/localtype.xml#village,,,,Northumberland,http://data.ordnancesurvey.co.uk/id/7000000000043674,http://data.ordnancesurvey.co.uk/ontology/admingeo/UnitaryAuthority,North East,http://data.ordnancesurvey.co.uk/id/7000000000041422,England,http://data.ordnancesurvey.co.uk/id/country/england,,,
60aaf06e-f4dc-46e2-ba49-9f9403dbc7fe,http://data.ordnancesurvey.co.uk/id/60aaf06e-f4dc-46e2-ba49-9f9403dbc7fe,Hawkhope Hill,,,,transportNetwork,Section Of Named Road,372353.000,587632.000,1000,25000,372308.127,587540.000,372426.000,587725.961,NE48,http://data.ordnancesurvey.co.uk/id/postcodedistrict/NE48,Falstone,http://data.ordnancesurvey.co.uk/id/4000000074549585,http://www.ordnancesurvey.co.uk/xml/codelists/localtype.xml#village,,,,Northumberland,http://data.ordnancesurvey.co.uk/id/7000000000043674,http://data.ordnancesurvey.co.uk/ontology/admingeo/UnitaryAuthority,North East,http://data.ordnancesurvey.co.uk/id/7000000000041422,England,http://data.ordnancesurvey.co.uk/id/country/england,osgb4000000007146761,,
osgb4000000007146762,http://data.ordnancesurvey.co.uk/id/4000000007146762,Hawkhope Road,,,,transportNetwork,Named Road,371930.000,587842.528,1000,20000,371862.000,587823.316,372008.051,587860.746,NE48,http://data.ordnancesurvey.co.uk/id/postcodedistrict/NE48,Falstone,http://data.ordnancesurvey.co.uk/id/4000000074549585,http://www.ordnancesurvey.co.uk/xml/codelists/localtype.xml#village,,,,Northumberland,http://data.ordnancesurvey.co.uk/id/7000000000043674,http://data.ordnancesurvey.co.uk/ontology/admingeo/UnitaryAuthority,North East,http://data.ordnancesurvey.co.uk/id/7000000000041422,England,http://data.ordnancesurvey.co.uk/id/country/england,,,
osgb4000000007152658,http://data.ordnancesurvey.co.uk/id/4000000007152658,Forest Drive,,,,transportNetwork,Named Road,364685.000,595434.000,7000,20000,364233.000,594941.000,365082.250,595942.300,NE48,http://data.ordnancesurvey.co.uk/id/postcodedistrict/NE48,,,,,,,Northumberland,http://data.ordnancesurvey.co.uk/id/7000000000043674,http://data.ordnancesurvey.co.uk/ontology/admingeo/UnitaryAuthority,North East,http://data.ordnancesurvey.co.uk/id/7000000000041422,England,http://data.ordnancesurvey.co.uk/id/country/england,,,
osgb4000000007144361,http://data.ordnancesurvey.co.uk/id/4000000007144361,North Haul Road,,,,transportNetwork,Named Road,371684.000,588118.000,11000,20000,370744.000,587540.000,372426.000,588297.000,NE48,http://data.ordnancesurvey.co.uk/id/postcodedistrict/NE48,,,,,,,Northumberland,http://data.ordnancesurvey.co.uk/id/7000000000043674,http://data.ordnancesurvey.co.uk/ontology/admingeo/UnitaryAuthority,North East,http://data.ordnancesurvey.co.uk/id/7000000000041422,England,http://data.ordnancesurvey.co.uk/id/country/england,,,
osgb4000000007145438,http://data.ordnancesurvey.co.uk/id/4000000007145438,Shilling Pot,,,,transportNetwork,Named Road,371406.000,587114.000,9000,20000,370751.000,586868.000,372077.000,587136.000,NE48,http://data.ordnancesurvey.co.uk/id/postcodedistrict/NE48,,,,,,,Northumberland,http://data.ordnancesurvey.co.uk/id/7000000000043674,http://data.ordnancesurvey.co.uk/ontology/admingeo/UnitaryAuthority,North East,http://data.ordnancesurvey.co.uk/id/7000000000041422,England,http://data.ordnancesurvey.co.uk/id/country/england,,,
osgb4000000007147920,http://data.ordnancesurvey.co.uk/id/4000000007147920,Braeside,,,,transportNetwork,Named Road,372152.572,587767.052,1000,20000,372089.040,587720.670,372203.257,587775.868,NE48,http://data.ordnancesurvey.co.uk/id/postcodedistrict/NE48,Falstone,http://data.ordnancesurvey.co.uk/id/4000000074549585,http://www.ordnancesurvey.co.uk/xml/codelists/localtype.xml#village,,,,Northumberland,http://data.ordnancesurvey.co.uk/id/7000000000043674,http://data.ordnancesurvey.co.uk/ontology/admingeo/UnitaryAuthority,North East,http://data.ordnancesurvey.co.uk/id/7000000000041422,England,http://data.ordnancesurvey.co.uk/id/country/england,,,
osgb4000000007144201,http://data.ordnancesurvey.co.uk/id/4000000007144201,Bloody Bush Road,,,,transportNetwork,Named Road,361944.000,589366.000,20000,30000,359700.345,588754.000,364372.000,590255.000,NE48,http://data.ordnancesurvey.co.uk/id/postcodedistrict/NE48,,,,,,,Northumberland,http://data.ordnancesurvey.co.uk/id/7000000000043674,http://data.ordnancesurvey.co.uk/ontology/admingeo/UnitaryAuthority,North East,http://data.ordnancesurvey.co.uk/id/7000000000041422,England,http://data.ordnancesurvey.co.uk/id/country/england,,,
osgb4000000007145437,http://data.ordnancesurvey.co.uk/id/4000000007145437,Castle Drive,,,,transportNetwork,Named Road,362802.227,593531.517,2000,20000,362644.952,593494.000,362931.000,593544.057,NE48,http://data.ordnancesurvey.co.uk/id/postcodedistrict/NE48,Kielder,http://data.ordnancesurvey.co.uk/id/4000000074549588,http://www.ordnancesurvey.co.uk/xml/codelists/localtype.xml#village,,,,Northumberland,http://data.ordnancesurvey.co.uk/id/7000000000043674,http://data.ordnancesurvey.co.uk/ontology/admingeo/UnitaryAuthority,North East,http://data.ordnancesurvey.co.uk/id/7000000000041422,England,http://data.ordnancesurvey.co.uk/id/country/england,,,
osgb4000000007146761,http://data.ordnancesurvey.co.uk/id/4000000007146761,Hawkhope Hill,,,,transportNetwork,Named Road,372353.000,587632.000,1000,20000,372300.000,587540.000,372426.000,587736.000,NE48,http://data.ordnancesurvey.co.uk/id/postcodedistrict/NE48,Falstone,http://data.ordnancesurvey.co.uk/id/4000000074549585,http://www.ordnancesurvey.co.uk/xml/codelists/localtype.xml#village,,,,Northumberland,http://data.ordnancesurvey.co.uk/id/7000000000043674,http://data.ordnancesurvey.co.uk/ontology/admingeo/UnitaryAuthority,North East,http://data.ordnancesurvey.co.uk/id/7000000000041422,England,http://data.ordnancesurvey.co.uk/id/country/england,,,
523ac0be-a8a3-47a4-874c-b5dc6d874db3,http://data.ordnancesurvey.co.uk/id/523ac0be-a8a3-47a4-874c-b5dc6d874db3,North Haul Road,,,,transportNetwork,Section Of Named Road,372206.000,587761.000,3000,25000,372014.857,587540.000,372426.000,587908.231,NE48,http://data.ordnancesurvey.co.uk/id/postcodedistrict/NE48,Falstone,http://data.ordnancesurvey.co.uk/id/4000000074549585,http://www.ordnancesurvey.co.uk/xml/codelists/localtype.xml#village,,,,Northumberland,http://data.ordnancesurvey.co.uk/id/7000000000043674,http://data.ordnancesurvey.co.uk/ontology/admingeo/UnitaryAuthority,North East,http://data.ordnancesurvey.co.uk/id/7000000000041422,England,http://data.ordnancesurvey.co.uk/id/country/england,osgb4000000007144361,,
osgb4000000007147919,http://data.ordnancesurvey.co.uk/id/4000000007147919,South End,,,,transportNetwork,Named Road,363220.000,593087.800,1000,20000,363171.400,593037.600,363222.000,593166.284,NE48,http://data.ordnancesurvey.co.uk/id/postcodedistrict/NE48,Butteryhaugh,http://data.ordnancesurvey.co.uk/id/4000000074543374,http://www.ordnancesurvey.co.uk/xml/codelists/localtype.xml#village,,,,Northumberland,http://data.ordnancesurvey.co.uk/id/7000000000043674,http://data.ordnancesurvey.co.uk/ontology/admingeo/UnitaryAuthority,North East,http://data.ordnancesurvey.co.uk/id/7000000000041422,England,http://data.ordnancesurvey.co.uk/id/country/england,,,
NE481PA,http://data.ordnancesurvey.co.uk/id/postcodeunit/NE481PA,NE48 1PA,,,,other,Postcode,379392.000,586042.000,3500,18000,,,,,,,Lanehead,http://data.ordnancesurvey.co.uk/id/4000000074549208,http://www.ordnancesurvey.co.uk/xml/codelists/localtype.xml#hamlet,,,,Northumberland,http://data.ordnancesurvey.co.uk/id/7000000000043674,http://data.ordnancesurvey.co.uk/ontology/admingeo/UnitaryAuthority,North East,http://data.ordnancesurvey.co.uk/id/7000000000041422,England,http://data.ordnancesurvey.co.uk/id/country/england,,,
NE481AT,http://data.ordnancesurvey.co.uk/id/postcodeunit/NE481AT,NE48 1AT,,,,other,Postcode,372239.000,587484.000,3500,18000,,,,,,,Falstone,http://data.ordnancesurvey.co.uk/id/4000000074549585,http://www.ordnancesurvey.co.uk/xml/codelists/localtype.xml#village,,,,Northumberland,http://data.ordnancesurvey.co.uk/id/7000000000043674,http://data.ordnancesurvey.co.uk/ontology/admingeo/UnitaryAuthority,North East,http://data.ordnancesurvey.co.uk/id/7000000000041422,England,http://data.ordnancesurvey.co.uk/id/country/england,,,
NE481BZ,http://data.ordnancesurvey.co.uk/id/postcodeunit/NE481BZ,NE48 1BZ,,,,other,Postcode,372347.000,587695.000,3500,18000,,,,,,,Falstone,http://data.ordnancesurvey.co.uk/id/4000000074549585,http://www.ordnancesurvey.co.uk/xml/codelists/localtype.xml#village,,,,Northumberland,http://data.ordnancesurvey.co.uk/id/7000000000043674,http://data.ordnancesurvey.co.uk/ontology/admingeo/UnitaryAuthority,North East,http://data.ordnancesurvey.co.uk/id/7000000000041422,England,http://data.ordnancesurvey.co.uk/id/country/england,,,
1102c2d1-b134-4751-bd2e-547cd0280faa,http://data.ordnancesurvey.co.uk/id/1102c2d1-b134-4751-bd2e-547cd0280faa,South Waterside,,,,transportNetwork,Section Of Named Road,363171.400,593037.600,1000,25000,363106.000,592952.989,363214.199,593118.000,NE48,http://data.ordnancesurvey.co.uk/id/postcodedistrict/NE48,Butteryhaugh,http://data.ordnancesurvey.co.uk/id/4000000074543374,http://www.ordnancesurvey.co.uk/xml/codelists/localtype.xml#village,,,,Northumberland,http://data.ordnancesurvey.co.uk/id/7000000000043674,http://data.ordnancesurvey.co.uk/ontology/admingeo/UnitaryAuthority,North East,http://data.ordnancesurvey.co.uk/id/7000000000041422,England,http://data.ordnancesurvey.co.uk/id/country/england,osgb4000000007146759,,
dbbc4be5-be93-4f0a-9bf5-1c113d12ffe1,http://data.ordnancesurvey.co.uk/id/dbbc4be5-be93-4f0a-9bf5-1c113d12ffe1,Castle Drive,,,,transportNetwork,Section Of Named Road,362802.227,593531.517,2000,25000,362644.952,593504.489,362926.033,593544.057,NE48,http://data.ordnancesurvey.co.uk/id/postcodedistrict/NE48,Kielder,http://data.ordnancesurvey.co.uk/id/4000000074549588,http://www.ordnancesurvey.co.uk/xml/codelists/localtype.xml#village,,,,Northumberland,http://data.ordnancesurvey.co.uk/id/7000000000043674,http://data.ordnancesurvey.co.uk/ontology/admingeo/UnitaryAuthority,North East,http://data.ordnancesurvey.co.uk/id/7000000000041422,England,http://data.ordnancesurvey.co.uk/id/country/england,osgb4000000007145437,,
osgb4000000074332534,http://data.ordnancesurvey.co.uk/id/4000000074332534,Tarset,,,,populatedPlace,Hamlet,378446.030,585620.980,5000,25000,378376.478,585209.913,379366.817,585709.913,NE48,http://data.ordnancesurvey.co.uk/id/postcodedistrict/NE48,,,,,,,Northumberland,http://data.ordnancesurvey.co.uk/id/7000000000043674,http://data.ordnancesurvey.co.uk/ontology/admingeo/UnitaryAuthority,North East,http://data.ordnancesurvey.co.uk/id/7000000000041422,England,http://data.ordnancesurvey.co.uk/id/country/england,,http://dbpedia.org/resource/Tarset,
